frame,n_outfield,centroid_x,centroid_y,length,width,hull_area,period,time_s
1,10.0,61.46,31.35,20.42,63.67,880.87,1,0.04
26,10.0,60.9,32.68,20.29,60.32,766.77,1,1.04
51,10.0,60.94,32.68,20.33,60.66,775.1,1,2.04
76,10.0,60.65,32.59,20.69,60.88,796.12,1,3.04
101,10.0,59.47,32.59,22.64,60.92,872.11,1,4.04
126,10.0,57.4,32.43,24.57,59.55,937.77,1,5.04
151,10.0,55.51,31.66,26.77,56.91,1001.35,1,6.04
176,10.0,54.38,30.51,29.58,54.56,1050.51,1,7.04
201,10.0,53.62,29.36,32.19,53.56,1111.2,1,8.04
226,10.0,52.94,28.4,34.3,53.44,1230.53,1,9.04
251,10.0,52.72,28.14,35.59,53.8,1356.1,1,10.04
276,10.0,53.25,28.65,36.45,55.08,1466.84,1,11.04
301,10.0,54.37,29.53,37.86,56.74,1561.24,1,12.04
326,10.0,55.89,30.58,38.63,58.16,1668.92,1,13.04
351,10.0,57.65,31.78,38.85,59.72,1765.46,1,14.04
376,10.0,59.56,33.13,38.77,60.64,1815.58,1,15.04
401,10.0,61.24,34.68,38.14,57.16,1744.34,1,16.04
426,10.0,62.91,36.17,37.72,54.93,1635.77,1,17.04
451,10.0,64.56,37.75,40.06,52.97,1634.44,1,18.04
476,10.0,64.76,39.84,41.57,52.27,1635.29,1,19.04
501,10.0,62.87,41.96,41.43,51.8,1588.51,1,20.04
526,10.0,59.99,43.5,39.86,52.21,1489.2,1,21.04
551,10.0,57.35,44.77,37.76,51.92,1397.37,1,22.04
576,10.0,55.17,45.89,36.0,51.99,1331.18,1,23.04
601,10.0,53.34,46.71,35.07,51.58,1286.61,1,24.04
626,10.0,51.79,47.32,35.61,52.25,1278.45,1,25.04
651,10.0,50.55,47.77,36.44,52.01,1292.93,1,26.04
676,10.0,49.86,48.0,37.33,50.98,1320.07,1,27.04
701,10.0,50.02,47.59,37.71,50.17,1397.26,1,28.04
726,10.0,51.05,46.32,37.54,49.87,1494.17,1,29.04
751,10.0,52.8,44.57,38.03,50.11,1598.44,1,30.04
776,10.0,55.02,42.76,41.19,50.85,1712.14,1,31.04
801,10.0,57.39,41.09,43.49,53.78,1829.92,1,32.04
826,10.0,59.6,39.5,43.37,56.97,1909.64,1,33.04
851,10.0,61.55,38.54,41.35,59.14,1919.98,1,34.04
876,10.0,63.37,38.82,38.91,58.48,1873.8,1,35.04
901,10.0,64.76,40.13,37.22,53.96,1777.0,1,36.04
926,10.0,65.43,42.06,37.76,54.98,1651.59,1,37.04
951,10.0,66.07,43.82,39.29,55.64,1585.49,1,38.04
976,10.0,67.09,44.88,41.68,55.78,1602.42,1,39.04
1001,10.0,68.31,45.06,42.58,55.26,1595.22,1,40.04
1026,10.0,69.05,44.71,41.65,53.59,1521.64,1,41.04
1051,10.0,68.3,44.22,38.5,50.97,1330.91,1,42.04
1076,10.0,66.04,43.75,34.6,47.6,1085.36,1,43.04
1101,10.0,63.52,43.48,30.87,44.52,892.75,1,44.04
1126,10.0,62.27,42.79,27.24,41.98,761.05,1,45.04
1151,10.0,62.35,41.73,25.03,40.22,690.33,1,46.04
1176,10.0,63.0,40.6,25.06,39.57,700.17,1,47.04
1201,10.0,63.07,38.8,26.15,40.8,778.69,1,48.04
1226,10.0,61.55,36.19,27.29,44.73,875.88,1,49.04
1251,10.0,58.68,33.6,28.13,49.59,948.28,1,50.04
1276,10.0,55.27,31.14,28.59,52.81,981.1,1,51.04
1301,10.0,51.74,29.09,30.29,53.69,1023.04,1,52.04
1326,10.0,48.32,27.88,32.36,53.14,1088.94,1,53.04
1351,10.0,44.62,26.93,34.63,52.23,1172.4,1,54.04
1376,10.0,40.6,26.01,37.05,50.07,1250.32,1,55.04
1401,10.0,36.95,25.07,40.39,46.47,1337.85,1,56.04
1426,10.0,34.26,24.28,43.76,44.71,1348.0,1,57.04
1451,10.0,32.24,23.76,44.66,40.27,1254.56,1,58.04
1476,10.0,30.79,23.64,46.18,35.0,1170.65,1,59.04
1501,10.0,30.32,23.84,47.22,30.99,1098.41,1,60.04
1526,10.0,31.24,23.47,46.87,32.02,1064.5,1,61.04
1551,10.0,33.21,22.77,45.35,33.25,1015.44,1,62.04
1576,10.0,35.73,22.25,42.97,32.66,948.11,1,63.04
1601,10.0,38.22,22.11,39.05,33.49,884.43,1,64.04
1626,10.0,40.25,22.19,37.17,35.61,848.06,1,65.04
1651,10.0,41.6,22.51,34.07,35.6,792.95,1,66.04
1676,10.0,42.36,23.23,30.15,33.05,671.3,1,67.04
1701,10.0,42.71,24.02,26.56,30.48,599.7,1,68.04
1726,10.0,42.78,24.8,25.51,29.57,596.08,1,69.04
1751,10.0,42.54,26.03,25.51,31.78,642.91,1,70.04
1776,10.0,42.12,27.94,26.31,36.05,718.67,1,71.04
1801,10.0,41.41,30.17,27.75,40.29,809.79,1,72.04
1826,10.0,40.74,32.74,30.43,44.3,944.0,1,73.04
1851,10.0,40.4,35.46,33.15,48.1,1073.78,1,74.04
1876,10.0,40.29,37.86,34.64,49.69,1151.16,1,75.04
1901,10.0,40.77,39.7,34.67,49.0,1147.58,1,76.04
1926,10.0,42.33,41.04,35.4,48.91,1154.58,1,77.04
1951,10.0,44.65,41.65,37.18,49.83,1234.46,1,78.04
1976,10.0,47.31,41.23,38.54,50.56,1349.86,1,79.04
2001,10.0,49.86,40.03,38.5,51.61,1436.94,1,80.04
2026,10.0,51.87,38.33,37.41,53.96,1469.54,1,81.04
2051,10.0,53.16,36.56,35.62,56.11,1447.19,1,82.04
2076,10.0,53.74,34.96,33.8,57.88,1401.86,1,83.04
2101,10.0,53.72,33.53,32.54,59.03,1357.55,1,84.04
2126,10.0,53.33,32.52,32.14,60.15,1304.99,1,85.04
2151,10.0,52.6,32.19,32.57,60.92,1297.14,1,86.04
2176,10.0,51.57,32.39,33.22,61.38,1308.6,1,87.04
2201,10.0,50.75,33.2,33.76,61.6,1331.08,1,88.04
2226,10.0,50.39,34.42,33.63,61.64,1352.41,1,89.04
2251,10.0,50.22,35.65,33.27,61.16,1365.73,1,90.04
2276,10.0,50.22,36.74,32.85,61.37,1377.03,1,91.04
2301,10.0,50.71,37.82,33.18,62.5,1421.87,1,92.04
2326,10.0,51.73,39.02,35.02,62.0,1448.18,1,93.04
2351,10.0,52.85,40.49,36.8,59.94,1395.99,1,94.04
2376,10.0,53.35,42.13,37.47,57.15,1318.31,1,95.04
2401,10.0,52.53,43.6,36.98,53.88,1260.14,1,96.04
2426,10.0,51.14,44.73,34.72,49.17,1133.15,1,97.04
2451,10.0,50.43,45.84,31.05,44.43,958.65,1,98.04
2476,10.0,50.04,47.13,27.67,42.31,828.32,1,99.04
2501,10.0,49.17,48.21,25.66,40.88,756.39,1,100.04
2526,10.0,47.76,48.48,26.44,38.49,720.14,1,101.04
2551,10.0,46.52,47.8,27.38,36.82,703.98,1,102.04
2576,10.0,45.77,46.46,27.95,35.58,735.15,1,103.04
2601,10.0,45.57,44.65,28.72,34.8,766.23,1,104.04
2626,10.0,46.05,42.16,28.55,34.39,789.0,1,105.04
2651,10.0,47.45,39.03,27.7,34.67,809.97,1,106.04
2676,10.0,49.78,35.64,26.67,37.33,823.45,1,107.04
2701,10.0,52.5,32.3,25.87,40.96,848.07,1,108.04
2726,10.0,54.81,29.32,25.78,42.57,862.91,1,109.04
2751,10.0,56.35,26.88,25.89,41.12,849.28,1,110.04
2776,10.0,57.63,24.69,25.05,40.43,834.99,1,111.04
2801,10.0,58.74,23.22,23.99,40.27,798.25,1,112.04
2826,10.0,59.83,23.23,22.84,39.24,729.94,1,113.04
2851,10.0,61.36,24.46,22.14,39.98,681.73,1,114.04
2876,10.0,63.21,26.03,21.08,41.89,638.83,1,115.04
2901,10.0,65.05,27.06,20.56,42.46,590.74,1,116.04
2926,10.0,66.72,27.21,20.18,39.51,542.16,1,117.04
2951,10.0,68.31,26.71,20.46,35.64,503.4,1,118.04
2976,10.0,70.03,25.68,20.85,34.63,501.66,1,119.04
3001,10.0,72.23,24.68,22.29,35.05,542.44,1,120.04
3026,10.0,74.81,24.05,25.77,34.8,611.62,1,121.04
3051,10.0,76.98,23.72,28.34,34.19,670.24,1,122.04
3076,10.0,78.87,23.38,29.57,33.45,719.26,1,123.04
3101,10.0,80.12,22.84,30.11,34.35,767.01,1,124.04
3126,10.0,80.21,22.26,29.54,37.53,803.38,1,125.04
3151,10.0,79.25,21.95,28.65,37.95,803.55,1,126.04
3176,10.0,77.0,22.18,28.7,36.89,795.54,1,127.04
3201,10.0,73.67,22.77,30.32,35.77,768.2,1,128.04
3226,10.0,70.06,23.03,31.51,35.16,745.35,1,129.04
3251,10.0,66.29,23.2,32.82,35.08,772.18,1,130.04
3276,10.0,62.36,24.05,33.94,35.03,804.29,1,131.04
3301,10.0,58.73,25.47,33.94,36.15,826.95,1,132.04
3326,10.0,55.76,27.01,32.81,37.59,836.98,1,133.04
3351,10.0,53.61,28.06,31.27,38.73,824.61,1,134.04
3376,10.0,52.52,28.12,29.71,38.51,782.21,1,135.04
3401,10.0,52.5,27.48,27.99,37.89,740.52,1,136.04
3426,10.0,53.11,26.63,26.5,37.3,710.84,1,137.04
3451,10.0,53.99,25.77,25.16,36.56,679.71,1,138.04
3476,10.0,55.22,24.85,24.12,36.39,669.58,1,139.04
3501,10.0,56.94,23.81,23.88,36.48,690.12,1,140.04
3526,10.0,59.03,22.65,24.74,35.7,715.39,1,141.04
3551,10.0,61.54,21.62,25.81,35.29,730.45,1,142.04
3576,10.0,64.25,21.12,27.5,34.49,742.96,1,143.04
3601,10.0,66.41,20.96,26.67,34.67,709.89,1,144.04
3626,10.0,68.11,21.28,22.82,34.43,597.53,1,145.04
3651,10.0,69.61,22.12,20.32,32.6,461.96,1,146.04
3676,10.0,70.7,22.45,18.41,30.56,405.85,1,147.04
3701,10.0,71.11,23.53,17.32,30.08,415.88,1,148.04
3726,10.0,71.07,25.68,17.51,32.03,442.95,1,149.04
3751,10.0,71.43,28.65,18.57,35.15,463.71,1,150.04
3776,10.0,72.57,31.69,20.14,38.89,492.28,1,151.04
3801,10.0,74.25,34.67,21.97,42.02,597.18,1,152.04
3826,10.0,76.28,37.4,24.92,42.69,705.09,1,153.04
3851,10.0,78.69,39.46,28.17,40.96,768.51,1,154.04
3876,10.0,81.03,40.7,30.36,38.89,795.02,1,155.04
3901,10.0,82.23,41.46,30.85,39.26,801.47,1,156.04
3926,10.0,81.81,41.77,29.94,38.36,767.53,1,157.04
3951,10.0,80.48,41.78,27.86,36.12,704.6,1,158.04
3976,10.0,79.22,41.89,26.25,35.14,662.16,1,159.04
4001,10.0,79.33,42.05,25.54,34.98,653.78,1,160.04
4026,10.0,80.27,42.31,25.59,34.54,663.27,1,161.04
4051,10.0,80.68,42.18,24.74,32.66,614.81,1,162.04
4076,10.0,80.68,41.41,23.7,31.35,527.71,1,163.04
4101,10.0,80.66,40.03,22.75,29.97,456.38,1,164.04
4126,10.0,80.85,38.05,21.83,29.67,432.11,1,165.04
4151,10.0,81.46,35.57,21.98,32.12,462.8,1,166.04
4176,10.0,82.53,33.19,22.73,35.74,523.09,1,167.04
4201,10.0,83.76,31.39,23.81,38.23,582.4,1,168.04
4226,10.0,84.32,30.2,24.39,37.47,588.19,1,169.04
4251,10.0,84.0,29.64,23.65,33.59,537.69,1,170.04
4276,10.0,83.82,29.2,23.11,28.01,475.33,1,171.04
4301,10.0,84.45,28.53,23.84,24.14,444.92,1,172.04
4326,10.0,85.93,28.07,25.06,24.47,476.29,1,173.04
4351,10.0,87.88,27.69,26.26,27.02,541.71,1,174.04
4376,10.0,89.97,27.27,27.85,27.86,579.42,1,175.04
4401,10.0,91.68,27.17,28.79,24.76,551.7,1,176.04
4426,10.0,92.38,27.53,27.66,21.4,509.11,1,177.04
4451,10.0,92.2,27.91,28.1,21.01,482.19,1,178.04
4476,10.0,91.23,28.23,28.67,21.61,480.24,1,179.04
4501,10.0,89.68,28.52,28.88,23.41,499.77,1,180.04
4526,10.0,87.95,28.8,29.14,26.62,544.44,1,181.04
4551,10.0,86.15,29.04,29.45,30.52,605.56,1,182.04
4576,10.0,84.28,29.3,29.84,34.12,684.33,1,183.04
4601,10.0,82.35,29.68,30.25,37.57,776.06,1,184.04
4626,10.0,80.41,30.04,30.79,40.86,874.3,1,185.04
4651,10.0,78.48,30.45,31.54,43.71,978.5,1,186.04
4676,10.0,76.56,30.88,32.41,46.13,1080.08,1,187.04
4701,10.0,74.71,31.34,33.25,48.33,1171.01,1,188.04
4726,10.0,72.97,31.88,33.98,50.04,1246.44,1,189.04
4751,10.0,71.35,32.42,34.73,51.33,1309.21,1,190.04
4776,10.0,69.84,32.98,35.52,52.31,1351.5,1,191.04
4801,10.0,68.35,33.53,36.07,53.15,1369.58,1,192.04
4826,10.0,66.94,34.02,35.98,53.78,1367.97,1,193.04
4851,10.0,65.68,34.35,35.58,54.29,1359.64,1,194.04
4876,10.0,64.5,34.59,34.98,54.34,1352.75,1,195.04
4901,10.0,63.32,34.84,34.18,54.34,1346.05,1,196.04
4926,10.0,62.16,35.15,33.33,54.33,1336.11,1,197.04
4951,10.0,60.99,35.52,32.37,54.08,1314.92,1,198.04
4976,10.0,59.76,35.81,31.27,53.33,1277.02,1,199.04
5001,10.0,58.56,35.65,29.25,52.05,1191.48,1,200.04
5026,10.0,57.64,34.49,28.13,50.76,1078.84,1,201.04
5051,10.0,57.22,32.54,28.1,50.35,1001.54,1,202.04
5076,10.0,57.33,30.46,28.58,51.52,986.28,1,203.04
5101,10.0,58.07,28.7,29.66,53.43,1044.02,1,204.04
5126,10.0,59.22,27.62,32.21,54.42,1114.55,1,205.04
5151,10.0,59.8,26.93,32.87,53.31,1124.62,1,206.04
5176,10.0,59.44,26.53,31.05,49.97,1054.83,1,207.04
5201,10.0,58.78,26.73,27.89,45.96,938.0,1,208.04
5226,10.0,58.45,27.92,25.66,42.24,840.28,1,209.04
5251,10.0,58.26,30.04,24.89,39.78,795.57,1,210.04
5276,10.0,58.51,32.72,24.99,38.96,767.77,1,211.04
5301,10.0,59.54,35.47,25.03,39.18,745.65,1,212.04
5326,10.0,61.06,37.88,24.7,39.41,720.91,1,213.04
5351,10.0,62.79,39.97,24.83,39.3,710.36,1,214.04
5376,10.0,64.67,41.79,26.35,38.95,733.96,1,215.04
5401,10.0,66.96,42.9,28.59,36.29,731.86,1,216.04
5426,10.0,69.74,43.34,30.1,31.24,692.35,1,217.04
5451,10.0,72.79,43.39,31.64,28.55,667.06,1,218.04
5476,10.0,75.46,43.66,32.77,29.2,685.86,1,219.04
5501,10.0,77.07,44.1,32.75,30.76,694.02,1,220.04
5526,10.0,77.52,44.08,31.47,30.3,633.77,1,221.04
5551,10.0,78.08,43.99,30.31,29.57,595.91,1,222.04
5576,10.0,79.47,44.26,30.58,32.13,596.09,1,223.04
5601,10.0,80.8,44.34,30.59,32.09,604.26,1,224.04
5626,10.0,81.17,43.88,29.25,29.78,548.07,1,225.04
5651,10.0,80.67,42.8,27.67,26.75,490.37,1,226.04
5676,10.0,80.04,41.97,26.26,26.45,463.21,1,227.04
5701,10.0,79.81,42.35,25.25,28.25,483.82,1,228.04
5726,10.0,80.33,43.43,25.27,29.92,534.91,1,229.04
5751,10.0,81.56,44.22,26.03,30.67,559.08,1,230.04
5776,10.0,82.58,44.25,26.89,30.7,545.05,1,231.04
5801,10.0,82.05,43.72,27.76,29.83,582.25,1,232.04
5826,10.0,80.05,43.3,29.37,30.82,718.81,1,233.04
5851,10.0,78.46,43.53,31.53,34.6,898.13,1,234.04
5876,10.0,78.08,44.04,34.56,39.24,1046.9,1,235.04
5901,10.0,78.17,44.1,37.03,42.91,1107.72,1,236.04
5926,10.0,78.5,43.4,38.76,43.63,1118.72,1,237.04
5951,10.0,79.18,42.28,40.35,42.8,1152.69,1,238.04
5976,10.0,79.69,40.68,41.21,41.84,1211.12,1,239.04
6001,10.0,79.3,38.5,40.91,42.46,1247.14,1,240.04
6026,10.0,77.65,36.2,39.12,45.04,1254.68,1,241.04
6051,10.0,75.19,34.14,36.97,46.79,1258.23,1,242.04
6076,10.0,72.18,32.05,35.85,49.23,1308.11,1,243.04
6101,10.0,68.63,30.09,36.23,51.42,1411.57,1,244.04
6126,10.0,64.82,28.62,37.93,52.47,1516.58,1,245.04
6151,10.0,61.52,27.83,39.03,51.73,1569.13,1,246.04
6176,10.0,59.46,27.47,38.54,49.46,1534.5,1,247.04
6201,10.0,58.75,27.1,37.07,46.81,1426.98,1,248.04
6226,10.0,58.77,26.82,35.71,44.5,1310.24,1,249.04
6251,10.0,59.25,26.48,35.3,43.04,1220.41,1,250.04
6276,10.0,60.17,25.79,34.78,41.86,1160.99,1,251.04
6301,10.0,61.15,25.04,33.94,40.31,1080.92,1,252.04
6326,10.0,62.26,24.2,33.01,39.29,1040.97,1,253.04
6351,10.0,63.73,23.56,32.6,37.67,973.08,1,254.04
6376,10.0,65.04,23.36,31.75,35.84,897.64,1,255.04
6401,10.0,66.56,23.49,29.72,34.8,812.29,1,256.04
6426,10.0,67.96,23.79,26.7,34.5,712.0,1,257.04
6451,10.0,68.66,24.12,23.21,34.56,604.56,1,258.04
6476,10.0,68.81,24.32,20.7,35.06,543.63,1,259.04
6501,10.0,69.34,23.8,20.08,36.27,555.06,1,260.04
6526,10.0,70.77,22.92,21.03,37.49,585.6,1,261.04
6551,10.0,73.08,22.57,21.85,36.89,593.93,1,262.04
6576,10.0,76.23,22.79,22.4,34.68,587.12,1,263.04
6601,10.0,79.94,23.24,24.72,31.59,579.33,1,264.04
6626,10.0,82.82,23.93,26.98,29.01,579.52,1,265.04
6651,10.0,83.43,24.72,26.44,29.27,583.33,1,266.04
6676,10.0,81.6,25.24,25.45,30.61,586.59,1,267.04
6701,10.0,78.49,25.45,25.75,31.03,576.24,1,268.04
6726,10.0,75.34,25.87,25.24,31.95,545.16,1,269.04
6751,10.0,72.62,26.76,24.29,34.41,548.14,1,270.04
6776,10.0,70.65,27.74,23.35,37.03,587.42,1,271.04
6801,10.0,70.74,28.08,23.89,36.47,638.03,1,272.04
6826,10.0,72.01,27.91,24.29,36.66,649.53,1,273.04
6851,10.0,72.59,28.02,22.99,34.51,589.27,1,274.04
6876,10.0,72.65,28.86,21.18,32.95,510.08,1,275.04
6901,10.0,72.9,30.38,19.76,33.48,464.55,1,276.04
6926,10.0,73.79,32.26,19.24,34.6,466.57,1,277.04
6951,10.0,75.57,34.17,20.16,35.58,502.33,1,278.04
6976,10.0,78.08,35.82,22.12,38.16,577.94,1,279.04
7001,10.0,80.84,37.09,24.64,39.83,646.83,1,280.04
7026,10.0,82.75,37.76,25.99,38.09,642.85,1,281.04
7051,10.0,83.67,37.99,25.63,33.6,578.38,1,282.04
7076,10.0,85.29,38.27,27.43,30.69,566.95,1,283.04
7101,10.0,87.23,38.33,31.23,29.1,600.17,1,284.04
7126,10.0,88.31,37.79,33.41,27.78,639.48,1,285.04
7151,10.0,88.4,36.61,34.02,29.67,681.47,1,286.04
7176,10.0,87.54,35.52,34.22,32.5,719.88,1,287.04
7201,10.0,86.08,34.95,34.1,34.49,737.33,1,288.04
7226,10.0,84.38,34.62,33.91,36.26,758.8,1,289.04
7251,10.0,82.63,34.34,33.65,38.17,793.02,1,290.04
7276,10.0,80.84,34.11,33.61,40.09,835.81,1,291.04
7301,10.0,79.07,33.97,33.63,41.92,882.49,1,292.04
7326,10.0,77.41,33.95,33.47,43.39,921.63,1,293.04
7351,10.0,75.88,34.0,33.32,44.82,964.05,1,294.04
7376,10.0,74.42,33.96,33.15,46.12,1003.22,1,295.04
7401,10.0,72.92,33.77,33.02,47.56,1036.67,1,296.04
7426,10.0,71.42,33.7,32.91,48.81,1062.59,1,297.04
7451,10.0,70.02,33.74,32.75,49.7,1088.38,1,298.04
7476,10.0,68.7,33.78,32.54,50.57,1122.71,1,299.04
7501,10.0,67.42,33.82,32.77,51.45,1167.08,1,300.04
7526,10.0,66.17,33.79,33.46,51.9,1199.86,1,301.04
7551,10.0,64.93,33.87,33.25,51.98,1199.79,1,302.04
7576,10.0,63.7,33.97,32.62,52.03,1186.63,1,303.04
7601,10.0,62.47,34.08,32.11,51.84,1172.27,1,304.04
7626,10.0,61.23,34.27,31.53,51.05,1151.39,1,305.04
7651,10.0,60.03,34.5,30.81,49.91,1129.0,1,306.04
7676,10.0,58.85,34.64,30.03,48.87,1107.44,1,307.04
7701,10.0,57.67,34.7,29.21,48.5,1081.52,1,308.04
7726,10.0,56.52,34.73,28.38,48.52,1051.09,1,309.04
7751,10.0,55.46,34.79,27.47,48.69,1015.44,1,310.04
7776,10.0,54.52,34.86,26.73,49.27,978.76,1,311.04
7801,10.0,53.71,34.83,26.04,49.75,942.13,1,312.04
7826,10.0,53.03,34.55,25.32,49.66,896.81,1,313.04
7851,10.0,52.34,33.74,24.57,49.33,860.37,1,314.04
7876,10.0,51.42,32.34,23.97,49.18,846.66,1,315.04
7901,10.0,50.24,30.74,22.82,48.73,825.02,1,316.04
7926,10.0,49.03,29.27,23.65,48.16,807.12,1,317.04
7951,10.0,48.28,28.17,24.66,47.52,801.82,1,318.04
7976,10.0,48.3,27.46,24.73,46.68,800.07,1,319.04
8001,10.0,48.97,27.13,24.48,46.01,804.81,1,320.04
8026,10.0,50.03,27.13,24.1,44.88,796.79,1,321.04
8051,10.0,51.27,27.28,24.45,43.49,777.51,1,322.04
8076,10.0,52.51,27.51,24.46,42.05,754.63,1,323.04
8101,10.0,53.65,27.75,24.22,40.37,729.27,1,324.04
8126,10.0,54.62,28.06,24.04,38.91,706.16,1,325.04
8151,10.0,55.43,28.83,23.89,37.96,687.82,1,326.04
8176,10.0,56.07,30.38,23.22,38.09,678.35,1,327.04
8201,10.0,56.65,32.35,22.58,39.87,678.57,1,328.04
8226,10.0,57.36,34.32,22.69,41.1,687.11,1,329.04
8251,10.0,58.44,36.26,23.24,41.48,711.3,1,330.04
8276,10.0,59.79,38.1,23.59,41.55,735.52,1,331.04
8301,10.0,61.18,39.81,24.33,41.22,760.65,1,332.04
8326,10.0,62.62,41.67,25.17,40.31,778.91,1,333.04
8351,10.0,64.32,43.22,26.36,37.24,789.61,1,334.04
8376,10.0,65.4,44.14,27.93,36.76,816.97,1,335.04
8401,10.0,65.14,44.51,28.69,37.9,858.54,1,336.04
8426,10.0,64.11,44.2,28.91,39.47,870.72,1,337.04
8451,10.0,62.01,43.68,30.39,41.54,908.76,1,338.04
8476,10.0,59.47,43.4,32.1,43.33,973.62,1,339.04
8501,10.0,57.92,43.79,31.8,45.5,1031.19,1,340.04
8526,10.0,56.74,44.28,33.57,46.67,1073.05,1,341.04
8551,10.0,55.06,44.76,34.85,45.44,1098.1,1,342.04
8576,10.0,52.54,45.12,36.07,43.35,1141.79,1,343.04
8601,10.0,49.64,45.35,37.35,46.77,1259.92,1,344.04
8626,10.0,47.71,45.89,37.66,46.88,1297.65,1,345.04
8651,10.0,47.11,46.66,36.76,44.0,1267.69,1,346.04
8676,10.0,47.09,47.36,35.5,42.03,1206.22,1,347.04
8701,10.0,47.14,47.91,34.27,40.28,1131.66,1,348.04
8726,10.0,46.98,48.2,33.8,38.55,1061.22,1,349.04
8751,10.0,46.88,48.0,32.72,37.08,963.24,1,350.04
8776,10.0,47.44,47.2,30.37,36.0,840.58,1,351.04
8801,10.0,48.79,46.09,29.27,34.48,735.46,1,352.04
8826,10.0,50.33,44.41,28.3,33.54,681.09,1,353.04
8851,10.0,51.79,41.82,27.12,33.19,676.39,1,354.04
8876,10.0,53.52,38.65,26.45,33.18,691.75,1,355.04
8901,10.0,55.6,35.63,26.6,33.29,702.32,1,356.04
8926,10.0,57.49,33.63,26.3,32.89,688.83,1,357.04
8951,10.0,58.77,32.97,25.76,32.73,640.83,1,358.04
8976,10.0,59.7,32.98,24.22,32.85,589.97,1,359.04
9001,10.0,60.43,33.7,23.28,32.64,558.89,1,360.04
9026,10.0,61.32,35.36,22.95,33.65,557.4,1,361.04
9051,10.0,62.81,37.39,22.24,36.05,576.4,1,362.04
9076,10.0,64.77,39.43,23.12,37.78,615.61,1,363.04
9101,10.0,66.86,41.02,25.06,37.66,674.77,1,364.04
9126,10.0,68.56,42.73,26.26,36.72,718.18,1,365.04
9151,10.0,69.49,44.49,25.51,35.66,703.72,1,366.04
9176,10.0,69.88,45.35,24.09,34.49,640.31,1,367.04
9201,10.0,69.85,45.27,22.89,33.01,568.66,1,368.04
9226,10.0,69.66,44.65,21.71,32.0,523.2,1,369.04
9251,10.0,69.58,43.66,21.11,32.32,500.44,1,370.04
9276,10.0,69.38,42.24,20.96,32.72,490.32,1,371.04
9301,10.0,68.84,40.43,21.18,32.56,497.95,1,372.04
9326,10.0,68.32,38.29,21.81,33.1,535.77,1,373.04
9351,10.0,68.15,35.73,22.26,34.42,588.27,1,374.04
9376,10.0,68.26,32.91,22.57,35.63,640.1,1,375.04
9401,10.0,68.39,30.23,22.8,37.76,681.6,1,376.04
9426,10.0,68.58,27.8,22.97,40.02,696.94,1,377.04
9451,10.0,68.35,25.72,22.6,40.56,678.12,1,378.04
9476,10.0,66.86,24.41,22.76,39.98,651.03,1,379.04
9501,10.0,64.66,24.36,22.98,39.11,643.77,1,380.04
9526,10.0,62.48,25.28,22.43,38.1,653.23,1,381.04
9551,10.0,61.33,26.35,22.57,36.2,645.87,1,382.04
9576,10.0,60.94,27.08,22.22,34.58,606.12,1,383.04
9601,10.0,60.27,27.67,21.48,34.51,574.21,1,384.04
9626,10.0,59.53,28.96,20.49,35.51,571.4,1,385.04
9651,10.0,59.52,31.12,19.64,37.13,584.83,1,386.04
9676,10.0,60.61,33.76,20.23,38.34,605.87,1,387.04
9701,10.0,62.74,36.02,22.85,38.18,678.62,1,388.04
9726,10.0,65.63,37.23,26.96,35.86,755.63,1,389.04
9751,10.0,69.03,37.77,30.46,32.53,798.58,1,390.04
9776,10.0,72.83,38.22,33.02,31.77,831.9,1,391.04
9801,10.0,76.7,38.45,34.84,34.2,873.86,1,392.04
9826,10.0,80.23,38.37,36.17,36.08,932.85,1,393.04
9851,10.0,83.19,38.13,36.72,34.72,909.77,1,394.04
9876,10.0,85.63,37.74,36.51,31.15,838.44,1,395.04
9901,10.0,87.87,37.68,37.75,27.3,777.71,1,396.04
9926,10.0,89.47,38.07,38.29,24.32,724.73,1,397.04
9951,9.0,89.16,38.15,38.05,22.4,679.96,1,398.04
9976,10.0,90.48,37.87,37.61,21.15,633.56,1,399.04
10001,10.0,90.78,37.58,34.26,20.83,549.77,1,400.04
10026,10.0,91.16,37.57,29.79,20.61,469.84,1,401.04
10051,9.0,90.77,36.73,24.29,20.38,334.79,1,402.04
10076,10.0,92.35,37.34,20.51,20.64,287.44,1,403.04
10101,10.0,93.1,37.15,15.79,21.3,228.58,1,404.04
10126,10.0,93.85,37.09,12.2,23.23,176.01,1,405.04
10151,10.0,94.6,37.13,11.46,25.11,153.94,1,406.04
10176,10.0,95.31,37.43,9.93,26.31,141.97,1,407.04
10201,10.0,95.67,37.8,8.37,26.0,128.75,1,408.04
10226,9.0,96.05,37.56,9.71,27.48,169.71,1,409.04
10251,10.0,96.9,36.88,11.91,25.85,199.98,1,410.04
10276,10.0,97.15,36.66,12.84,24.23,209.17,1,411.04
10301,10.0,97.17,36.24,13.53,21.8,197.69,1,412.04
10326,10.0,97.23,35.84,14.33,20.26,187.23,1,413.04
10351,10.0,97.49,35.53,14.42,19.28,171.35,1,414.04
10376,10.0,97.95,35.47,14.34,17.56,148.83,1,415.04
10401,10.0,98.3,35.57,14.45,16.42,133.89,1,416.04
10426,10.0,98.58,35.61,14.34,15.9,124.99,1,417.04
10451,10.0,98.73,36.0,14.24,15.21,128.85,1,418.04
10476,10.0,98.62,36.99,14.45,17.01,135.75,1,419.04
10501,10.0,98.29,38.0,13.78,19.22,150.0,1,420.04
10526,10.0,97.31,38.7,13.43,21.15,187.32,1,421.04
10551,10.0,94.79,39.65,14.26,23.76,205.08,1,422.04
10576,10.0,91.28,40.91,14.23,25.66,200.98,1,423.04
10601,10.0,88.14,42.01,14.58,27.49,224.17,1,424.04
10626,10.0,85.68,42.96,14.9,28.8,247.82,1,425.04
10651,10.0,83.74,43.99,15.18,30.68,259.75,1,426.04
10676,10.0,82.24,44.83,15.34,31.03,297.1,1,427.04
10701,10.0,80.89,45.54,15.67,30.65,330.56,1,428.04
10726,10.0,79.52,45.91,16.7,30.58,373.24,1,429.04
10751,10.0,77.78,45.58,17.31,30.73,396.38,1,430.04
10776,10.0,75.71,44.6,17.61,30.64,407.78,1,431.04
10801,10.0,73.74,43.19,18.32,31.06,448.57,1,432.04
10826,10.0,72.11,41.69,19.69,32.08,499.88,1,433.04
10851,10.0,70.99,40.63,20.19,32.32,532.71,1,434.04
10876,10.0,70.31,39.79,20.31,31.92,536.72,1,435.04
10901,10.0,69.83,38.46,20.53,32.61,528.11,1,436.04
10926,10.0,69.62,36.38,20.97,33.27,533.89,1,437.04
10951,10.0,69.81,33.9,21.2,34.39,560.78,1,438.04
10976,10.0,70.53,31.3,21.01,35.65,579.12,1,439.04
11001,10.0,71.88,28.53,19.25,35.46,559.73,1,440.04
11026,10.0,73.78,25.88,19.13,34.33,538.08,1,441.04
11051,10.0,76.44,24.07,20.02,33.64,554.05,1,442.04
11076,10.0,79.61,23.65,21.53,32.54,582.67,1,443.04
11101,10.0,81.8,24.28,24.19,31.76,603.96,1,444.04
11126,10.0,81.92,25.33,24.62,32.49,589.95,1,445.04
11151,10.0,80.19,26.16,24.01,33.15,534.97,1,446.04
11176,10.0,77.53,26.98,22.47,33.71,514.69,1,447.04
11201,10.0,75.19,28.61,21.43,34.92,513.16,1,448.04
11226,10.0,74.0,30.67,20.71,36.06,501.46,1,449.04
11251,10.0,74.16,32.45,19.63,36.52,487.49,1,450.04
11276,10.0,75.05,34.54,18.24,36.97,482.0,1,451.04
11301,10.0,76.37,37.01,18.59,38.04,504.22,1,452.04
11326,10.0,77.88,39.1,19.4,39.15,534.58,1,453.04
11351,10.0,79.15,40.58,19.95,39.43,553.17,1,454.04
11376,10.0,79.94,41.4,20.68,38.33,546.9,1,455.04
11401,10.0,79.93,41.5,20.79,36.46,518.69,1,456.04
11426,10.0,79.45,41.27,20.67,35.17,497.45,1,457.04
11451,10.0,79.26,40.72,21.03,35.26,516.8,1,458.04
11476,10.0,79.35,39.53,22.24,34.69,544.77,1,459.04
11501,10.0,79.08,38.17,24.58,33.92,599.56,1,460.04
11526,10.0,78.43,36.92,28.18,34.31,714.4,1,461.04
11551,10.0,77.03,35.77,30.5,35.63,823.15,1,462.04
11576,10.0,74.21,34.7,31.44,40.02,928.63,1,463.04
11601,10.0,70.82,33.71,30.84,44.89,1020.17,1,464.04
11626,10.0,67.55,33.23,30.38,48.51,1108.64,1,465.04
11651,10.0,64.92,33.8,30.56,50.01,1204.31,1,466.04
11676,10.0,64.56,34.79,31.29,51.15,1291.43,1,467.04
11701,10.0,66.78,35.12,33.73,51.67,1364.38,1,468.04
11726,10.0,69.72,34.94,35.53,49.97,1334.01,1,469.04
11751,10.0,72.51,34.52,37.56,47.67,1243.92,1,470.04
11776,10.0,75.11,33.22,39.6,45.6,1073.24,1,471.04
11801,10.0,76.53,33.09,37.31,43.76,1034.62,1,472.04
11826,10.0,77.87,34.42,37.18,41.48,1055.78,1,473.04
11851,10.0,80.14,35.36,37.91,40.07,1044.35,1,474.04
11876,10.0,82.87,36.06,38.09,41.84,1127.74,1,475.04
11901,10.0,85.04,36.53,37.71,43.98,1143.54,1,476.04
11926,10.0,86.53,37.01,37.26,44.15,1078.8,1,477.04
11951,10.0,87.2,37.81,35.87,43.48,968.8,1,478.04
11976,10.0,87.34,38.77,34.61,40.73,826.69,1,479.04
12001,10.0,86.99,39.36,33.07,36.45,660.87,1,480.04
12026,10.0,86.11,39.19,31.73,33.01,522.42,1,481.04
12051,10.0,84.77,38.1,28.8,30.8,419.12,1,482.04
12076,10.0,83.48,36.69,25.03,29.85,357.63,1,483.04
12101,10.0,83.83,34.61,22.52,28.35,358.55,1,484.04
12126,10.0,85.9,32.56,23.21,26.38,418.32,1,485.04
12151,10.0,88.16,31.41,25.08,25.68,484.79,1,486.04
12176,10.0,89.85,30.88,26.43,26.01,507.02,1,487.04
12201,10.0,91.0,30.75,28.0,24.72,512.34,1,488.04
12226,10.0,91.6,30.86,30.29,24.8,523.91,1,489.04
12251,10.0,91.68,30.99,31.44,24.59,523.89,1,490.04
12276,10.0,91.38,31.22,32.08,23.56,519.2,1,491.04
12301,10.0,90.71,31.53,31.96,22.46,513.18,1,492.04
12326,10.0,89.71,31.83,31.33,22.66,511.46,1,493.04
12351,10.0,88.67,32.14,31.34,22.63,509.65,1,494.04
12376,10.0,87.67,32.34,31.69,22.18,501.74,1,495.04
12401,10.0,86.54,32.43,31.54,22.2,501.36,1,496.04
12426,10.0,85.4,32.45,31.37,22.82,500.19,1,497.04
12451,10.0,84.26,32.51,31.28,23.27,503.91,1,498.04
12476,10.0,83.13,32.63,31.25,24.11,514.76,1,499.04
12501,10.0,81.99,32.71,31.22,25.1,528.6,1,500.04
12526,10.0,80.8,32.82,30.92,26.12,542.82,1,501.04
12551,10.0,79.59,32.92,30.51,27.19,553.2,1,502.04
12576,10.0,78.41,32.99,30.03,28.4,562.95,1,503.04
12601,10.0,77.24,33.03,29.49,29.79,570.04,1,504.04
12626,10.0,76.08,33.02,28.92,30.94,575.16,1,505.04
12651,10.0,74.95,32.96,28.21,31.79,576.91,1,506.04
12676,10.0,73.81,32.87,27.67,32.58,579.76,1,507.04
12701,10.0,72.67,32.83,27.22,33.42,587.81,1,508.04
12726,10.0,71.55,32.82,26.56,34.12,597.72,1,509.04
12751,10.0,70.48,32.73,25.7,34.34,602.53,1,510.04
12776,10.0,69.51,32.62,24.82,34.07,604.54,1,511.04
12801,10.0,68.64,32.51,24.03,34.5,608.17,1,512.04
12826,10.0,67.83,32.45,23.58,35.13,607.77,1,513.04
12851,10.0,67.07,32.41,23.42,35.67,610.85,1,514.04
12876,10.0,66.43,32.39,23.26,36.34,620.36,1,515.04
12901,10.0,65.87,32.41,23.19,37.12,633.84,1,516.04
12926,10.0,65.42,32.43,23.19,37.95,654.37,1,517.04
12951,10.0,65.14,32.45,23.75,39.13,683.31,1,518.04
12976,10.0,64.92,32.5,24.26,40.51,715.78,1,519.04
13001,10.0,64.61,32.51,24.23,41.55,741.08,1,520.04
13026,10.0,64.26,32.5,23.63,42.4,759.22,1,521.04
13051,10.0,63.92,32.45,22.94,43.38,769.09,1,522.04
13076,10.0,63.57,32.45,22.25,44.44,769.66,1,523.04
13101,10.0,63.27,32.53,22.2,45.12,767.22,1,524.04
13126,10.0,63.05,32.6,22.21,45.45,762.65,1,525.04
13151,10.0,62.84,32.57,21.87,45.91,760.07,1,526.04
13176,10.0,62.61,32.53,21.02,46.47,751.17,1,527.04
13201,10.0,62.39,32.48,20.18,46.72,735.44,1,528.04
13226,10.0,62.23,32.41,19.39,47.0,719.32,1,529.04
13251,10.0,62.12,32.24,18.72,47.71,713.25,1,530.04
13276,10.0,61.99,31.96,18.13,48.69,713.2,1,531.04
13301,10.0,61.79,31.74,17.55,49.33,708.51,1,532.04
13326,10.0,61.58,31.56,17.03,49.71,701.66,1,533.04
13351,10.0,61.42,31.45,16.67,50.4,701.94,1,534.04
13376,10.0,61.29,31.63,16.59,51.13,702.12,1,535.04
13401,10.0,61.17,31.89,16.51,51.6,697.43,1,536.04
13426,10.0,61.1,32.11,16.34,51.63,682.54,1,537.04
13451,10.0,61.0,32.34,16.37,51.86,675.94,1,538.04
13476,10.0,60.9,32.52,16.59,52.1,677.83,1,539.04
13501,10.0,60.85,32.71,16.66,52.41,675.73,1,540.04
13526,10.0,60.85,32.78,16.97,53.05,676.58,1,541.04
13551,10.0,60.85,32.79,17.52,54.1,692.32,1,542.04
13576,10.0,60.81,32.78,18.0,55.47,715.48,1,543.04
13601,10.0,60.73,32.78,18.29,56.32,727.89,1,544.04
13626,10.0,60.62,32.77,18.48,56.72,731.44,1,545.04
13651,10.0,60.52,32.74,18.33,57.2,734.61,1,546.04
13676,10.0,60.45,32.7,17.96,57.65,739.79,1,547.04
13701,10.0,60.39,32.68,17.9,57.93,741.78,1,548.04
13726,10.0,60.3,32.62,17.94,58.4,739.18,1,549.04
13751,10.0,60.14,32.55,17.62,59.01,730.47,1,550.04
13776,10.0,59.96,32.55,17.16,59.24,717.38,1,551.04
13801,10.0,59.79,32.53,16.75,59.77,711.37,1,552.04
13826,10.0,59.32,32.45,17.61,61.82,751.07,1,553.04
13851,10.0,58.23,32.55,20.52,63.02,868.1,1,554.04
13876,10.0,56.77,32.8,24.06,62.14,1032.83,1,555.04
13901,10.0,55.55,33.29,27.37,61.94,1214.01,1,556.04
13926,10.0,54.86,34.29,29.37,61.55,1354.06,1,557.04
13951,10.0,54.43,35.03,30.67,59.87,1407.46,1,558.04
13976,10.0,53.88,34.62,31.45,57.43,1407.93,1,559.04
14001,10.0,53.27,33.34,31.93,55.98,1395.58,1,560.04
14026,10.0,52.96,32.18,32.07,55.92,1387.77,1,561.04
14051,10.0,52.9,32.29,32.43,56.47,1371.2,1,562.04
14076,10.0,52.47,33.9,32.34,58.0,1334.35,1,563.04
14101,10.0,51.08,36.0,31.47,59.8,1286.93,1,564.04
14126,10.0,49.09,37.73,30.42,60.71,1229.46,1,565.04
14151,10.0,46.94,39.13,30.17,60.37,1259.5,1,566.04
14176,10.0,44.38,40.63,32.13,59.6,1377.51,1,567.04
14201,10.0,41.8,42.05,35.44,58.96,1485.0,1,568.04
14226,10.0,39.39,42.74,36.4,57.24,1492.54,1,569.04
14251,10.0,37.05,42.78,36.73,55.02,1441.45,1,570.04
14276,10.0,35.4,43.56,36.98,53.07,1389.06,1,571.04
14301,10.0,34.42,44.65,35.85,51.41,1329.19,1,572.04
14326,10.0,34.35,45.38,34.28,50.16,1251.51,1,573.04
14351,10.0,35.32,45.91,32.7,49.07,1139.32,1,574.04
14376,10.0,35.63,46.16,32.11,47.54,1100.42,1,575.04
14401,10.0,35.42,45.99,33.18,45.52,1085.09,1,576.04
14426,10.0,35.43,45.92,33.6,43.37,1063.67,1,577.04
14451,10.0,36.04,46.64,32.71,42.39,1036.66,1,578.04
14476,10.0,36.28,47.71,31.81,42.41,1008.69,1,579.04
14501,10.0,36.06,48.29,30.41,42.23,944.86,1,580.04
14526,10.0,36.86,48.74,28.24,41.66,860.34,1,581.04
14551,10.0,38.74,49.59,26.59,41.68,834.08,1,582.04
14576,10.0,40.69,50.4,25.75,43.01,840.0,1,583.04
14601,10.0,42.33,50.83,24.86,42.85,840.41,1,584.04
14626,10.0,43.91,50.87,24.24,40.79,801.65,1,585.04
14651,10.0,45.46,50.74,24.24,37.29,734.15,1,586.04
14676,10.0,46.87,50.6,24.11,34.46,661.63,1,587.04
14701,10.0,48.14,50.5,23.62,31.94,595.05,1,588.04
14726,10.0,49.24,50.47,23.25,30.63,548.69,1,589.04
14751,10.0,50.16,50.43,22.91,30.39,517.68,1,590.04
14776,10.0,50.94,50.39,22.7,29.55,501.79,1,591.04
14801,10.0,51.49,50.27,22.97,28.44,497.01,1,592.04
14826,10.0,51.79,50.05,23.5,27.96,513.52,1,593.04
14851,10.0,51.52,49.64,24.83,28.04,541.4,1,594.04
14876,10.0,50.29,48.68,27.56,28.55,600.72,1,595.04
14901,10.0,48.34,46.96,31.25,30.17,706.71,1,596.04
14926,10.0,45.85,44.71,35.87,32.56,859.76,1,597.04
14951,10.0,43.17,42.0,39.58,35.15,1025.93,1,598.04
14976,10.0,40.79,38.94,41.11,36.94,1161.39,1,599.04
15001,10.0,38.89,35.78,43.25,38.05,1281.89,1,600.04
15026,10.0,37.88,32.73,46.21,38.75,1362.9,1,601.04
15051,10.0,38.21,29.88,46.77,39.81,1400.12,1,602.04
15076,10.0,39.5,27.26,44.22,41.5,1374.03,1,603.04
15101,10.0,41.13,25.02,40.29,42.78,1306.56,1,604.04
15126,10.0,42.55,23.45,35.63,42.77,1183.3,1,605.04
15151,10.0,43.0,22.19,32.26,42.12,1050.65,1,606.04
15176,10.0,42.7,21.1,31.04,40.5,977.8,1,607.04
15201,10.0,42.61,20.03,31.03,38.71,957.25,1,608.04
15226,10.0,42.77,19.2,30.49,39.12,925.13,1,609.04
15251,10.0,42.25,18.66,29.66,40.24,899.09,1,610.04
15276,10.0,41.21,18.38,29.26,41.24,896.66,1,611.04
15301,10.0,40.03,18.26,29.22,42.66,907.29,1,612.04
15326,10.0,38.84,18.45,29.43,43.51,914.39,1,613.04
15351,10.0,37.72,18.9,29.78,43.69,925.86,1,614.04
15376,10.0,36.72,19.33,30.31,44.29,956.43,1,615.04
15401,10.0,35.9,19.57,30.96,44.53,994.8,1,616.04
15426,10.0,35.36,19.41,31.49,46.15,1050.33,1,617.04
15451,10.0,35.38,19.25,32.9,47.39,1119.72,1,618.04
15476,10.0,36.01,19.68,34.17,48.83,1178.59,1,619.04
15501,10.0,37.04,20.88,34.29,50.7,1208.28,1,620.04
15526,10.0,38.29,22.81,33.59,52.65,1226.01,1,621.04
15551,10.0,39.42,25.29,33.17,55.32,1239.11,1,622.04
15576,10.0,39.99,28.08,33.14,58.23,1246.57,1,623.04
15601,10.0,40.22,30.91,33.64,60.58,1267.57,1,624.04
15626,10.0,41.0,33.2,33.77,61.33,1301.43,1,625.04
15651,10.0,42.74,34.24,33.52,60.59,1364.49,1,626.04
15676,10.0,44.99,34.13,33.82,59.58,1467.67,1,627.04
15701,10.0,47.1,33.32,33.75,58.62,1537.31,1,628.04
15726,10.0,48.54,32.12,32.61,59.05,1521.86,1,629.04
15751,10.0,49.2,31.16,30.64,58.35,1412.34,1,630.04
15776,10.0,49.14,30.71,29.16,56.99,1267.2,1,631.04
15801,10.0,48.42,30.59,28.47,56.28,1164.08,1,632.04
15826,10.0,47.12,30.73,28.85,55.9,1112.66,1,633.04
15851,10.0,45.66,31.15,30.01,55.24,1118.78,1,634.04
15876,10.0,44.63,32.33,31.39,52.76,1139.81,1,635.04
15901,10.0,43.98,34.31,32.3,49.65,1130.14,1,636.04
15926,10.0,42.98,36.44,32.38,46.81,1085.35,1,637.04
15951,10.0,41.67,38.32,30.65,43.89,979.92,1,638.04
15976,10.0,41.11,39.79,28.94,41.24,857.04,1,639.04
16001,10.0,41.48,41.54,27.68,38.91,813.03,1,640.04
16026,10.0,42.36,42.96,26.7,37.86,770.55,1,641.04
16051,10.0,42.97,43.46,25.6,35.4,684.0,1,642.04
16076,10.0,42.37,43.27,24.9,34.59,635.61,1,643.04
16101,10.0,40.72,42.05,24.83,36.69,665.35,1,644.04
16126,10.0,38.76,40.23,25.69,40.0,750.8,1,645.04
16151,10.0,36.41,38.1,28.28,42.69,847.6,1,646.04
16176,10.0,33.3,36.1,31.1,41.66,885.12,1,647.04
16201,10.0,29.78,34.39,34.75,37.37,881.97,1,648.04
16226,10.0,27.19,32.53,38.21,36.15,940.94,1,649.04
16251,10.0,26.87,30.61,39.85,38.03,1010.13,1,650.04
16276,10.0,28.59,29.37,39.94,40.54,1050.15,1,651.04
16301,10.0,31.59,28.95,40.46,41.68,1068.27,1,652.04
16326,10.0,35.77,28.84,42.25,39.0,1045.03,1,653.04
16351,10.0,40.67,28.48,44.86,34.32,1030.37,1,654.04
16376,10.0,45.99,28.1,47.9,30.36,1023.75,1,655.04
16401,10.0,51.67,28.21,51.04,27.56,1003.26,1,656.04
16426,10.0,57.27,28.25,54.36,25.6,1040.45,1,657.04
16451,10.0,62.51,28.14,57.07,26.12,1128.03,1,658.04
16476,10.0,66.99,27.94,58.16,27.89,1160.27,1,659.04
16501,10.0,70.51,27.84,57.7,29.52,1117.16,1,660.04
16526,10.0,72.9,28.29,56.84,31.66,1168.01,1,661.04
16551,10.0,74.1,29.08,55.07,36.01,1324.87,1,662.04
16576,10.0,74.28,30.03,51.82,41.6,1480.43,1,663.04
16601,10.0,73.56,31.18,48.15,47.09,1578.43,1,664.04
16626,10.0,72.21,32.37,44.86,52.4,1632.22,1,665.04
16651,10.0,70.75,33.49,41.39,57.01,1641.75,1,666.04
16676,10.0,69.47,34.52,38.56,60.4,1626.17,1,667.04
16701,10.0,68.52,35.51,36.93,62.15,1632.47,1,668.04
16726,10.0,67.46,35.89,36.78,60.34,1631.95,1,669.04
16751,10.0,66.53,36.21,37.36,58.65,1619.38,1,670.04
16776,10.0,66.23,36.61,36.69,58.66,1626.35,1,671.04
16801,10.0,66.3,36.56,35.51,59.58,1626.25,1,672.04
16826,10.0,65.98,35.89,34.61,60.48,1581.94,1,673.04
16851,10.0,65.0,35.04,33.92,61.0,1530.48,1,674.04
16876,10.0,63.49,34.14,33.84,60.69,1494.86,1,675.04
16901,10.0,61.39,33.34,34.12,59.47,1464.19,1,676.04
16926,10.0,58.66,32.68,34.7,57.35,1462.81,1,677.04
16951,10.0,55.44,31.87,35.21,54.45,1451.34,1,678.04
16976,10.0,51.83,30.99,35.64,53.44,1456.16,1,679.04
17001,10.0,47.87,30.18,36.81,52.28,1484.16,1,680.04
17026,10.0,43.46,29.66,38.89,49.55,1476.21,1,681.04
17051,10.0,39.02,29.45,40.94,45.36,1395.04,1,682.04
17076,10.0,35.22,29.54,41.46,41.05,1264.29,1,683.04
17101,10.0,32.22,29.76,40.33,37.32,1170.58,1,684.04
17126,10.0,30.35,29.88,39.98,35.23,1077.29,1,685.04
17151,10.0,29.65,29.87,39.15,34.95,964.85,1,686.04
17176,10.0,29.28,29.74,38.2,35.22,881.94,1,687.04
17201,10.0,28.42,29.68,38.62,35.13,868.22,1,688.04
17226,10.0,27.4,29.7,39.89,35.0,895.84,1,689.04
17251,10.0,26.99,29.62,40.68,36.73,941.95,1,690.04
17276,10.0,27.22,29.5,39.46,39.38,964.26,1,691.04
17301,10.0,27.21,29.2,38.57,41.57,963.28,1,692.04
17326,10.0,26.57,28.73,40.86,40.09,966.68,1,693.04
17351,10.0,26.62,28.57,41.59,37.61,930.98,1,694.04
17376,10.0,27.11,28.91,41.07,34.76,875.62,1,695.04
17401,10.0,27.45,29.87,40.68,35.39,849.89,1,696.04
17426,10.0,27.52,31.25,39.78,34.58,831.11,1,697.04
17451,10.0,27.34,32.6,38.79,36.28,841.87,1,698.04
17476,10.0,26.63,34.7,38.09,36.82,861.73,1,699.04
17501,10.0,25.79,37.15,36.72,40.46,937.37,1,700.04
17526,10.0,25.24,39.36,35.3,42.95,981.9,1,701.04
17551,10.0,25.25,40.97,33.96,43.47,950.64,1,702.04
17576,10.0,25.89,42.06,32.27,44.25,890.95,1,703.04
17601,10.0,26.72,42.82,30.55,45.33,893.32,1,704.04
17626,10.0,27.7,43.55,29.43,46.34,888.49,1,705.04
17651,10.0,29.15,43.8,29.24,46.36,885.52,1,706.04
17676,10.0,30.94,43.42,29.39,47.0,904.93,1,707.04
17701,10.0,32.71,42.67,29.66,49.82,963.77,1,708.04
17726,10.0,34.27,41.46,29.63,52.9,1023.38,1,709.04
17751,10.0,35.5,39.92,28.85,55.5,1053.8,1,710.04
17776,10.0,36.28,38.4,27.91,57.47,1063.79,1,711.04
17801,10.0,36.45,36.77,27.32,58.63,1062.56,1,712.04
17826,10.0,36.12,35.26,27.11,58.6,1065.71,1,713.04
17851,10.0,35.81,34.23,26.84,57.55,1062.99,1,714.04
17876,10.0,35.8,33.3,26.13,56.35,1048.62,1,715.04
17901,10.0,35.62,32.47,25.95,55.75,1058.88,1,716.04
17926,10.0,34.94,31.83,26.67,56.33,1093.73,1,717.04
17951,10.0,33.99,31.52,27.13,56.78,1103.3,1,718.04
17976,10.0,33.12,32.02,27.04,56.39,1091.48,1,719.04
18001,10.0,32.42,33.21,27.55,55.65,1046.24,1,720.04
18026,10.0,32.01,34.63,27.17,54.85,983.34,1,721.04
18051,10.0,31.7,36.13,27.26,53.73,938.43,1,722.04
18076,10.0,31.2,37.34,28.21,51.1,898.59,1,723.04
18101,10.0,30.7,38.36,29.9,49.14,847.38,1,724.04
18126,10.0,30.05,39.4,30.64,49.6,821.89,1,725.04
18151,10.0,29.06,40.32,30.51,49.45,846.81,1,726.04
18176,10.0,27.68,40.81,31.71,48.46,865.15,1,727.04
18201,10.0,26.17,40.94,33.68,46.61,900.37,1,728.04
18226,10.0,25.52,41.11,34.47,46.08,925.89,1,729.04
18251,10.0,26.26,41.65,34.18,46.95,930.73,1,730.04
18276,10.0,27.55,42.44,33.14,46.13,895.87,1,731.04
18301,10.0,29.03,43.56,30.4,44.01,839.56,1,732.04
18326,10.0,30.68,44.39,28.07,41.61,765.15,1,733.04
18351,10.0,32.01,44.36,26.89,40.03,685.37,1,734.04
18376,10.0,32.64,43.7,26.2,38.97,629.81,1,735.04
18401,10.0,32.85,42.64,26.13,36.96,604.03,1,736.04
18426,10.0,32.48,41.26,29.8,35.34,646.34,1,737.04
18451,10.0,31.6,39.91,35.19,34.72,751.1,1,738.04
18476,10.0,31.13,38.55,38.51,35.33,854.52,1,739.04
18501,10.0,30.77,37.01,38.5,37.14,922.14,1,740.04
18526,10.0,29.73,35.7,37.19,37.89,940.38,1,741.04
18551,10.0,29.09,34.88,37.58,36.32,928.91,1,742.04
18576,10.0,28.84,34.37,37.06,34.67,876.44,1,743.04
18601,10.0,28.69,34.11,35.1,32.85,792.14,1,744.04
18626,10.0,28.57,34.03,32.67,30.77,695.06,1,745.04
18651,10.0,28.34,33.91,30.4,29.1,617.53,1,746.04
18676,10.0,27.95,33.78,28.52,28.28,563.0,1,747.04
18701,10.0,27.42,33.66,27.21,27.24,520.27,1,748.04
18726,10.0,26.81,33.48,26.34,26.08,486.05,1,749.04
18751,10.0,26.22,33.34,25.62,24.89,455.49,1,750.04
18776,10.0,25.62,33.34,26.33,23.7,418.83,1,751.04
18801,10.0,24.95,33.31,27.08,23.07,392.3,1,752.04
18826,10.0,24.17,33.17,27.78,22.88,381.65,1,753.04
18851,10.0,23.37,33.07,28.88,23.53,393.46,1,754.04
18876,10.0,22.64,33.03,29.83,24.62,428.02,1,755.04
18901,10.0,21.82,32.83,30.51,26.11,465.77,1,756.04
18926,10.0,21.01,32.75,31.08,27.24,498.69,1,757.04
18951,10.0,20.26,32.74,31.17,28.52,519.77,1,758.04
18976,10.0,19.56,32.7,31.24,29.8,539.62,1,759.04
19001,10.0,18.97,32.72,31.39,31.08,568.45,1,760.04
19026,10.0,18.45,32.69,31.49,32.33,603.0,1,761.04
19051,10.0,17.97,32.52,32.02,33.59,643.77,1,762.04
19076,10.0,17.55,32.32,32.82,35.05,687.56,1,763.04
19101,10.0,17.18,32.14,33.23,36.64,729.16,1,764.04
19126,10.0,16.74,31.86,34.09,37.97,777.84,1,765.04
19151,10.0,16.41,31.73,34.19,40.55,831.6,1,766.04
19176,10.0,16.15,31.53,34.26,42.4,855.69,1,767.04
19201,10.0,16.08,31.4,34.52,42.72,850.65,1,768.04
19226,10.0,16.06,31.16,34.62,44.07,872.8,1,769.04
19251,10.0,16.05,30.85,35.32,44.98,874.0,1,770.04
19276,10.0,16.05,30.57,35.33,45.05,862.24,1,771.04
19301,10.0,15.8,30.22,35.58,45.09,878.71,1,772.04
19326,10.0,15.56,29.89,35.61,45.38,902.13,1,773.04
19351,10.0,15.4,29.66,35.24,45.24,909.61,1,774.04
19376,10.0,15.23,29.48,34.75,44.92,910.5,1,775.04
19401,10.0,15.02,29.51,34.73,45.29,930.42,1,776.04
19426,10.0,14.82,29.55,34.78,45.48,947.89,1,777.04
19451,10.0,14.45,29.37,35.63,45.6,971.42,1,778.04
19476,10.0,13.75,28.68,36.59,45.54,1000.51,1,779.04
19501,10.0,12.97,27.85,37.14,45.03,1001.62,1,780.04
19526,10.0,12.79,27.53,38.07,44.64,1015.03,1,781.04
19551,10.0,13.51,27.9,38.94,46.34,1062.92,1,782.04
19576,10.0,14.6,28.9,38.55,51.13,1173.95,1,783.04
19601,10.0,15.53,29.63,39.34,55.98,1260.59,1,784.04
19626,10.0,16.19,30.39,38.61,58.28,1259.45,1,785.04
19651,10.0,16.18,31.12,37.39,57.64,1222.67,1,786.04
19676,10.0,15.67,31.76,38.23,55.36,1233.54,1,787.04
19701,10.0,16.46,32.22,38.25,53.21,1196.03,1,788.04
19726,10.0,19.11,32.28,37.02,50.31,1095.45,1,789.04
19751,10.0,23.0,31.98,35.45,47.5,969.94,1,790.04
19776,10.0,26.91,31.35,35.55,46.28,906.84,1,791.04
19801,10.0,29.86,30.75,34.52,45.42,849.72,1,792.04
19826,10.0,30.76,29.78,34.27,43.67,822.18,1,793.04
19851,10.0,30.38,28.86,37.14,41.17,826.13,1,794.04
19876,10.0,29.9,27.77,39.09,40.31,839.94,1,795.04
19901,10.0,30.57,26.25,38.76,38.45,811.06,1,796.04
19926,10.0,33.21,24.48,35.3,37.49,789.73,1,797.04
19951,10.0,36.7,22.73,32.28,36.63,793.18,1,798.04
19976,10.0,40.74,21.62,31.89,33.83,789.68,1,799.04
20001,10.0,45.14,21.73,33.61,31.69,781.05,1,800.04
20026,10.0,49.52,22.22,33.86,30.58,755.17,1,801.04
20051,10.0,53.54,22.88,32.62,29.23,701.84,1,802.04
20076,10.0,56.6,24.36,30.54,29.45,652.61,1,803.04
20101,10.0,58.95,26.58,28.71,31.4,632.44,1,804.04
20126,10.0,61.1,28.94,27.19,33.97,650.32,1,805.04
20151,10.0,63.21,31.11,25.85,36.21,674.3,1,806.04
20176,10.0,65.23,32.89,25.34,36.77,669.34,1,807.04
20201,10.0,66.99,34.0,25.17,35.04,631.87,1,808.04
20226,10.0,68.48,34.54,24.96,32.03,583.01,1,809.04
20251,10.0,69.64,34.93,24.55,30.18,546.22,1,810.04
20276,10.0,70.47,35.68,24.23,30.27,535.44,1,811.04
20301,10.0,71.23,36.78,24.31,31.42,558.66,1,812.04
20326,10.0,71.86,38.18,24.16,34.25,597.2,1,813.04
20351,10.0,71.99,39.4,23.88,35.88,619.86,1,814.04
20376,10.0,71.56,40.27,22.8,36.56,621.56,1,815.04
20401,10.0,71.2,41.31,21.76,38.7,624.3,1,816.04
20426,10.0,71.16,42.41,21.49,38.87,633.28,1,817.04
20451,10.0,70.99,43.2,20.83,37.91,634.65,1,818.04
20476,10.0,70.45,43.78,20.54,37.02,641.35,1,819.04
20501,10.0,69.71,44.09,20.6,36.31,639.19,1,820.04
20526,10.0,68.78,43.62,19.87,35.77,619.26,1,821.04
20551,10.0,67.83,42.3,19.3,35.61,592.81,1,822.04
20576,10.0,67.48,40.46,19.23,35.48,560.44,1,823.04
20601,10.0,67.85,38.22,19.11,35.83,550.21,1,824.04
20626,10.0,68.2,35.61,19.95,37.03,587.9,1,825.04
20651,10.0,68.21,33.08,23.05,38.14,658.01,1,826.04
20676,10.0,67.85,30.71,25.83,39.17,735.23,1,827.04
20701,10.0,67.28,28.86,27.2,38.73,761.63,1,828.04
20726,10.0,67.35,27.69,27.0,39.05,735.0,1,829.04
20751,10.0,68.57,26.9,25.86,38.91,674.95,1,830.04
20776,10.0,70.03,26.73,24.65,38.35,625.29,1,831.04
20801,10.0,70.62,26.73,23.32,39.25,609.33,1,832.04
20826,10.0,70.17,26.42,23.08,39.51,617.2,1,833.04
20851,10.0,69.21,26.87,22.82,38.66,596.86,1,834.04
20876,10.0,68.37,28.17,21.65,37.68,560.45,1,835.04
20901,10.0,67.88,30.04,20.66,37.75,555.77,1,836.04
20926,10.0,67.77,32.18,20.24,39.14,578.98,1,837.04
20951,10.0,68.28,34.75,21.02,41.51,640.28,1,838.04
20976,10.0,70.17,37.15,24.45,41.82,731.72,1,839.04
21001,10.0,73.4,38.42,30.47,40.15,835.86,1,840.04
21026,10.0,77.05,38.64,36.87,37.05,912.82,1,841.04
21051,10.0,79.76,38.66,40.61,34.58,919.01,1,842.04
21076,10.0,80.74,39.0,40.73,35.87,900.54,1,843.04
21101,10.0,80.54,39.53,39.44,38.24,921.46,1,844.04
21126,10.0,79.56,40.28,38.02,41.08,992.58,1,845.04
21151,10.0,77.98,40.86,35.7,43.96,1056.17,1,846.04
21176,10.0,75.93,40.89,34.53,45.77,1063.59,1,847.04
21201,10.0,73.45,40.5,34.52,47.4,1050.13,1,848.04
21226,10.0,71.12,39.84,34.15,47.77,1031.65,1,849.04
21251,10.0,69.84,39.01,33.49,46.11,997.15,1,850.04
21276,10.0,69.81,38.24,33.55,44.0,950.56,1,851.04
21301,10.0,69.73,37.76,33.09,42.97,923.51,1,852.04
21326,10.0,68.82,37.21,31.65,42.97,888.36,1,853.04
21351,10.0,67.42,36.54,30.1,43.14,838.18,1,854.04
21376,10.0,65.94,35.88,28.83,43.14,793.08,1,855.04
21401,10.0,64.53,35.31,27.93,43.32,764.2,1,856.04
21426,10.0,63.17,34.73,27.17,43.74,747.37,1,857.04
21451,10.0,61.84,34.13,26.43,44.28,737.79,1,858.04
21476,10.0,60.52,33.53,25.69,45.07,734.5,1,859.04
21501,10.0,59.26,32.86,25.09,46.05,737.36,1,860.04
21526,10.0,58.18,32.46,24.64,47.08,739.04,1,861.04
21551,10.0,57.26,32.43,24.2,48.46,739.79,1,862.04
21576,10.0,56.42,32.36,23.79,50.12,745.18,1,863.04
21601,10.0,55.68,32.27,23.35,51.72,750.88,1,864.04
21626,10.0,55.06,32.28,22.86,53.04,769.93,1,865.04
21651,10.0,54.5,32.07,23.96,54.17,827.09,1,866.04
21676,10.0,53.99,31.75,26.65,55.07,903.53,1,867.04
21701,10.0,53.68,31.36,29.75,55.95,985.38,1,868.04
21726,10.0,53.76,30.92,32.99,56.7,1073.43,1,869.04
21751,10.0,54.24,30.56,35.78,56.66,1177.87,1,870.04
21776,10.0,55.01,30.28,37.54,56.18,1295.89,1,871.04
21801,10.0,55.87,30.14,38.19,57.07,1378.45,1,872.04
21826,10.0,56.59,30.54,37.21,58.75,1399.57,1,873.04
21851,10.0,57.07,31.26,34.74,59.91,1362.48,1,874.04
21876,10.0,57.18,31.83,32.59,60.92,1339.46,1,875.04
21901,10.0,56.84,32.38,30.24,61.19,1309.45,1,876.04
21926,10.0,56.3,33.41,28.92,60.88,1280.66,1,877.04
21951,10.0,55.89,34.75,27.91,61.03,1273.82,1,878.04
21976,10.0,55.9,36.05,29.12,61.37,1315.79,1,879.04
22001,10.0,56.31,37.05,30.64,61.37,1374.03,1,880.04
22026,10.0,56.86,37.29,30.61,60.64,1401.2,1,881.04
22051,10.0,57.26,36.67,30.32,59.52,1413.13,1,882.04
22076,10.0,57.15,35.46,30.17,58.3,1417.75,1,883.04
22101,10.0,56.69,34.16,30.14,56.63,1415.23,1,884.04
22126,10.0,56.41,32.99,30.86,55.61,1436.3,1,885.04
22151,10.0,56.22,31.73,33.38,53.96,1471.29,1,886.04
22176,10.0,55.95,30.71,35.9,52.81,1462.71,1,887.04
22201,10.0,56.11,30.26,36.94,52.97,1487.82,1,888.04
22226,10.0,56.92,30.4,37.58,54.46,1540.84,1,889.04
22251,10.0,58.21,30.72,37.48,57.38,1634.94,1,890.04
22276,10.0,59.87,31.16,37.24,60.14,1736.99,1,891.04
22301,10.0,61.71,31.71,39.1,61.09,1793.23,1,892.04
22326,10.0,63.51,32.33,40.64,61.11,1767.04,1,893.04
22351,10.0,65.1,33.22,40.89,60.93,1729.77,1,894.04
22376,10.0,66.42,34.67,39.67,60.93,1691.87,1,895.04
22401,10.0,67.6,36.4,38.28,60.52,1650.71,1,896.04
22426,10.0,68.71,38.0,36.6,59.35,1584.05,1,897.04
22451,10.0,69.15,39.58,35.1,58.16,1491.97,1,898.04
22476,10.0,67.95,40.83,34.89,56.07,1472.07,1,899.04
22501,10.0,65.15,42.04,35.1,53.17,1431.13,1,900.04
22526,10.0,62.0,43.52,34.7,50.62,1340.63,1,901.04
22551,10.0,59.16,44.9,33.12,48.49,1222.15,1,902.04
22576,10.0,56.24,45.74,32.2,46.6,1117.73,1,903.04
22601,10.0,52.65,46.06,33.67,44.5,1057.04,1,904.04
22626,10.0,48.79,45.97,36.02,42.76,1064.61,1,905.04
22651,10.0,45.27,45.52,39.18,41.04,1123.68,1,906.04
22676,10.0,42.53,45.26,43.07,39.54,1171.6,1,907.04
22701,10.0,40.73,45.46,45.02,38.9,1202.89,1,908.04
22726,10.0,39.41,45.84,44.89,39.07,1223.79,1,909.04
22751,10.0,38.2,46.25,43.74,39.64,1242.54,1,910.04
22776,10.0,37.07,46.58,42.56,40.22,1254.94,1,911.04
22801,10.0,35.96,46.77,41.36,41.15,1267.06,1,912.04
22826,10.0,34.87,46.89,40.18,42.37,1262.86,1,913.04
22851,10.0,33.77,46.99,39.08,43.64,1246.45,1,914.04
22876,10.0,32.65,47.18,38.05,44.94,1233.33,1,915.04
22901,10.0,31.62,47.48,37.14,46.17,1225.8,1,916.04
22926,10.0,30.77,47.81,37.24,46.38,1210.35,1,917.04
22951,10.0,30.14,48.0,37.08,45.98,1198.13,1,918.04
22976,10.0,30.06,47.95,36.31,45.52,1207.01,1,919.04
23001,10.0,30.71,47.49,36.29,44.89,1222.06,1,920.04
23026,10.0,31.93,46.43,36.6,45.56,1243.39,1,921.04
23051,10.0,33.35,44.8,36.84,47.92,1257.17,1,922.04
23076,10.0,34.68,42.99,36.02,50.5,1257.11,1,923.04
23101,10.0,35.81,41.29,33.34,52.77,1242.77,1,924.04
23126,10.0,36.53,39.28,29.87,55.13,1219.48,1,925.04
23151,10.0,36.78,36.95,27.71,57.38,1214.13,1,926.04
23176,10.0,36.91,34.79,27.85,59.14,1239.51,1,927.04
23201,10.0,37.22,32.91,29.31,59.55,1264.0,1,928.04
23226,10.0,37.58,31.36,30.51,58.44,1290.64,1,929.04
23251,10.0,37.76,30.05,31.25,57.18,1326.62,1,930.04
23276,10.0,37.93,28.96,31.91,55.94,1344.13,1,931.04
23301,10.0,38.32,27.85,33.23,55.18,1363.14,1,932.04
23326,10.0,39.35,27.2,35.05,55.04,1392.72,1,933.04
23351,10.0,40.94,27.35,36.47,54.57,1402.67,1,934.04
23376,10.0,42.54,28.01,36.14,52.23,1371.39,1,935.04
23401,10.0,43.99,28.96,34.51,52.74,1288.56,1,936.04
23426,10.0,45.17,29.82,33.34,54.34,1265.31,1,937.04
23451,10.0,46.14,30.96,32.14,55.19,1268.08,1,938.04
23476,10.0,46.57,32.8,30.94,54.77,1256.25,1,939.04
23501,10.0,46.74,35.13,31.38,54.16,1243.18,1,940.04
23526,10.0,47.81,37.35,32.86,54.79,1272.32,1,941.04
23551,10.0,50.05,38.75,34.33,56.21,1318.5,1,942.04
23576,10.0,52.7,39.34,33.84,57.6,1356.87,1,943.04
23601,10.0,54.75,39.47,32.11,57.51,1353.05,1,944.04
23626,10.0,55.71,39.24,32.32,58.19,1329.02,1,945.04
23651,10.0,56.26,38.99,32.97,59.7,1358.47,1,946.04
23676,10.0,56.49,39.01,32.46,60.53,1361.47,1,947.04
23701,10.0,55.6,38.99,30.99,60.65,1323.96,1,948.04
23726,10.0,53.84,38.83,29.08,60.01,1257.87,1,949.04
23751,10.0,51.86,38.7,28.55,57.77,1172.81,1,950.04
23776,10.0,49.64,38.5,29.17,55.03,1102.71,1,951.04
23801,10.0,47.03,38.5,28.24,52.9,1045.34,1,952.04
23826,10.0,44.03,39.24,25.67,51.37,982.85,1,953.04
23851,10.0,41.42,39.95,25.87,50.91,969.36,1,954.04
23876,10.0,39.68,40.43,28.2,51.85,1038.15,1,955.04
23901,10.0,38.72,40.67,29.62,51.2,1086.06,1,956.04
23926,10.0,38.4,40.83,29.63,53.13,1089.66,1,957.04
23951,10.0,38.37,41.28,28.84,54.93,1097.14,1,958.04
23976,10.0,38.32,41.8,28.85,55.57,1122.76,1,959.04
24001,10.0,38.21,41.75,29.22,55.95,1140.24,1,960.04
24026,10.0,38.26,40.95,29.47,56.78,1144.06,1,961.04
24051,10.0,38.52,39.64,29.16,58.76,1134.68,1,962.04
24076,10.0,38.54,38.26,28.59,61.13,1135.13,1,963.04
24101,10.0,38.1,36.86,28.38,62.5,1155.66,1,964.04
24126,10.0,37.27,35.56,28.89,62.43,1189.97,1,965.04
24151,10.0,36.09,34.35,29.84,61.36,1218.19,1,966.04
24176,10.0,34.55,33.01,31.57,60.27,1245.62,1,967.04
24201,10.0,32.74,31.46,33.3,58.92,1272.04,1,968.04
24226,10.0,30.47,29.94,34.56,57.11,1270.15,1,969.04
24251,10.0,28.04,28.92,35.75,54.63,1236.99,1,970.04
24276,10.0,26.44,28.57,37.06,50.32,1146.37,1,971.04
24301,10.0,26.0,28.42,37.5,45.32,1038.72,1,972.04
24326,10.0,26.56,28.22,36.23,42.44,998.24,1,973.04
24351,10.0,27.85,28.02,33.34,44.02,1009.76,1,974.04
24376,10.0,29.5,28.09,30.01,47.15,1048.65,1,975.04
24401,10.0,31.2,28.8,28.72,49.98,1099.65,1,976.04
24426,10.0,32.24,30.34,28.82,51.86,1110.4,1,977.04
24451,10.0,32.48,32.62,29.13,54.74,1102.99,1,978.04
24476,10.0,32.4,35.27,29.84,57.39,1100.79,1,979.04
24501,10.0,32.28,37.47,29.82,57.55,1053.84,1,980.04
24526,10.0,31.86,38.73,30.46,55.04,992.64,1,981.04
24551,10.0,31.04,39.14,30.56,49.85,959.23,1,982.04
24576,10.0,30.34,39.32,32.6,44.9,934.23,1,983.04
24601,10.0,30.31,39.99,32.54,45.68,928.57,1,984.04
24626,10.0,30.78,40.28,31.03,46.82,899.3,1,985.04
24651,10.0,31.59,40.18,30.04,47.19,913.01,1,986.04
24676,10.0,32.79,39.76,30.66,47.18,943.5,1,987.04
24701,10.0,34.17,39.28,31.07,48.68,992.58,1,988.04
24726,10.0,35.4,38.87,30.58,51.9,1052.76,1,989.04
24751,10.0,36.4,38.26,29.78,54.64,1102.52,1,990.04
24776,10.0,37.12,37.44,29.36,56.69,1114.44,1,991.04
24801,10.0,37.46,36.31,28.42,58.12,1101.1,1,992.04
24826,10.0,37.52,34.86,27.54,58.72,1077.12,1,993.04
24851,10.0,37.47,33.55,28.09,57.84,1063.81,1,994.04
24876,10.0,37.5,32.64,28.75,55.51,1087.86,1,995.04
24901,10.0,37.59,32.18,28.71,54.81,1100.38,1,996.04
24926,10.0,37.23,32.18,28.07,53.71,1083.39,1,997.04
24951,10.0,36.0,32.6,28.09,52.23,1077.7,1,998.04
24976,10.0,34.2,33.25,28.93,50.9,1093.61,1,999.04
25001,10.0,32.33,33.93,30.2,50.57,1113.53,1,1000.04
25026,10.0,31.11,34.45,31.21,48.33,1090.22,1,1001.04
25051,10.0,31.5,34.96,31.88,43.13,990.22,1,1002.04
25076,10.0,33.53,35.33,33.24,38.41,916.39,1,1003.04
25101,10.0,36.51,35.21,34.71,34.33,840.49,1,1004.04
25126,10.0,39.75,34.75,34.86,30.32,735.0,1,1005.04
25151,10.0,42.64,34.3,32.92,26.55,622.29,1,1006.04
25176,10.0,45.12,34.42,29.75,24.81,555.74,1,1007.04
25201,10.0,47.34,35.53,27.81,25.74,562.99,1,1008.04
25226,10.0,49.4,37.09,28.59,27.08,610.79,1,1009.04
25251,10.0,51.37,38.49,29.99,28.59,667.92,1,1010.04
25276,10.0,52.93,39.67,30.15,30.14,715.51,1,1011.04
25301,10.0,53.62,40.8,28.79,32.1,765.35,1,1012.04
25326,10.0,53.68,41.66,27.92,34.04,812.21,1,1013.04
25351,10.0,53.5,41.98,26.04,35.73,806.15,1,1014.04
25376,10.0,53.18,41.51,24.9,36.58,765.86,1,1015.04
25401,10.0,53.03,40.48,23.77,36.9,725.64,1,1016.04
25426,10.0,53.56,39.19,22.77,36.65,680.44,1,1017.04
25451,10.0,54.53,37.73,22.24,35.93,642.36,1,1018.04
25476,10.0,55.5,35.75,22.25,35.86,629.06,1,1019.04
25501,10.0,56.66,33.46,22.08,36.21,636.0,1,1020.04
25526,10.0,58.31,31.38,22.73,36.73,655.76,1,1021.04
25551,10.0,60.38,29.51,23.84,37.75,690.5,1,1022.04
25576,10.0,62.54,27.87,24.98,39.09,732.81,1,1023.04
25601,10.0,63.95,26.8,24.93,39.41,735.06,1,1024.04
25626,10.0,64.48,26.41,24.22,37.96,692.87,1,1025.04
25651,10.0,64.73,25.87,23.53,36.8,672.74,1,1026.04
25676,10.0,65.45,24.67,23.44,39.9,702.81,1,1027.04
25701,10.0,66.96,23.39,24.25,42.72,761.08,1,1028.04
25726,10.0,68.93,22.57,25.31,42.39,811.52,1,1029.04
25751,10.0,70.97,22.21,26.2,40.69,826.36,1,1030.04
25776,10.0,72.8,22.06,26.8,38.44,815.31,1,1031.04
25801,10.0,74.31,21.88,27.15,36.54,800.22,1,1032.04
25826,10.0,75.54,21.6,27.46,36.24,785.84,1,1033.04
25851,10.0,76.58,21.34,27.47,36.2,772.52,1,1034.04
25876,10.0,77.52,21.13,27.43,36.35,749.83,1,1035.04
25901,10.0,78.43,20.84,26.82,36.18,715.22,1,1036.04
25926,10.0,79.17,20.74,25.65,35.72,669.43,1,1037.04
25951,10.0,79.51,21.04,25.06,35.24,625.11,1,1038.04
25976,10.0,79.4,21.74,24.3,35.03,587.93,1,1039.04
26001,10.0,79.03,22.49,23.69,34.33,563.55,1,1040.04
26026,10.0,78.98,22.59,23.26,34.11,558.82,1,1041.04
26051,10.0,79.08,22.59,22.43,34.15,547.75,1,1042.04
26076,10.0,78.91,22.66,20.09,33.88,511.48,1,1043.04
26101,10.0,78.02,22.71,18.84,34.06,498.52,1,1044.04
26126,10.0,75.87,23.53,20.81,35.02,526.59,1,1045.04
26151,10.0,73.19,25.35,21.37,36.86,566.62,1,1046.04
26176,10.0,70.62,27.82,21.7,39.26,598.12,1,1047.04
26201,10.0,68.3,29.07,24.45,41.1,651.33,1,1048.04
26226,10.0,67.02,27.96,27.25,41.12,724.47,1,1049.04
26251,10.0,67.78,26.23,29.6,40.46,819.24,1,1050.04
26276,10.0,69.92,25.08,32.58,40.45,943.53,1,1051.04
26301,10.0,72.55,24.46,35.5,39.61,1045.62,1,1052.04
26326,10.0,75.72,24.36,37.18,38.37,1052.85,1,1053.04
26351,10.0,79.12,24.73,37.7,35.91,1007.61,1,1054.04
26376,10.0,81.71,25.35,38.41,33.69,925.37,1,1055.04
26401,10.0,83.01,25.99,37.22,32.74,840.24,1,1056.04
26426,10.0,83.65,26.36,36.23,33.49,783.9,1,1057.04
26451,10.0,84.33,26.78,35.02,32.61,711.41,1,1058.04
26476,10.0,85.43,27.57,35.68,31.48,686.57,1,1059.04
26501,10.0,86.46,28.92,37.64,33.02,735.67,1,1060.04
26526,10.0,87.1,30.43,38.62,33.98,761.9,1,1061.04
26551,10.0,87.71,31.35,38.74,33.29,729.65,1,1062.04
26576,10.0,88.44,31.83,37.68,32.07,654.8,1,1063.04
26601,10.0,89.26,32.11,35.4,30.01,570.15,1,1064.04
26626,10.0,90.08,32.51,32.05,27.05,473.56,1,1065.04
26651,10.0,90.95,32.96,28.16,23.54,377.46,1,1066.04
26676,10.0,91.78,33.41,24.08,21.22,294.24,1,1067.04
26701,10.0,92.53,33.75,20.2,20.69,231.16,1,1068.04
26726,10.0,93.17,34.06,16.68,20.13,191.88,1,1069.04
26751,10.0,93.64,34.55,13.47,20.08,158.28,1,1070.04
26776,10.0,94.23,34.84,11.33,20.07,135.69,1,1071.04
26801,10.0,94.74,35.18,10.86,19.76,121.88,1,1072.04
26826,10.0,95.18,35.39,11.38,19.65,121.64,1,1073.04
26851,10.0,95.69,35.37,12.34,19.2,126.99,1,1074.04
26876,10.0,95.91,35.29,13.37,19.88,138.7,1,1075.04
26901,10.0,95.93,35.06,13.73,19.85,140.04,1,1076.04
26926,10.0,95.91,34.74,13.65,20.23,137.96,1,1077.04
26951,10.0,95.55,34.55,13.39,19.52,133.09,1,1078.04
26976,10.0,95.38,34.43,13.29,18.65,131.49,1,1079.04
27001,10.0,95.58,34.48,13.42,17.83,136.77,1,1080.04
27026,10.0,95.7,34.46,13.38,16.66,136.29,1,1081.04
27051,10.0,95.76,34.29,14.49,15.99,139.07,1,1082.04
27076,10.0,96.12,34.02,14.69,16.67,139.42,1,1083.04
27101,10.0,96.13,34.32,13.99,17.14,133.73,1,1084.04
27126,10.0,96.28,35.21,13.42,17.51,138.92,1,1085.04
27151,10.0,96.0,36.18,13.2,18.4,135.65,1,1086.04
27176,10.0,94.33,36.92,11.48,18.1,110.03,1,1087.04
27201,10.0,91.51,36.73,9.71,18.62,90.07,1,1088.04
27226,10.0,89.46,34.74,8.49,22.34,119.56,1,1089.04
27251,10.0,88.44,32.8,8.51,27.41,166.28,1,1090.04
27276,10.0,88.54,31.05,9.91,30.43,181.56,1,1091.04
27301,10.0,89.01,29.97,11.69,31.25,194.22,1,1092.04
27326,10.0,89.84,29.86,15.17,29.29,247.09,1,1093.04
27351,10.0,91.0,30.5,18.4,25.08,265.43,1,1094.04
27376,10.0,91.44,32.0,20.6,24.03,276.77,1,1095.04
27401,10.0,91.05,32.88,22.47,23.1,272.34,1,1096.04
27426,10.0,90.19,33.05,24.13,21.41,259.4,1,1097.04
27451,10.0,88.98,33.07,26.97,20.37,253.77,1,1098.04
27476,10.0,87.64,32.97,30.23,20.14,283.56,1,1099.04
27501,10.0,86.05,32.74,32.56,19.55,308.63,1,1100.04
27526,10.0,84.35,32.45,34.34,21.82,380.02,1,1101.04
27551,10.0,82.5,32.07,35.77,24.84,471.74,1,1102.04
27576,10.0,80.5,31.84,36.53,28.2,567.32,1,1103.04
27601,10.0,78.51,31.58,37.5,31.32,680.58,1,1104.04
27626,10.0,76.51,31.38,38.47,35.07,782.77,1,1105.04
27651,10.0,74.54,31.25,38.9,37.89,868.16,1,1106.04
27676,10.0,72.59,31.09,39.03,40.27,961.37,1,1107.04
27701,10.0,70.75,31.03,39.0,42.58,1047.3,1,1108.04
27726,10.0,69.17,31.15,39.02,44.83,1134.51,1,1109.04
27751,10.0,67.89,31.46,39.66,46.92,1250.07,1,1110.04
27776,10.0,66.83,31.92,40.69,48.96,1391.1,1,1111.04
27801,10.0,65.87,32.32,41.74,51.15,1541.8,1,1112.04
27826,10.0,64.92,32.72,42.63,52.71,1663.28,1,1113.04
27851,10.0,63.92,33.15,42.96,53.22,1717.58,1,1114.04
27876,10.0,62.82,33.32,42.15,52.91,1707.37,1,1115.04
27901,10.0,61.58,33.3,40.79,52.21,1671.06,1,1116.04
27926,10.0,60.22,33.21,38.58,51.39,1593.41,1,1117.04
27951,10.0,58.8,33.14,36.58,51.18,1483.59,1,1118.04
27976,10.0,57.36,32.99,34.35,50.54,1353.32,1,1119.04
28001,10.0,55.97,32.73,32.28,49.85,1228.28,1,1120.04
28026,10.0,54.65,32.31,30.45,49.49,1124.57,1,1121.04
28051,10.0,53.43,31.79,28.87,49.08,1038.81,1,1122.04
28076,10.0,52.34,31.3,27.69,48.49,980.22,1,1123.04
28101,10.0,51.34,31.23,26.82,48.13,945.15,1,1124.04
28126,10.0,50.36,32.18,26.43,48.25,945.22,1,1125.04
28151,10.0,49.33,33.8,26.84,48.59,976.23,1,1126.04
28176,10.0,48.49,35.44,27.54,49.41,1002.74,1,1127.04
28201,10.0,48.05,37.19,27.95,50.73,1033.02,1,1128.04
28226,10.0,47.61,38.5,28.46,50.34,1061.94,1,1129.04
28251,10.0,47.21,39.34,30.54,49.0,1080.0,1,1130.04
28276,10.0,47.22,40.27,32.77,49.49,1096.1,1,1131.04
28301,10.0,47.91,41.69,33.49,49.35,1143.05,1,1132.04
28326,10.0,48.7,42.93,32.91,48.78,1152.81,1,1133.04
28351,10.0,49.25,43.88,31.89,49.03,1126.33,1,1134.04
28376,10.0,49.22,44.46,31.59,49.25,1087.48,1,1135.04
28401,10.0,48.26,44.2,32.07,48.76,1041.84,1,1136.04
28426,10.0,46.9,43.33,32.29,47.18,956.33,1,1137.04
28451,10.0,46.24,41.85,31.2,44.84,840.62,1,1138.04
28476,10.0,46.59,39.65,29.41,42.5,767.88,1,1139.04
28501,10.0,47.87,37.19,27.26,40.37,728.91,1,1140.04
28526,10.0,49.89,35.81,25.37,38.39,702.3,1,1141.04
28551,10.0,51.63,35.77,24.28,36.63,686.94,1,1142.04
28576,10.0,52.8,35.99,23.24,36.27,685.94,1,1143.04
28601,10.0,53.86,35.97,22.91,35.41,669.75,1,1144.04
28626,10.0,54.88,35.85,22.29,34.39,645.74,1,1145.04
28651,10.0,55.82,35.78,21.77,35.27,630.1,1,1146.04
28676,10.0,56.75,36.2,21.54,36.01,620.91,1,1147.04
28701,10.0,57.82,37.24,21.53,36.88,618.85,1,1148.04
28726,10.0,59.08,38.75,21.83,39.52,618.11,1,1149.04
28751,10.0,60.41,40.37,22.52,41.9,622.02,1,1150.04
28776,10.0,61.46,41.35,22.79,41.48,622.51,1,1151.04
28801,10.0,62.07,41.56,21.79,38.94,570.97,1,1152.04
28826,10.0,62.46,41.54,20.03,36.7,533.73,1,1153.04
28851,10.0,62.82,41.33,18.99,35.08,522.5,1,1154.04
28876,10.0,62.84,40.68,20.18,34.27,531.21,1,1155.04
28901,10.0,62.73,39.28,21.04,33.37,542.87,1,1156.04
28926,10.0,62.84,38.08,21.03,33.36,556.55,1,1157.04
28951,10.0,63.22,38.01,20.67,33.72,570.43,1,1158.04
28976,10.0,63.49,37.57,21.48,33.37,587.49,1,1159.04
29001,10.0,63.64,35.72,22.72,32.91,584.02,1,1160.04
29026,10.0,64.0,33.25,22.52,33.96,572.16,1,1161.04
29051,10.0,64.61,30.63,22.68,35.07,592.57,1,1162.04
29076,10.0,65.08,28.8,25.55,35.69,645.88,1,1163.04
29101,10.0,64.87,29.09,26.82,37.38,697.58,1,1164.04
29126,10.0,64.27,31.07,25.41,39.96,708.28,1,1165.04
29151,10.0,63.71,33.57,23.18,41.96,714.91,1,1166.04
29176,10.0,63.39,35.97,22.33,43.68,737.2,1,1167.04
29201,10.0,63.53,38.06,21.51,44.44,753.14,1,1168.04
29226,10.0,63.85,39.84,22.29,44.74,762.32,1,1169.04
29251,10.0,63.27,40.73,22.73,44.81,756.54,1,1170.04
29276,10.0,61.84,40.04,23.27,44.28,748.52,1,1171.04
29301,10.0,60.48,38.33,26.39,43.76,769.39,1,1172.04
29326,10.0,59.44,36.08,28.25,43.28,819.1,1,1173.04
29351,10.0,58.82,33.39,28.28,42.46,879.43,1,1174.04
29376,10.0,58.93,30.46,27.8,41.12,910.6,1,1175.04
29401,10.0,59.53,27.82,27.56,39.36,894.03,1,1176.04
29426,10.0,60.26,25.5,26.83,38.23,861.1,1,1177.04
29451,10.0,61.25,23.21,25.95,39.45,842.25,1,1178.04
29476,10.0,62.42,21.89,25.14,39.34,800.41,1,1179.04
29501,10.0,63.76,22.19,24.89,37.19,733.38,1,1180.04
29526,10.0,65.49,23.57,25.24,36.31,696.98,1,1181.04
29551,10.0,67.55,25.63,25.57,38.04,697.94,1,1182.04
29576,10.0,70.08,28.01,26.12,41.54,730.9,1,1183.04
29601,10.0,73.17,30.33,28.32,43.94,815.08,1,1184.04
29626,10.0,76.62,32.14,31.05,42.34,849.14,1,1185.04
29651,10.0,80.24,33.41,33.86,38.72,836.83,1,1186.04
29676,10.0,83.56,34.67,36.3,36.74,833.67,1,1187.04
29701,10.0,85.66,35.85,36.36,34.32,779.0,1,1188.04
29726,10.0,86.14,36.5,34.9,31.21,704.52,1,1189.04
29751,10.0,85.35,37.09,32.31,29.28,627.82,1,1190.04
29776,10.0,84.76,37.73,30.66,28.91,598.17,1,1191.04
29801,10.0,84.61,37.81,30.21,28.35,615.54,1,1192.04
29826,10.0,84.7,37.81,31.77,28.25,656.84,1,1193.04
29851,10.0,85.54,37.7,34.1,28.45,702.63,1,1194.04
29876,10.0,87.17,37.03,34.83,27.06,710.79,1,1195.04
29901,10.0,88.22,36.2,36.44,25.71,694.58,1,1196.04
29926,10.0,88.24,35.57,37.05,26.44,697.19,1,1197.04
29951,10.0,87.61,34.98,36.93,28.11,718.08,1,1198.04
29976,10.0,86.6,34.47,36.21,29.82,740.35,1,1199.04
30001,10.0,85.33,34.05,35.7,32.68,762.87,1,1200.04
30026,10.0,83.94,33.64,35.44,35.59,800.1,1,1201.04
30051,10.0,82.52,33.37,35.26,37.94,840.68,1,1202.04
30076,10.0,81.12,33.31,35.16,40.03,891.98,1,1203.04
30101,10.0,79.74,33.31,35.15,41.82,943.75,1,1204.04
30126,10.0,78.31,33.39,35.23,43.3,993.85,1,1205.04
30151,10.0,76.89,33.56,35.44,44.45,1043.53,1,1206.04
30176,10.0,75.53,33.72,35.81,45.6,1107.36,1,1207.04
30201,10.0,74.2,33.77,37.16,46.77,1182.44,1,1208.04
30226,10.0,72.88,33.78,38.12,47.89,1248.19,1,1209.04
30251,10.0,71.65,33.72,38.64,48.97,1301.8,1,1210.04
30276,10.0,70.61,33.5,39.58,49.89,1361.65,1,1211.04
30301,10.0,69.75,33.19,41.12,51.08,1438.07,1,1212.04
30326,10.0,68.97,33.11,42.65,52.24,1521.0,1,1213.04
30351,10.0,68.15,33.45,43.36,53.09,1602.6,1,1214.04
30376,10.0,67.25,34.01,43.24,53.25,1662.46,1,1215.04
30401,10.0,66.29,34.73,42.77,52.94,1695.3,1,1216.04
30426,10.0,65.3,35.64,41.45,52.85,1676.16,1,1217.04
30451,10.0,64.36,36.77,39.19,52.97,1605.63,1,1218.04
30476,10.0,63.61,37.89,37.03,53.69,1548.84,1,1219.04
30501,10.0,63.3,38.5,36.37,54.25,1544.97,1,1220.04
30526,10.0,63.34,38.5,36.61,55.37,1555.86,1,1221.04
30551,10.0,63.39,37.92,36.6,57.5,1558.67,1,1222.04
30576,10.0,63.35,37.16,36.88,59.53,1575.97,1,1223.04
30601,10.0,63.58,36.29,37.87,60.39,1628.99,1,1224.04
30626,10.0,63.99,35.24,38.62,59.53,1653.11,1,1225.04
30651,10.0,64.3,34.17,38.72,56.66,1603.75,1,1226.04
30676,10.0,64.3,33.04,38.48,53.57,1520.66,1,1227.04
30701,10.0,63.98,32.32,38.53,51.11,1444.31,1,1228.04
30726,10.0,63.55,32.08,37.6,49.75,1386.28,1,1229.04
30751,10.0,63.22,32.19,35.42,49.97,1365.04,1,1230.04
30776,10.0,62.96,32.88,32.7,51.38,1349.01,1,1231.04
30801,10.0,62.5,34.08,31.01,52.68,1304.66,1,1232.04
30826,10.0,61.76,35.39,30.29,53.92,1242.5,1,1233.04
30851,10.0,60.76,36.57,30.37,55.59,1186.73,1,1234.04
30876,10.0,59.75,37.64,31.22,57.18,1156.1,1,1235.04
30901,10.0,59.09,38.97,32.65,57.89,1164.29,1,1236.04
30926,10.0,59.13,40.65,34.28,57.11,1185.11,1,1237.04
30951,10.0,59.66,42.24,35.88,55.23,1215.28,1,1238.04
30976,10.0,60.03,43.95,36.56,55.29,1247.18,1,1239.04
31001,10.0,60.68,44.99,35.12,51.26,1166.32,1,1240.04
31026,10.0,62.29,45.85,32.19,48.9,1095.57,1,1241.04
31051,10.0,64.84,46.77,30.18,47.44,1083.56,1,1242.04
31076,10.0,67.92,47.44,30.52,45.7,1114.8,1,1243.04
31101,10.0,71.28,47.65,32.56,43.14,1163.82,1,1244.04
31126,10.0,74.42,47.39,35.04,39.18,1181.79,1,1245.04
31151,10.0,77.09,46.79,36.57,35.28,1152.29,1,1246.04
31176,10.0,79.0,45.96,36.29,32.59,1056.21,1,1247.04
31201,10.0,80.15,44.95,34.44,31.1,922.23,1,1248.04
31226,10.0,80.62,44.08,32.99,30.18,791.05,1,1249.04
31251,10.0,80.28,43.29,30.5,27.58,645.49,1,1250.04
31276,10.0,80.2,41.86,26.84,23.6,491.35,1,1251.04
31301,10.0,80.79,39.78,24.62,25.49,403.64,1,1252.04
31326,10.0,81.29,37.53,25.37,29.12,458.32,1,1253.04
31351,10.0,80.38,35.56,29.22,31.13,545.63,1,1254.04
31376,10.0,78.34,34.03,32.47,32.3,633.04,1,1255.04
31401,10.0,76.74,32.67,32.34,32.38,657.52,1,1256.04
31426,10.0,75.31,31.6,29.21,30.13,607.88,1,1257.04
31451,10.0,73.46,31.27,25.97,28.21,584.4,1,1258.04
31476,10.0,71.99,31.98,23.76,29.68,559.43,1,1259.04
31501,10.0,71.19,32.38,21.73,32.31,507.19,1,1260.04
31526,10.0,71.2,31.97,20.46,33.41,460.62,1,1261.04
31551,10.0,72.3,31.16,21.23,33.26,464.37,1,1262.04
31576,10.0,73.45,30.59,22.09,32.2,468.28,1,1263.04
31601,10.0,74.22,30.56,22.22,30.49,450.37,1,1264.04
31626,10.0,74.89,30.73,21.9,28.73,417.12,1,1265.04
31651,10.0,75.41,31.06,21.5,27.12,378.5,1,1266.04
31676,10.0,75.74,31.36,21.12,25.96,340.73,1,1267.04
31701,10.0,75.98,31.62,20.74,25.26,312.37,1,1268.04
31726,10.0,76.25,32.02,20.48,24.37,289.87,1,1269.04
31751,10.0,76.54,32.52,20.24,23.24,268.54,1,1270.04
31776,10.0,76.92,32.78,19.9,22.0,249.22,1,1271.04
31801,10.0,77.3,33.04,19.36,20.68,231.43,1,1272.04
31826,10.0,77.58,33.33,18.87,19.79,217.25,1,1273.04
31851,10.0,77.86,33.6,18.58,19.7,210.93,1,1274.04
31876,10.0,78.1,34.0,18.36,19.69,206.53,1,1275.04
31901,10.0,78.31,34.35,17.95,19.27,197.91,1,1276.04
31926,10.0,78.51,34.43,17.44,18.38,184.34,1,1277.04
31951,10.0,78.63,34.44,16.77,17.75,172.52,1,1278.04
31976,10.0,78.85,34.26,15.85,17.7,169.12,1,1279.04
32001,10.0,79.06,34.17,14.73,17.87,167.86,1,1280.04
32026,10.0,79.31,34.24,13.6,17.82,163.57,1,1281.04
32051,10.0,79.7,34.14,12.8,17.54,157.4,1,1282.04
32076,10.0,80.14,34.13,12.55,17.28,143.55,1,1283.04
32101,10.0,80.62,34.23,12.29,17.53,130.24,1,1284.04
32126,10.0,81.15,34.32,11.94,17.67,124.7,1,1285.04
32151,10.0,81.69,34.44,11.58,17.69,124.7,1,1286.04
32176,10.0,82.17,34.65,11.09,17.88,126.53,1,1287.04
32201,10.0,82.67,34.7,11.04,18.34,134.64,1,1288.04
32226,10.0,83.08,34.84,11.94,18.26,148.85,1,1289.04
32251,10.0,83.57,34.28,11.86,17.73,146.18,1,1290.04
32276,10.0,84.07,33.98,12.23,17.25,147.11,1,1291.04
32301,10.0,84.54,33.65,12.97,16.55,149.51,1,1292.04
32326,10.0,84.89,33.31,13.19,15.64,150.06,1,1293.04
32351,10.0,85.15,33.09,12.78,15.92,147.46,1,1294.04
32376,10.0,85.3,33.14,12.96,17.24,150.33,1,1295.04
32401,10.0,85.51,33.05,12.9,18.06,154.89,1,1296.04
32426,10.0,85.88,32.77,12.42,18.02,148.89,1,1297.04
32451,10.0,86.09,32.78,11.65,19.76,135.35,1,1298.04
32476,10.0,86.38,33.09,11.01,19.64,121.66,1,1299.04
32501,10.0,86.61,33.27,11.0,20.49,117.51,1,1300.04
32526,10.0,86.85,33.25,11.05,22.38,126.0,1,1301.04
32551,10.0,87.03,33.35,11.12,23.71,134.04,1,1302.04
32576,10.0,87.12,33.46,11.19,24.25,132.84,1,1303.04
32601,10.0,87.18,33.54,11.33,24.21,133.61,1,1304.04
32626,10.0,87.3,33.44,11.52,24.71,140.2,1,1305.04
32651,10.0,87.35,33.43,11.53,25.88,147.25,1,1306.04
32676,10.0,87.39,33.56,11.53,27.27,154.26,1,1307.04
32701,10.0,87.53,33.9,11.66,27.86,162.52,1,1308.04
32726,10.0,87.73,34.05,11.83,27.88,164.59,1,1309.04
32751,10.0,87.86,34.11,12.14,28.13,167.61,1,1310.04
32776,10.0,87.94,34.16,12.36,29.05,178.29,1,1311.04
32801,10.0,88.03,34.36,12.59,30.3,192.5,1,1312.04
32826,10.0,88.23,34.47,13.14,30.79,204.94,1,1313.04
32851,10.0,88.91,34.12,15.08,30.18,231.77,1,1314.04
32876,10.0,90.23,33.83,16.35,27.57,239.12,1,1315.04
32901,10.0,90.97,33.22,15.86,24.11,243.77,1,1316.04
32926,10.0,89.24,32.89,14.96,22.45,235.36,1,1317.04
32951,10.0,86.05,33.48,14.25,24.25,222.78,1,1318.04
32976,10.0,82.99,34.5,14.7,27.02,253.77,1,1319.04
33001,10.0,79.59,35.72,16.49,30.21,313.27,1,1320.04
33026,10.0,76.2,36.86,18.63,32.91,367.62,1,1321.04
33051,10.0,73.01,37.77,20.26,34.55,451.68,1,1322.04
33076,10.0,70.01,38.06,20.61,34.13,488.63,1,1323.04
33101,10.0,67.4,37.88,19.11,33.12,468.23,1,1324.04
33126,10.0,65.65,37.79,17.53,33.1,448.94,1,1325.04
33151,10.0,64.88,38.2,17.58,33.9,459.27,1,1326.04
33176,10.0,64.5,38.92,18.1,34.64,486.08,1,1327.04
33201,10.0,64.33,39.6,19.22,34.61,507.52,1,1328.04
33226,10.0,64.3,40.14,20.52,34.06,526.9,1,1329.04
33251,10.0,63.82,40.57,21.45,34.44,563.17,1,1330.04
33276,10.0,62.53,40.15,21.86,36.1,616.17,1,1331.04
33301,10.0,60.52,38.69,24.82,36.9,670.53,1,1332.04
33326,10.0,57.91,38.16,27.09,37.99,746.91,1,1333.04
33351,10.0,55.3,39.72,27.25,39.27,810.12,1,1334.04
33376,10.0,54.03,42.59,27.6,39.69,853.97,1,1335.04
33401,10.0,54.83,45.06,28.78,40.42,899.23,1,1336.04
33426,10.0,57.22,46.56,29.37,40.38,949.67,1,1337.04
33451,10.0,60.14,47.12,31.95,38.83,984.08,1,1338.04
33476,10.0,62.94,47.25,32.85,37.5,993.59,1,1339.04
33501,10.0,64.96,47.05,32.0,37.32,974.63,1,1340.04
33526,10.0,65.69,46.3,31.19,37.92,964.08,1,1341.04
33551,10.0,65.42,45.02,30.67,38.22,954.92,1,1342.04
33576,10.0,64.92,43.44,29.5,38.21,923.09,1,1343.04
33601,10.0,64.6,41.44,29.34,39.87,931.8,1,1344.04
33626,10.0,64.04,39.21,29.1,42.99,988.35,1,1345.04
33651,10.0,62.93,36.93,29.52,46.68,1091.99,1,1346.04
33676,10.0,61.18,34.64,32.52,50.95,1227.68,1,1347.04
33701,10.0,58.87,32.55,35.61,54.41,1344.16,1,1348.04
33726,10.0,56.64,30.94,36.53,56.52,1408.06,1,1349.04
33751,10.0,54.8,30.01,35.33,57.14,1408.39,1,1350.04
33776,10.0,52.98,29.54,34.71,55.71,1405.58,1,1351.04
33801,10.0,50.86,29.04,35.8,53.81,1444.13,1,1352.04
33826,10.0,48.24,28.66,39.08,53.73,1481.68,1,1353.04
33851,10.0,44.9,28.51,42.92,51.32,1486.73,1,1354.04
33876,10.0,41.11,28.5,48.3,46.83,1456.3,1,1355.04
33901,10.0,37.19,28.67,55.2,43.78,1474.86,1,1356.04
33926,10.0,34.16,28.71,60.11,41.19,1498.08,1,1357.04
33951,10.0,32.85,28.8,61.5,38.87,1453.43,1,1358.04
33976,10.0,32.67,29.12,60.17,37.0,1379.47,1,1359.04
34001,10.0,32.97,29.6,58.45,35.38,1305.15,1,1360.04
34026,10.0,33.47,29.96,57.3,33.97,1244.04,1,1361.04
34051,10.0,34.07,30.31,56.12,33.14,1195.65,1,1362.04
34076,10.0,34.83,30.75,53.81,32.94,1159.81,1,1363.04
34101,10.0,35.71,31.24,50.29,33.07,1121.86,1,1364.04
34126,10.0,36.47,31.65,47.59,33.2,1088.48,1,1365.04
34151,10.0,37.19,31.92,45.29,33.26,1053.45,1,1366.04
34176,10.0,37.87,32.2,43.33,33.19,1021.83,1,1367.04
34201,10.0,38.52,32.46,41.77,33.09,996.07,1,1368.04
34226,10.0,39.26,32.76,40.26,32.89,969.18,1,1369.04
34251,10.0,40.04,33.05,39.05,33.02,952.95,1,1370.04
34276,10.0,40.8,33.36,38.13,33.41,946.44,1,1371.04
34301,10.0,41.6,33.87,36.84,34.15,937.8,1,1372.04
34326,10.0,42.42,34.4,35.9,35.08,928.33,1,1373.04
34351,10.0,43.09,34.99,35.61,36.08,931.01,1,1374.04
34376,10.0,43.85,35.67,34.37,37.14,915.65,1,1375.04
34401,10.0,44.67,36.33,33.19,37.91,886.16,1,1376.04
34426,10.0,45.58,36.97,31.92,37.92,843.62,1,1377.04
34451,10.0,46.59,37.61,30.41,37.06,788.28,1,1378.04
34476,10.0,47.71,38.35,28.54,36.25,729.95,1,1379.04
34501,10.0,48.86,39.27,27.22,35.6,681.23,1,1380.04
34526,10.0,49.97,40.28,26.2,34.91,639.93,1,1381.04
34551,10.0,50.95,41.22,25.44,34.32,604.5,1,1382.04
34576,10.0,51.68,41.94,25.04,33.61,582.96,1,1383.04
34601,10.0,52.11,42.58,25.08,32.95,596.13,1,1384.04
34626,10.0,52.21,43.06,25.72,32.46,627.96,1,1385.04
34651,10.0,51.73,43.41,26.74,32.26,675.66,1,1386.04
34676,10.0,50.38,43.84,29.87,32.61,762.93,1,1387.04
34701,10.0,48.27,44.43,34.05,33.45,853.39,1,1388.04
34726,10.0,46.21,45.17,36.68,35.05,960.71,1,1389.04
34751,10.0,45.41,46.29,36.38,36.48,1034.54,1,1390.04
34776,10.0,46.59,47.19,36.57,36.57,1071.75,1,1391.04
34801,10.0,49.41,47.34,38.6,36.3,1140.57,1,1392.04
34826,10.0,52.89,47.11,43.26,36.38,1255.91,1,1393.04
34851,10.0,56.09,46.82,47.87,37.35,1402.05,1,1394.04
34876,10.0,58.51,46.27,51.18,38.67,1573.12,1,1395.04
34901,10.0,60.2,45.22,52.87,41.34,1725.91,1,1396.04
34926,10.0,61.08,43.8,52.77,44.6,1823.91,1,1397.04
34951,10.0,61.06,42.19,51.34,46.68,1851.31,1,1398.04
34976,10.0,59.87,40.43,49.0,46.62,1790.37,1,1399.04
35001,10.0,57.71,38.25,46.38,48.85,1726.1,1,1400.04
35026,10.0,54.82,35.86,44.35,52.74,1697.56,1,1401.04
35051,10.0,51.52,33.83,43.1,54.64,1679.39,1,1402.04
35076,10.0,49.07,32.38,42.15,51.8,1627.91,1,1403.04
35101,10.0,48.36,31.52,39.88,48.47,1551.85,1,1404.04
35126,10.0,49.2,31.05,38.92,47.25,1473.46,1,1405.04
35151,10.0,50.39,30.9,34.9,47.51,1345.42,1,1406.04
35176,10.0,51.49,31.19,32.79,48.71,1274.7,1,1407.04
35201,10.0,52.54,31.62,33.96,50.71,1288.63,1,1408.04
35226,10.0,53.36,31.64,36.17,53.53,1354.2,1,1409.04
35251,10.0,54.15,31.86,37.76,56.15,1416.1,1,1410.04
35276,10.0,54.98,32.93,37.68,58.35,1450.46,1,1411.04
35301,10.0,55.55,33.82,36.75,59.82,1454.6,1,1412.04
35326,10.0,55.67,33.63,35.75,60.37,1439.85,1,1413.04
35351,10.0,54.75,32.57,35.16,59.42,1415.7,1,1414.04
35376,10.0,52.78,31.21,35.27,57.22,1394.81,1,1415.04
35401,10.0,50.12,30.04,35.24,54.6,1382.83,1,1416.04
35426,10.0,47.44,29.18,34.52,51.87,1341.93,1,1417.04
35451,10.0,45.78,28.55,33.72,51.03,1305.84,1,1418.04
35476,10.0,45.14,28.71,34.02,52.54,1303.9,1,1419.04
35501,10.0,44.85,29.7,34.75,53.72,1299.45,1,1420.04
35526,10.0,44.23,30.76,34.98,53.55,1304.22,1,1421.04
35551,10.0,43.07,31.13,34.27,51.8,1291.41,1,1422.04
35576,10.0,41.78,31.11,33.28,51.32,1288.13,1,1423.04
35601,10.0,40.82,31.07,33.09,51.61,1309.05,1,1424.04
35626,10.0,39.92,30.61,33.15,51.6,1314.57,1,1425.04
35651,10.0,38.54,29.7,33.65,53.78,1321.37,1,1426.04
35676,10.0,36.97,28.91,34.48,53.2,1380.34,1,1427.04
35701,10.0,35.85,28.85,34.49,49.8,1346.37,1,1428.04
35726,10.0,34.94,29.46,33.68,46.86,1227.9,1,1429.04
35751,10.0,34.24,30.29,32.61,45.81,1116.46,1,1430.04
35776,10.0,33.54,31.65,31.8,44.9,1055.82,1,1431.04
35801,10.0,32.28,33.52,31.9,45.2,1066.97,1,1432.04
35826,10.0,30.56,35.54,34.93,45.51,1099.51,1,1433.04
35851,10.0,28.88,37.43,37.35,44.45,1106.59,1,1434.04
35876,10.0,27.89,39.11,35.84,44.29,1050.26,1,1435.04
35901,10.0,27.48,40.56,33.42,43.02,991.81,1,1436.04
35926,10.0,27.65,41.4,31.9,40.44,927.03,1,1437.04
35951,10.0,27.42,41.48,30.76,38.85,875.37,1,1438.04
35976,10.0,26.28,40.98,30.41,38.45,859.67,1,1439.04
36001,10.0,24.43,40.19,33.18,38.32,920.02,1,1440.04
36026,10.0,22.78,39.05,37.07,39.37,1018.33,1,1441.04
36051,10.0,21.94,37.39,39.43,41.76,1111.97,1,1442.04
36076,10.0,21.74,35.49,40.13,47.08,1166.38,1,1443.04
36101,10.0,21.96,33.6,39.99,52.0,1185.9,1,1444.04
36126,10.0,22.33,31.74,39.71,56.13,1202.38,1,1445.04
36151,10.0,22.65,29.92,39.69,59.04,1222.01,1,1446.04
36176,10.0,22.92,28.45,39.68,59.75,1217.14,1,1447.04
36201,10.0,23.09,27.31,39.58,58.73,1184.61,1,1448.04
36226,10.0,23.16,26.35,39.09,57.07,1125.92,1,1449.04
36251,10.0,23.56,25.91,37.15,53.31,1052.11,1,1450.04
36276,10.0,24.55,25.91,35.26,50.06,984.19,1,1451.04
36301,10.0,25.96,26.02,34.09,49.49,952.99,1,1452.04
36326,10.0,27.48,26.17,32.6,50.51,931.63,1,1453.04
36351,10.0,28.51,26.31,31.75,51.57,901.78,1,1454.04
36376,10.0,28.43,26.61,32.75,51.12,946.38,1,1455.04
36401,10.0,27.34,26.85,33.54,50.33,1012.26,1,1456.04
36426,10.0,26.33,27.03,35.24,47.53,1025.54,1,1457.04
36451,10.0,26.21,26.7,34.44,43.51,943.86,1,1458.04
36476,10.0,26.93,25.45,33.15,41.69,874.35,1,1459.04
36501,10.0,28.38,23.78,33.17,41.81,856.92,1,1460.04
36526,10.0,30.21,22.33,33.36,41.29,896.54,1,1461.04
36551,10.0,31.95,21.4,32.93,41.07,883.54,1,1462.04
36576,10.0,33.23,21.0,32.04,41.9,865.0,1,1463.04
36601,10.0,34.37,21.01,31.38,42.16,864.17,1,1464.04
36626,10.0,35.8,21.2,31.04,41.65,865.57,1,1465.04
36651,10.0,37.42,21.52,30.66,40.11,850.35,1,1466.04
36676,10.0,38.89,21.81,30.22,39.6,839.87,1,1467.04
36701,10.0,40.11,21.98,29.75,40.35,840.84,1,1468.04
36726,10.0,41.3,22.14,29.16,40.63,835.04,1,1469.04
36751,10.0,42.23,22.2,28.93,39.91,822.98,1,1470.04
36776,10.0,42.84,22.16,29.69,39.72,825.16,1,1471.04
36801,10.0,43.26,22.3,30.88,39.62,826.39,1,1472.04
36826,10.0,43.63,22.44,31.93,39.24,825.99,1,1473.04
36851,10.0,44.11,22.4,32.15,38.77,825.94,1,1474.04
36876,10.0,44.71,22.38,32.24,38.3,832.81,1,1475.04
36901,10.0,45.28,22.67,32.45,38.16,843.76,1,1476.04
36926,10.0,45.93,22.93,32.62,38.74,854.03,1,1477.04
36951,10.0,46.76,23.11,32.53,39.9,864.01,1,1478.04
36976,10.0,47.69,23.27,32.47,40.25,856.84,1,1479.04
37001,10.0,48.61,23.37,32.39,39.57,834.28,1,1480.04
37026,10.0,49.41,23.07,32.41,39.4,824.46,1,1481.04
37051,10.0,50.22,22.58,33.01,38.63,833.01,1,1482.04
37076,10.0,50.91,22.43,34.79,37.63,854.0,1,1483.04
37101,10.0,50.98,22.59,36.46,37.67,871.76,1,1484.04
37126,10.0,50.54,23.02,36.54,38.54,874.73,1,1485.04
37151,10.0,50.56,22.84,35.85,38.91,859.92,1,1486.04
37176,10.0,50.92,22.88,35.57,38.81,847.0,1,1487.04
37201,10.0,51.69,22.93,35.59,38.1,829.59,1,1488.04
37226,10.0,53.03,22.44,35.94,37.57,829.99,1,1489.04
37251,10.0,55.04,21.64,37.31,37.0,848.78,1,1490.04
37276,10.0,57.58,20.83,38.52,35.18,850.63,1,1491.04
37301,10.0,60.44,20.02,38.95,33.11,843.8,1,1492.04
37326,10.0,63.46,19.79,39.2,32.62,844.28,1,1493.04
37351,10.0,66.45,20.82,40.25,33.43,895.25,1,1494.04
37376,10.0,68.97,22.71,40.95,35.62,977.78,1,1495.04
37401,10.0,70.51,25.02,40.66,38.77,1053.84,1,1496.04
37426,10.0,70.91,27.5,39.12,42.04,1123.03,1,1497.04
37451,10.0,70.39,30.1,37.66,44.36,1178.11,1,1498.04
37476,10.0,69.2,32.78,36.28,45.66,1215.77,1,1499.04
37501,10.0,67.22,35.35,34.55,47.34,1239.21,1,1500.04
37526,10.0,64.27,37.89,34.92,49.75,1270.04,1,1501.04
37551,10.0,60.68,40.13,36.48,51.17,1303.17,1,1502.04
37576,10.0,56.65,41.68,39.11,51.66,1347.4,1,1503.04
37601,10.0,52.54,42.95,42.56,54.66,1421.4,1,1504.04
37626,10.0,49.06,44.07,44.71,54.63,1420.26,1,1505.04
37651,10.0,46.41,44.77,45.15,51.41,1366.76,1,1506.04
37676,10.0,44.56,45.09,44.73,45.86,1291.32,1,1507.04
37701,10.0,43.54,45.52,43.92,43.62,1213.18,1,1508.04
37726,10.0,42.99,46.2,42.71,41.9,1131.11,1,1509.04
37751,10.0,42.63,46.89,41.17,40.22,1045.5,1,1510.04
37776,10.0,42.45,47.52,39.35,38.66,962.84,1,1511.04
37801,10.0,42.37,48.15,37.43,37.33,894.02,1,1512.04
37826,10.0,42.32,48.78,35.84,36.04,836.82,1,1513.04
37851,10.0,42.24,49.15,34.6,34.96,808.57,1,1514.04
37876,10.0,42.14,49.2,33.78,34.65,815.15,1,1515.04
37901,10.0,42.06,49.39,33.23,34.35,813.83,1,1516.04
37926,10.0,41.88,49.69,32.56,34.09,810.73,1,1517.04
37951,10.0,41.78,50.04,32.56,33.78,813.33,1,1518.04
37976,10.0,41.67,50.37,32.29,33.08,801.72,1,1519.04
38001,10.0,41.56,50.64,32.16,32.44,789.7,1,1520.04
38026,10.0,41.51,50.92,31.99,31.64,776.46,1,1521.04
38051,10.0,41.47,51.09,32.16,30.88,760.1,1,1522.04
38076,10.0,41.41,51.25,32.49,30.27,732.71,1,1523.04
38101,10.0,41.21,51.49,32.71,29.71,697.43,1,1524.04
38126,10.0,40.79,51.81,32.79,29.41,684.25,1,1525.04
38151,10.0,40.38,52.16,32.48,28.71,662.93,1,1526.04
38176,10.0,40.03,52.49,31.75,27.8,624.69,1,1527.04
38201,10.0,39.77,52.92,30.79,26.99,580.46,1,1528.04
38226,10.0,39.56,53.41,29.55,26.52,530.39,1,1529.04
38251,10.0,39.59,53.96,28.01,26.33,480.61,1,1530.04
38276,10.0,39.87,54.6,26.83,26.28,446.51,1,1531.04
38301,10.0,40.42,55.23,25.91,26.36,429.59,1,1532.04
38326,10.0,41.34,55.69,24.32,27.04,420.35,1,1533.04
38351,10.0,42.66,55.49,22.25,28.27,403.39,1,1534.04
38376,10.0,44.34,54.58,21.43,29.62,395.37,1,1535.04
38401,10.0,45.85,53.74,21.2,30.77,425.35,1,1536.04
38426,10.0,46.74,53.33,21.31,33.79,472.22,1,1537.04
38451,10.0,47.53,52.71,22.54,37.99,553.72,1,1538.04
38476,10.0,48.38,51.44,24.56,41.88,681.07,1,1539.04
38501,10.0,48.79,49.38,25.8,45.02,822.41,1,1540.04
38526,10.0,48.69,46.59,27.39,47.76,951.95,1,1541.04
38551,10.0,48.24,43.38,29.07,50.57,1062.23,1,1542.04
38576,10.0,47.59,39.98,30.17,53.21,1151.28,1,1543.04
38601,10.0,46.93,36.54,31.24,55.33,1212.01,1,1544.04
38626,10.0,46.26,33.54,32.49,55.51,1244.76,1,1545.04
38651,10.0,45.04,31.26,34.06,53.6,1295.79,1,1546.04
38676,10.0,43.38,29.13,35.17,51.8,1354.85,1,1547.04
38701,10.0,41.97,27.09,35.58,49.81,1354.4,1,1548.04
38726,10.0,41.15,25.27,36.6,47.24,1294.29,1,1549.04
38751,10.0,40.73,23.67,37.28,45.06,1207.92,1,1550.04
38776,10.0,40.59,22.45,37.56,42.8,1121.65,1,1551.04
38801,10.0,40.54,21.36,37.69,40.69,1055.98,1,1552.04
38826,10.0,40.61,20.42,37.46,38.8,995.74,1,1553.04
38851,10.0,40.78,19.66,36.86,36.33,935.17,1,1554.04
38876,10.0,40.91,18.98,36.75,35.69,865.56,1,1555.04
38901,10.0,41.05,18.42,37.17,34.31,789.42,1,1556.04
38926,10.0,41.28,18.23,37.25,31.99,715.97,1,1557.04
38951,10.0,41.6,17.74,36.68,30.54,685.04,1,1558.04
38976,10.0,41.95,17.31,35.8,29.97,661.66,1,1559.04
39001,10.0,42.2,16.89,35.06,30.68,638.75,1,1560.04
39026,10.0,42.4,16.36,34.42,30.56,622.5,1,1561.04
39051,10.0,42.54,15.86,33.71,29.78,608.39,1,1562.04
39076,10.0,42.28,15.42,33.05,30.27,614.2,1,1563.04
39101,10.0,41.79,15.11,32.58,30.78,624.41,1,1564.04
39126,10.0,41.23,15.13,32.53,31.24,628.98,1,1565.04
39151,10.0,40.6,15.13,32.86,31.6,618.61,1,1566.04
39176,10.0,39.91,15.12,33.59,31.61,616.67,1,1567.04
39201,10.0,38.93,15.83,35.58,31.93,671.24,1,1568.04
39226,10.0,37.66,17.04,39.13,31.92,766.27,1,1569.04
39251,10.0,37.16,17.55,41.63,32.27,859.23,1,1570.04
39276,10.0,37.68,17.22,41.25,34.24,927.17,1,1571.04
39301,10.0,38.62,16.87,39.66,35.64,963.25,1,1572.04
39326,10.0,39.75,16.8,37.83,36.18,976.16,1,1573.04
39351,10.0,41.25,16.93,36.99,38.69,1006.48,1,1574.04
39376,10.0,42.75,17.36,36.18,41.09,1026.4,1,1575.04
39401,10.0,43.56,17.83,34.68,41.75,997.96,1,1576.04
39426,10.0,43.86,18.43,32.83,41.68,960.9,1,1577.04
39451,10.0,43.77,19.26,31.41,43.66,936.41,1,1578.04
39476,10.0,43.52,20.05,30.52,45.7,933.91,1,1579.04
39501,10.0,43.2,20.83,29.77,47.11,951.63,1,1580.04
39526,10.0,42.83,21.59,29.24,48.23,972.04,1,1581.04
39551,10.0,42.47,22.27,28.99,49.5,998.27,1,1582.04
39576,10.0,42.2,22.93,29.2,50.62,1047.82,1,1583.04
39601,10.0,42.0,23.73,30.19,51.48,1109.71,1,1584.04
39626,10.0,41.79,24.69,30.88,52.41,1179.51,1,1585.04
39651,10.0,41.63,25.56,30.8,53.25,1231.86,1,1586.04
39676,10.0,41.68,26.17,30.28,53.74,1234.44,1,1587.04
39701,10.0,42.0,26.83,29.06,54.06,1203.6,1,1588.04
39726,10.0,42.53,27.7,28.07,56.04,1184.3,1,1589.04
39751,10.0,43.32,28.67,28.08,57.58,1180.31,1,1590.04
39776,10.0,44.24,29.56,28.61,58.77,1177.26,1,1591.04
39801,10.0,45.05,30.21,28.69,59.85,1159.73,1,1592.04
39826,10.0,45.39,30.19,29.36,60.25,1186.97,1,1593.04
39851,10.0,44.71,29.65,30.22,59.06,1216.23,1,1594.04
39876,10.0,43.0,29.18,30.73,56.91,1207.8,1,1595.04
39901,10.0,41.33,28.85,31.0,55.34,1186.53,1,1596.04
39926,10.0,40.14,28.5,31.32,54.0,1179.93,1,1597.04
39951,10.0,39.08,27.81,31.75,52.46,1177.3,1,1598.04
39976,10.0,37.97,26.68,32.52,51.99,1215.6,1,1599.04
40001,10.0,37.03,25.43,33.7,52.44,1246.09,1,1600.04
40026,10.0,36.31,24.26,35.04,51.92,1231.85,1,1601.04
40051,10.0,35.84,23.14,36.02,50.42,1194.91,1,1602.04
40076,10.0,35.71,22.21,36.35,50.77,1207.04,1,1603.04
40101,10.0,36.05,21.83,35.91,51.42,1248.73,1,1604.04
40126,10.0,36.81,22.22,34.8,50.76,1248.24,1,1605.04
40151,10.0,37.72,23.26,33.93,51.78,1239.73,1,1606.04
40176,10.0,38.09,24.65,32.78,52.38,1214.47,1,1607.04
40201,10.0,37.73,25.43,31.43,51.75,1173.68,1,1608.04
40226,10.0,36.45,25.57,30.64,50.5,1137.8,1,1609.04
40251,10.0,34.89,25.93,31.34,47.57,1060.56,1,1610.04
40276,10.0,34.72,26.87,31.31,43.36,913.99,1,1611.04
40301,10.0,35.88,28.33,30.82,39.75,780.94,1,1612.04
40326,10.0,37.69,29.42,30.41,37.09,706.7,1,1613.04
40351,10.0,40.72,29.55,31.12,33.48,663.73,1,1614.04
40376,10.0,44.86,28.69,32.91,29.77,640.85,1,1615.04
40401,10.0,49.01,27.1,33.82,27.54,621.82,1,1616.04
40426,10.0,51.85,25.03,32.71,27.52,605.64,1,1617.04
40451,10.0,52.7,22.85,31.13,29.06,661.41,1,1618.04
40476,10.0,51.81,21.1,31.15,30.54,730.95,1,1619.04
40501,10.0,49.99,20.28,33.47,32.83,774.98,1,1620.04
40526,10.0,47.66,20.85,36.28,33.45,812.56,1,1621.04
40551,10.0,45.38,22.87,38.84,33.95,892.52,1,1622.04
40576,10.0,43.9,25.65,38.82,35.82,951.29,1,1623.04
40601,10.0,43.46,28.65,36.3,37.58,946.31,1,1624.04
40626,10.0,43.87,31.46,33.3,38.79,906.48,1,1625.04
40651,10.0,44.99,33.93,30.68,39.09,916.89,1,1626.04
40676,10.0,46.41,36.01,28.29,38.77,916.29,1,1627.04
40701,10.0,47.29,37.68,28.61,38.66,918.88,1,1628.04
40726,10.0,47.34,39.57,30.36,39.68,922.58,1,1629.04
40751,10.0,47.29,41.88,30.21,41.32,911.54,1,1630.04
40776,10.0,47.8,43.65,27.29,41.29,826.18,1,1631.04
40801,10.0,48.79,44.79,22.75,40.13,691.05,1,1632.04
40826,10.0,49.97,46.03,20.34,38.48,610.87,1,1633.04
40851,10.0,51.0,47.2,20.69,37.36,597.15,1,1634.04
40876,10.0,51.17,48.37,22.87,38.66,635.74,1,1635.04
40901,10.0,49.99,48.93,25.79,39.78,687.66,1,1636.04
40926,10.0,48.09,48.65,27.52,40.06,750.96,1,1637.04
40951,10.0,46.22,48.44,28.48,40.3,824.24,1,1638.04
40976,10.0,44.68,48.82,28.04,40.75,853.74,1,1639.04
41001,10.0,43.67,49.46,28.34,41.91,857.79,1,1640.04
41026,10.0,43.88,49.84,28.14,42.25,858.6,1,1641.04
41051,10.0,45.58,49.88,27.79,41.23,843.27,1,1642.04
41076,10.0,47.8,49.61,29.28,38.93,808.23,1,1643.04
41101,10.0,49.86,48.75,29.6,36.62,745.39,1,1644.04
41126,10.0,51.82,47.2,29.75,34.38,711.38,1,1645.04
41151,10.0,53.78,44.97,29.96,33.79,677.69,1,1646.04
41176,10.0,55.9,42.3,30.14,34.68,653.76,1,1647.04
41201,10.0,58.25,39.56,30.33,36.63,632.24,1,1648.04
41226,10.0,60.18,36.72,30.6,38.62,629.88,1,1649.04
41251,10.0,61.73,33.98,30.01,39.66,654.63,1,1650.04
41276,10.0,62.73,32.04,29.17,39.18,683.42,1,1651.04
41301,10.0,63.63,31.25,27.31,36.36,652.68,1,1652.04
41326,10.0,64.64,31.59,24.7,33.7,607.43,1,1653.04
41351,10.0,65.78,32.42,22.01,33.7,554.57,1,1654.04
41376,10.0,67.18,33.95,20.67,35.05,543.91,1,1655.04
41401,10.0,69.01,36.14,21.66,36.83,601.19,1,1656.04
41426,10.0,71.15,38.23,23.09,40.01,681.96,1,1657.04
41451,10.0,72.84,39.98,23.82,41.06,717.37,1,1658.04
41476,10.0,73.87,41.21,23.44,39.71,678.21,1,1659.04
41501,10.0,74.66,41.87,22.7,37.2,634.8,1,1660.04
41526,10.0,74.89,42.3,23.31,35.75,645.26,1,1661.04
41551,10.0,74.43,43.09,26.71,36.32,731.54,1,1662.04
41576,10.0,73.85,43.92,28.72,38.12,805.48,1,1663.04
41601,10.0,73.42,44.17,29.21,39.34,845.45,1,1664.04
41626,10.0,72.81,44.13,29.33,40.74,886.27,1,1665.04
41651,10.0,71.93,43.88,29.95,42.59,941.07,1,1666.04
41676,10.0,70.97,43.51,31.17,44.35,1013.93,1,1667.04
41701,10.0,69.89,43.22,32.46,46.03,1081.25,1,1668.04
41726,10.0,68.63,43.02,33.59,47.31,1126.85,1,1669.04
41751,10.0,67.46,42.69,34.54,48.11,1168.39,1,1670.04
41776,10.0,66.58,42.33,35.45,48.86,1222.06,1,1671.04
41801,10.0,65.93,41.95,36.44,50.49,1280.45,1,1672.04
41826,10.0,65.31,41.38,37.48,51.61,1319.62,1,1673.04
41851,10.0,64.82,40.79,38.46,52.41,1348.22,1,1674.04
41876,10.0,64.55,40.2,39.31,52.98,1394.56,1,1675.04
41901,10.0,64.51,39.2,40.15,53.7,1479.37,1,1676.04
41926,10.0,64.65,37.77,40.31,53.98,1560.98,1,1677.04
41951,10.0,65.02,36.23,40.31,53.29,1609.08,1,1678.04
41976,10.0,65.58,34.7,40.57,52.13,1594.47,1,1679.04
42001,10.0,66.14,33.04,39.92,51.51,1565.53,1,1680.04
42026,10.0,66.71,31.51,38.26,51.64,1530.96,1,1681.04
42051,10.0,67.24,30.47,36.92,50.98,1518.11,1,1682.04
42076,10.0,67.74,30.27,36.49,49.89,1494.59,1,1683.04
42101,10.0,67.9,30.65,35.58,49.62,1492.49,1,1684.04
42126,10.0,67.82,30.51,35.36,50.28,1509.27,1,1685.04
42151,10.0,67.4,29.66,36.24,50.47,1494.15,1,1686.04
42176,10.0,66.2,28.15,37.43,51.83,1509.24,1,1687.04
42201,10.0,64.43,26.36,38.13,53.3,1542.88,1,1688.04
42226,10.0,63.03,25.06,37.34,54.37,1537.12,1,1689.04
42251,10.0,62.53,24.61,35.55,54.63,1526.73,1,1690.04
42276,10.0,62.81,24.86,35.3,54.38,1514.29,1,1691.04
42301,10.0,63.18,25.42,35.12,54.14,1475.18,1,1692.04
42326,10.0,63.17,25.86,34.36,53.7,1412.06,1,1693.04
42351,10.0,62.89,26.26,33.24,53.39,1319.64,1,1694.04
42376,10.0,62.43,26.81,32.14,52.97,1210.58,1,1695.04
42401,10.0,61.89,27.33,31.09,52.69,1135.85,1,1696.04
42426,10.0,61.39,27.65,30.18,52.65,1113.82,1,1697.04
42451,10.0,60.89,27.8,29.74,52.82,1116.29,1,1698.04
42476,10.0,60.44,27.87,30.3,53.01,1136.83,1,1699.04
42501,10.0,60.02,27.95,31.63,52.99,1175.66,1,1700.04
42526,10.0,59.37,28.23,33.14,52.55,1232.36,1,1701.04
42551,10.0,58.36,28.86,34.12,51.0,1269.64,1,1702.04
42576,10.0,57.19,29.75,34.06,50.87,1295.33,1,1703.04
42601,10.0,56.16,31.18,33.37,51.98,1320.17,1,1704.04
42626,10.0,55.24,33.3,32.62,53.27,1305.31,1,1705.04
42651,10.0,54.39,35.51,32.08,53.75,1276.5,1,1706.04
42676,10.0,53.81,37.1,31.3,53.7,1231.43,1,1707.04
42701,10.0,53.77,38.03,30.41,53.27,1176.43,1,1708.04
42726,10.0,54.6,38.88,30.4,52.23,1143.62,1,1709.04
42751,10.0,55.91,40.16,33.74,51.62,1206.88,1,1710.04
42776,10.0,56.94,41.54,36.94,51.09,1283.79,1,1711.04
42801,10.0,57.32,42.57,37.54,50.06,1269.3,1,1712.04
42826,10.0,56.75,43.29,36.32,49.01,1233.48,1,1713.04
42851,10.0,55.27,43.9,34.91,49.57,1208.26,1,1714.04
42876,10.0,53.29,44.42,32.88,50.41,1148.86,1,1715.04
42901,10.0,51.5,45.05,30.36,49.68,1075.84,1,1716.04
42926,10.0,50.28,45.2,28.16,47.72,971.27,1,1717.04
42951,10.0,49.5,45.38,25.22,45.74,876.8,1,1718.04
42976,10.0,48.76,45.63,23.39,45.08,821.73,1,1719.04
43001,10.0,47.92,45.74,22.58,45.76,802.52,1,1720.04
43026,10.0,47.06,45.68,21.96,46.71,799.87,1,1721.04
43051,10.0,46.36,45.44,21.71,47.53,824.16,1,1722.04
43076,10.0,45.82,44.94,21.48,48.73,865.2,1,1723.04
43101,10.0,45.27,44.38,23.02,50.33,899.13,1,1724.04
43126,10.0,44.86,43.75,24.57,52.56,950.45,1,1725.04
43151,10.0,44.64,43.04,26.04,54.96,1024.05,1,1726.04
43176,10.0,44.54,42.32,27.09,57.22,1094.19,1,1727.04
43201,10.0,44.61,41.65,27.52,58.72,1151.98,1,1728.04
43226,10.0,44.58,40.54,27.16,59.49,1236.69,1,1729.04
43251,10.0,44.12,38.94,27.17,59.47,1274.57,1,1730.04
43276,10.0,43.27,37.38,26.88,59.34,1252.01,1,1731.04
43301,10.0,42.26,35.85,26.31,60.2,1257.67,1,1732.04
43326,10.0,41.0,34.44,26.33,60.55,1244.56,1,1733.04
43351,10.0,39.58,33.43,27.69,59.83,1197.61,1,1734.04
43376,10.0,38.13,32.59,29.32,58.32,1201.01,1,1735.04
43401,10.0,36.4,31.6,31.25,56.25,1276.18,1,1736.04
43426,10.0,34.29,30.65,35.68,52.92,1392.86,1,1737.04
43451,10.0,31.55,29.95,42.65,47.09,1466.43,1,1738.04
43476,10.0,28.42,29.49,48.91,43.4,1455.67,1,1739.04
43501,10.0,26.03,29.06,52.49,38.9,1373.92,1,1740.04
43526,10.0,24.95,28.57,53.43,36.17,1256.46,1,1741.04
43551,10.0,24.88,28.25,53.15,34.37,1168.87,1,1742.04
43576,10.0,25.38,28.3,53.36,33.48,1127.39,1,1743.04
43601,10.0,26.08,28.49,54.46,33.61,1116.7,1,1744.04
43626,10.0,27.01,28.83,55.11,33.11,1106.36,1,1745.04
43651,10.0,28.0,29.16,55.61,32.77,1100.75,1,1746.04
43676,10.0,28.94,29.38,56.12,32.46,1098.75,1,1747.04
43701,10.0,29.86,29.59,56.72,33.12,1103.96,1,1748.04
43726,10.0,30.77,29.78,57.31,34.65,1115.13,1,1749.04
43751,10.0,31.65,29.97,57.81,36.06,1120.42,1,1750.04
43776,10.0,32.52,30.15,58.14,37.22,1117.93,1,1751.04
43801,10.0,33.37,30.28,58.46,37.79,1098.57,1,1752.04
43826,10.0,34.18,30.35,59.18,38.36,1079.38,1,1753.04
43851,10.0,34.97,30.41,59.68,38.65,1059.28,1,1754.04
43876,10.0,35.74,30.52,59.56,38.78,1047.61,1,1755.04
43901,10.0,36.5,30.58,58.76,38.45,1033.73,1,1756.04
43926,10.0,37.24,30.53,57.74,38.38,1009.78,1,1757.04
43951,10.0,37.93,30.44,57.07,39.61,1013.44,1,1758.04
43976,10.0,38.57,30.38,56.05,40.42,1026.18,1,1759.04
44001,10.0,39.19,30.39,54.83,40.57,1028.97,1,1760.04
44026,10.0,39.71,30.5,53.61,40.95,1037.4,1,1761.04
44051,10.0,40.12,30.55,52.49,41.62,1049.96,1,1762.04
44076,10.0,40.53,30.66,51.15,42.37,1064.15,1,1763.04
44101,10.0,41.0,30.83,49.73,42.67,1077.15,1,1764.04
44126,10.0,41.46,31.0,48.9,42.81,1092.61,1,1765.04
44151,10.0,41.95,31.36,48.32,42.88,1106.58,1,1766.04
44176,10.0,42.48,31.81,47.5,42.77,1109.41,1,1767.04
44201,10.0,42.99,32.18,46.54,42.57,1104.44,1,1768.04
44226,10.0,43.43,32.51,45.6,42.57,1101.71,1,1769.04
44251,10.0,43.78,32.75,44.58,42.75,1099.11,1,1770.04
44276,10.0,44.05,33.05,43.5,42.5,1084.19,1,1771.04
44301,10.0,44.34,33.27,42.58,42.09,1056.13,1,1772.04
44326,10.0,44.67,33.16,41.23,41.56,1039.5,1,1773.04
44351,10.0,44.97,34.32,40.32,41.16,1005.45,1,1774.04
44376,10.0,45.26,35.0,39.65,41.03,973.79,1,1775.04
44401,10.0,45.6,35.72,38.72,40.83,946.65,1,1776.04
44426,10.0,45.98,36.34,37.53,40.81,927.76,1,1777.04
44451,10.0,46.42,36.93,35.51,40.69,902.11,1,1778.04
44476,10.0,46.94,37.52,32.97,40.21,869.54,1,1779.04
44501,10.0,47.46,38.06,30.81,39.91,847.65,1,1780.04
44526,10.0,47.95,38.5,29.23,39.86,832.49,1,1781.04
44551,10.0,48.49,38.99,27.8,40.13,804.82,1,1782.04
44576,10.0,49.14,39.67,26.73,40.22,769.25,1,1783.04
44601,10.0,49.86,40.47,26.16,39.79,737.39,1,1784.04
44626,10.0,50.61,41.36,25.91,39.09,714.95,1,1785.04
44651,10.0,51.49,42.28,25.56,38.09,690.78,1,1786.04
44676,10.0,52.54,43.11,25.05,37.09,655.79,1,1787.04
44701,10.0,53.73,43.87,25.17,36.3,625.8,1,1788.04
44726,10.0,55.04,44.69,25.7,35.65,609.57,1,1789.04
44751,10.0,56.19,45.82,26.93,35.62,638.95,1,1790.04
44776,10.0,56.86,47.03,27.5,35.34,688.48,1,1791.04
44801,10.0,57.29,47.87,27.74,34.1,725.83,1,1792.04
44826,10.0,58.14,47.92,28.91,34.81,738.78,1,1793.04
44851,10.0,59.89,47.11,29.36,33.51,733.3,1,1794.04
44876,10.0,62.2,46.52,29.28,31.11,714.8,1,1795.04
44901,10.0,64.69,46.81,29.41,31.27,719.18,1,1796.04
44926,10.0,67.62,47.45,30.76,33.64,768.24,1,1797.04
44951,10.0,70.91,47.71,33.02,35.07,816.31,1,1798.04
44976,10.0,73.45,47.78,34.85,35.67,843.7,1,1799.04
45001,10.0,75.11,47.83,35.6,35.83,847.38,1,1800.04
45026,10.0,76.42,47.73,35.52,35.66,832.84,1,1801.04
45051,10.0,77.51,47.55,33.86,34.66,784.19,1,1802.04
45076,10.0,78.42,47.42,30.95,33.28,711.15,1,1803.04
45101,10.0,79.23,47.3,28.03,32.39,647.07,1,1804.04
45126,10.0,80.02,47.22,26.1,32.21,602.76,1,1805.04
45151,10.0,80.72,47.31,25.06,32.59,579.06,1,1806.04
45176,10.0,81.28,47.56,24.32,32.97,559.08,1,1807.04
45201,10.0,81.69,47.88,23.55,32.5,531.3,1,1808.04
45226,10.0,81.93,48.19,22.89,31.72,511.0,1,1809.04
45251,10.0,82.08,48.42,22.23,31.61,508.8,1,1810.04
45276,10.0,82.07,48.56,21.43,32.19,508.74,1,1811.04
45301,10.0,81.81,48.77,20.87,32.89,508.32,1,1812.04
45326,10.0,81.18,49.43,21.08,33.5,512.92,1,1813.04
45351,10.0,79.74,49.92,21.47,34.26,532.28,1,1814.04
45376,10.0,77.26,49.24,21.47,35.05,529.0,1,1815.04
45401,10.0,74.37,47.82,21.45,33.25,530.75,1,1816.04
45426,10.0,71.37,45.97,22.2,32.91,554.67,1,1817.04
45451,10.0,68.2,43.68,24.8,34.06,620.68,1,1818.04
45476,10.0,64.67,41.4,28.84,36.49,720.89,1,1819.04
45501,10.0,60.94,39.49,32.16,39.43,816.34,1,1820.04
45526,10.0,57.15,37.71,34.64,42.01,893.55,1,1821.04
45551,10.0,53.36,36.46,36.8,43.46,966.58,1,1822.04
45576,10.0,50.07,35.81,38.6,44.24,1037.71,1,1823.04
45601,10.0,47.95,34.73,39.7,45.31,1109.07,1,1824.04
45626,10.0,47.23,32.66,38.81,46.48,1141.68,1,1825.04
45651,10.0,47.35,30.35,36.27,47.17,1102.42,1,1826.04
45676,10.0,47.76,28.46,33.81,45.86,1033.6,1,1827.04
45701,10.0,47.6,26.81,31.62,44.66,1014.22,1,1828.04
45726,10.0,46.4,25.42,30.65,47.26,1029.11,1,1829.04
45751,10.0,44.72,24.57,30.42,48.87,1054.41,1,1830.04
45776,10.0,43.13,23.98,30.72,48.53,1062.52,1,1831.04
45801,10.0,41.81,23.53,31.72,47.67,1073.82,1,1832.04
45826,10.0,41.02,22.99,32.48,47.28,1105.46,1,1833.04
45851,10.0,40.48,22.45,32.33,47.21,1164.68,1,1834.04
45876,10.0,39.81,22.01,31.98,48.38,1212.36,1,1835.04
45901,10.0,39.24,21.8,32.42,48.96,1230.16,1,1836.04
45926,10.0,38.88,21.67,32.8,49.66,1255.18,1,1837.04
45951,10.0,38.82,21.49,33.01,50.28,1284.52,1,1838.04
45976,10.0,39.17,21.44,33.38,51.39,1315.63,1,1839.04
46001,10.0,40.07,21.75,34.65,52.56,1361.01,1,1840.04
46026,10.0,41.55,22.64,35.61,52.95,1420.76,1,1841.04
46051,10.0,43.25,23.97,36.0,54.49,1485.58,1,1842.04
46076,10.0,44.93,25.67,35.99,56.34,1542.06,1,1843.04
46101,10.0,46.36,27.52,35.2,57.71,1574.33,1,1844.04
46126,10.0,47.52,29.27,34.19,56.43,1538.13,1,1845.04
46151,10.0,48.8,30.82,34.43,53.82,1481.71,1,1846.04
46176,10.0,50.35,32.52,36.47,53.47,1482.12,1,1847.04
46201,10.0,51.71,34.47,38.26,55.8,1470.48,1,1848.04
46226,10.0,52.26,36.37,38.42,57.25,1444.46,1,1849.04
46251,10.0,51.63,38.0,37.08,56.81,1409.68,1,1850.04
46276,10.0,50.25,39.51,35.97,55.18,1428.09,1,1851.04
46301,10.0,49.43,40.66,36.37,54.9,1494.71,1,1852.04
46326,10.0,49.76,41.02,36.64,56.18,1536.22,1,1853.04
46351,10.0,50.73,40.63,36.65,56.66,1539.16,1,1854.04
46376,10.0,52.57,40.17,35.96,54.05,1506.42,1,1855.04
46401,10.0,55.28,40.39,35.16,50.3,1481.42,1,1856.04
46426,10.0,58.4,40.84,35.28,49.04,1485.85,1,1857.04
46451,10.0,62.06,40.71,38.07,47.36,1475.75,1,1858.04
46476,10.0,66.37,40.0,41.62,45.6,1438.89,1,1859.04
46501,10.0,70.5,38.98,44.7,44.28,1392.88,1,1860.04
46526,10.0,73.64,38.41,45.64,43.29,1348.65,1,1861.04
46551,10.0,75.5,38.68,44.17,43.0,1338.55,1,1862.04
46576,10.0,76.2,38.97,40.69,43.04,1314.58,1,1863.04
46601,10.0,76.19,39.04,38.52,44.1,1238.47,1,1864.04
46626,10.0,75.67,38.8,36.21,45.99,1147.46,1,1865.04
46651,10.0,74.75,38.16,34.83,46.83,1078.3,1,1866.04
46676,10.0,73.44,37.05,34.57,44.83,1020.42,1,1867.04
46701,10.0,71.6,35.51,34.76,42.2,1017.84,1,1868.04
46726,10.0,69.41,33.53,35.48,42.36,1095.58,1,1869.04
46751,10.0,66.65,31.83,36.22,43.06,1159.66,1,1870.04
46776,10.0,62.76,30.97,37.28,43.74,1201.33,1,1871.04
46801,10.0,57.85,30.58,38.4,43.26,1227.67,1,1872.04
46826,10.0,52.53,30.51,39.38,42.36,1232.3,1,1873.04
46851,10.0,47.44,30.56,40.26,41.02,1217.12,1,1874.04
46876,10.0,42.89,30.54,41.5,39.47,1207.98,1,1875.04
46901,10.0,39.32,30.34,42.84,38.03,1221.13,1,1876.04
46926,10.0,37.16,30.28,42.12,36.9,1204.04,1,1877.04
46951,10.0,36.0,30.45,39.57,36.68,1148.4,1,1878.04
46976,10.0,35.76,30.32,37.28,38.42,1102.51,1,1879.04
47001,10.0,36.98,29.57,37.71,40.49,1100.72,1,1880.04
47026,10.0,39.57,28.44,39.04,41.4,1109.9,1,1881.04
47051,10.0,42.68,27.19,39.47,40.63,1081.54,1,1882.04
47076,10.0,45.14,25.92,38.16,38.35,1019.68,1,1883.04
47101,10.0,47.86,24.81,36.57,37.07,987.6,1,1884.04
47126,10.0,51.4,24.24,35.24,35.83,952.86,1,1885.04
47151,10.0,55.11,23.92,33.45,34.11,909.81,1,1886.04
47176,10.0,58.01,24.1,31.49,31.01,801.15,1,1887.04
47201,10.0,60.08,24.41,26.7,30.66,663.73,1,1888.04
47226,10.0,62.02,24.66,22.25,31.09,558.22,1,1889.04
47251,10.0,63.69,24.47,19.45,31.09,508.79,1,1890.04
47276,10.0,65.01,23.65,18.56,33.13,502.93,1,1891.04
47301,10.0,65.72,22.8,18.75,34.17,488.5,1,1892.04
47326,10.0,65.66,22.22,18.85,34.84,484.77,1,1893.04
47351,10.0,65.18,22.58,19.19,35.56,477.38,1,1894.04
47376,10.0,65.05,24.07,19.1,35.6,456.66,1,1895.04
47401,10.0,65.46,26.27,18.61,35.33,466.73,1,1896.04
47426,10.0,66.29,28.96,18.67,35.8,497.68,1,1897.04
47451,10.0,67.43,31.73,19.57,38.72,539.45,1,1898.04
47476,10.0,68.82,34.32,20.46,42.46,587.69,1,1899.04
47501,10.0,70.22,36.49,21.65,45.46,655.71,1,1900.04
47526,10.0,71.06,38.08,22.74,46.02,702.23,1,1901.04
47551,10.0,71.32,39.14,22.93,44.72,688.37,1,1902.04
47576,10.0,71.59,39.53,22.87,42.55,672.07,1,1903.04
47601,10.0,71.96,39.56,23.06,40.33,669.85,1,1904.04
47626,10.0,72.37,40.01,23.27,39.81,663.24,1,1905.04
47651,10.0,72.78,40.81,23.41,40.65,671.56,1,1906.04
47676,10.0,72.93,41.46,23.92,40.6,693.89,1,1907.04
47701,10.0,72.54,41.82,24.28,40.36,693.43,1,1908.04
47726,10.0,71.6,41.79,23.83,40.15,682.99,1,1909.04
47751,10.0,70.69,41.8,23.67,40.09,685.5,1,1910.04
47776,10.0,70.7,42.74,23.72,39.98,703.7,1,1911.04
47801,10.0,71.85,44.01,24.25,39.01,714.67,1,1912.04
47826,10.0,73.96,45.07,25.69,38.12,736.42,1,1913.04
47851,10.0,76.55,46.03,27.78,38.96,796.46,1,1914.04
47876,10.0,78.51,46.7,29.14,39.53,836.81,1,1915.04
47901,10.0,79.64,46.65,28.83,37.77,797.98,1,1916.04
47926,10.0,80.71,46.05,29.32,35.15,765.07,1,1917.04
47951,10.0,81.24,45.49,30.32,33.43,772.63,1,1918.04
47976,10.0,80.24,45.14,31.04,32.42,785.47,1,1919.04
48001,10.0,77.59,45.05,32.61,32.58,822.91,1,1920.04
48026,10.0,73.91,45.03,34.71,33.1,860.91,1,1921.04
48051,10.0,69.94,44.79,36.49,33.46,862.09,1,1922.04
48076,10.0,66.41,44.53,35.26,33.49,827.81,1,1923.04
48101,10.0,63.7,44.37,30.47,33.03,752.76,1,1924.04
48126,10.0,61.65,44.15,27.15,32.94,685.35,1,1925.04
48151,10.0,60.07,43.89,26.06,33.48,642.96,1,1926.04
48176,10.0,58.89,43.48,25.0,33.59,612.09,1,1927.04
48201,10.0,57.76,43.14,24.51,33.78,599.47,1,1928.04
48226,10.0,56.56,42.97,23.91,33.83,589.77,1,1929.04
48251,10.0,55.38,42.84,23.5,34.34,589.8,1,1930.04
48276,10.0,54.26,42.52,23.53,36.73,616.65,1,1931.04
48301,10.0,53.21,42.04,24.41,40.02,667.58,1,1932.04
48326,10.0,52.19,41.66,25.4,43.11,714.98,1,1933.04
48351,10.0,51.16,41.43,26.44,45.12,752.89,1,1934.04
48376,10.0,50.13,41.45,27.36,45.37,772.49,1,1935.04
48401,10.0,49.21,41.45,28.13,45.38,791.99,1,1936.04
48426,10.0,48.34,41.52,28.93,46.0,816.51,1,1937.04
48451,10.0,47.49,41.55,29.79,46.82,843.69,1,1938.04
48476,10.0,46.68,41.52,30.51,47.62,867.49,1,1939.04
48501,10.0,45.94,41.49,30.82,48.09,878.27,1,1940.04
48526,10.0,45.32,41.44,30.95,48.3,883.26,1,1941.04
48551,10.0,44.91,41.47,30.97,48.71,891.42,1,1942.04
48576,10.0,44.65,41.61,30.69,49.25,892.34,1,1943.04
48601,10.0,44.44,41.79,29.73,49.84,873.43,1,1944.04
48626,10.0,44.22,41.91,28.2,50.59,844.69,1,1945.04
48651,10.0,44.0,41.97,26.65,51.47,857.2,1,1946.04
48676,10.0,43.78,41.91,25.25,52.78,890.17,1,1947.04
48701,10.0,43.42,41.81,24.16,53.93,928.2,1,1948.04
48726,10.0,42.99,41.88,24.88,54.4,978.3,1,1949.04
48751,10.0,42.63,41.96,25.82,55.27,1087.66,1,1950.04
48776,10.0,42.4,41.96,27.07,56.64,1214.45,1,1951.04
48801,10.0,42.41,41.59,29.13,57.81,1341.23,1,1952.04
48826,10.0,42.74,40.66,31.78,58.84,1470.36,1,1953.04
48851,10.0,43.27,39.49,33.39,59.5,1572.23,1,1954.04
48876,10.0,43.83,38.52,33.53,60.41,1619.47,1,1955.04
48901,10.0,44.49,38.09,33.38,61.6,1643.09,1,1956.04
48926,10.0,45.19,38.33,33.72,61.07,1643.94,1,1957.04
48951,10.0,45.08,39.07,33.79,60.11,1645.27,1,1958.04
48976,10.0,43.72,39.85,37.96,59.97,1693.49,1,1959.04
49001,10.0,42.17,40.39,39.89,59.46,1681.07,1,1960.04
49026,10.0,41.13,40.62,37.89,58.29,1547.86,1,1961.04
49051,10.0,40.22,40.45,34.29,56.06,1349.98,1,1962.04
49076,10.0,39.07,40.13,36.91,53.81,1317.37,1,1963.04
49101,10.0,38.17,39.81,39.03,50.81,1258.4,1,1964.04
49126,10.0,38.44,39.7,36.44,47.68,1076.68,1,1965.04
49151,10.0,39.3,39.94,33.9,46.32,971.73,1,1966.04
49176,10.0,40.33,40.09,32.33,45.91,950.33,1,1967.04
49201,10.0,41.64,39.97,32.83,46.35,983.25,1,1968.04
49226,10.0,43.35,39.55,33.76,48.75,1071.61,1,1969.04
49251,10.0,45.04,38.62,34.39,51.26,1172.08,1,1970.04
49276,10.0,46.48,37.4,34.53,52.13,1247.47,1,1971.04
49301,10.0,47.47,36.08,34.48,52.72,1286.63,1,1972.04
49326,10.0,48.08,34.87,34.66,55.06,1315.51,1,1973.04
49351,10.0,48.53,34.12,33.86,56.77,1368.87,1,1974.04
49376,10.0,48.99,33.86,32.74,58.26,1406.83,1,1975.04
49401,10.0,49.29,33.59,31.58,59.31,1420.73,1,1976.04
49426,10.0,49.0,32.89,30.39,59.56,1397.94,1,1977.04
49451,10.0,47.97,31.84,29.9,58.62,1369.53,1,1978.04
49476,10.0,45.85,30.8,31.07,56.91,1339.07,1,1979.04
49501,10.0,42.89,29.97,31.61,54.5,1292.99,1,1980.04
49526,10.0,40.08,29.43,32.99,50.47,1218.31,1,1981.04
49551,10.0,37.37,28.82,34.47,46.76,1194.17,1,1982.04
49576,10.0,34.62,28.12,35.71,44.32,1167.61,1,1983.04
49601,10.0,31.7,27.74,39.34,42.45,1235.92,1,1984.04
49626,10.0,28.99,27.31,42.65,41.34,1281.66,1,1985.04
49651,10.0,27.32,26.96,42.88,41.07,1182.38,1,1986.04
49676,10.0,26.06,27.04,41.33,40.33,1063.21,1,1987.04
49701,10.0,24.91,27.17,40.11,39.2,1012.9,1,1988.04
49726,10.0,24.18,26.67,40.16,38.75,967.68,1,1989.04
49751,10.0,23.7,25.76,38.83,38.38,944.5,1,1990.04
49776,10.0,23.33,24.54,38.9,41.39,964.47,1,1991.04
49801,10.0,23.24,23.58,39.35,43.39,986.99,1,1992.04
49826,10.0,23.42,22.96,38.67,43.22,991.08,1,1993.04
49851,10.0,23.8,22.6,37.13,42.63,979.52,1,1994.04
49876,10.0,24.62,22.73,34.6,42.43,954.3,1,1995.04
49901,10.0,25.78,23.56,33.42,42.72,938.47,1,1996.04
49926,10.0,26.72,24.79,32.02,42.4,907.49,1,1997.04
49951,10.0,26.74,26.09,31.05,40.84,868.11,1,1998.04
49976,10.0,25.73,27.05,31.04,39.28,857.75,1,1999.04
50001,10.0,24.85,27.67,29.77,39.43,839.98,1,2000.04
50026,10.0,25.02,28.44,27.86,40.59,790.12,1,2001.04
50051,10.0,25.69,29.37,26.1,41.66,732.81,1,2002.04
50076,10.0,26.26,30.36,25.0,43.21,699.13,1,2003.04
50101,10.0,26.96,31.69,24.54,44.61,695.33,1,2004.04
50126,10.0,27.53,33.25,24.56,45.47,706.66,1,2005.04
50151,10.0,27.45,35.07,24.6,46.12,710.35,1,2006.04
50176,10.0,27.54,37.51,25.6,48.47,774.99,1,2007.04
50201,10.0,28.49,39.96,27.4,50.56,889.35,1,2008.04
50226,10.0,29.73,41.8,29.12,50.64,962.94,1,2009.04
50251,10.0,30.78,43.33,30.22,50.92,1001.68,1,2010.04
50276,10.0,31.38,44.88,30.65,50.32,1013.21,1,2011.04
50301,10.0,31.49,45.8,30.48,49.77,979.48,1,2012.04
50326,10.0,31.45,45.89,29.7,47.63,896.07,1,2013.04
50351,10.0,31.29,46.03,28.21,43.11,812.74,1,2014.04
50376,10.0,31.65,45.92,27.25,38.17,741.02,1,2015.04
50401,10.0,32.7,45.15,27.57,34.23,680.21,1,2016.04
50426,10.0,33.72,44.03,28.22,32.99,663.69,1,2017.04
50451,10.0,35.54,42.98,30.0,32.02,696.54,1,2018.04
50476,10.0,38.46,41.71,31.94,30.49,732.99,1,2019.04
50501,10.0,41.97,39.97,33.11,29.79,767.91,1,2020.04
50526,10.0,45.3,38.56,32.98,29.9,795.5,1,2021.04
50551,10.0,47.61,37.8,31.73,31.46,815.2,1,2022.04
50576,10.0,48.07,37.18,31.77,33.77,838.79,1,2023.04
50601,10.0,46.69,36.3,32.67,35.77,877.83,1,2024.04
50626,10.0,43.88,35.39,34.85,36.98,943.38,1,2025.04
50651,10.0,40.36,34.88,37.89,37.14,981.05,1,2026.04
50676,10.0,37.31,34.65,40.3,36.24,942.58,1,2027.04
50701,10.0,35.56,34.05,40.54,34.61,885.92,1,2028.04
50726,10.0,34.94,33.05,39.28,33.43,869.7,1,2029.04
50751,10.0,34.84,31.78,39.31,33.41,895.0,1,2030.04
50776,10.0,34.93,30.76,39.71,33.82,921.8,1,2031.04
50801,10.0,35.47,30.45,39.96,33.25,896.8,1,2032.04
50826,10.0,36.3,30.66,39.89,31.97,840.35,1,2033.04
50851,10.0,37.39,31.23,40.17,31.79,801.57,1,2034.04
50876,10.0,38.86,32.06,41.05,32.61,796.31,1,2035.04
50901,10.0,40.65,33.3,42.43,34.18,819.31,1,2036.04
50926,10.0,42.48,34.85,44.09,36.52,870.67,1,2037.04
50951,10.0,44.41,36.48,45.29,39.34,936.79,1,2038.04
50976,10.0,46.48,37.92,46.22,40.84,1010.56,1,2039.04
51001,10.0,48.36,39.05,46.14,41.15,1034.3,1,2040.04
51026,10.0,49.91,39.69,44.99,39.46,982.56,1,2041.04
51051,10.0,51.59,39.73,44.42,36.77,913.6,1,2042.04
51076,10.0,53.55,39.44,44.04,35.66,870.74,1,2043.04
51101,10.0,55.49,38.73,42.84,35.37,807.82,1,2044.04
51126,10.0,57.28,37.49,41.32,34.06,755.48,1,2045.04
51151,10.0,58.92,36.17,39.79,32.29,705.96,1,2046.04
51176,10.0,60.37,34.95,38.62,31.26,688.36,1,2047.04
51201,10.0,61.65,33.81,37.95,31.23,694.85,1,2048.04
51226,10.0,62.69,32.8,36.58,31.66,687.6,1,2049.04
51251,10.0,63.22,32.42,34.27,31.98,664.0,1,2050.04
51276,10.0,63.03,33.29,31.29,33.38,634.84,1,2051.04
51301,10.0,62.45,34.69,28.78,35.67,628.41,1,2052.04
51326,10.0,61.87,36.11,26.48,38.01,640.42,1,2053.04
51351,10.0,61.66,37.55,24.82,39.75,646.9,1,2054.04
51376,10.0,62.31,38.57,23.9,39.3,635.05,1,2055.04
51401,10.0,63.85,39.08,24.24,37.76,638.7,1,2056.04
51426,10.0,66.3,39.46,26.24,35.92,652.0,1,2057.04
51451,10.0,69.63,39.51,29.3,33.64,665.75,1,2058.04
51476,10.0,73.34,39.25,31.85,31.31,669.39,1,2059.04
51501,10.0,77.08,38.89,34.26,28.78,657.2,1,2060.04
51526,10.0,80.17,38.55,36.14,26.31,617.09,1,2061.04
51551,10.0,81.57,37.78,36.0,24.61,564.13,1,2062.04
51576,10.0,80.99,37.13,33.95,22.99,524.38,1,2063.04
51601,10.0,79.97,37.14,32.9,21.0,493.04,1,2064.04
51626,10.0,79.38,37.02,33.0,19.54,490.87,1,2065.04
51651,10.0,78.58,36.17,34.71,23.9,597.62,1,2066.04
51676,10.0,76.76,34.86,35.88,28.43,710.17,1,2067.04
51701,10.0,73.92,33.75,36.26,31.66,790.23,1,2068.04
51726,10.0,70.62,33.03,36.19,36.83,830.49,1,2069.04
51751,10.0,67.23,32.22,36.15,41.85,853.48,1,2070.04
51776,10.0,63.78,31.22,35.96,45.03,894.97,1,2071.04
51801,10.0,60.23,30.48,35.32,45.86,924.2,1,2072.04
51826,10.0,56.74,30.16,33.34,43.58,880.47,1,2073.04
51851,10.0,53.23,30.16,31.94,40.38,838.58,1,2074.04
51876,10.0,49.27,30.64,33.89,40.87,937.23,1,2075.04
51901,10.0,44.98,31.66,37.06,38.34,984.72,1,2076.04
51926,10.0,40.56,32.85,40.19,33.17,1015.38,1,2077.04
51951,10.0,36.4,34.14,43.12,28.97,1039.1,1,2078.04
51976,10.0,32.78,35.62,45.53,29.21,1060.56,1,2079.04
52001,10.0,29.65,36.74,48.77,29.45,1021.55,1,2080.04
52026,10.0,27.55,37.51,50.72,30.19,1023.13,1,2081.04
52051,10.0,26.7,38.09,51.61,31.15,1072.89,1,2082.04
52076,10.0,26.61,38.47,51.99,31.34,1083.1,1,2083.04
52101,10.0,26.86,38.76,51.94,30.91,1066.64,1,2084.04
52126,10.0,27.31,38.99,51.76,30.07,1047.65,1,2085.04
52151,10.0,27.89,39.28,51.37,29.26,1014.09,1,2086.04
52176,10.0,28.35,39.45,50.72,28.57,999.45,1,2087.04
52201,10.0,28.94,39.41,50.31,28.34,964.22,1,2088.04
52226,10.0,29.54,39.35,49.63,28.24,940.95,1,2089.04
52251,10.0,30.24,39.36,48.65,28.07,950.46,1,2090.04
52276,10.0,31.18,39.32,47.84,27.82,978.62,1,2091.04
52301,10.0,31.98,39.58,47.0,29.45,977.95,1,2092.04
52326,10.0,32.88,39.43,46.06,30.5,1011.76,1,2093.04
52351,10.0,33.8,39.26,45.11,31.28,1024.55,1,2094.04
52376,10.0,34.65,39.04,44.2,31.72,1019.3,1,2095.04
52401,10.0,35.38,38.75,43.49,31.42,994.45,1,2096.04
52426,10.0,36.08,38.48,42.67,30.54,950.66,1,2097.04
52451,10.0,36.79,38.13,41.63,29.47,904.82,1,2098.04
52476,10.0,37.52,37.9,40.65,28.51,856.39,1,2099.04
52501,10.0,38.25,37.81,39.23,27.43,806.03,1,2100.04
52526,10.0,39.01,37.92,37.53,26.71,764.62,1,2101.04
52551,10.0,39.71,38.28,36.03,26.18,726.96,1,2102.04
52576,10.0,39.97,38.69,34.44,26.33,703.67,1,2103.04
52601,10.0,40.05,39.17,32.74,27.05,746.46,1,2104.04
52626,10.0,40.28,39.25,32.26,28.7,790.64,1,2105.04
52651,10.0,41.21,38.49,32.26,29.24,801.82,1,2106.04
52676,10.0,42.81,37.15,32.35,29.96,822.86,1,2107.04
52701,10.0,44.52,35.92,32.32,31.14,845.59,1,2108.04
52726,10.0,45.94,34.67,32.16,34.82,868.86,1,2109.04
52751,10.0,46.99,33.44,32.01,39.55,900.81,1,2110.04
52776,10.0,47.91,32.52,31.85,43.46,935.7,1,2111.04
52801,10.0,48.57,31.85,31.56,46.57,1007.96,1,2112.04
52826,10.0,48.7,31.64,30.91,49.2,1046.23,1,2113.04
52851,10.0,47.99,32.03,29.85,50.67,1064.1,1,2114.04
52876,10.0,46.47,32.81,30.33,50.73,1104.68,1,2115.04
52901,10.0,44.49,33.74,34.56,50.19,1175.21,1,2116.04
52926,10.0,42.21,35.19,36.52,50.07,1209.17,1,2117.04
52951,10.0,39.69,36.71,36.87,50.1,1227.43,1,2118.04
52976,10.0,37.03,37.31,38.1,47.3,1238.94,1,2119.04
53001,10.0,34.57,36.92,38.74,44.8,1210.51,1,2120.04
53026,10.0,32.43,36.34,40.05,42.46,1162.13,1,2121.04
53051,10.0,30.73,36.03,40.96,40.35,1099.89,1,2122.04
53076,10.0,29.69,35.82,40.74,38.16,1018.0,1,2123.04
53101,10.0,29.26,35.51,39.65,35.84,929.34,1,2124.04
53126,10.0,29.0,35.09,38.24,33.62,817.62,1,2125.04
53151,10.0,28.46,34.96,37.2,31.08,695.44,1,2126.04
53176,10.0,27.73,35.14,36.11,28.45,597.39,1,2127.04
53201,10.0,27.03,35.46,36.63,25.65,527.31,1,2128.04
53226,10.0,26.74,36.16,36.05,22.51,472.99,1,2129.04
53251,10.0,26.51,36.76,36.17,20.91,476.65,1,2130.04
53276,10.0,26.37,37.17,36.63,23.3,495.64,1,2131.04
53301,10.0,26.35,37.59,37.72,25.58,519.83,1,2132.04
53326,10.0,26.44,38.03,39.02,27.89,571.37,1,2133.04
53351,10.0,26.71,38.51,40.85,30.14,628.16,1,2134.04
53376,10.0,27.42,39.22,42.78,32.21,674.15,1,2135.04
53401,10.0,28.55,40.07,44.4,34.29,717.25,1,2136.04
53426,10.0,29.77,40.79,45.96,36.1,752.23,1,2137.04
53451,10.0,30.91,41.37,47.05,36.83,781.23,1,2138.04
53476,10.0,31.94,41.72,47.39,36.76,810.25,1,2139.04
53501,9.0,34.56,43.02,47.84,36.6,842.48,1,2140.04
53526,10.0,34.15,42.45,48.34,36.96,883.41,1,2141.04
53551,10.0,35.12,42.69,48.26,37.56,917.43,1,2142.04
53576,10.0,36.11,42.85,47.62,38.26,945.74,1,2143.04
53601,10.0,37.04,42.94,46.89,38.55,975.42,1,2144.04
53626,10.0,37.91,42.89,46.0,38.74,981.93,1,2145.04
53651,10.0,38.91,42.91,45.38,38.47,982.14,1,2146.04
53676,10.0,39.87,42.85,45.14,38.94,992.25,1,2147.04
53701,10.0,40.75,42.68,45.27,39.44,1006.52,1,2148.04
53726,10.0,41.6,42.47,46.38,39.91,1036.82,1,2149.04
53751,10.0,42.46,42.29,46.94,40.39,1061.49,1,2150.04
53776,10.0,43.3,42.07,46.66,40.98,1077.72,1,2151.04
53801,10.0,44.06,41.76,46.14,41.49,1090.86,1,2152.04
53826,10.0,44.88,41.57,44.96,41.41,1078.74,1,2153.04
53851,10.0,45.68,41.37,43.51,40.85,1058.48,1,2154.04
53876,10.0,46.53,41.12,41.94,40.47,1045.04,1,2155.04
53901,10.0,47.42,40.86,40.36,40.04,1036.41,1,2156.04
53926,10.0,48.32,40.57,38.97,40.42,1029.36,1,2157.04
53951,10.0,49.23,40.29,37.69,42.15,1020.46,1,2158.04
53976,10.0,50.15,40.03,36.22,43.72,1005.23,1,2159.04
54001,10.0,51.1,39.81,34.43,45.25,976.2,1,2160.04
54026,10.0,52.03,39.53,32.7,46.55,950.41,1,2161.04
54051,10.0,52.99,39.3,31.11,47.27,919.77,1,2162.04
54076,10.0,53.95,39.1,29.56,47.8,887.99,1,2163.04
54101,10.0,54.91,38.82,28.03,48.43,862.71,1,2164.04
54126,10.0,55.77,38.5,26.52,48.73,836.72,1,2165.04
54151,10.0,56.57,38.18,24.96,48.55,805.74,1,2166.04
54176,10.0,57.42,37.87,22.97,48.67,772.6,1,2167.04
54201,10.0,58.31,37.58,20.54,49.07,738.69,1,2168.04
54226,10.0,59.2,37.32,19.97,48.99,704.77,1,2169.04
54251,10.0,60.07,37.11,19.44,49.04,672.94,1,2170.04
54276,10.0,60.82,36.96,18.9,49.3,648.86,1,2171.04
54301,10.0,61.39,36.84,18.34,49.49,625.02,1,2172.04
54326,10.0,61.8,36.74,17.81,49.97,602.05,1,2173.04
54351,10.0,62.02,36.68,17.06,50.41,570.51,1,2174.04
54376,10.0,62.05,36.64,16.52,49.77,535.44,1,2175.04
54401,10.0,62.03,36.61,16.45,48.46,506.58,1,2176.04
54426,10.0,61.98,36.56,16.47,47.2,491.78,1,2177.04
54451,10.0,62.0,36.5,16.57,45.91,495.93,1,2178.04
54476,10.0,62.06,36.41,17.17,44.66,519.39,1,2179.04
54501,10.0,61.88,36.31,18.87,43.1,568.96,1,2180.04
54526,10.0,61.31,36.33,20.67,40.96,609.05,1,2181.04
54551,10.0,60.7,36.84,21.69,37.67,614.82,1,2182.04
54576,10.0,60.74,37.85,21.27,35.29,596.0,1,2183.04
54601,10.0,61.32,38.52,20.21,35.31,568.22,1,2184.04
54626,10.0,61.66,37.91,19.27,35.77,549.65,1,2185.04
54651,10.0,61.8,36.2,18.78,36.2,539.77,1,2186.04
54676,10.0,62.3,34.25,19.23,36.05,534.54,1,2187.04
54701,10.0,63.31,32.4,19.78,35.73,535.11,1,2188.04
54726,10.0,64.93,30.48,20.55,36.12,542.09,1,2189.04
54751,10.0,67.11,28.68,22.17,37.23,565.8,1,2190.04
54776,10.0,69.0,27.32,23.74,36.87,589.81,1,2191.04
54801,10.0,69.54,26.43,23.68,34.75,583.38,1,2192.04
54826,10.0,68.97,25.93,23.04,33.72,558.33,1,2193.04
54851,10.0,68.69,25.43,24.21,33.7,561.51,1,2194.04
54876,10.0,69.0,24.99,25.45,34.53,610.11,1,2195.04
54901,10.0,68.62,25.07,24.72,35.79,670.35,1,2196.04
54926,10.0,66.86,25.69,26.06,37.9,745.12,1,2197.04
54951,10.0,63.82,26.58,29.34,40.47,905.38,1,2198.04
54976,10.0,59.78,27.37,32.03,41.0,1035.92,1,2199.04
55001,10.0,54.99,27.97,33.56,40.9,1107.34,1,2200.04
55026,10.0,49.87,28.69,35.03,39.01,1140.41,1,2201.04
55051,10.0,44.99,29.65,37.62,38.78,1134.72,1,2202.04
55076,10.0,41.33,30.22,39.53,37.75,1108.42,1,2203.04
55101,10.0,39.94,30.06,40.13,35.84,1130.24,1,2204.04
55126,10.0,40.72,29.78,40.98,34.68,1187.48,1,2205.04
55151,10.0,42.63,29.69,41.24,34.52,1191.56,1,2206.04
55176,10.0,44.86,29.67,41.02,33.03,1167.36,1,2207.04
55201,10.0,47.22,29.84,40.58,31.79,1141.38,1,2208.04
55226,10.0,49.67,30.08,39.43,32.03,1096.15,1,2209.04
55251,10.0,52.21,30.32,37.84,33.42,1045.69,1,2210.04
55276,10.0,54.8,30.78,36.01,34.89,991.62,1,2211.04
55301,10.0,57.39,31.51,34.51,36.69,946.58,1,2212.04
55326,10.0,59.66,32.86,32.89,39.91,924.73,1,2213.04
55351,10.0,61.73,34.66,31.13,42.99,899.25,1,2214.04
55376,10.0,63.91,36.45,30.23,45.15,884.83,1,2215.04
55401,10.0,66.07,38.05,29.85,46.73,879.33,1,2216.04
55426,10.0,68.03,39.52,29.89,47.73,883.72,1,2217.04
55451,10.0,69.53,40.82,29.77,47.38,896.87,1,2218.04
55476,10.0,70.24,41.51,28.67,46.54,897.54,1,2219.04
55501,10.0,70.01,41.55,26.09,45.15,865.28,1,2220.04
55526,10.0,69.1,41.16,22.54,43.59,797.49,1,2221.04
55551,10.0,67.95,40.26,19.91,41.91,709.11,1,2222.04
55576,10.0,67.02,39.21,19.94,40.45,655.33,1,2223.04
55601,10.0,66.34,39.06,20.75,39.66,655.12,1,2224.04
55626,10.0,65.68,40.13,22.11,41.56,692.36,1,2225.04
55651,10.0,65.18,41.52,22.85,43.82,716.85,1,2226.04
55676,10.0,65.23,42.09,21.39,42.69,668.81,1,2227.04
55701,10.0,65.73,41.08,19.65,39.39,601.55,1,2228.04
55726,10.0,66.65,38.78,19.41,37.0,578.3,1,2229.04
55751,10.0,68.13,36.02,19.89,37.06,583.27,1,2230.04
55776,10.0,70.04,33.51,20.66,35.97,590.49,1,2231.04
55801,10.0,72.01,31.64,21.69,34.0,583.45,1,2232.04
55826,10.0,73.77,30.15,22.43,33.45,582.8,1,2233.04
55851,10.0,75.68,28.83,23.34,34.54,603.4,1,2234.04
55876,10.0,78.11,28.04,24.7,35.35,628.96,1,2235.04
55901,10.0,80.74,27.7,26.44,35.1,661.38,1,2236.04
55926,10.0,83.02,27.6,27.65,35.22,672.13,1,2237.04
55951,10.0,84.64,27.69,27.88,33.79,626.43,1,2238.04
55976,10.0,85.47,28.09,27.86,30.56,546.73,1,2239.04
56001,10.0,85.91,28.5,27.27,27.89,489.1,1,2240.04
56026,10.0,86.65,28.65,26.52,26.82,458.91,1,2241.04
56051,10.0,87.97,28.83,26.39,25.86,463.22,1,2242.04
56076,10.0,89.25,28.99,27.72,26.43,482.87,1,2243.04
56101,10.0,89.53,29.27,28.07,24.66,466.69,1,2244.04
56126,10.0,89.09,29.71,27.5,23.89,460.93,1,2245.04
56151,10.0,88.27,30.02,27.06,24.26,466.39,1,2246.04
56176,10.0,87.09,30.34,26.92,25.78,477.73,1,2247.04
56201,10.0,85.78,30.64,26.86,27.1,495.68,1,2248.04
56226,10.0,84.48,30.91,26.7,28.51,520.09,1,2249.04
56251,10.0,83.18,31.18,26.81,30.17,547.81,1,2250.04
56276,10.0,81.83,31.33,26.97,31.19,574.88,1,2251.04
56301,10.0,80.45,31.28,27.28,32.5,605.61,1,2252.04
56326,10.0,79.0,31.19,27.78,34.33,646.4,1,2253.04
56351,10.0,77.52,31.19,28.46,36.12,694.75,1,2254.04
56376,10.0,76.07,31.2,29.35,37.95,748.24,1,2255.04
56401,10.0,74.61,31.28,29.74,39.65,795.28,1,2256.04
56426,10.0,73.14,31.39,29.49,41.17,832.55,1,2257.04
56451,10.0,71.68,31.5,29.04,42.27,856.11,1,2258.04
56476,10.0,70.09,31.66,28.63,43.09,874.22,1,2259.04
56501,10.0,68.48,31.95,28.2,43.94,893.58,1,2260.04
56526,10.0,66.93,32.19,27.71,45.12,916.0,1,2261.04
56551,10.0,65.46,32.38,27.16,46.92,940.36,1,2262.04
56576,10.0,64.06,32.58,26.6,48.37,956.04,1,2263.04
56601,10.0,62.74,32.75,26.07,49.38,960.1,1,2264.04
56626,10.0,61.52,32.91,25.61,50.11,948.93,1,2265.04
56651,10.0,60.39,33.16,25.15,50.52,928.63,1,2266.04
56676,10.0,59.32,33.36,24.69,50.83,912.93,1,2267.04
56701,10.0,58.23,33.48,24.27,51.1,895.05,1,2268.04
56726,10.0,57.15,33.54,23.86,51.28,874.83,1,2269.04
56751,10.0,56.08,33.53,23.49,51.15,854.9,1,2270.04
56776,10.0,55.06,33.43,23.11,50.37,830.71,1,2271.04
56801,10.0,54.13,33.25,22.6,49.0,799.37,1,2272.04
56826,10.0,53.31,33.0,21.97,47.58,769.02,1,2273.04
56851,10.0,52.56,32.73,21.41,46.18,741.96,1,2274.04
56876,10.0,51.89,32.46,20.98,45.02,728.06,1,2275.04
56901,10.0,51.21,32.25,20.7,44.3,727.83,1,2276.04
56926,10.0,50.58,32.16,21.23,44.22,749.34,1,2277.04
56951,10.0,50.23,32.31,22.18,44.35,783.48,1,2278.04
56976,10.0,50.2,32.89,23.09,45.26,835.02,1,2279.04
57001,10.0,50.39,33.89,24.86,47.51,904.82,1,2280.04
57026,10.0,50.38,35.2,27.71,50.42,977.36,1,2281.04
57051,10.0,50.05,36.63,30.98,52.6,1033.59,1,2282.04
57076,10.0,49.82,37.92,33.65,53.38,1095.85,1,2283.04
57101,10.0,50.34,38.49,35.53,53.22,1174.68,1,2284.04
57126,10.0,51.62,38.28,36.37,52.91,1271.05,1,2285.04
57151,10.0,53.24,37.75,36.02,52.48,1412.75,1,2286.04
57176,10.0,54.87,37.45,35.16,51.88,1523.68,1,2287.04
57201,10.0,56.21,37.83,35.39,52.4,1541.02,1,2288.04
57226,10.0,56.95,38.8,37.18,52.72,1529.99,1,2289.04
57251,10.0,56.37,40.05,39.28,53.32,1611.43,1,2290.04
57276,10.0,53.93,40.88,43.24,52.86,1672.63,1,2291.04
57301,10.0,50.25,41.01,46.75,51.16,1680.53,1,2292.04
57326,10.0,46.19,40.75,50.05,49.28,1665.31,1,2293.04
57351,10.0,42.17,40.64,53.47,47.53,1654.2,1,2294.04
57376,10.0,38.73,40.75,55.85,45.87,1632.39,1,2295.04
57401,10.0,36.23,40.82,56.72,44.59,1581.28,1,2296.04
57426,10.0,34.68,41.0,56.89,43.14,1531.26,1,2297.04
57451,10.0,33.97,41.22,57.09,41.73,1507.12,1,2298.04
57476,10.0,33.85,41.21,56.99,40.74,1490.13,1,2299.04
57501,10.0,34.08,41.11,56.85,39.56,1461.42,1,2300.04
57526,10.0,34.6,41.05,55.93,37.82,1394.81,1,2301.04
57551,10.0,35.31,40.86,54.06,35.65,1316.04,1,2302.04
57576,10.0,36.06,40.54,51.94,34.57,1256.34,1,2303.04
57601,10.0,36.89,40.34,50.19,33.93,1223.62,1,2304.04
57626,10.0,37.81,40.03,48.76,33.61,1203.69,1,2305.04
57651,10.0,38.75,39.57,47.17,33.63,1187.03,1,2306.04
57676,10.0,39.6,39.11,45.82,33.53,1159.77,1,2307.04
57701,10.0,40.44,38.83,44.51,33.68,1140.21,1,2308.04
57726,10.0,41.36,38.77,43.53,34.07,1138.59,1,2309.04
57751,10.0,42.33,38.79,42.5,34.52,1136.35,1,2310.04
57776,10.0,43.36,38.97,40.73,34.85,1121.23,1,2311.04
57801,10.0,44.51,39.38,38.3,35.09,1086.38,1,2312.04
57826,10.0,45.74,39.92,35.83,35.18,1033.97,1,2313.04
57851,10.0,47.06,40.62,33.56,35.21,963.88,1,2314.04
57876,10.0,48.41,41.39,31.48,35.85,895.01,1,2315.04
57901,10.0,49.7,42.15,29.36,36.55,828.52,1,2316.04
57926,10.0,50.98,43.27,27.8,36.64,757.33,1,2317.04
57951,10.0,52.23,44.63,27.24,36.05,724.78,1,2318.04
57976,10.0,53.45,45.72,27.86,34.93,740.81,1,2319.04
58001,10.0,54.58,46.74,29.43,34.57,788.48,1,2320.04
58026,10.0,54.76,47.77,30.19,35.8,834.73,1,2321.04
58051,10.0,54.37,48.41,30.33,36.44,856.77,1,2322.04
58076,10.0,53.57,48.69,30.18,36.19,871.94,1,2323.04
58101,10.0,52.77,48.96,29.92,37.72,915.56,1,2324.04
58126,10.0,52.04,49.18,30.22,39.52,970.84,1,2325.04
58151,10.0,51.41,49.42,30.97,41.26,1036.97,1,2326.04
58176,10.0,50.89,49.61,32.05,42.44,1109.99,1,2327.04
58201,10.0,50.41,49.69,33.01,42.69,1178.12,1,2328.04
58226,10.0,49.82,49.74,33.84,42.34,1233.68,1,2329.04
58251,10.0,48.99,49.72,34.33,42.02,1238.3,1,2330.04
58276,10.0,47.77,49.37,33.65,41.38,1176.34,1,2331.04
58301,10.0,47.01,48.99,30.39,40.07,1017.71,1,2332.04
58326,10.0,48.08,49.16,25.46,37.83,814.17,1,2333.04
58351,10.0,50.61,49.12,23.94,35.48,704.22,1,2334.04
58376,10.0,54.0,47.93,24.05,32.15,649.2,1,2335.04
58401,10.0,58.04,45.85,24.07,28.35,549.4,1,2336.04
58426,10.0,62.09,43.2,23.38,29.69,487.89,1,2337.04
58451,10.0,65.54,40.17,25.52,33.64,564.94,1,2338.04
58476,10.0,68.8,37.16,27.55,36.88,633.21,1,2339.04
58501,10.0,72.23,34.57,29.16,37.6,678.7,1,2340.04
58526,10.0,75.68,32.54,31.47,35.87,710.2,1,2341.04
58551,10.0,79.03,31.07,33.46,32.57,711.22,1,2342.04
58576,10.0,82.3,29.87,35.37,31.52,711.02,1,2343.04
58601,10.0,85.34,28.97,36.96,31.13,718.61,1,2344.04
58626,10.0,86.85,28.87,36.51,30.87,676.93,1,2345.04
58651,10.0,86.91,29.18,34.59,30.15,582.87,1,2346.04
58676,10.0,86.28,29.53,33.05,29.26,484.36,1,2347.04
58701,10.0,84.77,29.42,31.49,29.38,481.7,1,2348.04
58726,10.0,82.47,28.8,29.98,30.41,558.72,1,2349.04
58751,10.0,80.01,28.06,28.92,31.69,640.79,1,2350.04
58776,10.0,77.64,27.86,28.03,32.14,682.2,1,2351.04
58801,10.0,75.34,28.36,26.73,31.37,693.51,1,2352.04
58826,10.0,73.14,28.65,26.05,32.32,710.89,1,2353.04
58851,10.0,70.91,28.42,25.69,33.65,717.3,1,2354.04
58876,10.0,68.85,28.12,24.42,34.3,687.75,1,2355.04
58901,10.0,67.34,27.63,23.74,35.05,663.81,1,2356.04
58926,10.0,66.26,27.34,23.21,35.33,650.83,1,2357.04
58951,10.0,65.52,27.79,22.8,35.34,636.05,1,2358.04
58976,10.0,65.23,28.81,22.21,35.55,611.41,1,2359.04
59001,10.0,65.34,29.84,20.92,36.2,594.68,1,2360.04
59026,10.0,65.62,30.74,21.01,36.3,578.53,1,2361.04
59051,10.0,66.0,32.0,21.0,35.55,554.86,1,2362.04
59076,10.0,66.21,33.99,20.79,35.83,557.49,1,2363.04
59101,10.0,66.08,36.35,20.46,37.72,597.49,1,2364.04
59126,10.0,65.81,38.88,21.58,39.56,634.78,1,2365.04
59151,10.0,65.58,41.3,22.22,40.26,663.15,1,2366.04
59176,10.0,65.53,43.37,22.33,40.99,680.15,1,2367.04
59201,10.0,65.69,45.03,23.13,41.11,668.19,1,2368.04
59226,10.0,65.18,46.25,24.52,40.49,666.64,1,2369.04
59251,10.0,63.57,47.25,26.36,40.24,685.65,1,2370.04
59276,10.0,61.45,48.24,26.65,40.44,699.69,1,2371.04
59301,10.0,59.35,48.34,26.5,42.72,715.59,1,2372.04
59326,10.0,57.66,47.07,26.08,42.86,717.58,1,2373.04
59351,10.0,56.61,45.1,25.03,41.63,720.27,1,2374.04
59376,10.0,56.18,43.23,23.84,39.78,722.97,1,2375.04
59401,10.0,56.35,41.99,23.97,37.51,718.76,1,2376.04
59426,10.0,57.29,41.22,24.39,35.62,692.79,1,2377.04
59451,10.0,58.87,41.08,23.68,34.1,646.98,1,2378.04
59476,10.0,60.43,41.22,21.74,34.17,605.52,1,2379.04
59501,10.0,61.47,40.58,20.29,33.99,574.0,1,2380.04
59526,10.0,62.11,39.15,20.06,33.43,562.23,1,2381.04
59551,10.0,62.95,37.44,20.09,32.38,560.26,1,2382.04
59576,10.0,64.16,35.89,20.2,32.03,544.04,1,2383.04
59601,10.0,65.61,34.65,20.66,31.82,521.67,1,2384.04
59626,10.0,67.05,33.34,21.66,32.01,523.05,1,2385.04
59651,10.0,68.38,31.84,22.39,32.65,548.86,1,2386.04
59676,10.0,70.0,30.48,23.4,33.3,579.49,1,2387.04
59701,10.0,72.32,29.48,25.07,32.68,608.38,1,2388.04
59726,10.0,75.16,29.03,27.16,32.14,623.47,1,2389.04
59751,10.0,78.04,28.76,29.33,32.75,650.25,1,2390.04
59776,10.0,80.24,28.46,30.98,33.98,695.45,1,2391.04
59801,10.0,81.16,28.44,31.71,34.87,707.69,1,2392.04
59826,10.0,81.29,28.57,30.98,34.62,669.72,1,2393.04
59851,10.0,81.42,28.46,30.03,34.25,633.82,1,2394.04
59876,10.0,81.91,28.23,29.51,33.42,603.6,1,2395.04
59901,10.0,83.31,28.41,30.22,32.95,620.2,1,2396.04
59926,10.0,85.71,29.0,33.67,32.28,707.44,1,2397.04
59951,10.0,88.71,29.31,40.09,31.24,787.07,1,2398.04
59976,10.0,90.5,29.62,43.49,30.51,786.88,1,2399.04
60001,10.0,90.56,30.41,44.39,30.57,763.37,1,2400.04
60026,10.0,89.42,31.25,43.69,32.92,777.55,1,2401.04
60051,10.0,87.97,31.95,42.94,36.32,820.68,1,2402.04
60076,10.0,86.39,32.3,41.53,38.94,871.49,1,2403.04
60101,10.0,84.86,32.34,39.66,41.21,931.97,1,2404.04
60126,10.0,83.49,32.42,37.8,43.41,1012.93,1,2405.04
60151,10.0,82.26,32.53,37.93,45.19,1109.59,1,2406.04
60176,10.0,81.13,32.53,38.72,46.75,1204.5,1,2407.04
60201,10.0,80.06,32.62,39.85,47.93,1300.37,1,2408.04
60226,10.0,78.95,32.78,40.69,48.6,1381.47,1,2409.04
60251,10.0,77.81,32.85,41.33,48.61,1444.54,1,2410.04
60276,10.0,76.74,32.92,43.03,47.74,1484.21,1,2411.04
60301,10.0,75.67,33.01,43.37,46.78,1492.59,1,2412.04
60326,10.0,74.6,33.07,43.28,45.94,1487.69,1,2413.04
60351,10.0,73.45,33.23,42.22,45.74,1467.97,1,2414.04
60376,10.0,72.23,33.4,41.07,46.9,1462.02,1,2415.04
60401,10.0,71.05,33.45,40.8,48.24,1483.5,1,2416.04
60426,10.0,69.85,33.53,40.39,48.95,1492.32,1,2417.04
60451,10.0,68.68,33.64,39.94,49.87,1487.38,1,2418.04
60476,10.0,67.52,33.68,39.43,51.35,1485.16,1,2419.04
60501,10.0,66.31,33.74,38.58,52.51,1477.63,1,2420.04
60526,10.0,65.09,33.77,37.67,53.63,1473.3,1,2421.04
60551,10.0,63.87,33.86,36.79,54.77,1457.72,1,2422.04
60576,10.0,62.59,33.93,35.53,55.15,1418.25,1,2423.04
60601,10.0,61.23,34.09,33.95,54.85,1370.64,1,2424.04
60626,10.0,59.93,34.28,32.5,54.32,1335.1,1,2425.04
60651,10.0,58.96,34.35,33.24,54.0,1351.61,1,2426.04
60676,10.0,58.52,34.35,36.3,53.95,1433.93,1,2427.04
60701,10.0,58.5,34.45,39.84,54.44,1549.59,1,2428.04
60726,10.0,58.37,34.6,42.35,54.87,1641.98,1,2429.04
60751,10.0,57.77,34.71,42.51,54.54,1659.9,1,2430.04
60776,10.0,56.8,34.74,41.04,53.29,1602.78,1,2431.04
60801,10.0,55.66,34.84,38.69,51.43,1501.27,1,2432.04
60826,10.0,54.47,35.02,36.03,49.87,1387.96,1,2433.04
60851,10.0,53.29,35.14,33.35,48.83,1276.19,1,2434.04
60876,10.0,52.15,35.0,31.14,47.97,1178.97,1,2435.04
60901,10.0,51.11,34.5,29.63,46.94,1088.79,1,2436.04
60926,10.0,50.58,33.76,28.59,46.04,987.97,1,2437.04
60951,10.0,50.99,32.91,28.25,45.39,942.72,1,2438.04
60976,10.0,52.51,32.32,28.59,44.59,936.11,1,2439.04
61001,10.0,54.76,32.0,29.46,43.55,946.67,1,2440.04
61026,10.0,57.03,31.75,29.99,42.26,939.66,1,2441.04
61051,10.0,58.58,30.93,29.89,41.38,924.31,1,2442.04
61076,10.0,59.07,29.3,29.56,41.74,911.54,1,2443.04
61101,10.0,58.85,27.47,29.1,42.74,870.38,1,2444.04
61126,10.0,58.23,25.97,28.9,42.8,850.62,1,2445.04
61151,10.0,57.47,24.84,28.92,42.91,895.67,1,2446.04
61176,10.0,57.17,23.96,28.9,43.6,967.2,1,2447.04
61201,10.0,57.83,23.54,29.75,44.67,1033.08,1,2448.04
61226,10.0,59.86,23.58,31.81,43.48,1057.97,1,2449.04
61251,10.0,63.16,23.53,35.22,40.56,1080.36,1,2450.04
61276,10.0,67.1,23.2,39.45,38.82,1165.44,1,2451.04
61301,10.0,70.82,22.87,42.94,38.58,1285.04,1,2452.04
61326,10.0,73.57,22.98,44.75,40.02,1354.71,1,2453.04
61351,10.0,75.26,23.51,44.36,42.41,1381.56,1,2454.04
61376,10.0,76.0,24.04,43.44,45.33,1433.02,1,2455.04
61401,10.0,75.98,25.0,41.92,48.69,1495.91,1,2456.04
61426,10.0,75.43,26.72,40.02,52.09,1540.36,1,2457.04
61451,10.0,74.71,28.63,38.84,55.03,1581.34,1,2458.04
61476,10.0,73.74,30.5,39.09,57.64,1621.37,1,2459.04
61501,10.0,72.32,32.68,39.08,59.83,1640.19,1,2460.04
61526,10.0,71.02,34.71,38.45,60.4,1630.21,1,2461.04
61551,10.0,69.73,36.5,37.65,59.38,1657.7,1,2462.04
61576,10.0,68.21,37.92,38.79,59.14,1747.63,1,2463.04
61601,10.0,66.93,39.25,42.33,60.04,1845.07,1,2464.04
61626,10.0,66.36,40.46,40.82,60.98,1889.51,1,2465.04
61651,10.0,66.41,41.58,36.72,61.64,1788.6,1,2466.04
61676,10.0,66.11,42.49,33.16,61.4,1628.43,1,2467.04
61701,10.0,64.87,43.06,30.18,60.54,1482.83,1,2468.04
61726,10.0,62.95,43.4,30.5,59.01,1422.12,1,2469.04
61751,10.0,60.37,43.62,32.88,56.59,1387.56,1,2470.04
61776,10.0,57.38,43.53,36.0,53.38,1347.5,1,2471.04
61801,10.0,54.47,42.89,39.29,50.14,1329.15,1,2472.04
61826,10.0,51.86,41.64,42.45,47.2,1302.94,1,2473.04
61851,10.0,49.6,40.0,45.68,44.71,1274.87,1,2474.04
61876,10.0,47.81,38.19,47.19,43.08,1235.71,1,2475.04
61901,10.0,46.56,35.9,48.0,42.07,1195.51,1,2476.04
61926,10.0,46.68,33.07,44.71,42.15,1150.34,1,2477.04
61951,10.0,48.1,29.99,40.91,42.87,1124.6,1,2478.04
61976,10.0,50.09,26.99,37.26,44.58,1100.76,1,2479.04
62001,10.0,51.93,24.33,34.39,46.6,1067.4,1,2480.04
62026,10.0,52.49,22.33,32.13,47.31,1007.83,1,2481.04
62051,10.0,51.19,20.8,31.03,46.63,974.85,1,2482.04
62076,10.0,48.89,20.31,32.04,44.81,997.39,1,2483.04
62101,10.0,46.45,21.23,34.45,42.14,1049.84,1,2484.04
62126,10.0,44.33,22.88,37.75,40.08,1118.72,1,2485.04
62151,10.0,42.7,24.58,41.05,39.22,1183.95,1,2486.04
62176,10.0,42.18,25.75,42.68,38.04,1196.2,1,2487.04
62201,10.0,42.78,26.06,41.85,36.47,1153.91,1,2488.04
62226,10.0,43.65,25.7,39.32,34.82,1065.29,1,2489.04
62251,10.0,44.59,25.32,36.28,32.9,951.95,1,2490.04
62276,10.0,45.63,24.97,33.39,32.5,881.06,1,2491.04
62301,10.0,46.69,24.55,32.37,34.54,890.36,1,2492.04
62326,10.0,47.87,24.69,33.3,37.31,974.0,1,2493.04
62351,10.0,49.03,25.51,34.53,39.68,1047.66,1,2494.04
62376,10.0,50.02,26.75,35.34,40.44,1102.1,1,2495.04
62401,10.0,50.87,28.18,35.54,40.79,1145.05,1,2496.04
62426,10.0,51.78,29.43,35.67,42.13,1197.98,1,2497.04
62451,10.0,52.8,30.48,36.63,44.64,1285.77,1,2498.04
62476,10.0,53.75,31.22,37.56,46.29,1354.28,1,2499.04
62501,10.0,54.46,31.46,37.54,46.26,1342.21,1,2500.04
62526,10.0,54.92,31.25,36.98,46.18,1303.08,1,2501.04
62551,10.0,55.14,30.7,36.57,48.07,1326.17,1,2502.04
62576,10.0,55.15,29.98,38.35,50.18,1390.62,1,2503.04
62601,10.0,55.09,29.18,39.23,51.5,1422.61,1,2504.04
62626,10.0,55.09,28.42,39.51,52.41,1434.5,1,2505.04
62651,10.0,55.12,27.67,39.57,53.1,1437.58,1,2506.04
62676,10.0,55.26,27.03,39.62,53.5,1438.29,1,2507.04
62701,10.0,55.43,26.4,39.54,54.19,1450.22,1,2508.04
62726,10.0,55.58,25.63,39.24,54.66,1457.49,1,2509.04
62751,10.0,55.76,24.98,38.92,54.18,1459.96,1,2510.04
62776,10.0,55.88,24.62,38.71,53.7,1476.06,1,2511.04
62801,10.0,55.73,24.47,38.59,54.21,1503.27,1,2512.04
62826,10.0,55.59,24.77,38.01,54.77,1519.44,1,2513.04
62851,10.0,55.76,25.85,36.57,55.66,1521.75,1,2514.04
62876,10.0,56.04,27.55,35.72,56.03,1502.23,1,2515.04
62901,10.0,56.27,29.44,35.37,56.43,1464.27,1,2516.04
62926,10.0,56.56,31.16,33.38,56.58,1399.63,1,2517.04
62951,10.0,56.76,32.73,30.91,54.64,1314.68,1,2518.04
62976,10.0,56.88,34.16,28.85,53.0,1237.51,1,2519.04
63001,10.0,57.13,35.26,28.46,53.12,1195.31,1,2520.04
63026,10.0,57.61,36.14,29.93,52.7,1191.53,1,2521.04
63051,10.0,57.86,36.78,31.81,53.11,1241.65,1,2522.04
63076,10.0,57.16,37.14,33.09,52.02,1220.56,1,2523.04
63101,10.0,55.62,37.4,32.97,48.77,1172.58,1,2524.04
63126,10.0,53.07,37.37,34.02,44.87,1176.29,1,2525.04
63151,10.0,49.63,36.82,36.91,41.46,1207.79,1,2526.04
63176,10.0,46.13,35.7,39.98,39.33,1246.01,1,2527.04
63201,10.0,42.79,34.48,42.02,38.73,1282.4,1,2528.04
63226,10.0,39.65,33.64,41.05,38.16,1267.35,1,2529.04
63251,10.0,36.83,33.26,42.5,35.52,1217.74,1,2530.04
63276,10.0,34.31,32.88,44.64,32.53,1201.23,1,2531.04
63301,10.0,32.42,32.49,45.99,34.15,1241.63,1,2532.04
63326,10.0,31.1,32.28,47.34,35.27,1271.09,1,2533.04
63351,10.0,30.29,32.49,47.89,35.49,1271.77,1,2534.04
63376,10.0,30.14,33.13,47.21,35.02,1234.39,1,2535.04
63401,10.0,30.5,33.71,46.7,35.18,1213.0,1,2536.04
63426,10.0,31.08,34.03,46.45,35.87,1211.44,1,2537.04
63451,10.0,31.78,34.25,46.01,37.03,1213.58,1,2538.04
63476,10.0,32.55,34.41,45.97,37.71,1205.77,1,2539.04
63501,10.0,33.32,34.48,46.13,37.83,1192.43,1,2540.04
63526,10.0,34.13,34.62,46.2,37.67,1183.81,1,2541.04
63551,10.0,34.87,34.82,46.17,37.83,1189.54,1,2542.04
63576,10.0,35.54,35.05,46.44,37.92,1190.21,1,2543.04
63601,10.0,36.19,35.47,46.82,37.13,1176.44,1,2544.04
63626,10.0,36.84,35.97,46.94,36.66,1174.84,1,2545.04
63651,10.0,37.58,36.49,47.32,37.02,1196.46,1,2546.04
63676,10.0,38.46,37.04,47.83,36.97,1209.55,1,2547.04
63701,10.0,39.4,37.45,48.27,36.77,1215.06,1,2548.04
63726,10.0,40.35,37.72,48.86,36.57,1217.67,1,2549.04
63751,10.0,41.21,38.04,49.2,36.82,1219.56,1,2550.04
63776,10.0,41.88,38.45,48.84,36.87,1201.32,1,2551.04
63801,10.0,42.43,38.82,47.83,36.72,1171.34,1,2552.04
63826,10.0,42.97,39.13,46.6,36.59,1138.98,1,2553.04
63851,10.0,43.6,39.38,45.01,36.3,1092.53,1,2554.04
63876,10.0,44.4,39.63,43.05,36.22,1042.05,1,2555.04
63901,10.0,45.53,39.98,40.96,36.46,987.81,1,2556.04
63926,10.0,47.04,40.49,38.88,36.47,925.75,1,2557.04
63951,10.0,48.7,41.13,36.51,36.16,868.21,1,2558.04
63976,10.0,50.14,41.99,34.13,35.8,825.56,1,2559.04
64001,10.0,51.0,43.14,33.01,35.51,829.69,1,2560.04
64026,10.0,51.05,44.37,33.82,35.22,878.52,1,2561.04
64051,10.0,50.47,45.22,34.66,35.81,938.05,1,2562.04
64076,10.0,50.09,45.73,33.02,37.22,979.87,1,2563.04
64101,10.0,50.96,46.29,31.03,37.31,956.55,1,2564.04
64126,10.0,52.51,46.28,31.28,35.52,898.36,1,2565.04
64151,10.0,54.13,46.39,31.96,35.97,896.66,1,2566.04
64176,10.0,55.51,46.79,31.9,38.63,956.11,1,2567.04
64201,10.0,56.22,46.98,33.32,41.3,994.28,1,2568.04
64226,10.0,55.63,46.85,33.89,41.09,957.92,1,2569.04
64251,10.0,54.09,46.21,32.86,38.3,860.11,1,2570.04
64276,10.0,52.39,45.12,30.94,35.61,762.67,1,2571.04
64301,10.0,50.76,44.35,29.88,34.28,711.36,1,2572.04
64326,10.0,49.3,44.63,29.23,34.48,691.26,1,2573.04
64351,10.0,48.3,45.9,28.46,35.54,707.25,1,2574.04
64376,10.0,48.48,47.37,28.67,36.22,706.2,1,2575.04
64401,10.0,49.48,48.62,29.96,36.81,721.1,1,2576.04
64426,10.0,50.09,49.3,30.5,36.37,731.3,1,2577.04
64451,10.0,49.76,48.74,30.78,36.57,721.21,1,2578.04
64476,10.0,48.97,47.34,31.42,38.75,696.24,1,2579.04
64501,10.0,47.83,45.58,32.07,42.11,708.73,1,2580.04
64526,10.0,46.22,43.72,32.78,45.59,792.14,1,2581.04
64551,10.0,44.42,42.1,34.13,48.43,913.76,1,2582.04
64576,10.0,42.47,40.25,35.42,48.78,993.71,1,2583.04
64601,10.0,40.34,38.56,36.09,46.21,1016.51,1,2584.04
64626,10.0,38.11,37.26,36.71,42.35,1014.24,1,2585.04
64651,10.0,36.04,36.19,36.28,38.69,970.61,1,2586.04
64676,10.0,34.25,35.7,35.04,41.17,930.7,1,2587.04
64701,10.0,32.37,35.84,35.7,42.93,995.59,1,2588.04
64726,10.0,30.6,36.05,40.59,42.59,1094.52,1,2589.04
64751,10.0,29.61,36.19,43.56,41.54,1090.14,1,2590.04
64776,10.0,29.27,36.5,43.31,41.22,1042.36,1,2591.04
64801,10.0,29.37,36.68,43.5,41.05,1028.75,1,2592.04
64826,10.0,30.28,36.45,43.83,40.25,1021.73,1,2593.04
64851,10.0,31.98,36.09,43.8,38.85,983.53,1,2594.04
64876,10.0,34.12,35.8,42.74,37.5,918.88,1,2595.04
64901,10.0,36.48,35.88,40.47,36.92,859.76,1,2596.04
64926,10.0,38.96,36.36,37.72,36.71,806.49,1,2597.04
64951,10.0,41.59,36.84,34.77,35.91,774.24,1,2598.04
64976,10.0,44.26,37.32,32.24,34.52,766.15,1,2599.04
65001,10.0,46.62,37.79,31.72,33.63,766.59,1,2600.04
65026,10.0,48.43,38.28,30.58,34.28,749.93,1,2601.04
65051,10.0,49.91,38.68,28.57,35.0,696.52,1,2602.04
65076,10.0,51.5,38.69,25.94,34.3,634.66,1,2603.04
65101,10.0,53.2,38.22,23.67,33.09,595.53,1,2604.04
65126,10.0,54.81,37.04,22.89,33.29,591.01,1,2605.04
65151,10.0,56.62,35.25,22.73,34.88,602.48,1,2606.04
65176,10.0,58.9,33.24,22.81,36.41,631.85,1,2607.04
65201,10.0,61.61,31.34,23.8,37.7,675.09,1,2608.04
65226,10.0,64.44,29.72,24.98,38.64,729.58,1,2609.04
65251,10.0,67.13,28.31,25.88,40.27,784.75,1,2610.04
65276,10.0,69.62,27.13,27.31,41.21,823.93,1,2611.04
65301,10.0,71.59,26.34,27.62,40.54,836.29,1,2612.04
65326,10.0,72.92,26.09,27.48,37.63,798.87,1,2613.04
65351,10.0,73.93,26.48,27.7,35.5,756.06,1,2614.04
65376,10.0,74.63,27.52,26.62,34.89,685.13,1,2615.04
65401,10.0,74.79,28.76,24.36,34.23,602.22,1,2616.04
65426,10.0,74.42,30.13,22.55,33.7,550.09,1,2617.04
65451,10.0,73.94,31.81,21.55,34.33,518.79,1,2618.04
65476,10.0,73.8,33.42,19.75,35.44,478.2,1,2619.04
65501,10.0,73.84,34.91,18.74,36.24,457.16,1,2620.04
65526,10.0,73.87,36.61,18.56,37.31,474.56,1,2621.04
65551,10.0,74.16,38.31,19.67,38.06,549.74,1,2622.04
65576,10.0,74.97,39.9,22.62,37.55,619.8,1,2623.04
65601,10.0,75.74,41.66,23.85,38.3,651.37,1,2624.04
65626,10.0,76.28,43.55,22.89,40.56,642.05,1,2625.04
65651,10.0,77.15,45.18,23.18,40.24,644.0,1,2626.04
65676,10.0,78.84,46.2,24.47,37.9,649.16,1,2627.04
65701,10.0,80.73,46.62,26.12,36.56,649.43,1,2628.04
65726,10.0,81.71,46.83,25.97,36.01,620.51,1,2629.04
65751,10.0,81.76,46.79,22.66,35.14,564.61,1,2630.04
65776,10.0,81.67,46.05,17.78,32.79,446.43,1,2631.04
65801,10.0,81.76,44.96,15.86,28.66,360.71,1,2632.04
65826,10.0,81.33,43.85,15.68,26.88,330.15,1,2633.04
65851,10.0,80.18,42.57,15.47,28.33,332.73,1,2634.04
65876,10.0,79.1,41.86,15.21,31.67,355.46,1,2635.04
65901,10.0,78.61,42.48,16.58,35.09,429.0,1,2636.04
65926,10.0,78.61,43.76,19.03,38.38,512.73,1,2637.04
65951,10.0,78.85,44.98,20.56,40.2,553.61,1,2638.04
65976,10.0,78.95,45.82,21.28,40.61,559.86,1,2639.04
66001,10.0,78.36,46.02,21.39,40.07,564.17,1,2640.04
66026,10.0,77.03,45.77,21.14,39.22,567.0,1,2641.04
66051,10.0,75.77,45.71,21.06,38.63,581.59,1,2642.04
66076,10.0,75.55,46.51,21.23,38.46,620.77,1,2643.04
66101,10.0,76.68,47.38,22.96,37.91,646.82,1,2644.04
66126,10.0,78.3,47.53,24.28,36.22,643.22,1,2645.04
66151,10.0,79.12,47.32,24.69,34.06,624.04,1,2646.04
66176,10.0,79.34,47.0,24.86,31.36,600.72,1,2647.04
66201,10.0,79.7,47.34,25.37,29.24,603.93,1,2648.04
66226,10.0,80.7,47.72,27.3,28.81,654.54,1,2649.04
66251,10.0,82.21,47.38,30.38,29.47,714.46,1,2650.04
66276,10.0,83.22,46.79,33.57,29.72,748.41,1,2651.04
66301,10.0,82.94,46.07,34.77,28.44,745.92,1,2652.04
66326,10.0,81.37,45.04,33.56,29.36,790.5,1,2653.04
66351,10.0,79.02,43.86,33.74,32.93,883.22,1,2654.04
66376,10.0,76.34,42.91,33.99,36.11,993.02,1,2655.04
66401,10.0,74.04,42.32,34.58,38.16,1068.16,1,2656.04
66426,10.0,72.74,41.69,34.89,38.64,1073.91,1,2657.04
66451,10.0,72.62,40.53,34.15,35.39,1000.39,1,2658.04
66476,10.0,73.46,38.87,33.89,33.7,926.34,1,2659.04
66501,10.0,75.04,37.17,34.04,32.03,839.02,1,2660.04
66526,10.0,76.88,35.22,35.71,30.6,783.99,1,2661.04
66551,10.0,78.94,33.09,37.39,29.31,788.59,1,2662.04
66576,10.0,81.28,31.87,40.7,28.83,846.04,1,2663.04
66601,10.0,82.72,31.49,43.87,29.2,911.22,1,2664.04
66626,10.0,83.11,31.15,45.62,30.43,1008.66,1,2665.04
66651,10.0,82.89,30.73,46.94,32.0,1101.95,1,2666.04
66676,10.0,82.25,30.59,47.24,33.6,1155.26,1,2667.04
66701,10.0,81.32,30.49,46.64,35.94,1208.91,1,2668.04
66726,10.0,80.19,30.23,46.26,38.38,1266.28,1,2669.04
66751,10.0,78.75,30.18,45.4,38.25,1269.44,1,2670.04
66776,10.0,77.18,30.31,43.92,37.69,1249.33,1,2671.04
66801,10.0,75.83,30.13,41.83,37.95,1214.91,1,2672.04
66826,10.0,74.76,29.87,39.27,38.41,1153.01,1,2673.04
66851,10.0,74.01,29.58,36.48,38.51,1053.46,1,2674.04
66876,10.0,73.62,29.69,33.73,37.36,908.18,1,2675.04
66901,10.0,74.11,30.6,31.72,35.29,794.29,1,2676.04
66926,10.0,75.78,32.15,31.08,33.35,712.77,1,2677.04
66951,10.0,78.08,34.25,32.41,35.58,715.38,1,2678.04
66976,10.0,80.67,36.26,33.5,37.96,754.41,1,2679.04
67001,10.0,83.32,37.54,34.93,36.91,748.8,1,2680.04
67026,10.0,85.79,38.26,36.09,32.74,681.36,1,2681.04
67051,10.0,87.75,38.93,36.3,28.39,591.44,1,2682.04
67076,10.0,88.74,39.57,35.83,24.32,494.15,1,2683.04
67101,10.0,89.15,39.68,35.87,21.77,436.27,1,2684.04
67126,10.0,88.96,39.54,36.24,20.8,422.91,1,2685.04
67151,10.0,88.36,39.29,36.92,21.16,413.4,1,2686.04
67176,10.0,87.49,39.09,37.14,21.15,409.19,1,2687.04
67201,10.0,86.41,39.05,37.18,21.05,413.19,1,2688.04
67226,10.0,85.3,38.93,37.36,21.58,428.18,1,2689.04
67251,10.0,84.15,38.73,37.76,22.57,451.36,1,2690.04
67276,10.0,83.07,38.55,38.81,23.76,486.08,1,2691.04
67301,10.0,82.13,38.32,41.03,25.03,536.64,1,2692.04
67326,10.0,81.29,38.0,43.59,26.38,598.94,1,2693.04
67351,10.0,80.46,37.61,45.72,27.73,661.21,1,2694.04
67376,10.0,79.53,37.18,46.83,28.91,717.35,1,2695.04
67401,10.0,78.55,36.78,46.69,29.98,759.18,1,2696.04
67426,10.0,77.55,36.44,45.96,31.18,795.48,1,2697.04
67451,10.0,76.59,36.13,44.94,32.11,826.96,1,2698.04
67476,10.0,75.67,35.87,43.59,32.83,854.39,1,2699.04
67501,10.0,74.69,35.58,43.13,33.7,873.21,1,2700.04
67526,10.0,73.49,35.32,41.89,34.48,869.69,1,2701.04
67551,10.0,72.23,35.08,40.43,35.49,863.55,1,2702.04
67576,10.0,70.85,34.86,38.86,36.39,851.21,1,2703.04
67601,10.0,69.41,34.78,37.07,36.94,833.55,1,2704.04
67626,10.0,68.1,34.97,35.01,37.3,821.24,1,2705.04
67651,10.0,67.01,35.55,33.36,37.51,793.59,1,2706.04
67676,10.0,66.15,36.47,31.91,38.08,766.95,1,2707.04
67701,10.0,65.43,37.68,30.58,38.19,733.29,1,2708.04
67726,10.0,64.84,38.97,29.33,37.7,694.82,1,2709.04
67751,10.0,64.48,40.27,28.2,37.33,662.31,1,2710.04
67776,10.0,64.24,41.52,27.24,37.39,631.98,1,2711.04
67801,10.0,63.98,42.75,26.39,37.72,604.01,1,2712.04
67826,10.0,63.73,44.0,25.51,38.0,576.57,1,2713.04
67851,10.0,63.53,45.16,24.54,37.15,538.84,1,2714.04
67876,10.0,63.35,46.26,23.39,36.56,503.84,1,2715.04
67901,10.0,63.16,47.34,22.21,36.44,469.52,1,2716.04
67926,10.0,62.95,48.45,21.11,36.12,439.57,1,2717.04
67951,9.0,58.7,30.99,44.05,40.99,952.9,2,2718.04
67976,10.0,63.56,31.05,18.54,38.72,561.97,2,2719.04
68001,10.0,63.7,30.89,19.59,38.92,582.78,2,2720.04
68026,10.0,63.64,30.79,21.7,39.2,611.01,2,2721.04
68051,10.0,63.61,30.74,21.83,39.32,605.15,2,2722.04
68076,10.0,63.67,30.78,20.43,39.19,585.6,2,2723.04
68101,10.0,63.75,30.81,19.3,38.76,567.72,2,2724.04
68126,10.0,63.89,30.71,18.99,38.12,563.67,2,2725.04
68151,10.0,64.04,30.61,19.29,37.53,572.46,2,2726.04
68176,10.0,64.15,30.56,19.7,36.86,577.1,2,2727.04
68201,10.0,64.19,30.52,20.1,36.72,585.29,2,2728.04
68226,10.0,64.22,30.49,20.4,36.76,589.0,2,2729.04
68251,10.0,64.25,30.47,20.69,36.76,594.44,2,2730.04
68276,10.0,64.3,30.45,21.0,36.96,606.38,2,2731.04
68301,10.0,64.33,30.45,21.15,37.04,611.65,2,2732.04
68326,10.0,64.33,30.49,21.13,36.9,608.08,2,2733.04
68351,10.0,64.32,30.5,21.17,36.85,605.48,2,2734.04
68376,10.0,64.3,30.49,21.16,36.84,602.9,2,2735.04
68401,10.0,64.27,30.53,21.16,37.19,603.18,2,2736.04
68426,10.0,64.11,30.59,22.6,37.33,623.98,2,2737.04
68451,10.0,63.73,30.53,26.65,37.18,679.35,2,2738.04
68476,10.0,64.06,30.01,31.72,36.47,721.82,2,2739.04
68501,10.0,65.79,29.0,35.57,35.22,730.75,2,2740.04
68526,10.0,68.09,27.96,36.99,33.42,733.52,2,2741.04
68551,10.0,70.07,27.12,36.71,31.92,744.21,2,2742.04
68576,10.0,71.57,26.38,34.69,29.67,719.23,2,2743.04
68601,10.0,72.43,25.49,35.04,27.67,669.19,2,2744.04
68626,10.0,72.77,24.59,34.81,28.75,638.06,2,2745.04
68651,10.0,72.99,23.62,34.97,32.94,688.32,2,2746.04
68676,10.0,73.04,22.62,36.14,38.11,793.39,2,2747.04
68701,10.0,72.96,21.91,37.28,41.82,900.2,2,2748.04
68726,10.0,72.91,21.58,38.2,43.21,961.92,2,2749.04
68751,10.0,72.85,21.36,39.08,44.17,1030.85,2,2750.04
68776,10.0,72.64,21.12,39.94,44.96,1097.84,2,2751.04
68801,10.0,72.27,20.86,40.83,45.54,1152.61,2,2752.04
68826,10.0,71.88,20.46,41.99,45.76,1200.29,2,2753.04
68851,10.0,71.66,19.96,43.28,45.5,1245.78,2,2754.04
68876,10.0,71.55,19.65,44.07,44.1,1254.31,2,2755.04
68901,10.0,71.55,19.31,43.89,44.35,1240.51,2,2756.04
68926,10.0,71.53,18.85,42.77,45.41,1203.72,2,2757.04
68951,10.0,71.42,18.39,41.45,46.2,1165.69,2,2758.04
68976,10.0,71.41,18.18,40.4,46.79,1142.43,2,2759.04
69001,10.0,71.51,18.39,39.53,47.01,1145.58,2,2760.04
69026,10.0,71.66,19.0,38.73,47.23,1159.11,2,2761.04
69051,10.0,71.58,20.37,37.85,47.93,1177.73,2,2762.04
69076,10.0,70.82,22.59,37.06,47.61,1182.22,2,2763.04
69101,10.0,69.1,25.4,36.7,46.32,1149.57,2,2764.04
69126,10.0,66.71,28.3,36.52,45.78,1164.08,2,2765.04
69151,10.0,64.44,31.02,36.9,46.25,1241.23,2,2766.04
69176,10.0,62.45,33.84,38.4,47.12,1393.77,2,2767.04
69201,10.0,60.32,36.02,40.27,49.04,1517.83,2,2768.04
69226,10.0,58.0,37.45,39.19,49.4,1534.9,2,2769.04
69251,10.0,55.54,38.71,40.07,50.2,1575.15,2,2770.04
69276,10.0,52.65,39.92,40.35,51.61,1607.59,2,2771.04
69301,10.0,49.14,40.73,39.1,52.97,1594.28,2,2772.04
69326,10.0,45.39,40.99,37.74,52.79,1539.98,2,2773.04
69351,10.0,42.09,41.1,36.31,51.27,1451.59,2,2774.04
69376,10.0,40.15,41.06,37.08,49.5,1410.53,2,2775.04
69401,10.0,39.61,40.62,36.64,49.86,1325.59,2,2776.04
69426,10.0,39.7,39.71,34.66,50.49,1259.61,2,2777.04
69451,10.0,40.0,38.0,32.67,50.88,1224.75,2,2778.04
69476,10.0,40.65,35.87,31.74,52.21,1224.13,2,2779.04
69501,10.0,41.46,34.05,32.08,53.63,1249.47,2,2780.04
69526,10.0,42.1,32.96,32.64,54.7,1289.05,2,2781.04
69551,10.0,42.52,32.18,31.68,56.86,1305.13,2,2782.04
69576,10.0,42.96,31.29,30.29,57.88,1293.68,2,2783.04
69601,10.0,43.41,30.21,30.63,57.68,1278.21,2,2784.04
69626,10.0,43.65,29.13,31.64,56.0,1270.91,2,2785.04
69651,10.0,43.93,28.37,33.41,53.56,1242.09,2,2786.04
69676,10.0,43.87,28.32,33.37,52.87,1229.21,2,2787.04
69701,10.0,42.63,28.76,32.66,53.16,1225.73,2,2788.04
69726,10.0,40.65,28.69,32.99,53.85,1248.55,2,2789.04
69751,10.0,38.18,28.56,34.84,52.87,1296.67,2,2790.04
69776,10.0,34.67,28.57,38.36,50.14,1355.69,2,2791.04
69801,10.0,30.61,28.47,42.38,46.15,1375.52,2,2792.04
69826,10.0,27.18,28.21,43.08,41.6,1270.66,2,2793.04
69851,10.0,24.85,28.21,40.02,39.31,1152.0,2,2794.04
69876,10.0,23.63,28.71,38.26,38.24,1058.19,2,2795.04
69901,10.0,23.03,29.16,36.59,37.47,1000.54,2,2796.04
69926,10.0,23.0,29.52,37.15,36.86,995.72,2,2797.04
69951,10.0,23.75,29.84,37.53,37.09,1003.37,2,2798.04
69976,10.0,25.1,30.14,37.44,37.86,1011.42,2,2799.04
70001,10.0,26.86,30.45,37.1,38.39,1020.62,2,2800.04
70026,10.0,28.81,30.73,36.79,38.61,1028.81,2,2801.04
70051,10.0,30.79,30.97,36.65,38.59,1030.52,2,2802.04
70076,10.0,32.69,31.11,36.55,38.25,1024.36,2,2803.04
70101,10.0,34.5,31.27,36.23,37.73,1022.48,2,2804.04
70126,10.0,36.22,31.57,35.67,37.27,1012.62,2,2805.04
70151,10.0,37.89,31.87,34.98,37.08,997.06,2,2806.04
70176,10.0,39.53,32.22,34.22,36.95,984.84,2,2807.04
70201,10.0,41.09,32.72,33.5,37.05,974.18,2,2808.04
70226,10.0,42.52,33.51,32.83,37.09,951.08,2,2809.04
70251,10.0,43.89,34.53,32.12,36.76,912.89,2,2810.04
70276,10.0,45.23,35.56,31.17,36.28,871.46,2,2811.04
70301,10.0,46.5,36.5,30.71,35.6,829.96,2,2812.04
70326,10.0,47.73,37.41,30.29,34.44,788.01,2,2813.04
70351,10.0,48.98,38.28,29.76,32.92,741.09,2,2814.04
70376,10.0,50.15,39.05,29.22,31.19,693.81,2,2815.04
70401,10.0,51.25,39.79,28.65,30.34,655.06,2,2816.04
70426,10.0,52.3,40.41,28.5,29.71,623.86,2,2817.04
70451,10.0,53.49,41.1,28.99,29.15,605.87,2,2818.04
70476,10.0,54.7,41.75,30.71,29.06,593.87,2,2819.04
70501,10.0,55.48,42.13,31.49,29.15,618.69,2,2820.04
70526,10.0,55.78,42.15,31.02,29.44,641.46,2,2821.04
70551,10.0,55.92,42.1,30.71,30.98,683.11,2,2822.04
70576,10.0,55.78,41.87,30.84,32.86,728.78,2,2823.04
70601,10.0,55.24,41.33,31.0,35.05,767.72,2,2824.04
70626,10.0,54.47,40.72,30.88,37.7,807.32,2,2825.04
70651,10.0,53.54,40.04,30.62,40.22,844.29,2,2826.04
70676,10.0,52.59,39.51,30.31,42.49,881.48,2,2827.04
70701,10.0,51.61,39.02,30.17,44.45,921.95,2,2828.04
70726,10.0,50.6,38.65,30.33,45.86,963.22,2,2829.04
70751,10.0,49.56,38.27,30.68,47.68,995.5,2,2830.04
70776,10.0,48.53,37.66,31.52,48.93,1021.38,2,2831.04
70801,10.0,47.55,37.2,32.51,49.63,1044.6,2,2832.04
70826,10.0,46.57,36.92,33.01,50.44,1060.7,2,2833.04
70851,10.0,45.69,36.6,33.36,51.52,1073.11,2,2834.04
70876,10.0,45.04,36.06,33.83,52.62,1107.12,2,2835.04
70901,10.0,44.66,35.48,34.04,53.93,1149.38,2,2836.04
70926,10.0,44.53,35.03,33.74,55.01,1185.0,2,2837.04
70951,10.0,44.72,34.59,32.99,55.71,1210.29,2,2838.04
70976,10.0,45.27,34.33,32.17,55.76,1248.72,2,2839.04
71001,10.0,46.16,34.83,31.06,56.38,1292.49,2,2840.04
71026,10.0,47.39,35.91,30.09,57.85,1340.94,2,2841.04
71051,10.0,48.91,37.17,29.8,59.73,1382.37,2,2842.04
71076,10.0,50.45,38.56,30.35,60.72,1381.82,2,2843.04
71101,10.0,52.14,39.93,32.56,60.72,1379.44,2,2844.04
71126,10.0,53.64,41.17,36.58,60.15,1413.79,2,2845.04
71151,10.0,53.38,42.51,37.99,58.96,1472.33,2,2846.04
71176,10.0,51.17,43.47,39.39,58.13,1510.62,2,2847.04
71201,10.0,48.58,43.86,39.2,57.93,1505.86,2,2848.04
71226,10.0,46.5,44.21,38.37,57.63,1448.31,2,2849.04
71251,10.0,44.86,44.58,37.54,57.38,1413.66,2,2850.04
71276,10.0,43.38,44.92,36.86,57.86,1420.24,2,2851.04
71301,10.0,41.9,45.36,36.27,59.52,1441.67,2,2852.04
71326,10.0,40.56,45.8,35.9,60.81,1459.56,2,2853.04
71351,10.0,39.48,46.29,35.69,62.01,1491.21,2,2854.04
71376,10.0,38.71,46.66,35.68,61.5,1513.77,2,2855.04
71401,10.0,38.19,46.99,35.88,59.69,1522.44,2,2856.04
71426,10.0,37.79,47.7,35.92,61.07,1571.64,2,2857.04
71451,10.0,37.36,48.11,35.9,60.75,1576.57,2,2858.04
71476,10.0,36.84,48.23,35.97,58.47,1526.59,2,2859.04
71501,10.0,36.22,48.38,36.38,56.23,1475.44,2,2860.04
71526,10.0,35.6,48.48,37.18,54.69,1436.0,2,2861.04
71551,10.0,35.41,48.41,37.12,53.36,1405.21,2,2862.04
71576,10.0,35.92,48.03,36.33,52.56,1354.91,2,2863.04
71601,10.0,36.85,47.51,35.78,51.68,1313.11,2,2864.04
71626,10.0,38.07,46.88,37.11,51.82,1311.44,2,2865.04
71651,10.0,39.64,45.78,37.67,53.01,1354.03,2,2866.04
71676,10.0,41.04,43.55,36.51,54.65,1384.27,2,2867.04
71701,10.0,41.91,40.59,34.11,56.79,1403.31,2,2868.04
71726,10.0,42.3,37.53,33.46,58.18,1374.1,2,2869.04
71751,10.0,42.55,34.58,32.52,58.28,1340.28,2,2870.04
71776,10.0,43.03,32.11,32.0,57.77,1365.98,2,2871.04
71801,10.0,43.51,30.57,32.43,57.52,1386.45,2,2872.04
71826,10.0,43.21,30.03,32.41,57.46,1386.06,2,2873.04
71851,10.0,41.86,29.81,32.84,57.36,1337.98,2,2874.04
71876,10.0,39.93,29.15,32.67,57.1,1318.92,2,2875.04
71901,10.0,37.5,28.3,33.36,56.31,1324.14,2,2876.04
71926,10.0,34.53,27.72,38.42,55.64,1457.47,2,2877.04
71951,10.0,31.41,27.63,45.14,53.54,1613.37,2,2878.04
71976,10.0,28.61,27.8,51.25,50.57,1722.03,2,2879.04
72001,10.0,26.96,28.02,54.71,47.69,1730.56,2,2880.04
72026,10.0,26.95,28.32,54.85,45.62,1648.05,2,2881.04
72051,10.0,28.1,28.75,53.15,43.69,1538.6,2,2882.04
72076,10.0,29.81,29.23,50.32,42.01,1440.25,2,2883.04
72101,10.0,31.65,29.8,46.81,40.44,1352.98,2,2884.04
72126,10.0,33.53,30.47,43.36,39.01,1265.41,2,2885.04
72151,10.0,35.34,31.13,40.82,38.13,1178.31,2,2886.04
72176,10.0,36.91,31.77,39.67,37.4,1107.16,2,2887.04
72201,10.0,38.27,32.44,38.97,37.09,1051.76,2,2888.04
72226,10.0,39.47,33.08,38.26,37.24,1002.88,2,2889.04
72251,10.0,40.51,33.7,37.45,38.04,960.37,2,2890.04
72276,10.0,41.38,34.33,36.58,38.85,915.49,2,2891.04
72301,10.0,42.12,34.85,35.78,39.25,893.3,2,2892.04
72326,10.0,42.85,35.77,35.27,39.95,907.66,2,2893.04
72351,10.0,43.58,37.52,35.37,41.01,935.2,2,2894.04
72376,10.0,44.06,39.55,36.08,41.88,1007.71,2,2895.04
72401,10.0,44.43,41.62,35.2,42.15,1085.13,2,2896.04
72426,10.0,44.98,44.04,32.71,41.1,1100.47,2,2897.04
72451,10.0,44.87,45.79,34.51,40.26,1091.09,2,2898.04
72476,10.0,43.45,46.24,38.17,38.95,1095.7,2,2899.04
72501,10.0,41.74,46.49,40.93,38.68,1104.93,2,2900.04
72526,10.0,40.89,47.3,41.38,38.51,1039.92,2,2901.04
72551,10.0,41.03,48.47,39.78,37.49,924.31,2,2902.04
72576,10.0,42.17,49.07,36.9,35.3,808.55,2,2903.04
72601,10.0,44.14,48.86,34.32,33.52,744.63,2,2904.04
72626,10.0,46.24,48.46,32.19,32.36,731.24,2,2905.04
72651,10.0,48.22,48.12,30.32,33.4,739.93,2,2906.04
72676,10.0,49.68,48.05,29.17,35.4,782.45,2,2907.04
72701,10.0,50.15,48.38,29.9,36.33,833.99,2,2908.04
72726,10.0,49.7,48.77,30.52,37.7,861.52,2,2909.04
72751,10.0,48.27,48.82,31.32,39.45,885.62,2,2910.04
72776,10.0,45.91,48.53,32.67,41.05,901.03,2,2911.04
72801,10.0,43.08,47.98,33.72,41.34,915.61,2,2912.04
72826,10.0,39.83,47.51,35.14,42.77,1019.49,2,2913.04
72851,10.0,36.72,47.14,38.38,43.87,1151.12,2,2914.04
72876,10.0,34.18,46.94,42.33,42.78,1239.29,2,2915.04
72901,10.0,32.45,47.04,43.48,43.94,1306.46,2,2916.04
72926,10.0,31.55,47.03,40.86,45.15,1303.93,2,2917.04
72951,10.0,30.88,47.07,38.08,45.35,1278.11,2,2918.04
72976,10.0,30.33,47.19,37.68,46.78,1267.32,2,2919.04
73001,10.0,29.98,47.04,37.2,46.29,1258.31,2,2920.04
73026,10.0,29.59,47.03,36.2,45.78,1235.31,2,2921.04
73051,10.0,29.09,47.04,34.79,44.06,1186.52,2,2922.04
73076,10.0,28.57,47.04,33.41,42.87,1163.05,2,2923.04
73101,10.0,28.05,47.07,32.84,42.62,1160.7,2,2924.04
73126,10.0,27.47,47.1,32.94,42.92,1167.36,2,2925.04
73151,10.0,26.95,47.0,33.08,43.75,1170.29,2,2926.04
73176,10.0,26.67,46.79,32.45,43.73,1146.78,2,2927.04
73201,10.0,26.53,46.27,31.16,42.68,1097.24,2,2928.04
73226,10.0,25.86,45.36,32.42,41.47,1104.95,2,2929.04
73251,10.0,24.73,44.36,34.85,41.48,1148.12,2,2930.04
73276,10.0,24.06,43.76,35.33,41.75,1145.75,2,2931.04
73301,10.0,24.31,43.37,34.23,41.52,1097.47,2,2932.04
73326,10.0,25.51,42.81,32.97,41.5,1063.16,2,2933.04
73351,10.0,26.86,42.19,32.22,43.07,1039.87,2,2934.04
73376,10.0,28.34,41.81,32.27,44.35,1037.83,2,2935.04
73401,10.0,30.19,41.71,33.07,45.3,1087.28,2,2936.04
73426,10.0,32.13,41.69,34.48,47.51,1147.6,2,2937.04
73451,10.0,33.67,41.43,35.57,49.49,1178.28,2,2938.04
73476,10.0,34.32,41.14,35.76,51.12,1163.9,2,2939.04
73501,10.0,34.1,41.06,36.9,52.12,1158.38,2,2940.04
73526,10.0,33.56,40.76,37.81,49.34,1114.92,2,2941.04
73551,10.0,33.04,40.1,36.27,46.46,1013.49,2,2942.04
73576,10.0,33.45,39.46,34.03,44.72,944.84,2,2943.04
73601,10.0,35.91,38.39,32.53,40.55,865.19,2,2944.04
73626,10.0,39.61,37.45,31.85,34.33,795.17,2,2945.04
73651,10.0,44.01,37.34,32.73,30.37,764.04,2,2946.04
73676,10.0,49.07,37.82,35.4,27.8,790.35,2,2947.04
73701,10.0,54.37,38.42,39.24,26.3,844.03,2,2948.04
73726,10.0,59.48,38.99,41.81,27.37,889.98,2,2949.04
73751,10.0,64.24,39.24,43.21,28.09,893.88,2,2950.04
73776,10.0,68.65,39.25,44.22,27.55,896.57,2,2951.04
73801,10.0,72.64,39.3,44.81,27.18,888.27,2,2952.04
73826,10.0,76.03,39.43,44.66,26.92,869.39,2,2953.04
73851,10.0,78.57,39.22,43.52,25.02,801.76,2,2954.04
73876,10.0,80.62,38.66,42.69,21.83,724.29,2,2955.04
73901,10.0,82.66,38.55,43.27,20.53,725.69,2,2956.04
73926,10.0,84.93,38.58,44.99,21.24,779.48,2,2957.04
73951,10.0,86.91,38.32,45.7,23.77,845.73,2,2958.04
73976,10.0,88.2,37.85,45.65,24.43,864.2,2,2959.04
74001,10.0,88.82,37.36,45.79,23.87,857.5,2,2960.04
74026,10.0,88.75,36.8,44.54,23.31,843.68,2,2961.04
74051,10.0,88.29,36.28,43.28,23.2,829.49,2,2962.04
74076,10.0,87.64,35.94,42.33,23.2,823.84,2,2963.04
74101,10.0,86.9,35.67,42.09,23.71,817.8,2,2964.04
74126,10.0,86.11,35.45,42.57,24.57,811.51,2,2965.04
74151,10.0,85.29,35.27,42.7,25.61,805.34,2,2966.04
74176,10.0,84.52,35.21,42.67,26.99,811.59,2,2967.04
74201,10.0,83.73,35.39,43.06,28.69,845.37,2,2968.04
74226,10.0,82.91,35.46,43.52,30.54,887.14,2,2969.04
74251,10.0,81.98,34.9,43.86,32.42,929.61,2,2970.04
74276,10.0,80.98,33.9,43.66,35.12,980.06,2,2971.04
74301,10.0,79.88,32.9,43.23,38.35,1047.38,2,2972.04
74326,10.0,78.62,32.17,42.9,41.41,1094.89,2,2973.04
74351,10.0,77.38,31.78,42.42,43.86,1102.63,2,2974.04
74376,10.0,76.26,31.64,41.91,46.27,1095.41,2,2975.04
74401,10.0,75.12,31.43,41.36,48.1,1093.37,2,2976.04
74426,10.0,74.0,31.25,41.2,49.03,1106.02,2,2977.04
74451,10.0,72.97,31.25,40.9,49.47,1113.84,2,2978.04
74476,10.0,71.98,31.15,39.78,50.09,1107.0,2,2979.04
74501,10.0,71.05,31.18,38.36,51.21,1100.35,2,2980.04
74526,10.0,70.23,31.31,37.09,52.1,1084.04,2,2981.04
74551,10.0,69.53,31.31,35.5,52.07,1044.94,2,2982.04
74576,10.0,68.83,31.33,33.9,52.17,1007.35,2,2983.04
74601,10.0,68.06,31.43,32.78,52.63,984.77,2,2984.04
74626,10.0,67.24,31.59,31.77,52.75,960.31,2,2985.04
74651,10.0,66.36,31.67,30.7,53.57,946.42,2,2986.04
74676,10.0,65.57,31.62,29.66,54.66,937.59,2,2987.04
74701,10.0,64.99,31.58,28.67,54.98,919.48,2,2988.04
74726,10.0,64.48,31.63,27.65,55.38,910.14,2,2989.04
74751,10.0,64.06,31.63,26.46,55.66,893.55,2,2990.04
74776,10.0,63.74,31.6,25.21,56.03,877.26,2,2991.04
74801,10.0,63.41,31.5,23.89,56.43,861.66,2,2992.04
74826,10.0,63.07,31.41,22.71,56.74,840.61,2,2993.04
74851,10.0,62.74,31.39,21.57,57.05,814.14,2,2994.04
74876,10.0,62.42,31.36,20.44,57.38,798.44,2,2995.04
74901,10.0,62.12,31.36,19.81,57.47,783.8,2,2996.04
74926,10.0,61.84,31.43,19.82,57.64,769.72,2,2997.04
74951,10.0,61.57,31.48,19.84,57.74,757.18,2,2998.04
74976,10.0,61.32,31.47,19.85,57.73,747.39,2,2999.04
75001,10.0,61.14,31.42,19.81,57.49,742.52,2,3000.04
75026,10.0,61.08,31.4,19.59,57.32,741.13,2,3001.04
75051,10.0,60.97,31.38,19.07,57.34,732.16,2,3002.04
75076,10.0,60.76,31.38,18.4,57.26,715.6,2,3003.04
75101,10.0,60.58,31.41,17.89,57.49,703.37,2,3004.04
75126,10.0,60.48,31.35,17.71,57.71,695.53,2,3005.04
75151,10.0,60.47,31.36,17.86,57.83,695.3,2,3006.04
75176,10.0,60.51,31.43,18.09,58.02,700.59,2,3007.04
75201,10.0,60.51,31.4,18.07,57.84,699.01,2,3008.04
75226,10.0,60.39,31.33,17.58,57.78,686.35,2,3009.04
75251,10.0,60.18,31.27,16.95,57.7,674.19,2,3010.04
75276,10.0,59.97,31.13,16.58,57.41,660.79,2,3011.04
75301,10.0,59.78,30.98,16.42,57.3,650.41,2,3012.04
75326,10.0,59.64,30.93,16.34,57.46,645.06,2,3013.04
75351,10.0,59.6,30.88,16.4,57.37,647.12,2,3014.04
75376,10.0,59.58,30.86,16.58,57.23,651.6,2,3015.04
75401,10.0,59.56,30.9,16.67,57.28,652.28,2,3016.04
75426,10.0,59.55,30.9,16.69,57.23,651.71,2,3017.04
75451,10.0,59.52,30.88,16.64,57.28,650.43,2,3018.04
75476,10.0,59.44,30.9,16.48,57.46,647.1,2,3019.04
75501,10.0,59.37,30.9,16.45,57.54,643.98,2,3020.04
75526,10.0,59.23,30.98,16.87,57.88,657.33,2,3021.04
75551,10.0,58.65,31.2,19.06,58.4,735.8,2,3022.04
75576,10.0,57.7,31.89,23.33,59.45,884.65,2,3023.04
75601,10.0,56.73,33.09,28.0,61.18,1056.23,2,3024.04
75626,10.0,55.83,34.47,32.03,62.89,1228.47,2,3025.04
75651,10.0,54.95,35.68,34.34,63.32,1364.92,2,3026.04
75676,10.0,54.0,36.48,35.22,61.49,1424.05,2,3027.04
75701,10.0,52.84,37.1,35.32,58.23,1409.96,2,3028.04
75726,10.0,51.03,37.77,34.78,56.26,1420.05,2,3029.04
75751,10.0,48.27,38.43,37.74,55.98,1500.13,2,3030.04
75776,10.0,44.53,38.98,42.42,53.89,1589.72,2,3031.04
75801,10.0,40.3,39.56,47.65,49.97,1663.39,2,3032.04
75826,10.0,36.62,39.99,52.17,45.9,1695.19,2,3033.04
75851,10.0,34.51,40.19,54.15,43.45,1678.66,2,3034.04
75876,10.0,34.06,40.05,53.46,43.16,1627.49,2,3035.04
75901,10.0,34.59,39.71,51.14,42.74,1548.12,2,3036.04
75926,10.0,35.54,39.4,48.62,41.59,1459.04,2,3037.04
75951,10.0,36.53,39.28,46.19,40.11,1367.8,2,3038.04
75976,10.0,37.46,39.15,44.01,38.32,1281.63,2,3039.04
76001,10.0,38.28,39.08,42.28,36.44,1204.17,2,3040.04
76026,10.0,38.98,39.01,41.11,34.67,1130.77,2,3041.04
76051,10.0,39.73,38.91,40.19,33.63,1062.06,2,3042.04
76076,10.0,40.6,38.81,39.29,33.15,1008.58,2,3043.04
76101,10.0,41.57,38.75,38.45,32.73,964.08,2,3044.04
76126,10.0,42.54,38.76,37.9,32.35,928.36,2,3045.04
76151,10.0,43.48,38.96,37.54,32.27,898.63,2,3046.04
76176,10.0,44.53,39.16,37.04,31.62,861.28,2,3047.04
76201,10.0,45.8,39.38,36.23,30.55,810.89,2,3048.04
76226,10.0,47.18,39.78,35.01,29.57,751.31,2,3049.04
76251,10.0,48.5,40.4,33.4,28.86,699.38,2,3050.04
76276,10.0,49.59,41.21,32.09,28.59,675.97,2,3051.04
76301,10.0,50.47,41.99,31.31,28.45,658.16,2,3052.04
76326,10.0,51.29,42.58,30.67,27.99,624.79,2,3053.04
76351,10.0,52.02,43.12,29.96,27.37,587.46,2,3054.04
76376,10.0,52.82,43.68,29.41,26.93,559.55,2,3055.04
76401,10.0,54.04,43.7,29.75,26.45,546.32,2,3056.04
76426,10.0,55.83,42.87,30.78,25.88,561.76,2,3057.04
76451,10.0,58.01,41.52,32.2,25.41,601.86,2,3058.04
76476,10.0,60.3,39.55,34.76,25.5,664.24,2,3059.04
76501,10.0,61.72,36.72,35.68,29.46,774.21,2,3060.04
76526,10.0,61.36,33.8,35.52,35.75,925.43,2,3061.04
76551,10.0,59.29,31.58,35.1,41.83,1072.88,2,3062.04
76576,10.0,56.07,29.8,36.52,46.12,1175.99,2,3063.04
76601,10.0,52.53,28.37,36.72,48.29,1205.95,2,3064.04
76626,10.0,49.47,27.66,35.17,49.03,1169.88,2,3065.04
76651,10.0,47.46,27.64,36.1,49.23,1161.85,2,3066.04
76676,10.0,46.47,27.74,35.53,49.83,1137.01,2,3067.04
76701,10.0,46.06,27.7,34.51,50.77,1102.86,2,3068.04
76726,10.0,45.89,27.59,33.53,51.58,1067.39,2,3069.04
76751,10.0,45.76,27.48,32.49,52.57,1031.58,2,3070.04
76776,10.0,45.54,27.42,31.65,53.29,991.26,2,3071.04
76801,10.0,45.16,27.55,31.17,53.58,976.92,2,3072.04
76826,10.0,44.69,27.79,31.08,54.13,985.3,2,3073.04
76851,10.0,44.23,28.11,31.37,55.0,1005.86,2,3074.04
76876,10.0,43.89,28.45,31.45,56.38,1032.78,2,3075.04
76901,10.0,43.7,28.59,31.28,57.6,1080.3,2,3076.04
76926,10.0,43.57,28.5,31.17,58.41,1127.01,2,3077.04
76951,10.0,43.51,28.12,30.46,58.99,1173.13,2,3078.04
76976,10.0,43.68,27.64,30.61,59.12,1230.41,2,3079.04
77001,10.0,44.01,27.19,31.85,57.38,1261.47,2,3080.04
77026,10.0,44.04,26.83,32.58,52.87,1268.99,2,3081.04
77051,10.0,43.26,26.51,32.73,50.72,1279.43,2,3082.04
77076,10.0,41.94,26.2,33.89,50.62,1315.21,2,3083.04
77101,10.0,41.09,25.8,33.67,50.02,1290.01,2,3084.04
77126,10.0,41.48,25.04,31.5,49.45,1228.02,2,3085.04
77151,10.0,43.21,23.98,30.15,47.79,1165.35,2,3086.04
77176,10.0,45.46,23.11,29.34,44.52,1077.45,2,3087.04
77201,10.0,47.66,22.89,27.9,40.56,952.34,2,3088.04
77226,10.0,49.88,23.5,27.56,36.13,802.14,2,3089.04
77251,10.0,52.31,24.95,27.29,32.12,695.72,2,3090.04
77276,10.0,54.94,27.14,27.22,31.16,653.8,2,3091.04
77301,10.0,57.86,29.69,27.88,32.33,647.94,2,3092.04
77326,10.0,61.13,32.17,29.11,32.65,654.49,2,3093.04
77351,10.0,64.35,34.66,29.72,33.43,677.34,2,3094.04
77376,10.0,67.24,36.97,29.81,34.82,712.86,2,3095.04
77401,10.0,69.62,39.01,30.53,36.1,758.51,2,3096.04
77426,10.0,71.25,40.95,30.82,38.12,804.31,2,3097.04
77451,10.0,72.33,42.55,31.25,40.24,853.24,2,3098.04
77476,10.0,72.77,43.43,30.82,40.0,851.93,2,3099.04
77501,10.0,72.31,43.6,28.94,37.68,778.58,2,3100.04
77526,10.0,71.47,43.12,27.06,35.66,694.35,2,3101.04
77551,10.0,70.66,42.26,25.33,33.89,623.12,2,3102.04
77576,10.0,70.13,42.17,24.54,33.29,597.85,2,3103.04
77601,10.0,69.96,43.17,24.42,34.07,625.56,2,3104.04
77626,10.0,69.74,44.39,24.43,35.41,652.35,2,3105.04
77651,10.0,69.73,45.7,24.45,37.67,650.92,2,3106.04
77676,10.0,70.17,46.76,24.33,38.49,624.4,2,3107.04
77701,10.0,70.88,47.04,24.14,36.35,588.44,2,3108.04
77726,10.0,71.35,47.14,24.25,35.11,588.11,2,3109.04
77751,10.0,71.3,47.08,24.29,34.28,596.68,2,3110.04
77776,10.0,71.05,46.17,24.07,31.99,592.31,2,3111.04
77801,10.0,71.04,45.32,24.57,31.95,597.36,2,3112.04
77826,10.0,71.44,44.73,24.72,30.66,588.69,2,3113.04
77851,10.0,72.14,44.35,24.47,29.4,568.26,2,3114.04
77876,10.0,73.09,44.16,23.57,29.22,545.76,2,3115.04
77901,10.0,74.22,44.02,21.88,28.34,501.76,2,3116.04
77926,10.0,75.37,43.86,20.44,26.33,446.76,2,3117.04
77951,10.0,76.45,43.68,18.89,25.05,402.59,2,3118.04
77976,10.0,77.41,43.44,16.92,24.9,357.39,2,3119.04
78001,10.0,78.27,43.26,15.03,24.98,320.89,2,3120.04
78026,10.0,79.04,43.14,13.55,25.61,299.34,2,3121.04
78051,10.0,79.72,42.88,12.58,26.16,283.64,2,3122.04
78076,10.0,80.19,42.54,12.92,25.83,270.21,2,3123.04
78101,10.0,80.05,41.9,14.37,24.92,271.96,2,3124.04
78126,10.0,79.13,40.73,16.61,26.07,305.61,2,3125.04
78151,10.0,77.75,39.16,17.78,27.37,366.14,2,3126.04
78176,10.0,76.0,37.37,20.71,30.6,443.82,2,3127.04
78201,10.0,73.79,35.41,24.6,33.5,547.94,2,3128.04
78226,10.0,71.19,33.39,27.4,35.84,664.65,2,3129.04
78251,10.0,68.79,31.37,28.02,36.52,723.12,2,3130.04
78276,10.0,67.55,29.36,26.79,39.68,739.1,2,3131.04
78301,10.0,67.29,27.18,26.28,42.58,757.69,2,3132.04
78326,10.0,66.62,25.07,27.02,44.0,774.31,2,3133.04
78351,10.0,64.54,23.76,28.46,43.75,770.99,2,3134.04
78376,10.0,61.14,23.51,30.57,42.77,781.34,2,3135.04
78401,10.0,57.19,24.12,32.5,41.76,815.73,2,3136.04
78426,10.0,53.45,24.93,33.8,41.09,869.76,2,3137.04
78451,10.0,50.2,25.69,34.27,40.22,927.06,2,3138.04
78476,10.0,47.5,26.67,33.86,40.41,980.41,2,3139.04
78501,10.0,45.41,27.54,33.91,41.11,1055.2,2,3140.04
78526,10.0,44.08,27.57,36.3,41.48,1135.56,2,3141.04
78551,10.0,43.43,27.26,38.25,42.19,1173.02,2,3142.04
78576,10.0,43.54,27.57,38.59,42.43,1142.79,2,3143.04
78601,10.0,44.63,28.83,37.67,41.89,1091.47,2,3144.04
78626,10.0,46.49,30.73,36.35,41.3,1046.95,2,3145.04
78651,10.0,48.47,32.69,35.16,41.33,1002.92,2,3146.04
78676,10.0,50.08,34.67,33.82,42.12,980.41,2,3147.04
78701,10.0,51.04,36.4,31.67,44.49,992.07,2,3148.04
78726,10.0,51.47,37.5,30.73,48.11,1021.99,2,3149.04
78751,10.0,51.5,37.81,31.72,51.62,1049.74,2,3150.04
78776,10.0,51.06,37.31,31.34,53.79,1077.43,2,3151.04
78801,10.0,50.35,36.39,30.56,54.55,1074.61,2,3152.04
78826,10.0,49.88,35.39,29.92,54.99,1092.22,2,3153.04
78851,10.0,49.39,34.96,30.13,55.9,1142.35,2,3154.04
78876,10.0,48.31,34.87,31.27,56.97,1186.85,2,3155.04
78901,10.0,46.8,34.4,31.82,57.48,1181.12,2,3156.04
78926,10.0,44.94,33.52,31.66,57.48,1145.12,2,3157.04
78951,10.0,42.96,32.61,31.08,56.69,1089.96,2,3158.04
78976,10.0,41.58,31.67,30.64,53.72,1033.01,2,3159.04
79001,10.0,40.82,30.55,30.89,47.95,988.94,2,3160.04
79026,10.0,40.65,29.82,30.26,41.25,901.18,2,3161.04
79051,10.0,41.21,29.95,28.23,38.4,780.58,2,3162.04
79076,10.0,41.73,30.82,28.04,35.95,706.68,2,3163.04
79101,10.0,41.48,31.27,30.95,33.72,708.69,2,3164.04
79126,10.0,41.21,31.24,33.78,33.16,750.19,2,3165.04
79151,10.0,42.01,31.94,35.49,33.85,803.14,2,3166.04
79176,10.0,43.46,33.19,37.08,35.86,890.08,2,3167.04
79201,10.0,45.03,34.55,38.61,40.85,1008.52,2,3168.04
79226,10.0,46.67,35.73,40.12,46.04,1123.66,2,3169.04
79251,10.0,48.33,36.7,41.69,49.94,1213.95,2,3170.04
79276,10.0,50.02,37.55,43.5,53.01,1302.05,2,3171.04
79301,10.0,51.76,38.38,45.66,55.03,1408.48,2,3172.04
79326,10.0,53.42,39.15,47.74,56.09,1505.63,2,3173.04
79351,10.0,55.0,39.83,49.14,56.75,1591.75,2,3174.04
79376,10.0,56.56,40.3,49.66,57.22,1689.32,2,3175.04
79401,10.0,58.09,40.25,49.35,57.95,1803.01,2,3176.04
79426,10.0,59.47,39.58,47.96,58.64,1898.34,2,3177.04
79451,10.0,60.45,38.57,45.39,58.78,1934.5,2,3178.04
79476,10.0,60.92,37.44,42.45,58.34,1910.0,2,3179.04
79501,10.0,60.99,36.06,40.64,57.86,1850.96,2,3180.04
79526,10.0,60.76,34.47,38.04,57.69,1763.42,2,3181.04
79551,10.0,60.29,33.01,35.5,57.79,1660.55,2,3182.04
79576,10.0,59.78,32.04,34.77,57.89,1575.8,2,3183.04
79601,10.0,59.43,31.66,34.35,58.21,1508.44,2,3184.04
79626,10.0,59.25,31.67,33.78,58.69,1444.39,2,3185.04
79651,10.0,59.26,32.17,32.86,59.12,1413.07,2,3186.04
79676,10.0,59.27,33.18,31.54,59.51,1382.48,2,3187.04
79701,10.0,58.73,34.49,28.69,60.45,1308.76,2,3188.04
79726,10.0,57.53,35.93,27.6,61.68,1196.43,2,3189.04
79751,10.0,55.64,37.2,27.78,62.61,1127.47,2,3190.04
79776,10.0,53.11,38.29,29.94,62.62,1147.83,2,3191.04
79801,10.0,50.7,39.29,31.89,62.04,1216.47,2,3192.04
79826,10.0,48.78,39.61,31.77,61.26,1264.59,2,3193.04
79851,10.0,47.51,38.82,30.95,59.13,1241.74,2,3194.04
79876,10.0,46.44,37.73,31.95,56.33,1154.31,2,3195.04
79901,10.0,44.59,36.96,33.13,53.85,1080.83,2,3196.04
79926,10.0,42.86,36.68,34.39,51.85,1040.31,2,3197.04
79951,10.0,42.76,36.65,33.92,48.29,952.66,2,3198.04
79976,10.0,44.29,36.68,33.45,43.15,856.55,2,3199.04
80001,10.0,46.89,36.42,33.93,39.06,808.27,2,3200.04
80026,10.0,50.05,35.92,34.45,36.38,797.25,2,3201.04
80051,10.0,53.15,35.12,34.55,34.29,774.8,2,3202.04
80076,10.0,55.34,33.8,33.03,32.77,719.27,2,3203.04
80101,10.0,56.58,32.72,30.17,33.73,664.32,2,3204.04
80126,10.0,57.61,32.48,28.34,34.2,621.61,2,3205.04
80151,10.0,58.86,33.24,25.87,34.35,567.89,2,3206.04
80176,10.0,60.53,34.57,24.36,35.13,551.43,2,3207.04
80201,10.0,62.44,36.04,24.26,36.51,561.37,2,3208.04
80226,10.0,64.7,37.53,24.69,38.66,594.2,2,3209.04
80251,10.0,67.34,38.75,26.07,40.51,633.82,2,3210.04
80276,10.0,70.26,39.49,28.11,41.16,685.58,2,3211.04
80301,10.0,73.4,39.92,30.72,39.67,723.82,2,3212.04
80326,10.0,76.64,40.24,33.86,37.12,738.21,2,3213.04
80351,10.0,79.26,40.42,37.57,34.47,746.29,2,3214.04
80376,10.0,80.67,40.85,40.39,33.7,777.03,2,3215.04
80401,10.0,80.6,41.63,40.88,34.27,834.5,2,3216.04
80426,10.0,79.22,42.68,38.18,34.64,866.93,2,3217.04
80451,10.0,77.32,43.79,33.92,34.92,851.02,2,3218.04
80476,10.0,75.65,44.64,30.46,35.33,800.82,2,3219.04
80501,10.0,74.47,45.1,26.91,36.57,749.3,2,3220.04
80526,10.0,73.57,45.08,24.07,36.23,692.71,2,3221.04
80551,10.0,73.09,45.21,23.23,35.81,658.64,2,3222.04
80576,10.0,73.56,45.81,23.28,37.4,676.99,2,3223.04
80601,10.0,74.32,46.4,23.78,38.45,694.39,2,3224.04
80626,10.0,74.47,46.74,23.09,37.82,667.1,2,3225.04
80651,10.0,74.36,46.99,21.85,36.55,615.33,2,3226.04
80676,10.0,74.57,47.25,21.25,35.09,571.75,2,3227.04
80701,10.0,75.01,47.65,21.2,36.52,569.69,2,3228.04
80726,10.0,74.7,47.7,21.56,37.07,601.66,2,3229.04
80751,10.0,73.77,46.75,21.97,36.01,588.46,2,3230.04
80776,10.0,72.9,44.93,21.96,33.61,549.04,2,3231.04
80801,10.0,72.47,42.44,22.18,31.81,557.2,2,3232.04
80826,10.0,72.88,39.33,23.03,33.96,628.97,2,3233.04
80851,10.0,73.7,36.02,24.12,38.82,733.62,2,3234.04
80876,10.0,73.7,32.99,24.57,41.77,800.61,2,3235.04
80901,10.0,72.72,30.42,25.55,42.01,799.14,2,3236.04
80926,10.0,71.24,28.51,24.45,41.9,745.12,2,3237.04
80951,10.0,69.38,27.77,21.32,41.38,650.52,2,3238.04
80976,10.0,67.19,28.13,20.88,40.8,587.37,2,3239.04
81001,10.0,64.94,28.8,22.67,41.0,623.81,2,3240.04
81026,10.0,63.22,28.43,23.94,40.76,678.36,2,3241.04
81051,10.0,62.0,27.3,24.43,38.67,667.16,2,3242.04
81076,10.0,61.31,26.29,24.27,40.4,646.47,2,3243.04
81101,10.0,61.49,25.03,24.86,41.62,646.22,2,3244.04
81126,10.0,62.26,23.42,26.04,42.86,679.47,2,3245.04
81151,10.0,64.22,22.3,27.34,43.14,749.02,2,3246.04
81176,10.0,67.82,22.17,31.46,41.43,831.15,2,3247.04
81201,10.0,72.08,22.5,37.17,39.68,950.24,2,3248.04
81226,10.0,75.98,22.91,42.88,39.12,1074.09,2,3249.04
81251,10.0,79.0,23.13,46.67,39.03,1163.0,2,3250.04
81276,10.0,81.31,23.35,48.48,37.74,1179.93,2,3251.04
81301,10.0,83.32,23.95,48.96,34.95,1113.5,2,3252.04
81326,10.0,85.11,24.78,46.92,33.15,1007.53,2,3253.04
81351,10.0,86.7,25.65,43.73,32.24,891.51,2,3254.04
81376,10.0,88.14,26.47,40.06,30.95,764.13,2,3255.04
81401,10.0,89.52,27.15,36.32,29.51,640.41,2,3256.04
81426,10.0,90.73,27.57,32.13,28.29,495.03,2,3257.04
81451,10.0,91.74,27.88,27.86,27.27,414.52,2,3258.04
81476,10.0,92.8,29.22,24.05,26.24,376.85,2,3259.04
81501,10.0,93.6,30.07,20.76,24.96,312.51,2,3260.04
81526,10.0,94.16,30.93,17.99,23.59,263.31,2,3261.04
81551,10.0,94.61,31.6,15.86,22.28,216.37,2,3262.04
81576,10.0,95.02,32.17,14.42,20.71,176.35,2,3263.04
81601,10.0,94.89,32.5,13.91,18.92,152.18,2,3264.04
81626,10.0,94.77,32.87,13.64,17.87,135.92,2,3265.04
81651,10.0,94.61,33.32,13.43,17.58,125.22,2,3266.04
81676,10.0,94.39,33.56,13.22,17.46,120.24,2,3267.04
81701,10.0,94.19,33.46,13.1,17.98,123.13,2,3268.04
81726,10.0,94.14,33.28,12.86,19.72,131.87,2,3269.04
81751,10.0,94.33,33.07,12.74,22.33,144.65,2,3270.04
81776,10.0,94.57,32.94,12.29,24.8,151.71,2,3271.04
81801,10.0,94.69,32.79,11.98,25.85,155.07,2,3272.04
81826,10.0,94.64,32.56,12.38,26.83,167.52,2,3273.04
81851,10.0,94.82,32.41,12.54,28.32,181.34,2,3274.04
81876,10.0,95.13,32.36,12.66,29.77,191.72,2,3275.04
81901,10.0,95.09,32.22,12.88,30.66,201.48,2,3276.04
81926,10.0,94.89,32.21,12.77,30.73,202.0,2,3277.04
81951,10.0,94.94,32.55,12.54,29.53,196.34,2,3278.04
81976,10.0,95.2,32.91,12.89,29.13,195.99,2,3279.04
82001,10.0,95.45,32.81,12.85,28.25,188.8,2,3280.04
82026,10.0,95.54,32.89,13.27,27.72,185.6,2,3281.04
82051,10.0,95.68,33.06,13.6,27.65,193.57,2,3282.04
82076,10.0,95.77,33.02,13.28,27.33,186.57,2,3283.04
82101,10.0,95.74,33.03,13.17,27.34,187.08,2,3284.04
82126,10.0,95.57,33.07,12.94,27.65,188.06,2,3285.04
82151,10.0,95.46,33.13,12.75,27.47,184.43,2,3286.04
82176,10.0,95.53,33.23,12.77,27.85,186.31,2,3287.04
82201,10.0,95.58,33.36,12.68,28.02,186.24,2,3288.04
82226,10.0,95.41,33.1,12.49,26.94,177.02,2,3289.04
82251,10.0,95.32,32.67,12.65,25.27,166.72,2,3290.04
82276,10.0,95.34,32.59,12.72,24.88,164.17,2,3291.04
82301,10.0,95.41,32.69,12.58,25.03,159.79,2,3292.04
82326,10.0,95.53,32.77,12.5,25.26,155.86,2,3293.04
82351,10.0,95.71,32.91,12.31,25.6,154.95,2,3294.04
82376,10.0,95.92,32.77,12.04,24.78,149.51,2,3295.04
82401,10.0,96.16,31.56,11.75,24.49,135.59,2,3296.04
82426,10.0,96.32,30.63,12.22,22.98,160.29,2,3297.04
82451,9.0,96.02,29.22,13.67,21.52,184.18,2,3298.04
82476,10.0,96.55,29.69,13.74,22.13,210.71,2,3299.04
82501,10.0,97.12,29.63,13.47,22.85,211.25,2,3300.04
82526,10.0,97.81,29.52,13.92,25.26,226.27,2,3301.04
82551,10.0,98.01,29.42,14.84,25.88,241.09,2,3302.04
82576,10.0,96.68,29.08,13.88,26.06,241.16,2,3303.04
82601,10.0,93.99,28.62,14.19,27.02,230.32,2,3304.04
82626,10.0,90.4,27.96,14.28,28.51,250.64,2,3305.04
82651,10.0,86.54,27.24,13.96,29.69,289.83,2,3306.04
82676,10.0,83.05,26.43,14.41,29.81,337.68,2,3307.04
82701,10.0,80.38,25.46,16.82,31.0,440.87,2,3308.04
82726,10.0,79.04,24.29,19.27,34.6,533.75,2,3309.04
82751,10.0,78.48,23.49,20.57,35.15,577.65,2,3310.04
82776,10.0,77.85,23.62,21.07,34.22,563.91,2,3311.04
82801,10.0,77.41,24.71,20.06,33.97,509.83,2,3312.04
82826,10.0,77.62,26.33,18.9,34.53,464.61,2,3313.04
82851,10.0,78.04,27.95,18.15,35.2,454.83,2,3314.04
82876,10.0,78.28,29.73,17.58,36.67,472.99,2,3315.04
82901,10.0,78.85,31.8,18.85,39.51,537.31,2,3316.04
82926,10.0,79.56,33.76,20.45,40.92,610.08,2,3317.04
82951,10.0,79.63,35.5,21.29,41.77,670.04,2,3318.04
82976,10.0,78.91,37.13,21.64,43.83,708.13,2,3319.04
83001,10.0,77.62,38.61,21.7,44.0,720.0,2,3320.04
83026,10.0,75.74,39.57,21.86,42.51,702.17,2,3321.04
83051,10.0,73.25,40.12,22.88,41.28,687.83,2,3322.04
83076,10.0,70.39,39.94,23.77,41.17,671.47,2,3323.04
83101,10.0,67.75,38.68,23.04,40.95,630.55,2,3324.04
83126,10.0,65.82,36.65,21.47,40.3,598.5,2,3325.04
83151,10.0,64.95,34.3,20.8,39.55,600.37,2,3326.04
83176,10.0,65.56,31.94,21.44,38.07,617.92,2,3327.04
83201,10.0,67.41,29.96,22.94,37.48,642.83,2,3328.04
83226,10.0,69.75,28.5,25.12,36.27,687.03,2,3329.04
83251,10.0,71.87,27.47,26.71,34.75,716.96,2,3330.04
83276,10.0,73.41,26.68,26.86,34.88,745.25,2,3331.04
83301,10.0,74.69,25.93,27.89,37.08,766.8,2,3332.04
83326,10.0,75.96,25.03,29.33,39.49,809.03,2,3333.04
83351,10.0,77.22,24.38,30.04,39.32,833.8,2,3334.04
83376,10.0,78.25,24.2,29.3,37.2,795.64,2,3335.04
83401,10.0,79.22,24.15,29.53,34.85,743.66,2,3336.04
83426,10.0,80.21,23.86,29.47,32.41,728.79,2,3337.04
83451,10.0,80.43,23.21,28.29,31.91,733.77,2,3338.04
83476,10.0,79.83,22.88,25.96,33.0,694.12,2,3339.04
83501,10.0,79.45,23.69,24.36,33.19,641.74,2,3340.04
83526,10.0,79.85,25.67,24.8,33.85,616.72,2,3341.04
83551,10.0,80.78,28.16,25.01,33.8,571.24,2,3342.04
83576,10.0,81.58,30.43,25.26,34.48,560.91,2,3343.04
83601,10.0,81.13,32.17,25.7,36.19,617.85,2,3344.04
83626,10.0,78.76,33.3,26.97,38.53,702.14,2,3345.04
83651,10.0,75.05,33.85,28.43,40.89,800.14,2,3346.04
83676,10.0,71.09,33.78,29.85,42.05,848.18,2,3347.04
83701,10.0,67.5,33.05,30.33,43.98,871.26,2,3348.04
83726,10.0,64.21,31.9,30.16,45.83,930.55,2,3349.04
83751,10.0,61.19,30.67,30.13,47.44,1000.8,2,3350.04
83776,10.0,58.09,29.49,29.91,48.42,1058.39,2,3351.04
83801,10.0,54.92,28.57,31.9,48.46,1065.57,2,3352.04
83826,10.0,52.03,27.82,34.23,48.54,1043.83,2,3353.04
83851,10.0,49.17,27.15,35.45,49.43,1082.61,2,3354.04
83876,10.0,46.39,26.55,35.92,50.08,1115.56,2,3355.04
83901,10.0,44.15,26.0,35.74,50.09,1177.84,2,3356.04
83926,10.0,42.62,25.57,35.0,50.59,1229.15,2,3357.04
83951,10.0,41.65,25.62,33.52,51.47,1217.97,2,3358.04
83976,10.0,40.83,26.22,31.69,52.27,1188.57,2,3359.04
84001,10.0,39.83,27.34,30.43,53.61,1179.38,2,3360.04
84026,10.0,38.55,28.91,29.66,55.47,1176.65,2,3361.04
84051,10.0,37.05,30.59,29.36,57.31,1191.61,2,3362.04
84076,10.0,35.44,32.26,29.64,58.51,1223.64,2,3363.04
84101,10.0,33.98,34.06,30.13,59.85,1260.99,2,3364.04
84126,10.0,32.74,35.98,30.62,62.17,1296.28,2,3365.04
84151,10.0,31.86,37.69,31.02,63.0,1289.29,2,3366.04
84176,10.0,31.45,38.58,30.91,63.92,1250.82,2,3367.04
84201,10.0,31.67,38.7,30.27,63.15,1209.46,2,3368.04
84226,10.0,32.09,38.49,29.64,62.83,1186.71,2,3369.04
84251,10.0,32.65,38.08,28.61,62.47,1139.3,2,3370.04
84276,10.0,33.0,37.79,27.08,62.01,1058.98,2,3371.04
84301,10.0,33.09,37.71,24.85,61.94,971.14,2,3372.04
84326,10.0,33.17,37.63,22.43,61.75,877.72,2,3373.04
84351,10.0,33.21,37.48,20.34,61.43,798.02,2,3374.04
84376,10.0,33.09,37.19,18.85,61.08,746.74,2,3375.04
84401,10.0,32.79,36.75,18.88,60.4,718.33,2,3376.04
84426,10.0,32.44,36.6,20.05,59.43,706.56,2,3377.04
84451,10.0,32.11,36.61,21.08,58.4,694.04,2,3378.04
84476,10.0,31.73,36.62,21.89,56.68,675.52,2,3379.04
84501,10.0,31.26,36.71,22.38,54.27,664.7,2,3380.04
84526,10.0,30.8,36.63,22.53,52.77,658.84,2,3381.04
84551,10.0,30.34,36.44,22.46,52.34,655.38,2,3382.04
84576,10.0,29.78,36.3,22.53,52.03,654.1,2,3383.04
84601,10.0,29.19,36.17,23.39,51.93,660.56,2,3384.04
84626,10.0,28.56,36.1,23.82,52.38,670.41,2,3385.04
84651,10.0,27.85,36.11,23.87,52.4,669.82,2,3386.04
84676,10.0,27.13,35.96,24.22,51.38,652.76,2,3387.04
84701,10.0,26.41,35.8,24.6,50.14,638.33,2,3388.04
84726,10.0,25.74,35.69,25.05,48.93,631.89,2,3389.04
84751,10.0,25.22,35.53,25.71,47.43,633.73,2,3390.04
84776,10.0,24.76,35.45,26.43,45.84,635.34,2,3391.04
84801,10.0,24.38,35.31,26.22,44.22,625.77,2,3392.04
84826,10.0,24.01,35.24,25.4,42.84,610.06,2,3393.04
84851,10.0,23.64,35.28,25.65,41.81,602.62,2,3394.04
84876,10.0,23.27,35.4,25.9,41.14,604.48,2,3395.04
84901,10.0,22.9,35.43,25.79,40.04,594.69,2,3396.04
84926,10.0,22.64,35.39,25.3,38.23,572.17,2,3397.04
84951,10.0,22.49,35.38,24.48,36.01,537.7,2,3398.04
84976,10.0,22.32,35.41,23.72,33.74,505.8,2,3399.04
85001,10.0,22.2,35.31,23.12,31.66,482.85,2,3400.04
85026,10.0,22.21,35.08,22.61,29.71,456.37,2,3401.04
85051,10.0,22.22,35.02,22.42,28.61,423.0,2,3402.04
85076,10.0,22.29,35.04,21.96,27.66,391.67,2,3403.04
85101,10.0,22.35,34.96,22.04,26.91,372.16,2,3404.04
85126,10.0,22.32,34.79,22.57,26.24,359.01,2,3405.04
85151,10.0,22.18,34.57,23.29,25.54,351.27,2,3406.04
85176,10.0,22.02,34.4,23.73,25.29,354.35,2,3407.04
85201,10.0,22.27,34.12,23.72,25.13,331.57,2,3408.04
85226,10.0,22.19,34.04,23.39,24.99,324.85,2,3409.04
85251,10.0,22.16,33.98,23.24,24.99,311.66,2,3410.04
85276,10.0,22.18,33.86,23.44,24.94,307.75,2,3411.04
85301,10.0,22.29,34.11,23.58,24.75,315.81,2,3412.04
85326,10.0,22.21,34.22,23.95,24.7,323.5,2,3413.04
85351,10.0,22.16,34.27,23.98,24.78,337.73,2,3414.04
85376,10.0,22.1,34.43,23.95,24.85,362.81,2,3415.04
85401,10.0,22.09,34.54,23.56,25.0,383.15,2,3416.04
85426,10.0,22.21,34.61,23.27,25.24,401.51,2,3417.04
85451,10.0,22.34,34.9,23.39,25.43,417.99,2,3418.04
85476,10.0,22.24,35.36,24.12,26.16,442.2,2,3419.04
85501,10.0,20.9,35.8,26.19,27.59,481.83,2,3420.04
85526,10.0,18.3,36.22,31.41,28.88,561.7,2,3421.04
85551,10.0,16.7,36.34,36.71,29.45,646.43,2,3422.04
85576,10.0,16.4,35.62,38.22,28.05,662.15,2,3423.04
85601,10.0,16.45,34.91,37.11,25.1,611.74,2,3424.04
85626,10.0,16.46,34.58,35.8,23.05,528.96,2,3425.04
85651,10.0,16.29,34.52,34.38,21.96,437.59,2,3426.04
85676,10.0,16.1,34.46,32.92,20.62,399.96,2,3427.04
85701,10.0,16.03,34.24,31.93,19.11,373.58,2,3428.04
85726,10.0,15.92,33.96,31.87,17.84,344.12,2,3429.04
85751,10.0,15.83,33.65,32.16,16.87,317.05,2,3430.04
85776,10.0,15.87,33.35,32.7,17.53,333.73,2,3431.04
85801,10.0,15.98,33.06,33.56,20.53,389.32,2,3432.04
85826,10.0,16.11,32.69,33.8,23.44,440.34,2,3433.04
85851,10.0,16.17,32.65,33.74,26.39,489.4,2,3434.04
85876,10.0,16.08,32.93,33.46,29.15,554.08,2,3435.04
85901,10.0,15.88,32.98,32.94,31.93,612.62,2,3436.04
85926,10.0,15.61,32.66,32.27,34.55,639.77,2,3437.04
85951,10.0,15.18,32.24,31.96,37.06,674.09,2,3438.04
85976,10.0,14.67,31.76,32.96,39.19,738.6,2,3439.04
86001,10.0,14.21,31.22,34.29,40.81,793.33,2,3440.04
86026,10.0,13.74,30.72,34.81,41.97,835.13,2,3441.04
86051,10.0,13.51,30.22,33.15,42.48,844.94,2,3442.04
86076,10.0,13.9,29.81,31.01,42.59,762.97,2,3443.04
86101,10.0,14.55,29.77,28.07,41.73,729.24,2,3444.04
86126,10.0,14.61,29.82,25.47,40.72,694.14,2,3445.04
86151,10.0,13.82,29.4,27.07,38.21,675.71,2,3446.04
86176,10.0,13.78,28.81,27.86,37.05,664.29,2,3447.04
86201,10.0,15.01,28.54,27.0,36.5,637.97,2,3448.04
86226,10.0,16.37,28.63,27.65,36.17,622.48,2,3449.04
86251,10.0,18.03,29.0,31.11,35.34,653.96,2,3450.04
86276,10.0,19.98,29.3,34.68,34.15,691.79,2,3451.04
86301,10.0,22.1,29.57,37.51,33.13,736.17,2,3452.04
86326,10.0,24.52,29.65,38.85,32.53,789.17,2,3453.04
86351,10.0,27.02,29.69,38.88,32.3,806.16,2,3454.04
86376,10.0,29.42,29.84,37.93,32.25,820.93,2,3455.04
86401,10.0,31.78,29.98,36.84,32.16,838.82,2,3456.04
86426,10.0,34.09,30.16,35.91,32.3,846.92,2,3457.04
86451,10.0,36.28,30.43,35.19,33.05,852.48,2,3458.04
86476,10.0,38.28,30.7,34.45,33.64,849.12,2,3459.04
86501,10.0,40.09,31.01,33.66,34.06,836.46,2,3460.04
86526,10.0,41.71,31.42,33.12,34.34,824.25,2,3461.04
86551,10.0,43.18,31.87,33.17,34.51,817.27,2,3462.04
86576,10.0,44.54,32.4,33.39,34.58,806.5,2,3463.04
86601,10.0,45.82,33.09,33.53,35.42,800.74,2,3464.04
86626,10.0,47.14,33.88,33.22,36.27,798.21,2,3465.04
86651,10.0,48.49,34.75,31.95,36.82,779.77,2,3466.04
86676,10.0,49.79,35.74,30.25,37.41,751.61,2,3467.04
86701,10.0,50.98,36.85,29.14,38.23,731.18,2,3468.04
86726,10.0,51.95,37.74,27.58,38.88,703.64,2,3469.04
86751,10.0,52.92,38.62,26.13,38.91,667.76,2,3470.04
86776,10.0,53.78,39.41,24.78,38.52,627.87,2,3471.04
86801,10.0,54.56,40.37,24.35,37.9,599.52,2,3472.04
86826,10.0,55.38,41.33,24.54,37.13,588.25,2,3473.04
86851,10.0,56.37,41.91,24.86,36.27,589.51,2,3474.04
86876,10.0,57.65,42.53,26.18,35.29,602.74,2,3475.04
86901,10.0,59.07,43.43,27.8,34.59,625.45,2,3476.04
86926,10.0,60.29,44.09,28.75,34.81,666.23,2,3477.04
86951,10.0,61.19,44.41,29.33,36.1,748.5,2,3478.04
86976,10.0,61.8,44.35,30.47,38.78,870.7,2,3479.04
87001,10.0,62.09,43.72,32.28,42.8,1005.49,2,3480.04
87026,10.0,62.31,42.88,33.94,46.72,1137.49,2,3481.04
87051,10.0,62.79,41.97,35.3,49.47,1291.78,2,3482.04
87076,10.0,63.38,40.7,36.16,51.69,1472.04,2,3483.04
87101,10.0,63.91,39.08,35.89,53.79,1570.46,2,3484.04
87126,10.0,64.49,37.16,35.31,55.08,1557.67,2,3485.04
87151,10.0,65.25,35.0,36.17,55.19,1555.51,2,3486.04
87176,10.0,66.15,33.07,38.18,54.3,1571.38,2,3487.04
87201,10.0,66.49,31.52,38.68,53.15,1502.54,2,3488.04
87226,10.0,66.03,30.23,37.55,52.17,1403.39,2,3489.04
87251,10.0,65.72,29.22,35.02,50.59,1291.26,2,3490.04
87276,10.0,66.32,28.25,33.53,48.79,1193.14,2,3491.04
87301,10.0,67.17,27.47,34.56,47.31,1154.43,2,3492.04
87326,10.0,67.26,27.04,35.7,47.39,1158.14,2,3493.04
87351,10.0,66.73,26.8,36.35,48.35,1169.49,2,3494.04
87376,10.0,65.87,26.64,36.22,49.18,1171.16,2,3495.04
87401,10.0,64.91,26.54,35.76,49.96,1170.13,2,3496.04
87426,10.0,63.96,26.49,35.54,50.9,1179.01,2,3497.04
87451,10.0,62.99,26.46,35.66,51.91,1196.04,2,3498.04
87476,10.0,61.94,26.55,36.16,52.5,1214.37,2,3499.04
87501,10.0,60.76,26.73,36.58,53.07,1231.08,2,3500.04
87526,10.0,59.51,26.89,36.97,53.69,1247.08,2,3501.04
87551,10.0,58.26,27.07,37.41,54.03,1262.07,2,3502.04
87576,10.0,57.09,27.25,37.59,54.5,1272.37,2,3503.04
87601,10.0,56.14,27.35,37.41,55.07,1266.96,2,3504.04
87626,10.0,55.35,27.5,36.83,55.58,1245.99,2,3505.04
87651,10.0,54.62,27.71,36.2,56.14,1225.6,2,3506.04
87676,10.0,53.96,27.96,35.62,56.85,1230.79,2,3507.04
87701,10.0,53.35,28.22,35.1,57.75,1249.72,2,3508.04
87726,10.0,52.8,28.52,34.38,58.57,1271.52,2,3509.04
87751,10.0,52.3,28.85,33.33,59.13,1280.94,2,3510.04
87776,10.0,51.9,29.17,32.11,59.66,1282.84,2,3511.04
87801,10.0,51.59,29.43,30.98,60.16,1275.71,2,3512.04
87826,10.0,51.4,29.58,30.05,60.04,1254.85,2,3513.04
87851,10.0,51.35,29.64,29.43,59.87,1237.53,2,3514.04
87876,10.0,51.35,29.66,29.24,60.02,1224.09,2,3515.04
87901,10.0,51.37,29.63,29.26,59.78,1243.45,2,3516.04
87926,10.0,51.42,29.63,29.28,60.23,1275.76,2,3517.04
87951,10.0,51.48,29.7,29.31,60.78,1299.09,2,3518.04
87976,10.0,51.52,29.82,29.69,61.61,1317.75,2,3519.04
88001,10.0,51.47,29.95,30.4,60.88,1317.82,2,3520.04
88026,10.0,51.29,30.14,30.84,58.62,1297.22,2,3521.04
88051,10.0,51.03,30.22,31.0,56.31,1280.91,2,3522.04
88076,10.0,50.74,30.29,31.07,54.28,1278.34,2,3523.04
88101,10.0,50.41,30.3,31.04,53.27,1280.84,2,3524.04
88126,10.0,50.16,30.23,31.04,53.06,1284.35,2,3525.04
88151,10.0,50.0,30.12,31.07,53.52,1291.32,2,3526.04
88176,10.0,49.88,30.05,30.93,54.02,1295.61,2,3527.04
88201,10.0,49.81,29.97,30.56,54.34,1289.62,2,3528.04
88226,10.0,49.78,29.9,30.15,54.82,1281.65,2,3529.04
88251,10.0,49.79,29.9,29.86,55.37,1275.22,2,3530.04
88276,10.0,49.77,30.04,30.29,55.35,1267.29,2,3531.04
88301,10.0,49.6,30.47,30.46,54.84,1256.18,2,3532.04
88326,10.0,49.4,31.21,30.25,54.65,1253.11,2,3533.04
88351,10.0,49.04,32.45,30.12,55.5,1251.03,2,3534.04
88376,10.0,48.1,34.13,30.02,56.65,1229.79,2,3535.04
88401,10.0,46.8,35.77,29.52,57.39,1203.16,2,3536.04
88426,10.0,45.62,37.03,28.84,57.25,1196.1,2,3537.04
88451,10.0,44.64,38.23,29.16,56.71,1245.87,2,3538.04
88476,10.0,43.77,39.46,33.45,55.81,1295.16,2,3539.04
88501,10.0,43.47,40.38,34.13,52.85,1243.04,2,3540.04
88526,10.0,43.76,40.8,33.26,49.5,1152.8,2,3541.04
88551,10.0,44.01,41.12,33.16,52.1,1159.45,2,3542.04
88576,10.0,44.09,41.89,33.24,52.86,1159.43,2,3543.04
88601,10.0,44.95,42.98,34.76,51.44,1158.07,2,3544.04
88626,10.0,46.89,43.78,37.26,50.73,1204.04,2,3545.04
88651,10.0,49.17,44.09,38.72,52.01,1309.36,2,3546.04
88676,10.0,51.15,44.06,38.4,55.25,1458.49,2,3547.04
88701,10.0,53.63,42.67,36.78,56.25,1537.59,2,3548.04
88726,10.0,55.49,41.5,36.61,56.77,1593.49,2,3549.04
88751,10.0,56.73,40.07,35.0,59.4,1602.58,2,3550.04
88776,10.0,57.19,38.2,31.78,61.11,1583.34,2,3551.04
88801,10.0,56.85,36.26,29.22,61.63,1538.03,2,3552.04
88826,10.0,56.0,34.77,29.23,61.11,1453.56,2,3553.04
88851,10.0,54.75,33.82,29.3,59.76,1350.17,2,3554.04
88876,10.0,53.08,33.34,29.4,57.71,1267.91,2,3555.04
88901,10.0,51.53,33.2,29.75,55.86,1196.92,2,3556.04
88926,10.0,50.15,32.98,30.6,54.02,1172.8,2,3557.04
88951,10.0,48.64,32.71,31.57,53.75,1186.32,2,3558.04
88976,10.0,46.96,32.81,34.53,54.24,1196.4,2,3559.04
89001,10.0,45.14,33.74,35.1,52.52,1220.31,2,3560.04
89026,10.0,43.53,35.33,34.16,48.25,1154.87,2,3561.04
89051,10.0,42.38,37.18,32.48,43.81,1062.23,2,3562.04
89076,10.0,40.83,39.32,31.25,41.55,1022.05,2,3563.04
89101,10.0,38.6,41.21,32.49,39.66,998.54,2,3564.04
89126,10.0,36.53,42.43,35.21,37.47,949.07,2,3565.04
89151,10.0,35.6,43.43,36.61,36.35,901.74,2,3566.04
89176,10.0,35.6,44.31,37.36,35.19,816.08,2,3567.04
89201,10.0,35.85,44.91,36.03,33.97,723.67,2,3568.04
89226,10.0,36.41,45.08,34.2,33.19,669.34,2,3569.04
89251,10.0,37.14,44.77,32.58,32.37,664.51,2,3570.04
89276,10.0,38.18,44.28,31.97,31.75,701.85,2,3571.04
89301,10.0,39.79,43.73,32.88,31.74,750.28,2,3572.04
89326,10.0,41.97,42.87,33.75,31.99,769.96,2,3573.04
89351,10.0,44.58,41.68,34.07,32.31,786.65,2,3574.04
89376,10.0,47.92,40.61,35.19,32.66,814.84,2,3575.04
89401,10.0,52.29,39.88,37.86,32.64,862.76,2,3576.04
89426,10.0,57.2,39.05,40.98,31.79,898.57,2,3577.04
89451,10.0,61.8,38.02,43.32,29.82,910.53,2,3578.04
89476,10.0,65.26,36.96,43.4,27.6,901.67,2,3579.04
89501,10.0,67.63,36.07,41.61,25.87,852.07,2,3580.04
89526,10.0,69.37,35.76,39.78,25.43,797.27,2,3581.04
89551,10.0,70.67,35.91,37.19,26.12,759.96,2,3582.04
89576,10.0,71.7,35.84,34.51,26.09,722.55,2,3583.04
89601,10.0,72.79,35.22,32.89,26.85,696.84,2,3584.04
89626,10.0,73.94,34.19,31.8,27.37,694.75,2,3585.04
89651,10.0,74.93,32.97,30.21,26.93,678.37,2,3586.04
89676,10.0,75.5,31.94,29.12,27.1,668.19,2,3587.04
89701,10.0,75.51,31.06,27.89,28.74,672.46,2,3588.04
89726,10.0,75.06,30.54,26.12,30.2,659.62,2,3589.04
89751,10.0,74.62,30.33,25.29,29.75,613.24,2,3590.04
89776,10.0,74.55,29.56,25.39,29.42,600.42,2,3591.04
89801,10.0,74.91,28.25,25.7,31.01,609.13,2,3592.04
89826,10.0,75.5,27.15,25.64,32.62,616.25,2,3593.04
89851,10.0,76.02,26.68,23.86,32.51,595.88,2,3594.04
89876,10.0,76.25,26.41,21.52,32.11,565.52,2,3595.04
89901,10.0,75.66,26.25,21.47,32.24,576.29,2,3596.04
89926,10.0,73.15,26.74,21.95,34.29,630.52,2,3597.04
89951,10.0,68.85,27.46,24.54,36.15,732.89,2,3598.04
89976,10.0,63.74,28.24,27.84,36.5,858.79,2,3599.04
90001,10.0,58.33,29.17,31.49,35.72,958.03,2,3600.04
90026,10.0,52.76,30.3,34.72,36.43,1035.47,2,3601.04
90051,10.0,47.07,31.48,37.97,37.13,1134.81,2,3602.04
90076,10.0,41.6,32.66,41.21,36.9,1202.18,2,3603.04
90101,10.0,36.72,33.79,43.82,36.43,1228.31,2,3604.04
90126,10.0,32.89,34.5,44.98,35.76,1207.46,2,3605.04
90151,10.0,29.9,35.08,48.14,34.9,1206.56,2,3606.04
90176,10.0,27.42,35.71,50.65,33.42,1212.54,2,3607.04
90201,10.0,25.68,35.87,52.45,32.03,1227.13,2,3608.04
90226,10.0,24.55,35.5,52.25,31.97,1287.59,2,3609.04
90251,10.0,23.87,35.06,51.24,32.55,1315.33,2,3610.04
90276,10.0,23.44,34.78,49.47,33.74,1289.12,2,3611.04
90301,10.0,23.11,34.47,47.04,34.16,1242.51,2,3612.04
90326,10.0,22.76,34.1,43.85,33.97,1188.66,2,3613.04
90351,10.0,22.37,33.81,41.36,35.5,1144.6,2,3614.04
90376,10.0,21.96,33.6,39.21,37.16,1092.49,2,3615.04
90401,10.0,21.53,33.45,37.16,38.45,1036.77,2,3616.04
90426,10.0,21.08,33.32,34.8,39.93,983.0,2,3617.04
90451,10.0,20.57,33.3,33.14,41.31,937.2,2,3618.04
90476,10.0,20.0,33.2,32.87,42.62,891.67,2,3619.04
90501,10.0,19.38,33.12,32.46,43.95,860.05,2,3620.04
90526,10.0,18.71,33.18,32.15,44.53,819.63,2,3621.04
90551,10.0,18.05,33.26,33.3,44.73,777.35,2,3622.04
90576,10.0,17.42,33.38,33.9,45.13,759.61,2,3623.04
90601,10.0,16.77,33.68,33.94,44.2,752.42,2,3624.04
90626,10.0,16.18,33.68,33.7,42.8,734.75,2,3625.04
90651,10.0,15.64,33.36,33.17,42.3,714.71,2,3626.04
90676,10.0,15.14,33.53,33.06,41.72,716.53,2,3627.04
90701,10.0,14.76,33.69,33.18,41.58,724.36,2,3628.04
90726,10.0,14.5,33.54,32.98,41.55,717.28,2,3629.04
90751,10.0,14.22,33.44,32.48,41.67,713.26,2,3630.04
90776,10.0,13.88,33.36,31.84,41.89,716.62,2,3631.04
90801,10.0,13.46,33.11,31.1,42.32,708.46,2,3632.04
90826,10.0,13.03,32.79,30.28,42.93,690.65,2,3633.04
90851,10.0,12.72,32.65,29.62,43.33,697.19,2,3634.04
90876,10.0,12.65,32.45,28.94,43.53,675.85,2,3635.04
90901,10.0,12.61,31.75,27.96,43.81,634.61,2,3636.04
90926,10.0,12.05,31.01,26.83,44.03,599.37,2,3637.04
90951,10.0,11.26,30.32,26.16,44.02,625.41,2,3638.04
90976,10.0,11.2,29.55,25.98,43.59,678.66,2,3639.04
91001,10.0,11.91,29.01,24.72,39.91,641.82,2,3640.04
91026,10.0,12.67,28.78,23.71,34.84,573.37,2,3641.04
91051,10.0,13.29,28.49,23.6,31.29,558.45,2,3642.04
91076,10.0,14.91,27.86,22.58,29.04,567.89,2,3643.04
91101,10.0,18.1,26.96,21.47,28.05,571.59,2,3644.04
91126,10.0,22.37,25.94,23.44,29.3,617.12,2,3645.04
91151,10.0,26.92,24.41,24.16,32.35,650.89,2,3646.04
91176,10.0,31.07,22.34,24.6,33.12,657.92,2,3647.04
91201,10.0,34.23,20.66,26.06,32.84,660.61,2,3648.04
91226,10.0,36.33,19.64,26.34,33.88,665.19,2,3649.04
91251,10.0,37.8,19.27,25.72,34.3,663.98,2,3650.04
91276,10.0,39.03,19.64,24.8,34.6,661.7,2,3651.04
91301,10.0,39.9,20.3,23.42,34.74,667.77,2,3652.04
91326,10.0,40.21,20.88,22.57,35.72,679.9,2,3653.04
91351,10.0,39.7,21.88,23.63,37.33,709.1,2,3654.04
91376,10.0,38.44,23.64,24.9,38.8,737.36,2,3655.04
91401,10.0,36.81,25.58,25.8,39.65,744.9,2,3656.04
91426,10.0,35.32,27.3,27.12,40.46,752.85,2,3657.04
91451,10.0,34.11,29.15,28.77,42.24,827.02,2,3658.04
91476,10.0,32.81,31.21,30.47,45.17,947.1,2,3659.04
91501,10.0,31.6,33.17,31.99,48.88,1088.31,2,3660.04
91526,10.0,30.95,34.71,33.07,51.07,1187.63,2,3661.04
91551,10.0,31.0,35.75,34.91,50.42,1211.3,2,3662.04
91576,10.0,31.68,36.52,34.9,47.63,1162.1,2,3663.04
91601,10.0,32.67,37.37,32.72,45.91,1100.32,2,3664.04
91626,10.0,33.74,38.12,31.72,43.74,1019.48,2,3665.04
91651,10.0,34.8,38.66,31.89,39.53,893.54,2,3666.04
91676,10.0,35.64,39.76,31.74,40.63,859.75,2,3667.04
91701,10.0,36.37,40.65,31.45,39.36,801.3,2,3668.04
91726,10.0,36.97,41.36,31.23,37.35,784.6,2,3669.04
91751,10.0,37.35,42.07,31.05,35.76,786.44,2,3670.04
91776,10.0,37.55,42.78,30.6,34.5,805.51,2,3671.04
91801,10.0,37.66,43.47,30.18,33.61,821.57,2,3672.04
91826,10.0,37.72,44.23,30.99,32.84,823.32,2,3673.04
91851,10.0,37.62,45.05,32.15,31.77,821.29,2,3674.04
91876,10.0,37.16,45.93,34.57,30.2,835.58,2,3675.04
91901,10.0,36.53,46.91,37.27,28.92,857.31,2,3676.04
91926,10.0,36.0,47.71,38.58,28.43,869.35,2,3677.04
91951,10.0,35.81,48.53,37.75,30.56,867.32,2,3678.04
91976,10.0,36.08,49.12,34.85,31.54,820.84,2,3679.04
92001,10.0,36.66,48.89,32.6,30.84,763.32,2,3680.04
92026,10.0,37.98,48.12,30.74,29.5,707.1,2,3681.04
92051,10.0,39.8,46.92,29.34,28.58,683.4,2,3682.04
92076,10.0,41.59,45.33,28.77,28.96,680.89,2,3683.04
92101,10.0,43.14,43.39,28.56,29.73,672.38,2,3684.04
92126,10.0,44.2,41.5,28.39,30.41,676.01,2,3685.04
92151,10.0,44.81,39.42,28.55,31.06,698.39,2,3686.04
92176,10.0,45.29,36.94,29.18,32.14,737.52,2,3687.04
92201,10.0,45.95,34.13,29.72,34.24,795.45,2,3688.04
92226,10.0,47.19,31.15,30.11,38.02,876.37,2,3689.04
92251,10.0,48.77,28.3,30.41,41.96,960.08,2,3690.04
92276,10.0,49.94,25.9,30.89,42.52,974.52,2,3691.04
92301,10.0,50.93,24.12,31.15,40.42,944.71,2,3692.04
92326,10.0,51.82,22.71,31.36,39.09,926.92,2,3693.04
92351,10.0,51.69,21.86,30.64,38.85,914.67,2,3694.04
92376,10.0,50.39,22.05,30.78,38.31,911.83,2,3695.04
92401,10.0,48.78,22.74,32.18,37.96,931.81,2,3696.04
92426,10.0,47.92,22.3,33.26,38.69,962.28,2,3697.04
92451,10.0,48.21,21.24,32.91,38.98,953.4,2,3698.04
92476,10.0,49.46,20.6,32.15,37.84,916.77,2,3699.04
92501,10.0,51.35,20.28,31.89,38.74,913.25,2,3700.04
92526,10.0,52.86,19.93,30.81,39.25,887.36,2,3701.04
92551,10.0,54.01,19.79,29.13,39.1,832.99,2,3702.04
92576,10.0,55.25,20.26,28.08,38.06,766.51,2,3703.04
92601,10.0,56.3,21.37,26.46,36.37,699.63,2,3704.04
92626,10.0,57.08,22.99,24.78,35.23,664.25,2,3705.04
92651,10.0,57.93,25.37,23.56,35.09,654.07,2,3706.04
92676,10.0,58.99,28.36,23.0,36.0,665.42,2,3707.04
92701,10.0,60.19,31.37,23.05,38.12,692.31,2,3708.04
92726,10.0,61.36,34.42,23.31,40.38,722.7,2,3709.04
92751,10.0,62.39,37.23,23.59,41.54,731.01,2,3710.04
92776,10.0,63.13,39.09,24.36,40.8,738.48,2,3711.04
92801,10.0,63.57,39.84,24.61,38.89,724.4,2,3712.04
92826,10.0,64.24,39.68,24.46,36.63,692.57,2,3713.04
92851,10.0,65.31,38.76,24.77,35.21,649.07,2,3714.04
92876,10.0,66.51,37.45,24.95,33.81,595.62,2,3715.04
92901,10.0,67.71,35.82,24.54,33.01,550.23,2,3716.04
92926,10.0,68.9,33.55,23.79,34.61,546.71,2,3717.04
92951,10.0,70.26,31.29,23.12,35.81,568.99,2,3718.04
92976,10.0,71.71,29.58,23.98,36.42,609.99,2,3719.04
93001,10.0,73.1,28.09,25.53,37.59,661.31,2,3720.04
93026,10.0,74.28,26.86,26.59,38.59,670.51,2,3721.04
93051,10.0,74.77,26.1,26.73,38.87,671.99,2,3722.04
93076,10.0,74.47,25.67,25.94,38.88,696.49,2,3723.04
93101,10.0,73.77,25.49,24.91,38.02,703.25,2,3724.04
93126,10.0,72.9,24.87,24.13,37.73,709.06,2,3725.04
93151,10.0,72.73,23.58,23.78,38.45,721.67,2,3726.04
93176,10.0,73.55,22.61,24.58,38.96,728.05,2,3727.04
93201,10.0,74.42,22.48,25.5,37.27,710.38,2,3728.04
93226,10.0,74.62,23.26,25.04,34.76,667.87,2,3729.04
93251,10.0,74.81,24.41,25.31,31.82,622.4,2,3730.04
93276,10.0,75.42,24.92,25.84,31.25,606.01,2,3731.04
93301,10.0,75.99,24.74,25.68,32.56,618.6,2,3732.04
93326,10.0,76.47,24.24,25.21,34.07,628.7,2,3733.04
93351,10.0,77.03,23.67,24.92,34.43,634.29,2,3734.04
93376,10.0,77.51,23.3,24.85,35.02,651.64,2,3735.04
93401,10.0,77.42,23.18,24.25,35.05,627.67,2,3736.04
93426,10.0,76.48,23.41,23.2,35.45,598.5,2,3737.04
93451,10.0,74.66,24.15,25.03,36.69,623.79,2,3738.04
93476,10.0,71.86,25.52,27.98,37.13,692.99,2,3739.04
93501,10.0,68.41,27.34,29.55,36.94,742.08,2,3740.04
93526,10.0,64.87,29.05,29.84,37.37,763.84,2,3741.04
93551,10.0,61.81,30.24,30.45,38.82,748.67,2,3742.04
93576,10.0,59.68,30.1,27.84,39.03,694.65,2,3743.04
93601,10.0,58.33,28.82,25.54,38.8,672.7,2,3744.04
93626,10.0,57.29,26.89,24.4,39.85,691.73,2,3745.04
93651,10.0,57.08,24.46,25.08,41.34,743.97,2,3746.04
93676,10.0,57.83,22.17,25.55,41.6,777.9,2,3747.04
93701,10.0,58.82,20.44,24.99,40.14,780.06,2,3748.04
93726,10.0,59.26,19.26,24.15,40.56,772.66,2,3749.04
93751,10.0,58.94,18.52,22.82,39.96,749.85,2,3750.04
93776,10.0,58.44,18.03,22.32,40.4,717.21,2,3751.04
93801,10.0,58.89,17.52,22.57,40.53,667.44,2,3752.04
93826,10.0,60.08,17.18,23.34,41.63,661.24,2,3753.04
93851,10.0,60.96,17.83,23.74,41.16,672.71,2,3754.04
93876,10.0,61.36,19.36,24.03,39.12,678.5,2,3755.04
93901,10.0,61.48,21.31,24.06,37.62,691.96,2,3756.04
93926,10.0,61.61,23.44,23.5,36.44,697.13,2,3757.04
93951,10.0,61.95,25.54,23.84,35.87,703.89,2,3758.04
93976,10.0,62.4,27.49,23.96,36.85,717.88,2,3759.04
94001,10.0,62.75,29.15,24.11,37.26,731.32,2,3760.04
94026,10.0,63.45,30.28,24.85,37.24,734.18,2,3761.04
94051,10.0,64.96,30.27,25.42,37.04,716.97,2,3762.04
94076,10.0,67.07,29.19,26.73,36.61,720.31,2,3763.04
94101,10.0,69.73,27.75,28.59,36.08,750.83,2,3764.04
94126,10.0,72.74,26.36,30.87,36.05,812.29,2,3765.04
94151,10.0,75.67,25.21,33.13,36.09,858.17,2,3766.04
94176,10.0,78.26,24.74,35.02,35.37,898.09,2,3767.04
94201,10.0,80.38,24.8,36.22,35.14,910.92,2,3768.04
94226,10.0,81.75,25.02,36.16,36.18,894.33,2,3769.04
94251,10.0,81.78,25.41,34.17,34.67,852.14,2,3770.04
94276,10.0,80.6,25.8,30.94,32.16,750.4,2,3771.04
94301,10.0,79.34,26.17,28.01,30.41,629.61,2,3772.04
94326,10.0,78.65,26.79,26.28,29.55,556.23,2,3773.04
94351,10.0,78.53,27.99,25.04,28.85,520.97,2,3774.04
94376,10.0,78.75,29.77,25.06,28.45,512.63,2,3775.04
94401,10.0,79.23,32.06,24.73,29.96,563.42,2,3776.04
94426,10.0,79.88,34.61,23.6,32.77,609.37,2,3777.04
94451,10.0,80.57,36.99,24.07,35.15,644.03,2,3778.04
94476,10.0,80.86,38.96,24.56,36.8,636.15,2,3779.04
94501,10.0,80.72,40.38,24.38,35.24,594.06,2,3780.04
94526,10.0,80.84,41.42,23.9,34.15,558.9,2,3781.04
94551,10.0,80.45,42.3,23.67,34.39,563.18,2,3782.04
94576,10.0,79.35,43.4,23.58,35.97,618.8,2,3783.04
94601,10.0,78.05,44.47,23.78,39.31,670.06,2,3784.04
94626,10.0,76.98,45.27,23.98,41.38,702.04,2,3785.04
94651,10.0,76.39,45.95,23.99,41.41,702.21,2,3786.04
94676,10.0,75.94,46.64,23.86,39.76,678.03,2,3787.04
94701,10.0,75.56,47.34,23.53,38.29,653.3,2,3788.04
94726,10.0,75.25,47.86,23.33,36.42,625.45,2,3789.04
94751,10.0,74.97,48.21,23.35,35.94,604.07,2,3790.04
94776,10.0,74.66,48.28,23.6,35.21,583.66,2,3791.04
94801,10.0,74.4,48.28,23.92,34.61,565.53,2,3792.04
94826,10.0,74.23,48.42,24.36,33.91,554.28,2,3793.04
94851,10.0,74.08,48.62,24.64,32.79,544.12,2,3794.04
94876,10.0,74.02,48.62,24.59,31.54,531.7,2,3795.04
94901,10.0,74.02,48.48,24.55,30.23,520.58,2,3796.04
94926,10.0,74.02,48.43,24.59,29.21,503.86,2,3797.04
94951,10.0,74.04,48.32,24.68,29.22,492.14,2,3798.04
94976,10.0,73.98,48.28,24.87,29.07,493.6,2,3799.04
95001,10.0,73.83,48.61,24.97,28.89,491.73,2,3800.04
95026,10.0,73.75,48.9,24.73,28.71,489.21,2,3801.04
95051,10.0,73.74,49.04,24.41,28.71,488.97,2,3802.04
95076,10.0,73.74,49.04,23.89,28.84,487.91,2,3803.04
95101,10.0,73.72,48.93,23.1,28.27,495.11,2,3804.04
95126,10.0,73.72,48.84,22.39,29.27,508.46,2,3805.04
95151,10.0,73.72,48.68,22.23,30.89,525.19,2,3806.04
95176,10.0,73.66,48.42,22.46,32.14,544.23,2,3807.04
95201,10.0,73.6,48.22,22.72,32.94,553.69,2,3808.04
95226,10.0,73.57,48.09,23.02,33.99,567.93,2,3809.04
95251,10.0,73.57,48.06,23.31,35.02,583.98,2,3810.04
95276,10.0,73.58,48.04,23.42,35.94,601.31,2,3811.04
95301,10.0,73.6,48.02,23.46,36.49,617.43,2,3812.04
95326,10.0,73.63,48.08,23.45,36.71,630.6,2,3813.04
95351,10.0,73.67,48.27,23.37,37.19,647.66,2,3814.04
95376,10.0,73.73,48.49,23.74,37.6,667.38,2,3815.04
95401,10.0,73.77,48.59,24.52,38.1,689.29,2,3816.04
95426,10.0,73.81,48.63,25.18,38.79,708.7,2,3817.04
95451,10.0,73.89,48.72,25.58,39.41,722.63,2,3818.04
95476,10.0,74.0,48.89,25.35,39.69,724.8,2,3819.04
95501,10.0,74.07,49.09,24.62,39.7,713.7,2,3820.04
95526,10.0,74.15,49.38,24.16,39.63,695.6,2,3821.04
95551,10.0,74.23,49.71,24.21,38.52,667.89,2,3822.04
95576,10.0,74.28,50.04,23.84,37.14,640.95,2,3823.04
95601,10.0,74.35,50.23,23.79,35.81,620.46,2,3824.04
95626,10.0,74.42,50.3,23.83,34.62,604.42,2,3825.04
95651,10.0,74.49,50.41,23.52,33.69,587.65,2,3826.04
95676,10.0,74.7,50.56,23.66,32.64,578.65,2,3827.04
95701,10.0,75.06,50.67,24.14,31.92,577.94,2,3828.04
95726,10.0,75.43,50.7,24.73,30.83,583.76,2,3829.04
95751,10.0,75.79,50.72,25.17,30.41,596.6,2,3830.04
95776,10.0,76.06,50.86,25.56,30.89,608.55,2,3831.04
95801,10.0,76.23,51.12,25.79,31.4,621.02,2,3832.04
95826,10.0,76.53,51.38,26.48,31.73,635.14,2,3833.04
95851,10.0,76.96,51.78,27.05,31.98,640.84,2,3834.04
95876,10.0,77.43,52.23,26.76,31.86,631.56,2,3835.04
95901,10.0,77.66,52.59,26.34,31.51,599.12,2,3836.04
95926,10.0,77.07,53.01,25.21,32.05,582.12,2,3837.04
95951,10.0,75.29,52.45,24.72,32.71,568.94,2,3838.04
95976,10.0,73.01,50.57,24.51,32.83,553.38,2,3839.04
96001,10.0,70.9,48.68,24.69,33.67,562.22,2,3840.04
96026,10.0,69.22,48.35,24.76,35.92,613.13,2,3841.04
96051,10.0,68.12,49.09,24.56,36.8,649.74,2,3842.04
96076,10.0,67.83,49.71,24.32,37.73,610.44,2,3843.04
96101,10.0,67.42,49.91,23.77,37.42,567.84,2,3844.04
96126,10.0,66.01,49.56,24.12,37.35,578.06,2,3845.04
96151,10.0,63.85,48.37,26.4,36.27,608.98,2,3846.04
96176,10.0,61.19,46.5,29.09,35.26,638.15,2,3847.04
96201,10.0,58.56,44.33,30.66,34.73,629.34,2,3848.04
96226,10.0,56.77,43.26,30.37,36.08,646.32,2,3849.04
96251,10.0,56.21,43.99,30.22,36.83,679.0,2,3850.04
96276,10.0,56.66,44.88,30.83,36.45,712.63,2,3851.04
96301,10.0,57.67,45.28,31.14,35.92,721.92,2,3852.04
96326,10.0,58.86,44.79,28.74,34.62,670.42,2,3853.04
96351,10.0,60.14,43.33,25.42,33.54,582.72,2,3854.04
96376,10.0,61.6,41.65,23.42,33.0,528.14,2,3855.04
96401,10.0,63.34,40.06,21.75,33.25,477.24,2,3856.04
96426,10.0,65.11,38.17,21.4,33.87,458.3,2,3857.04
96451,10.0,66.72,35.67,22.45,35.76,500.34,2,3858.04
96476,10.0,68.59,33.2,24.16,38.67,566.32,2,3859.04
96501,10.0,70.85,31.27,26.02,40.52,631.41,2,3860.04
96526,10.0,73.36,30.13,28.49,39.01,705.33,2,3861.04
96551,10.0,75.77,29.44,30.89,38.75,773.39,2,3862.04
96576,10.0,77.56,28.76,32.17,37.48,773.11,2,3863.04
96601,10.0,78.96,28.36,32.82,34.47,730.58,2,3864.04
96626,10.0,80.02,28.09,33.42,31.7,708.21,2,3865.04
96651,10.0,80.05,27.4,33.36,33.15,721.26,2,3866.04
96676,10.0,79.5,26.53,32.67,34.25,750.87,2,3867.04
96701,10.0,78.74,25.9,31.65,36.63,767.02,2,3868.04
96726,10.0,77.91,25.43,30.26,36.85,759.03,2,3869.04
96751,10.0,77.27,25.17,28.66,35.15,716.76,2,3870.04
96776,10.0,76.89,25.07,27.0,33.7,638.21,2,3871.04
96801,10.0,76.73,24.75,26.49,32.95,586.58,2,3872.04
96826,10.0,76.56,23.9,26.55,33.29,596.76,2,3873.04
96851,10.0,76.29,23.18,26.4,32.15,596.47,2,3874.04
96876,10.0,76.29,22.74,26.18,32.45,573.02,2,3875.04
96901,10.0,77.32,22.2,25.9,34.46,583.37,2,3876.04
96926,10.0,79.28,21.87,28.64,34.24,690.01,2,3877.04
96951,10.0,80.97,22.0,34.44,33.26,814.54,2,3878.04
96976,10.0,81.55,22.51,39.39,33.71,933.99,2,3879.04
97001,10.0,81.23,23.23,42.49,34.23,1021.29,2,3880.04
97026,10.0,80.38,23.92,44.37,34.61,1071.86,2,3881.04
97051,10.0,79.31,24.57,45.27,35.48,1102.11,2,3882.04
97076,10.0,78.11,25.14,45.44,36.34,1118.78,2,3883.04
97101,10.0,76.83,25.66,45.51,37.47,1128.87,2,3884.04
97126,10.0,75.47,26.22,45.43,38.57,1132.78,2,3885.04
97151,10.0,74.03,26.87,45.07,39.89,1152.78,2,3886.04
97176,10.0,72.56,27.46,44.78,41.11,1189.29,2,3887.04
97201,10.0,71.14,27.96,44.49,41.86,1216.48,2,3888.04
97226,10.0,69.78,28.38,44.04,42.5,1231.07,2,3889.04
97251,10.0,68.5,28.75,43.17,43.3,1235.83,2,3890.04
97276,10.0,67.26,29.04,42.23,43.96,1233.55,2,3891.04
97301,10.0,65.88,29.32,41.12,44.1,1217.79,2,3892.04
97326,10.0,64.32,29.66,39.31,44.06,1184.93,2,3893.04
97351,10.0,62.62,30.04,37.14,43.83,1140.74,2,3894.04
97376,10.0,60.9,30.36,34.93,43.11,1095.0,2,3895.04
97401,10.0,59.23,30.57,33.05,42.34,1049.88,2,3896.04
97426,10.0,57.67,30.8,31.51,42.07,1005.67,2,3897.04
97451,10.0,56.2,31.08,29.93,41.76,962.81,2,3898.04
97476,10.0,54.85,31.59,28.29,41.64,914.58,2,3899.04
97501,10.0,53.73,32.51,27.12,39.52,844.13,2,3900.04
97526,10.0,52.81,34.02,27.08,36.91,794.94,2,3901.04
97551,10.0,51.93,35.77,27.47,37.53,790.52,2,3902.04
97576,10.0,51.61,37.64,27.92,39.07,857.64,2,3903.04
97601,10.0,52.62,39.63,29.06,40.54,934.72,2,3904.04
97626,10.0,55.09,41.0,30.83,39.48,975.44,2,3905.04
97651,10.0,58.81,41.25,33.48,36.55,1002.94,2,3906.04
97676,10.0,63.22,40.45,36.65,35.09,1036.94,2,3907.04
97701,10.0,67.39,38.99,38.08,34.18,1048.3,2,3908.04
97726,10.0,70.94,37.09,39.11,33.81,1029.46,2,3909.04
97751,10.0,74.39,35.28,39.91,33.47,1003.93,2,3910.04
97776,10.0,77.92,33.82,41.12,33.02,1000.22,2,3911.04
97801,10.0,80.65,33.03,44.19,32.88,1029.1,2,3912.04
97826,10.0,82.28,33.01,46.21,32.05,1034.78,2,3913.04
97851,10.0,83.26,33.24,46.92,30.64,998.56,2,3914.04
97876,10.0,84.05,33.49,46.44,29.59,937.39,2,3915.04
97901,10.0,85.1,33.86,45.08,28.17,842.48,2,3916.04
97926,10.0,86.46,34.31,42.38,26.85,727.28,2,3917.04
97951,10.0,87.78,34.6,37.79,26.3,591.26,2,3918.04
97976,10.0,89.15,35.12,33.47,25.85,464.94,2,3919.04
98001,10.0,90.37,35.65,29.6,25.32,364.34,2,3920.04
98026,10.0,91.37,35.9,25.81,24.6,275.46,2,3921.04
98051,10.0,92.19,35.94,22.47,23.98,205.62,2,3922.04
98076,10.0,93.0,36.01,19.43,23.62,155.89,2,3923.04
98101,10.0,93.84,36.22,16.4,23.2,124.05,2,3924.04
98126,10.0,94.45,36.36,13.58,22.1,120.37,2,3925.04
98151,10.0,94.82,36.17,11.92,21.06,113.5,2,3926.04
98176,10.0,95.16,35.9,11.84,20.42,116.25,2,3927.04
98201,10.0,95.53,35.84,11.1,19.39,116.84,2,3928.04
98226,10.0,95.9,36.0,12.35,18.59,131.78,2,3929.04
98251,10.0,96.2,36.15,13.43,17.75,142.97,2,3930.04
98276,10.0,96.11,35.96,13.62,18.02,148.86,2,3931.04
98301,10.0,95.94,35.8,12.93,19.16,151.26,2,3932.04
98326,10.0,95.76,35.81,12.3,19.71,158.53,2,3933.04
98351,10.0,95.42,35.92,11.77,21.09,165.27,2,3934.04
98376,10.0,95.06,35.83,12.24,22.48,169.64,2,3935.04
98401,10.0,94.89,35.73,12.46,23.47,165.01,2,3936.04
98426,10.0,94.85,35.78,12.03,24.75,156.57,2,3937.04
98451,10.0,94.78,35.73,12.04,26.03,157.43,2,3938.04
98476,10.0,94.82,35.77,12.04,26.12,155.44,2,3939.04
98501,10.0,95.02,35.79,11.59,25.39,145.47,2,3940.04
98526,10.0,95.17,35.74,11.27,24.78,138.12,2,3941.04
98551,10.0,95.42,35.89,11.31,24.97,134.05,2,3942.04
98576,10.0,95.62,35.83,11.22,24.94,127.33,2,3943.04
98601,10.0,95.79,35.68,11.11,23.97,120.01,2,3944.04
98626,10.0,96.06,35.66,11.05,21.59,107.88,2,3945.04
98651,10.0,96.38,35.62,10.81,19.47,94.62,2,3946.04
98676,10.0,96.92,36.09,10.47,19.36,86.05,2,3947.04
98701,10.0,97.67,37.27,9.78,19.64,80.85,2,3948.04
98726,10.0,97.73,37.71,10.15,20.44,92.17,2,3949.04
98751,10.0,95.97,37.38,9.24,21.3,104.08,2,3950.04
98776,10.0,92.72,37.16,10.86,24.33,115.47,2,3951.04
98801,10.0,89.76,37.53,14.21,27.15,166.27,2,3952.04
98826,10.0,88.99,38.31,17.57,28.25,252.72,2,3953.04
98851,10.0,90.57,38.87,21.7,28.68,357.13,2,3954.04
98876,10.0,93.1,39.26,25.75,28.45,436.48,2,3955.04
98901,10.0,94.89,39.36,29.06,28.21,452.52,2,3956.04
98926,10.0,95.56,39.37,30.42,28.28,437.63,2,3957.04
98951,10.0,95.7,39.41,31.7,28.63,406.83,2,3958.04
98976,10.0,95.85,39.8,32.12,28.95,394.5,2,3959.04
99001,10.0,95.04,40.33,31.53,28.67,375.08,2,3960.04
99026,10.0,94.14,41.6,30.44,28.25,349.74,2,3961.04
99051,10.0,94.11,42.16,29.2,27.79,329.86,2,3962.04
99076,10.0,94.22,42.57,27.21,26.58,312.44,2,3963.04
99101,10.0,94.33,42.7,24.93,25.32,289.93,2,3964.04
99126,10.0,94.47,42.51,22.15,23.92,251.72,2,3965.04
99151,10.0,94.83,42.33,18.94,22.35,212.54,2,3966.04
99176,10.0,94.88,41.9,16.9,21.11,185.59,2,3967.04
99201,10.0,94.35,41.24,17.12,20.72,195.27,2,3968.04
99226,10.0,93.44,40.55,17.77,20.38,211.54,2,3969.04
99251,10.0,92.28,40.04,18.16,20.44,223.96,2,3970.04
99276,10.0,90.92,39.66,17.64,21.58,231.7,2,3971.04
99301,10.0,89.24,38.97,17.66,22.97,234.42,2,3972.04
99326,10.0,87.65,38.87,18.57,24.71,257.73,2,3973.04
99351,10.0,85.88,38.61,21.2,27.22,302.75,2,3974.04
99376,10.0,84.12,38.47,24.9,29.87,389.61,2,3975.04
99401,10.0,82.29,38.15,28.94,35.48,494.91,2,3976.04
99426,10.0,80.59,37.79,32.81,41.84,629.21,2,3977.04
99451,10.0,78.98,37.67,36.83,49.45,816.78,2,3978.04
99476,10.0,77.19,37.54,41.6,55.52,986.44,2,3979.04
99501,10.0,75.15,37.02,44.27,57.04,1090.91,2,3980.04
99526,10.0,73.07,36.51,46.56,58.4,1177.79,2,3981.04
99551,10.0,70.97,35.91,47.42,57.57,1221.72,2,3982.04
99576,10.0,68.96,35.37,46.81,55.58,1241.36,2,3983.04
99601,10.0,67.2,35.14,45.7,54.16,1252.55,2,3984.04
99626,10.0,65.62,34.95,43.93,52.83,1245.8,2,3985.04
99651,10.0,64.21,34.6,41.91,51.48,1248.09,2,3986.04
99676,10.0,63.12,34.19,40.0,50.69,1299.59,2,3987.04
99701,10.0,62.49,33.79,38.67,50.53,1404.16,2,3988.04
99726,10.0,62.35,33.45,37.75,50.69,1534.25,2,3989.04
99751,10.0,62.58,32.92,41.23,51.71,1659.81,2,3990.04
99776,10.0,62.83,32.13,42.6,53.45,1738.39,2,3991.04
99801,10.0,62.88,31.18,41.36,55.33,1750.55,2,3992.04
99826,10.0,62.71,30.17,39.6,57.11,1779.14,2,3993.04
99851,10.0,62.43,29.65,40.53,58.96,1766.47,2,3994.04
99876,10.0,62.33,29.65,40.76,59.87,1756.32,2,3995.04
99901,10.0,62.86,29.72,41.1,60.25,1782.49,2,3996.04
99926,10.0,63.78,29.82,41.51,60.16,1805.95,2,3997.04
99951,10.0,64.79,29.57,41.41,58.59,1775.18,2,3998.04
99976,10.0,65.09,28.79,40.72,55.17,1678.6,2,3999.04
100001,10.0,63.54,27.63,40.26,51.35,1569.87,2,4000.04
100026,10.0,60.46,26.03,40.66,48.23,1484.48,2,4001.04
100051,10.0,56.73,24.32,41.76,46.75,1414.95,2,4002.04
100076,10.0,53.04,22.81,42.47,47.03,1343.15,2,4003.04
100101,10.0,50.04,21.56,41.48,47.25,1299.27,2,4004.04
100126,10.0,47.68,20.67,39.19,47.74,1272.7,2,4005.04
100151,10.0,45.59,20.2,37.0,48.72,1246.27,2,4006.04
100176,10.0,43.74,20.23,35.28,47.86,1200.85,2,4007.04
100201,10.0,42.19,20.5,33.86,46.34,1153.23,2,4008.04
100226,10.0,41.17,20.63,32.94,45.89,1136.78,2,4009.04
100251,10.0,40.93,20.64,32.47,45.89,1139.34,2,4010.04
100276,10.0,41.08,20.71,32.23,46.34,1141.54,2,4011.04
100301,10.0,40.99,20.8,31.78,46.94,1157.95,2,4012.04
100326,10.0,41.05,20.8,30.91,47.21,1130.42,2,4013.04
100351,10.0,41.56,20.41,29.43,47.03,1049.82,2,4014.04
100376,10.0,41.91,20.08,27.21,45.41,964.98,2,4015.04
100401,10.0,41.87,20.25,23.42,41.9,836.51,2,4016.04
100426,10.0,42.39,20.86,22.55,37.02,681.65,2,4017.04
100451,10.0,44.01,21.93,21.88,33.19,532.57,2,4018.04
100476,10.0,46.2,23.36,20.29,31.23,451.77,2,4019.04
100501,10.0,48.03,25.13,19.99,31.25,462.62,2,4020.04
100526,10.0,49.55,27.56,21.05,33.69,537.95,2,4021.04
100551,10.0,51.59,30.34,22.03,36.62,628.49,2,4022.04
100576,10.0,54.18,32.99,23.66,38.5,721.52,2,4023.04
100601,10.0,56.51,35.29,24.82,39.82,782.52,2,4024.04
100626,10.0,57.76,37.1,25.12,39.7,786.44,2,4025.04
100651,10.0,58.3,38.51,24.5,39.43,746.65,2,4026.04
100676,10.0,58.95,39.71,24.03,38.55,720.59,2,4027.04
100701,10.0,59.32,40.29,24.64,38.64,732.96,2,4028.04
100726,10.0,58.67,39.97,25.75,39.71,774.76,2,4029.04
100751,10.0,56.94,39.28,26.66,41.26,869.76,2,4030.04
100776,10.0,54.59,38.46,29.33,41.82,961.86,2,4031.04
100801,10.0,52.33,37.83,31.77,41.42,1011.85,2,4032.04
100826,10.0,50.56,37.83,33.1,43.64,1033.87,2,4033.04
100851,10.0,49.09,38.45,33.44,47.07,1031.72,2,4034.04
100876,10.0,47.4,39.47,33.44,49.28,1048.67,2,4035.04
100901,10.0,45.06,40.18,33.93,49.38,1145.82,2,4036.04
100926,10.0,41.92,40.37,35.13,48.21,1191.98,2,4037.04
100951,10.0,38.35,40.5,36.07,46.92,1212.5,2,4038.04
100976,10.0,35.0,40.57,36.3,45.46,1246.83,2,4039.04
101001,10.0,32.58,40.13,35.58,44.76,1248.0,2,4040.04
101026,10.0,31.35,39.21,34.7,45.84,1223.58,2,4041.04
101051,10.0,30.57,38.35,34.42,48.25,1191.41,2,4042.04
101076,10.0,29.57,37.67,34.48,51.35,1140.91,2,4043.04
101101,10.0,28.21,36.98,33.81,53.41,1127.87,2,4044.04
101126,10.0,26.77,35.92,32.85,53.02,1112.74,2,4045.04
101151,10.0,25.66,34.74,32.42,49.84,1100.99,2,4046.04
101176,10.0,25.77,33.43,32.25,47.72,1097.91,2,4047.04
101201,10.0,27.16,32.16,31.43,47.76,1100.0,2,4048.04
101226,10.0,29.16,31.14,32.07,49.14,1145.19,2,4049.04
101251,10.0,31.26,30.34,33.79,49.76,1199.97,2,4050.04
101276,10.0,33.32,29.8,35.35,48.88,1244.76,2,4051.04
101301,10.0,35.16,29.78,35.01,48.25,1258.05,2,4052.04
101326,10.0,36.76,30.37,33.06,49.33,1253.08,2,4053.04
101351,10.0,38.07,31.48,30.55,51.44,1222.96,2,4054.04
101376,10.0,39.01,32.71,27.67,52.82,1164.35,2,4055.04
101401,10.0,39.69,33.89,26.72,53.74,1105.82,2,4056.04
101426,10.0,40.02,34.63,27.62,53.95,1022.82,2,4057.04
101451,10.0,39.83,34.74,28.57,54.11,962.7,2,4058.04
101476,10.0,39.04,34.56,28.38,54.66,941.51,2,4059.04
101501,10.0,37.77,34.7,27.53,55.25,927.32,2,4060.04
101526,10.0,36.28,35.28,26.81,55.09,921.77,2,4061.04
101551,10.0,34.54,35.91,26.99,54.15,958.46,2,4062.04
101576,10.0,32.35,36.41,29.52,52.14,1045.87,2,4063.04
101601,10.0,29.8,37.19,33.59,50.68,1169.07,2,4064.04
101626,10.0,27.76,38.14,36.6,49.46,1244.84,2,4065.04
101651,10.0,27.05,39.11,36.99,48.92,1231.56,2,4066.04
101676,10.0,27.5,39.81,36.28,49.73,1208.7,2,4067.04
101701,10.0,28.55,39.93,35.04,51.33,1205.43,2,4068.04
101726,10.0,29.85,39.58,34.24,53.1,1202.86,2,4069.04
101751,10.0,31.21,38.89,33.98,53.88,1189.79,2,4070.04
101776,10.0,32.52,37.91,33.34,53.91,1178.85,2,4071.04
101801,10.0,33.54,36.52,32.0,54.81,1181.62,2,4072.04
101826,10.0,34.02,34.67,29.78,56.19,1165.06,2,4073.04
101851,10.0,34.0,32.98,27.66,57.09,1103.97,2,4074.04
101876,10.0,33.21,31.89,26.68,57.05,1037.8,2,4075.04
101901,10.0,31.94,31.23,28.26,55.53,1027.44,2,4076.04
101926,10.0,30.84,31.02,29.98,53.63,1025.87,2,4077.04
101951,10.0,30.09,31.26,31.05,52.05,1019.72,2,4078.04
101976,10.0,29.73,31.27,31.56,50.3,1012.79,2,4079.04
102001,10.0,30.13,31.0,31.89,48.2,1012.69,2,4080.04
102026,10.0,31.29,30.89,31.97,45.88,995.12,2,4081.04
102051,10.0,32.34,31.32,31.61,45.12,983.67,2,4082.04
102076,10.0,32.93,32.37,31.33,46.16,992.92,2,4083.04
102101,10.0,32.66,33.78,31.85,48.81,1019.03,2,4084.04
102126,10.0,31.51,35.32,32.75,51.12,1052.99,2,4085.04
102151,10.0,29.83,36.94,34.01,51.54,1101.33,2,4086.04
102176,10.0,27.69,38.4,36.03,49.78,1158.21,2,4087.04
102201,10.0,25.57,39.19,37.91,45.87,1186.51,2,4088.04
102226,10.0,23.84,39.37,42.26,43.37,1192.21,2,4089.04
102251,10.0,22.82,39.78,45.27,42.34,1196.25,2,4090.04
102276,10.0,22.54,40.9,45.62,41.45,1203.51,2,4091.04
102301,10.0,22.62,42.1,44.22,43.1,1177.1,2,4092.04
102326,10.0,22.91,43.03,42.35,42.85,1118.28,2,4093.04
102351,10.0,23.34,43.69,40.69,42.57,1076.61,2,4094.04
102376,10.0,23.6,44.07,39.02,42.05,1048.72,2,4095.04
102401,10.0,23.4,44.37,38.07,41.69,1027.7,2,4096.04
102426,10.0,23.21,44.75,38.53,41.51,1008.85,2,4097.04
102451,10.0,23.18,45.26,39.01,41.47,1016.87,2,4098.04
102476,10.0,23.01,45.52,38.56,41.71,1016.26,2,4099.04
102501,10.0,22.81,45.47,36.62,40.2,989.39,2,4100.04
102526,10.0,22.93,45.53,35.61,39.64,976.18,2,4101.04
102551,10.0,23.1,45.89,35.3,39.26,974.67,2,4102.04
102576,10.0,23.35,46.37,36.91,40.29,1003.83,2,4103.04
102601,10.0,23.89,46.79,38.72,41.34,1047.32,2,4104.04
102626,10.0,24.64,46.99,39.23,40.29,1036.52,2,4105.04
102651,10.0,25.38,47.24,39.82,39.9,1015.43,2,4106.04
102676,10.0,25.96,47.75,40.84,39.74,1006.83,2,4107.04
102701,10.0,26.6,48.26,40.55,38.32,1002.44,2,4108.04
102726,10.0,27.22,48.74,39.56,37.23,976.98,2,4109.04
102751,10.0,27.71,49.09,39.56,35.41,924.3,2,4110.04
102776,10.0,28.1,49.45,39.69,35.9,885.52,2,4111.04
102801,10.0,28.29,49.88,39.73,36.51,876.2,2,4112.04
102826,10.0,28.4,50.31,39.5,36.12,865.27,2,4113.04
102851,10.0,28.5,50.57,38.49,34.83,834.23,2,4114.04
102876,10.0,28.53,50.82,37.31,33.15,797.9,2,4115.04
102901,10.0,28.4,51.26,36.71,32.54,768.83,2,4116.04
102926,10.0,28.25,51.74,36.51,30.24,740.84,2,4117.04
102951,10.0,28.98,51.59,32.7,28.9,666.14,2,4118.04
102976,10.0,29.02,52.09,31.91,28.1,639.45,2,4119.04
103001,10.0,28.96,53.08,31.02,27.02,620.7,2,4120.04
103026,10.0,28.98,53.94,30.12,29.46,622.21,2,4121.04
103051,10.0,29.13,54.25,29.42,27.92,583.15,2,4122.04
103076,10.0,29.32,54.46,29.3,26.42,565.78,2,4123.04
103101,10.0,29.56,54.61,29.48,26.73,561.9,2,4124.04
103126,10.0,29.77,54.66,29.8,26.19,560.26,2,4125.04
103151,10.0,29.88,54.81,30.09,25.32,557.56,2,4126.04
103176,10.0,30.04,55.06,30.05,25.72,561.79,2,4127.04
103201,10.0,30.4,55.15,29.43,26.54,564.03,2,4128.04
103226,10.0,30.81,54.92,28.77,27.89,572.85,2,4129.04
103251,10.0,31.18,54.57,28.18,29.48,588.99,2,4130.04
103276,10.0,31.9,53.69,27.76,30.96,611.58,2,4131.04
103301,10.0,33.06,52.12,27.73,31.69,629.84,2,4132.04
103326,10.0,34.09,50.72,28.62,37.09,707.04,2,4133.04
103351,10.0,35.64,48.46,29.25,41.03,796.51,2,4134.04
103376,10.0,36.61,45.31,28.63,46.12,905.21,2,4135.04
103401,10.0,36.86,41.81,27.59,51.33,1016.33,2,4136.04
103426,10.0,36.54,38.55,27.6,55.62,1105.88,2,4137.04
103451,10.0,35.52,35.94,27.69,56.82,1142.14,2,4138.04
103476,10.0,33.8,34.17,28.41,54.39,1134.72,2,4139.04
103501,10.0,31.87,33.36,30.67,50.91,1108.8,2,4140.04
103526,10.0,30.23,33.36,31.53,48.69,1066.83,2,4141.04
103551,10.0,29.23,33.86,30.74,47.62,1027.35,2,4142.04
103576,10.0,29.19,34.57,30.63,47.66,1023.23,2,4143.04
103601,10.0,30.56,35.43,32.0,48.38,1049.12,2,4144.04
103626,10.0,33.78,36.16,34.31,47.94,1064.49,2,4145.04
103651,10.0,38.24,36.39,36.09,45.78,1037.22,2,4146.04
103676,10.0,42.97,36.07,36.62,42.51,982.82,2,4147.04
103701,10.0,47.48,35.27,36.46,39.21,949.87,2,4148.04
103726,10.0,52.02,34.21,36.64,36.43,943.93,2,4149.04
103751,10.0,56.91,33.16,37.55,34.4,956.08,2,4150.04
103776,10.0,61.91,32.11,38.48,32.4,940.16,2,4151.04
103801,10.0,66.85,31.37,39.95,29.37,890.44,2,4152.04
103826,10.0,71.82,31.05,41.08,27.65,876.59,2,4153.04
103851,10.0,76.54,30.88,42.24,26.14,879.74,2,4154.04
103876,10.0,80.67,30.54,43.05,24.41,902.9,2,4155.04
103901,10.0,83.82,29.76,42.88,23.46,879.42,2,4156.04
103926,10.0,85.53,29.43,43.15,23.07,821.62,2,4157.04
103951,10.0,86.6,29.87,43.44,23.15,774.71,2,4158.04
103976,10.0,87.41,31.1,44.91,25.61,816.32,2,4159.04
104001,10.0,87.67,32.68,43.13,31.43,900.95,2,4160.04
104026,10.0,87.89,34.65,41.6,37.85,973.15,2,4161.04
104051,10.0,88.06,37.06,42.65,43.66,1045.27,2,4162.04
104076,10.0,87.36,38.8,40.45,46.4,1011.41,2,4163.04
104101,10.0,86.19,39.57,36.24,45.56,890.64,2,4164.04
104126,10.0,85.22,39.98,34.0,42.89,790.26,2,4165.04
104151,10.0,84.79,40.32,33.09,39.91,736.12,2,4166.04
104176,10.0,84.58,40.2,31.73,37.15,666.96,2,4167.04
104201,10.0,84.33,40.06,29.51,35.23,573.62,2,4168.04
104226,10.0,84.17,40.46,27.8,33.97,515.02,2,4169.04
104251,10.0,83.83,40.74,26.59,33.79,488.45,2,4170.04
104276,10.0,82.9,40.08,25.55,33.88,469.71,2,4171.04
104301,10.0,81.81,38.58,24.51,32.8,471.61,2,4172.04
104326,10.0,81.37,36.63,24.05,34.11,497.89,2,4173.04
104351,10.0,82.12,34.58,25.12,37.49,571.05,2,4174.04
104376,10.0,83.56,32.52,27.32,39.36,665.32,2,4175.04
104401,10.0,84.91,30.88,29.24,37.9,708.69,2,4176.04
104426,10.0,86.38,30.01,30.46,33.68,694.28,2,4177.04
104451,10.0,88.54,29.49,32.24,28.63,682.3,2,4178.04
104476,10.0,90.97,29.35,34.21,24.12,665.46,2,4179.04
104501,10.0,92.04,29.52,34.67,24.63,621.98,2,4180.04
104526,10.0,91.17,29.55,33.39,24.99,585.93,2,4181.04
104551,10.0,89.19,29.14,31.4,25.8,585.01,2,4182.04
104576,10.0,87.18,28.21,29.07,27.98,604.82,2,4183.04
104601,10.0,85.49,27.42,26.56,29.04,607.43,2,4184.04
104626,10.0,83.83,27.13,26.34,28.88,600.65,2,4185.04
104651,10.0,82.26,27.16,26.41,27.88,591.45,2,4186.04
104676,10.0,81.21,27.32,26.2,27.31,571.99,2,4187.04
104701,10.0,80.51,27.46,25.81,27.33,550.15,2,4188.04
104726,10.0,79.92,27.47,24.94,28.18,535.39,2,4189.04
104751,10.0,79.54,27.45,24.22,28.81,516.83,2,4190.04
104776,10.0,79.46,27.4,24.24,28.77,501.53,2,4191.04
104801,10.0,80.12,27.4,25.16,27.99,505.89,2,4192.04
104826,10.0,81.64,27.4,26.63,27.5,517.61,2,4193.04
104851,10.0,83.49,27.37,27.64,27.03,566.3,2,4194.04
104876,10.0,85.28,27.31,27.68,26.4,607.03,2,4195.04
104901,10.0,86.86,27.12,27.93,25.73,613.87,2,4196.04
104926,10.0,88.22,27.23,27.8,24.67,598.04,2,4197.04
104951,10.0,88.71,27.77,27.74,23.27,561.88,2,4198.04
104976,10.0,88.02,28.28,27.12,21.5,521.08,2,4199.04
105001,10.0,86.61,28.63,26.92,22.54,509.85,2,4200.04
105026,10.0,85.47,29.39,27.56,27.42,601.37,2,4201.04
105051,10.0,84.31,29.66,28.56,30.73,648.57,2,4202.04
105076,10.0,82.75,29.99,30.34,33.33,697.33,2,4203.04
105101,10.0,81.24,30.33,32.64,33.6,736.01,2,4204.04
105126,10.0,80.06,30.59,33.58,34.05,773.79,2,4205.04
105151,10.0,79.15,30.86,34.73,34.54,813.87,2,4206.04
105176,10.0,78.29,30.99,35.69,35.44,846.29,2,4207.04
105201,10.0,77.44,31.01,36.4,36.68,873.83,2,4208.04
105226,10.0,76.59,31.07,36.46,38.02,889.02,2,4209.04
105251,10.0,75.65,31.15,35.61,39.16,884.03,2,4210.04
105276,10.0,74.64,31.27,34.82,40.93,900.75,2,4211.04
105301,10.0,73.69,31.55,34.23,42.85,947.51,2,4212.04
105326,10.0,72.81,31.81,33.65,44.87,1016.87,2,4213.04
105351,10.0,72.03,32.03,33.9,46.92,1073.95,2,4214.04
105376,10.0,71.21,32.22,34.72,48.75,1121.3,2,4215.04
105401,10.0,70.36,32.42,35.52,50.45,1167.7,2,4216.04
105426,10.0,69.59,32.7,36.33,52.08,1218.82,2,4217.04
105451,10.0,68.89,33.02,37.11,53.84,1278.26,2,4218.04
105476,10.0,68.25,33.33,37.83,55.81,1341.28,2,4219.04
105501,10.0,67.61,33.61,38.54,57.65,1398.67,2,4220.04
105526,10.0,66.96,33.79,39.09,59.09,1442.37,2,4221.04
105551,10.0,66.34,33.91,39.4,60.33,1486.95,2,4222.04
105576,10.0,65.78,33.94,39.44,61.97,1522.6,2,4223.04
105601,10.0,65.29,33.95,39.22,63.34,1546.4,2,4224.04
105626,10.0,64.88,34.05,39.14,64.17,1560.93,2,4225.04
105651,10.0,64.56,34.09,39.07,63.65,1551.48,2,4226.04
105676,10.0,64.32,34.14,39.01,64.23,1563.21,2,4227.04
105701,10.0,63.99,33.93,38.7,61.75,1503.05,2,4228.04
105726,10.0,63.75,33.93,38.3,61.85,1487.57,2,4229.04
105751,10.0,63.57,33.9,38.07,62.06,1477.21,2,4230.04
105776,10.0,63.49,33.85,38.13,61.83,1475.3,2,4231.04
105801,10.0,63.57,33.74,38.17,61.55,1483.75,2,4232.04
105826,10.0,63.66,33.71,38.2,61.45,1497.45,2,4233.04
105851,10.0,63.68,33.83,38.29,61.5,1514.09,2,4234.04
105876,10.0,63.65,33.99,38.36,61.64,1533.04,2,4235.04
105901,10.0,63.63,34.13,38.31,61.71,1547.16,2,4236.04
105926,10.0,63.6,34.22,38.43,61.53,1561.98,2,4237.04
105951,10.0,63.39,34.34,38.75,61.28,1586.05,2,4238.04
105976,10.0,63.14,34.5,38.93,61.08,1609.63,2,4239.04
106001,10.0,63.01,34.49,38.84,60.73,1624.19,2,4240.04
106026,10.0,62.95,34.36,38.63,60.21,1632.88,2,4241.04
106051,10.0,62.95,34.27,38.62,59.83,1653.06,2,4242.04
106076,10.0,62.87,34.22,38.8,59.55,1673.92,2,4243.04
106101,10.0,62.67,34.2,39.34,59.17,1675.55,2,4244.04
106126,10.0,62.53,34.23,39.37,58.5,1655.92,2,4245.04
106151,10.0,62.44,34.28,38.87,57.6,1622.99,2,4246.04
106176,10.0,62.41,34.41,38.41,56.55,1595.11,2,4247.04
106201,10.0,62.41,34.56,37.92,56.56,1583.91,2,4248.04
106226,10.0,62.39,34.76,37.26,56.79,1578.94,2,4249.04
106251,10.0,62.38,35.06,36.7,56.81,1569.89,2,4250.04
106276,10.0,62.33,35.3,36.74,56.42,1568.6,2,4251.04
106301,10.0,62.22,35.38,36.98,55.96,1560.24,2,4252.04
106326,10.0,61.94,35.5,36.8,55.32,1514.84,2,4253.04
106351,10.0,61.3,35.76,36.24,54.6,1452.56,2,4254.04
106376,10.0,60.35,36.19,35.39,53.91,1391.62,2,4255.04
106401,10.0,59.08,36.67,34.17,52.84,1316.39,2,4256.04
106426,10.0,57.48,37.19,32.5,51.59,1240.22,2,4257.04
106451,10.0,55.68,37.8,30.92,50.69,1185.38,2,4258.04
106476,10.0,53.85,38.32,30.36,49.67,1128.94,2,4259.04
106501,10.0,52.13,38.66,29.41,48.49,1066.63,2,4260.04
106526,10.0,50.56,38.82,28.03,47.34,1003.57,2,4261.04
106551,10.0,49.07,38.55,26.52,46.54,954.62,2,4262.04
106576,10.0,47.46,37.36,25.51,45.74,921.76,2,4263.04
106601,10.0,45.56,35.37,26.39,45.54,950.4,2,4264.04
106626,10.0,43.65,33.21,28.02,46.41,1020.68,2,4265.04
106651,10.0,42.27,31.29,28.83,47.53,1046.06,2,4266.04
106676,10.0,41.06,30.06,29.23,46.67,1019.16,2,4267.04
106701,10.0,39.73,29.41,29.26,42.51,967.18,2,4268.04
106726,10.0,38.86,28.86,30.98,36.79,885.14,2,4269.04
106751,10.0,39.11,28.42,30.74,31.51,776.99,2,4270.04
106776,10.0,40.33,27.83,30.55,29.31,701.83,2,4271.04
106801,10.0,41.7,26.58,29.92,29.09,665.33,2,4272.04
106826,10.0,43.17,24.87,29.1,31.57,684.18,2,4273.04
106851,10.0,44.86,23.05,28.8,35.24,736.4,2,4274.04
106876,10.0,46.66,21.17,29.62,36.81,820.91,2,4275.04
106901,10.0,48.14,19.73,30.75,39.9,896.93,2,4276.04
106926,10.0,48.96,18.98,31.03,42.63,939.34,2,4277.04
106951,10.0,49.25,18.8,31.27,44.09,964.03,2,4278.04
106976,10.0,49.28,19.16,31.99,44.24,972.89,2,4279.04
107001,10.0,49.24,19.6,32.97,45.18,1008.84,2,4280.04
107026,10.0,49.43,20.05,34.11,45.82,1080.91,2,4281.04
107051,10.0,50.08,20.98,35.08,46.14,1152.79,2,4282.04
107076,10.0,50.93,22.55,35.64,46.7,1220.06,2,4283.04
107101,10.0,51.67,24.55,35.96,48.03,1265.41,2,4284.04
107126,10.0,52.03,26.59,35.82,49.57,1269.38,2,4285.04
107151,10.0,52.14,28.59,34.7,51.33,1274.63,2,4286.04
107176,10.0,52.16,30.54,33.3,53.03,1310.63,2,4287.04
107201,10.0,52.04,32.44,31.97,54.33,1357.68,2,4288.04
107226,10.0,51.6,34.38,31.77,55.24,1388.95,2,4289.04
107251,10.0,51.2,36.03,32.71,55.43,1430.46,2,4290.04
107276,10.0,51.67,37.24,33.53,54.73,1453.67,2,4291.04
107301,10.0,52.66,38.48,35.42,54.11,1479.32,2,4292.04
107326,10.0,53.03,39.72,39.3,53.26,1543.53,2,4293.04
107351,10.0,52.34,41.04,40.61,51.84,1590.02,2,4294.04
107376,10.0,51.3,42.68,38.73,50.71,1554.7,2,4295.04
107401,10.0,50.38,44.02,37.73,50.03,1507.07,2,4296.04
107426,10.0,49.39,44.91,37.81,49.71,1478.7,2,4297.04
107451,10.0,48.34,45.57,37.9,49.23,1457.26,2,4298.04
107476,10.0,47.56,45.98,37.77,49.52,1457.92,2,4299.04
107501,10.0,47.07,46.24,37.86,50.57,1478.18,2,4300.04
107526,10.0,46.8,46.04,38.21,48.18,1443.33,2,4301.04
107551,10.0,46.68,45.36,38.55,49.04,1437.94,2,4302.04
107576,10.0,46.62,44.82,37.74,50.13,1447.83,2,4303.04
107601,10.0,46.51,44.0,36.69,53.62,1508.9,2,4304.04
107626,10.0,46.63,42.34,36.54,54.94,1495.63,2,4305.04
107651,10.0,46.95,40.37,35.94,55.67,1499.87,2,4306.04
107676,10.0,47.05,38.51,34.17,56.62,1489.53,2,4307.04
107701,10.0,46.97,36.79,31.89,57.33,1457.11,2,4308.04
107726,10.0,46.69,35.08,29.49,57.55,1430.72,2,4309.04
107751,10.0,46.13,33.66,28.96,57.3,1371.99,2,4310.04
107776,10.0,45.25,32.78,29.19,55.56,1288.04,2,4311.04
107801,10.0,44.09,32.11,29.45,54.82,1209.13,2,4312.04
107826,10.0,42.69,31.53,29.89,54.97,1155.66,2,4313.04
107851,10.0,41.0,31.21,30.77,54.4,1099.7,2,4314.04
107876,10.0,39.21,31.05,31.9,53.04,1092.48,2,4315.04
107901,10.0,38.18,30.84,32.92,51.34,1117.68,2,4316.04
107926,10.0,38.07,30.49,34.54,50.09,1144.01,2,4317.04
107951,10.0,38.22,29.72,33.72,48.93,1166.07,2,4318.04
107976,10.0,38.03,28.91,33.54,48.53,1175.77,2,4319.04
108001,10.0,38.38,28.33,32.2,46.53,1092.08,2,4320.04
108026,10.0,40.61,27.76,29.0,42.21,900.23,2,4321.04
108051,10.0,44.18,27.45,25.61,37.92,695.75,2,4322.04
108076,10.0,47.62,27.84,24.62,33.68,539.51,2,4323.04
108101,10.0,49.36,28.76,24.45,30.21,502.2,2,4324.04
108126,10.0,48.28,29.58,25.62,30.51,559.66,2,4325.04
108151,10.0,45.2,30.07,28.2,29.45,646.1,2,4326.04
108176,10.0,41.68,30.74,31.18,28.38,717.22,2,4327.04
108201,10.0,39.09,31.47,33.85,28.51,733.3,2,4328.04
108226,10.0,38.06,31.81,34.9,29.2,767.2,2,4329.04
108251,10.0,37.83,31.49,34.62,30.0,788.79,2,4330.04
108276,10.0,37.5,31.51,34.02,31.61,812.8,2,4331.04
108301,10.0,37.19,31.79,33.13,33.37,827.64,2,4332.04
108326,10.0,36.97,31.87,31.5,34.58,793.83,2,4333.04
108351,10.0,36.67,31.98,29.26,35.7,758.61,2,4334.04
108376,10.0,36.11,32.26,26.8,37.21,729.38,2,4335.04
108401,10.0,35.02,32.84,25.02,38.95,716.72,2,4336.04
108426,10.0,32.8,33.66,25.26,40.0,738.34,2,4337.04
108451,10.0,29.84,34.54,27.23,40.38,789.09,2,4338.04
108476,10.0,27.0,35.24,30.12,38.93,864.48,2,4339.04
108501,10.0,24.7,35.49,34.69,36.66,939.13,2,4340.04
108526,10.0,23.09,35.23,39.87,35.81,1042.62,2,4341.04
108551,10.0,22.36,34.67,43.07,36.01,1146.2,2,4342.04
108576,10.0,22.26,34.13,44.56,37.02,1200.86,2,4343.04
108601,10.0,22.51,33.52,44.87,38.11,1205.21,2,4344.04
108626,10.0,22.94,32.77,44.62,38.55,1195.25,2,4345.04
108651,10.0,23.43,31.86,44.16,38.67,1178.82,2,4346.04
108676,10.0,23.95,30.75,43.3,38.41,1158.3,2,4347.04
108701,10.0,24.45,29.65,42.31,37.66,1130.79,2,4348.04
108726,10.0,24.98,28.53,41.28,36.97,1104.14,2,4349.04
108751,10.0,25.51,27.45,40.42,36.75,1089.55,2,4350.04
108776,10.0,26.02,26.37,39.49,37.05,1073.23,2,4351.04
108801,10.0,26.47,25.42,38.76,36.97,1052.88,2,4352.04
108826,10.0,26.8,24.69,38.22,37.49,1052.19,2,4353.04
108851,10.0,27.03,23.89,37.84,38.26,1056.23,2,4354.04
108876,10.0,27.18,23.04,37.64,38.58,1065.32,2,4355.04
108901,10.0,27.27,22.14,37.09,38.37,1058.0,2,4356.04
108926,10.0,27.3,21.24,37.19,37.43,1037.31,2,4357.04
108951,10.0,27.18,20.32,37.58,36.68,1014.2,2,4358.04
108976,10.0,26.94,19.4,38.06,35.38,982.08,2,4359.04
109001,10.0,26.68,18.54,38.27,34.14,938.58,2,4360.04
109026,10.0,26.37,17.75,38.34,33.26,898.5,2,4361.04
109051,10.0,26.12,16.99,38.14,32.54,865.33,2,4362.04
109076,10.0,25.95,16.23,37.46,31.97,825.87,2,4363.04
109101,10.0,25.79,15.53,36.91,31.81,793.3,2,4364.04
109126,10.0,25.7,14.89,36.4,31.68,766.97,2,4365.04
109151,10.0,25.66,14.36,36.17,31.21,743.85,2,4366.04
109176,10.0,25.67,14.05,35.9,30.18,708.48,2,4367.04
109201,10.0,26.03,13.74,34.77,28.75,658.01,2,4368.04
109226,10.0,26.72,13.7,32.98,26.81,594.11,2,4369.04
109251,10.0,27.73,14.08,31.24,25.17,540.62,2,4370.04
109276,10.0,29.29,14.61,29.4,24.34,496.53,2,4371.04
109301,10.0,31.16,14.69,28.42,24.3,481.36,2,4372.04
109326,10.0,32.62,14.07,28.58,25.09,494.54,2,4373.04
109351,10.0,33.15,13.64,29.22,26.64,528.96,2,4374.04
109376,10.0,33.47,13.68,29.93,28.3,565.05,2,4375.04
109401,10.0,35.15,13.54,30.49,29.37,596.8,2,4376.04
109426,10.0,37.45,13.35,31.49,27.97,610.39,2,4377.04
109451,10.0,40.15,13.71,32.82,26.58,623.56,2,4378.04
109476,10.0,43.78,14.84,34.79,25.17,655.15,2,4379.04
109501,10.0,48.42,16.63,37.37,24.03,704.66,2,4380.04
109526,10.0,53.77,18.89,40.18,23.06,755.92,2,4381.04
109551,10.0,59.27,21.31,42.97,22.18,805.58,2,4382.04
109576,10.0,63.81,23.74,44.18,23.37,850.88,2,4383.04
109601,10.0,66.53,25.95,42.24,25.27,877.36,2,4384.04
109626,10.0,67.7,27.59,39.89,28.74,882.09,2,4385.04
109651,10.0,68.33,28.61,38.15,29.23,836.22,2,4386.04
109676,10.0,68.98,29.29,36.55,27.94,766.28,2,4387.04
109701,10.0,69.88,29.81,35.27,26.65,690.76,2,4388.04
109726,10.0,70.73,30.19,34.34,26.31,631.15,2,4389.04
109751,10.0,71.55,30.52,33.67,25.68,591.16,2,4390.04
109776,10.0,72.32,30.75,32.8,24.96,546.66,2,4391.04
109801,10.0,73.02,30.93,31.79,24.55,513.18,2,4392.04
109826,10.0,73.69,31.14,30.88,24.19,486.23,2,4393.04
109851,10.0,74.32,31.36,29.97,23.7,458.1,2,4394.04
109876,10.0,74.9,31.65,28.94,22.97,425.55,2,4395.04
109901,10.0,75.38,31.89,28.09,22.32,390.85,2,4396.04
109926,10.0,75.83,32.02,27.33,21.96,356.34,2,4397.04
109951,10.0,76.42,32.31,26.61,21.79,326.23,2,4398.04
109976,10.0,77.06,32.57,25.76,21.58,302.5,2,4399.04
110001,10.0,77.73,32.71,24.62,21.32,290.54,2,4400.04
110026,10.0,78.47,32.86,23.47,21.33,285.02,2,4401.04
110051,10.0,79.24,32.96,22.27,20.92,278.68,2,4402.04
110076,10.0,79.99,32.99,20.93,20.14,266.83,2,4403.04
110101,10.0,80.75,33.16,19.29,19.33,249.45,2,4404.04
110126,10.0,81.6,33.47,17.06,18.66,225.1,2,4405.04
110151,10.0,82.45,33.67,14.58,17.79,195.0,2,4406.04
110176,10.0,83.24,33.84,13.8,17.56,165.11,2,4407.04
110201,10.0,83.95,34.05,13.24,17.51,141.64,2,4408.04
110226,10.0,84.62,34.32,12.74,17.24,134.95,2,4409.04
110251,10.0,85.23,34.53,12.09,16.71,128.04,2,4410.04
110276,10.0,85.8,34.6,11.33,17.27,124.78,2,4411.04
110301,10.0,86.33,34.68,11.28,17.81,121.07,2,4412.04
110326,10.0,86.99,34.96,11.54,18.59,124.14,2,4413.04
110351,10.0,87.41,35.02,12.2,18.36,126.81,2,4414.04
110376,10.0,87.29,34.67,11.36,17.66,115.91,2,4415.04
110401,10.0,87.23,34.37,10.86,17.6,107.86,2,4416.04
110426,10.0,87.39,34.25,10.76,18.1,107.74,2,4417.04
110451,10.0,87.49,34.06,10.0,18.59,104.41,2,4418.04
110476,10.0,87.62,33.82,10.52,18.6,110.16,2,4419.04
110501,10.0,87.75,33.62,10.45,18.74,111.68,2,4420.04
110526,10.0,87.95,33.65,10.1,18.97,109.65,2,4421.04
110551,10.0,88.14,34.16,10.51,19.28,111.55,2,4422.04
110576,10.0,88.13,34.64,10.52,19.75,111.03,2,4423.04
110601,10.0,88.11,34.82,10.23,20.82,111.62,2,4424.04
110626,10.0,88.04,34.74,9.6,21.86,115.62,2,4425.04
110651,10.0,88.03,34.6,9.72,22.55,121.39,2,4426.04
110676,10.0,88.06,34.38,10.04,23.3,139.29,2,4427.04
110701,10.0,88.02,33.91,9.48,24.31,137.72,2,4428.04
110726,10.0,87.97,33.7,9.65,25.39,138.31,2,4429.04
110751,10.0,88.14,33.96,10.11,25.44,141.17,2,4430.04
110776,10.0,88.1,34.01,10.03,24.98,135.58,2,4431.04
110801,10.0,87.94,33.92,9.76,25.29,134.48,2,4432.04
110826,10.0,87.91,33.86,9.51,25.92,134.76,2,4433.04
110851,10.0,88.01,33.85,9.57,26.78,138.88,2,4434.04
110876,10.0,88.39,33.87,10.36,27.06,145.23,2,4435.04
110901,10.0,88.65,33.91,10.68,26.27,149.8,2,4436.04
110926,10.0,88.92,33.83,10.78,24.65,140.96,2,4437.04
110951,10.0,90.34,33.99,12.29,24.05,154.17,2,4438.04
110976,10.0,92.41,34.55,16.42,22.98,200.88,2,4439.04
111001,10.0,92.93,34.73,19.65,21.87,229.45,2,4440.04
111026,10.0,91.31,34.88,22.7,21.7,275.84,2,4441.04
111051,10.0,88.23,35.32,26.59,23.2,323.55,2,4442.04
111076,10.0,84.3,35.51,30.45,25.14,347.23,2,4443.04
111101,10.0,80.03,35.8,33.54,31.02,441.71,2,4444.04
111126,10.0,75.7,36.5,35.82,36.11,661.74,2,4445.04
111151,10.0,71.3,37.38,38.52,40.19,849.78,2,4446.04
111176,10.0,66.93,38.32,42.1,42.99,1027.31,2,4447.04
111201,10.0,62.3,38.89,45.58,44.48,1182.16,2,4448.04
111226,10.0,57.65,39.2,47.56,45.87,1363.4,2,4449.04
111251,10.0,53.31,39.43,48.65,47.36,1509.66,2,4450.04
111276,10.0,49.55,39.45,47.97,47.58,1570.26,2,4451.04
111301,10.0,46.51,39.62,46.48,47.57,1583.6,2,4452.04
111326,10.0,44.03,39.98,44.17,47.01,1551.01,2,4453.04
111351,10.0,42.0,40.39,41.19,46.4,1499.57,2,4454.04
111376,10.0,40.4,40.63,42.1,45.18,1462.39,2,4455.04
111401,10.0,39.13,40.64,42.93,45.45,1402.11,2,4456.04
111426,10.0,38.08,40.46,42.59,45.38,1377.8,2,4457.04
111451,10.0,37.22,40.18,41.24,45.5,1367.27,2,4458.04
111476,10.0,36.52,39.82,39.13,45.56,1339.98,2,4459.04
111501,10.0,36.06,39.33,36.25,46.65,1286.14,2,4460.04
111526,10.0,35.79,38.79,34.52,48.78,1241.88,2,4461.04
111551,10.0,35.34,38.19,32.91,50.35,1203.57,2,4462.04
111576,10.0,34.15,36.93,31.91,51.57,1169.16,2,4463.04
111601,10.0,32.35,35.77,31.84,51.78,1156.26,2,4464.04
111626,10.0,29.89,35.02,32.96,50.14,1136.39,2,4465.04
111651,10.0,27.28,34.71,34.09,47.61,1099.77,2,4466.04
111676,10.0,24.99,34.24,35.83,44.89,1063.4,2,4467.04
111701,10.0,22.84,33.26,39.08,41.99,1094.14,2,4468.04
111726,10.0,20.69,32.49,43.77,38.66,1095.15,2,4469.04
111751,10.0,19.39,32.07,47.19,35.25,1045.44,2,4470.04
111776,10.0,18.89,32.09,49.33,32.48,1006.28,2,4471.04
111801,10.0,18.56,32.03,48.68,29.47,896.34,2,4472.04
111826,10.0,17.96,31.45,44.24,24.54,652.67,2,4473.04
111851,10.0,17.07,30.64,37.09,19.68,394.53,2,4474.04
111876,10.0,16.37,29.64,28.34,14.89,206.24,2,4475.04
111901,10.0,15.81,28.8,19.65,10.57,98.48,2,4476.04
111926,10.0,15.29,28.1,11.77,7.04,47.05,2,4477.04
111951,10.0,14.82,27.48,7.23,5.22,18.78,2,4478.04
111976,10.0,14.41,27.01,5.14,4.16,9.56,2,4479.04
112001,10.0,14.16,26.95,4.24,5.66,11.91,2,4480.04
112026,10.0,14.17,27.05,2.79,6.46,9.84,2,4481.04
112051,10.0,14.18,27.14,2.42,6.7,7.1,2,4482.04
112076,10.0,14.09,27.26,3.18,7.15,11.14,2,4483.04
112101,10.0,14.16,27.45,3.25,7.62,14.67,2,4484.04
112126,10.0,14.26,27.62,3.75,7.72,16.71,2,4485.04
112151,10.0,14.4,27.72,4.47,7.66,19.11,2,4486.04
112176,10.0,14.59,27.46,5.2,7.68,19.11,2,4487.04
112201,10.0,14.68,27.21,5.82,7.73,24.91,2,4488.04
112226,10.0,14.62,27.43,6.47,7.28,27.65,2,4489.04
112251,10.0,14.46,27.72,7.42,6.39,29.02,2,4490.04
112276,10.0,14.39,27.42,8.96,5.81,33.59,2,4491.04
112301,10.0,14.31,27.33,10.55,6.07,42.13,2,4492.04
112326,10.0,14.28,27.52,11.88,6.84,53.32,2,4493.04
112351,10.0,14.16,27.61,13.16,7.92,66.27,2,4494.04
112376,10.0,14.04,27.35,14.29,8.67,82.64,2,4495.04
112401,10.0,13.89,27.12,15.27,9.44,94.7,2,4496.04
112426,10.0,13.77,27.01,15.61,10.36,103.29,2,4497.04
112451,10.0,14.0,26.71,14.85,11.3,96.57,2,4498.04
112476,10.0,14.62,26.32,15.23,12.77,98.89,2,4499.04
112501,10.0,15.18,26.33,16.09,13.68,112.34,2,4500.04
112526,10.0,15.7,26.55,17.22,15.49,134.08,2,4501.04
112551,10.0,16.19,26.88,18.4,16.89,155.51,2,4502.04
112576,10.0,16.49,27.38,19.48,18.19,178.16,2,4503.04
112601,10.0,16.58,28.03,20.44,19.06,197.03,2,4504.04
112626,10.0,16.71,28.31,21.08,19.72,211.32,2,4505.04
112651,10.0,16.91,28.4,21.24,20.15,214.51,2,4506.04
112676,10.0,17.05,28.6,21.48,20.18,214.48,2,4507.04
112701,10.0,17.05,28.99,21.75,20.06,218.71,2,4508.04
112726,10.0,17.18,29.39,21.86,19.93,219.08,2,4509.04
112751,10.0,17.34,29.75,21.98,19.88,222.86,2,4510.04
112776,10.0,17.37,30.27,22.1,19.89,218.79,2,4511.04
112801,10.0,17.37,30.73,22.32,19.82,214.8,2,4512.04
112826,10.0,17.45,30.95,22.96,19.68,217.76,2,4513.04
112851,10.0,17.42,31.14,23.46,19.45,214.82,2,4514.04
112876,10.0,17.31,31.31,23.87,19.27,208.31,2,4515.04
112901,10.0,17.24,31.53,24.48,19.3,211.89,2,4516.04
112926,10.0,17.21,31.76,25.3,19.43,223.14,2,4517.04
112951,10.0,17.2,31.93,26.3,19.79,243.0,2,4518.04
112976,10.0,17.17,32.01,27.4,20.31,263.23,2,4519.04
113001,10.0,17.26,31.94,28.39,20.98,282.14,2,4520.04
113026,10.0,17.38,32.02,29.74,21.9,311.24,2,4521.04
113051,10.0,17.5,32.18,30.82,22.85,340.95,2,4522.04
113076,10.0,17.58,32.39,31.86,23.53,360.06,2,4523.04
113101,10.0,17.79,32.2,32.15,24.2,375.1,2,4524.04
113126,10.0,17.77,32.27,31.78,24.93,394.76,2,4525.04
113151,10.0,17.74,32.31,31.82,25.3,406.99,2,4526.04
113176,10.0,17.59,32.3,31.26,25.2,397.86,2,4527.04
113201,10.0,17.35,32.28,29.83,24.77,365.47,2,4528.04
113226,10.0,17.19,32.16,28.12,24.4,335.22,2,4529.04
113251,10.0,17.12,32.11,26.18,23.53,305.42,2,4530.04
113276,10.0,17.08,32.15,24.48,23.57,285.99,2,4531.04
113301,10.0,17.08,32.26,22.94,23.73,274.19,2,4532.04
113326,10.0,17.07,32.37,22.12,23.88,269.28,2,4533.04
113351,10.0,16.94,32.67,22.34,23.83,268.46,2,4534.04
113376,10.0,16.78,33.08,22.98,23.67,266.64,2,4535.04
113401,10.0,16.71,33.38,23.85,23.43,271.29,2,4536.04
113426,10.0,16.71,33.65,24.31,23.36,283.39,2,4537.04
113451,10.0,16.73,34.07,24.75,23.38,296.09,2,4538.04
113476,10.0,16.67,34.67,26.2,24.89,315.17,2,4539.04
113501,10.0,16.73,34.99,27.51,26.22,344.94,2,4540.04
113526,10.0,16.96,35.06,28.4,27.62,382.08,2,4541.04
113551,10.0,17.18,35.1,30.29,29.11,427.14,2,4542.04
113576,10.0,17.33,35.19,32.4,30.28,482.7,2,4543.04
113601,10.0,17.45,35.37,35.36,31.31,546.48,2,4544.04
113626,10.0,17.7,35.18,37.59,31.18,587.82,2,4545.04
113651,10.0,17.96,34.84,39.25,30.28,614.15,2,4546.04
113676,10.0,18.14,34.72,40.67,29.08,625.56,2,4547.04
113701,10.0,18.31,34.69,41.79,27.63,621.07,2,4548.04
113726,10.0,18.5,34.61,42.64,26.03,602.31,2,4549.04
113751,10.0,18.71,34.55,43.36,24.24,576.08,2,4550.04
113776,10.0,18.92,34.5,44.08,22.65,550.81,2,4551.04
113801,10.0,19.14,34.38,45.1,21.29,529.37,2,4552.04
113826,10.0,19.37,34.2,46.29,19.65,505.5,2,4553.04
113851,10.0,19.63,34.06,47.47,17.93,479.74,2,4554.04
113876,10.0,19.9,34.03,48.61,16.48,458.31,2,4555.04
113901,10.0,20.15,34.09,49.85,14.74,425.72,2,4556.04
113926,10.0,20.41,34.07,51.07,12.93,399.5,2,4557.04
113951,10.0,20.64,34.05,52.17,12.37,398.6,2,4558.04
113976,10.0,20.83,33.89,53.18,12.41,392.49,2,4559.04
114001,10.0,20.98,33.75,53.95,13.79,415.05,2,4560.04
114026,10.0,21.18,33.79,54.42,16.05,478.9,2,4561.04
114051,10.0,21.4,33.63,54.59,16.3,496.12,2,4562.04
114076,10.0,21.6,33.49,54.24,15.92,485.98,2,4563.04
114101,10.0,21.72,33.5,53.64,16.18,488.57,2,4564.04
114126,10.0,21.82,33.47,53.11,16.65,494.02,2,4565.04
114151,10.0,21.98,33.26,52.22,17.0,494.83,2,4566.04
114176,10.0,22.2,33.14,51.02,17.83,504.66,2,4567.04
114201,10.0,22.4,33.22,49.69,18.42,504.82,2,4568.04
114226,10.0,22.53,33.3,48.27,18.92,499.29,2,4569.04
114251,10.0,22.63,33.28,46.83,18.79,476.0,2,4570.04
114276,10.0,22.61,33.29,45.15,18.31,443.35,2,4571.04
114301,10.0,22.44,33.33,43.25,18.33,421.75,2,4572.04
114326,10.0,22.41,33.28,41.36,18.59,409.52,2,4573.04
114351,10.0,22.56,33.19,39.62,19.18,420.36,2,4574.04
114376,10.0,22.7,33.08,38.27,19.76,440.38,2,4575.04
114401,10.0,22.83,33.1,38.31,20.48,459.13,2,4576.04
114426,10.0,23.06,33.07,38.73,21.52,488.71,2,4577.04
114451,10.0,23.28,32.91,39.17,22.67,518.85,2,4578.04
114476,10.0,23.4,32.87,40.11,23.85,550.27,2,4579.04
114501,10.0,23.66,32.84,41.04,24.03,567.85,2,4580.04
114526,10.0,23.97,32.91,41.11,23.74,555.08,2,4581.04
114551,10.0,24.31,33.04,41.03,23.93,556.1,2,4582.04
114576,10.0,24.66,33.06,41.13,24.08,575.81,2,4583.04
114601,10.0,24.84,33.08,41.31,23.39,580.74,2,4584.04
114626,10.0,25.04,33.13,41.67,22.59,577.81,2,4585.04
114651,10.0,25.3,33.19,42.32,21.95,578.79,2,4586.04
114676,10.0,25.44,33.39,42.95,21.65,569.36,2,4587.04
114701,10.0,25.42,33.53,43.0,20.82,548.38,2,4588.04
114726,10.0,25.35,33.58,42.38,20.0,520.25,2,4589.04
114751,10.0,25.33,33.5,41.37,18.9,496.11,2,4590.04
114776,10.0,25.33,33.5,40.34,17.86,481.54,2,4591.04
114801,10.0,25.17,33.66,39.44,18.34,467.74,2,4592.04
114826,10.0,24.97,33.72,38.52,18.41,456.85,2,4593.04
114851,10.0,24.89,33.62,37.5,17.88,439.7,2,4594.04
114876,10.0,24.8,33.63,36.57,17.53,417.31,2,4595.04
114901,10.0,24.71,33.68,35.54,17.71,399.29,2,4596.04
114926,10.0,24.54,33.72,34.5,17.19,378.42,2,4597.04
114951,10.0,24.34,33.7,33.53,17.35,370.96,2,4598.04
114976,10.0,24.07,33.65,33.23,18.0,378.58,2,4599.04
115001,10.0,23.37,33.75,34.52,17.6,384.43,2,4600.04
115026,10.0,21.59,33.58,36.84,16.66,411.14,2,4601.04
115051,10.0,18.95,32.39,39.62,15.29,429.81,2,4602.04
115076,10.0,16.58,29.83,43.4,14.26,453.98,2,4603.04
115101,10.0,14.92,26.19,45.29,16.7,462.34,2,4604.04
115126,10.0,13.82,22.07,46.71,18.61,427.8,2,4605.04
115151,10.0,12.76,18.34,48.41,22.37,384.18,2,4606.04
115176,10.0,11.66,15.01,50.08,25.53,319.44,2,4607.04
115201,10.0,10.58,12.03,51.44,28.21,254.24,2,4608.04
115226,10.0,9.66,9.43,52.75,30.08,224.83,2,4609.04
115251,10.0,9.16,7.2,53.3,31.9,208.84,2,4610.04
115276,10.0,8.93,5.62,54.21,33.05,182.46,2,4611.04
115301,10.0,8.87,4.71,55.57,33.42,154.45,2,4612.04
115326,10.0,9.17,4.2,56.28,33.5,168.85,2,4613.04
115351,10.0,9.43,3.94,57.5,33.18,168.24,2,4614.04
115376,10.0,9.78,3.93,58.75,32.81,167.27,2,4615.04
115401,10.0,10.45,4.17,59.82,32.11,162.0,2,4616.04
115426,10.0,11.2,4.55,61.54,31.02,141.01,2,4617.04
115451,10.0,12.03,4.88,63.05,30.67,163.6,2,4618.04
115476,10.0,12.92,5.01,64.47,30.88,221.16,2,4619.04
115501,10.0,14.01,5.17,66.15,31.41,292.64,2,4620.04
115526,10.0,14.96,5.56,66.33,31.71,364.3,2,4621.04
115551,10.0,16.45,5.88,65.05,31.86,418.88,2,4622.04
115576,10.0,17.67,6.23,63.57,32.06,464.82,2,4623.04
115601,10.0,19.22,6.47,61.9,32.02,491.07,2,4624.04
115626,10.0,20.61,6.76,60.66,31.97,505.62,2,4625.04
115651,10.0,21.93,7.16,59.42,31.73,503.93,2,4626.04
115676,10.0,23.27,7.71,58.04,31.32,489.46,2,4627.04
115701,10.0,24.29,8.13,56.64,31.08,475.27,2,4628.04
115726,10.0,25.57,8.51,55.28,30.77,470.63,2,4629.04
115751,10.0,27.02,8.86,53.98,30.76,484.46,2,4630.04
115776,10.0,28.4,9.34,53.28,30.75,504.95,2,4631.04
115801,10.0,29.79,9.84,52.57,30.96,528.94,2,4632.04
115826,10.0,31.22,10.28,51.85,31.24,552.27,2,4633.04
115851,10.0,32.58,10.7,51.11,31.28,567.53,2,4634.04
115876,10.0,33.84,11.02,50.36,31.13,580.02,2,4635.04
115901,10.0,34.99,11.24,49.59,30.88,608.03,2,4636.04
115926,10.0,36.07,11.43,48.81,30.64,646.77,2,4637.04
115951,10.0,37.12,11.57,48.02,30.54,691.24,2,4638.04
115976,10.0,38.19,11.81,47.21,31.92,735.36,2,4639.04
116001,10.0,39.29,12.07,46.71,34.21,795.38,2,4640.04
116026,10.0,40.39,12.34,45.97,35.58,845.17,2,4641.04
116051,10.0,41.59,12.65,45.41,36.88,890.35,2,4642.04
116076,10.0,42.88,12.95,44.94,39.38,970.76,2,4643.04
116101,10.0,44.15,13.16,44.35,41.43,1020.51,2,4644.04
116126,10.0,45.38,13.36,43.37,42.23,1042.32,2,4645.04
116151,10.0,46.48,13.52,41.75,42.79,1038.27,2,4646.04
116176,10.0,47.38,13.83,40.88,43.5,1029.59,2,4647.04
116201,10.0,48.33,14.26,40.53,43.91,1023.43,2,4648.04
116226,10.0,49.32,14.83,39.56,44.1,1003.02,2,4649.04
116251,10.0,50.27,15.5,38.33,44.01,975.45,2,4650.04
116276,10.0,51.2,16.3,36.53,43.87,938.37,2,4651.04
116301,10.0,52.19,17.16,35.49,43.8,899.43,2,4652.04
116326,10.0,53.22,18.11,34.47,43.21,864.68,2,4653.04
116351,10.0,54.05,19.29,33.43,42.66,833.12,2,4654.04
116376,10.0,54.89,20.15,32.36,42.71,823.19,2,4655.04
116401,10.0,55.67,21.18,31.21,42.61,800.07,2,4656.04
116426,10.0,56.46,22.26,29.89,41.12,752.04,2,4657.04
116451,10.0,57.21,23.42,28.46,38.47,696.99,2,4658.04
116476,10.0,57.98,24.71,27.03,35.72,644.79,2,4659.04
116501,10.0,58.79,26.0,25.39,32.86,589.46,2,4660.04
116526,10.0,59.57,27.2,23.55,30.06,529.59,2,4661.04
116551,10.0,60.25,28.29,21.57,27.79,467.02,2,4662.04
116576,10.0,60.83,29.27,19.6,26.71,415.22,2,4663.04
116601,10.0,61.27,30.27,18.33,25.49,370.23,2,4664.04
116626,10.0,61.6,31.26,17.69,24.62,343.53,2,4665.04
116651,10.0,61.99,32.09,17.47,25.02,344.78,2,4666.04
116676,10.0,62.46,32.76,17.83,25.82,354.72,2,4667.04
116701,10.0,62.75,33.3,18.14,26.81,364.51,2,4668.04
116726,10.0,62.82,33.65,18.14,28.0,375.95,2,4669.04
116751,10.0,62.69,33.77,18.19,29.34,402.03,2,4670.04
116776,10.0,62.52,33.64,19.88,30.37,442.57,2,4671.04
116801,10.0,62.62,33.91,21.62,30.85,475.36,2,4672.04
116826,10.0,63.14,34.96,22.43,32.14,506.06,2,4673.04
116851,10.0,63.74,35.77,22.71,32.52,529.59,2,4674.04
116876,10.0,63.88,35.87,22.31,32.44,534.44,2,4675.04
116901,10.0,63.04,35.09,21.62,33.21,550.89,2,4676.04
116926,10.0,61.94,33.28,23.43,34.42,610.84,2,4677.04
116951,10.0,61.72,30.83,26.7,35.52,691.98,2,4678.04
116976,10.0,63.03,28.51,27.88,36.35,725.52,2,4679.04
117001,10.0,65.88,26.9,28.65,35.93,729.43,2,4680.04
117026,10.0,69.52,25.9,30.25,33.81,722.07,2,4681.04
117051,10.0,72.96,25.1,31.66,31.02,703.08,2,4682.04
117076,10.0,75.77,24.88,32.27,30.1,658.57,2,4683.04
117101,10.0,78.08,25.02,32.11,28.76,611.0,2,4684.04
117126,10.0,80.03,24.9,32.73,27.01,547.55,2,4685.04
117151,10.0,81.95,24.59,32.52,26.33,523.75,2,4686.04
117176,10.0,84.25,24.5,32.6,28.07,550.6,2,4687.04
117201,10.0,86.49,24.62,34.08,28.72,578.11,2,4688.04
117226,10.0,88.14,25.11,34.67,26.85,562.32,2,4689.04
117251,10.0,89.04,25.83,35.86,24.98,541.15,2,4690.04
117276,10.0,89.15,26.29,36.15,25.0,529.21,2,4691.04
117301,10.0,88.77,26.67,35.56,25.25,503.17,2,4692.04
117326,10.0,87.95,26.92,35.19,25.78,492.29,2,4693.04
117351,10.0,87.05,27.43,36.11,26.18,514.69,2,4694.04
117376,10.0,86.02,27.93,37.07,28.14,536.03,2,4695.04
117401,10.0,84.69,28.07,35.54,26.41,524.61,2,4696.04
117426,10.0,83.36,28.24,35.03,26.39,516.49,2,4697.04
117451,10.0,82.13,28.44,35.03,26.53,521.54,2,4698.04
117476,10.0,80.89,28.56,34.65,27.7,550.5,2,4699.04
117501,10.0,79.53,28.69,35.11,29.69,600.55,2,4700.04
117526,10.0,78.09,28.92,35.91,31.83,670.87,2,4701.04
117551,10.0,76.65,29.19,36.71,33.94,744.91,2,4702.04
117576,10.0,75.18,29.46,37.21,36.01,816.67,2,4703.04
117601,10.0,73.65,29.79,37.04,37.87,877.55,2,4704.04
117626,10.0,72.1,30.09,36.49,39.45,924.42,2,4705.04
117651,10.0,70.63,30.39,35.71,40.62,954.74,2,4706.04
117676,10.0,69.29,30.71,34.24,41.55,961.7,2,4707.04
117701,10.0,67.97,31.06,32.33,42.23,944.33,2,4708.04
117726,10.0,66.61,31.35,30.62,42.59,922.15,2,4709.04
117751,10.0,65.23,31.54,29.24,42.92,900.78,2,4710.04
117776,10.0,63.82,31.61,28.01,43.24,876.4,2,4711.04
117801,10.0,62.38,31.6,26.97,43.33,851.97,2,4712.04
117826,10.0,60.93,31.51,26.25,43.25,829.88,2,4713.04
117851,10.0,59.5,31.38,25.46,43.02,798.98,2,4714.04
117876,10.0,58.08,31.32,24.29,42.48,756.95,2,4715.04
117901,10.0,56.67,31.3,23.02,41.92,716.91,2,4716.04
117926,10.0,55.31,31.3,21.8,41.46,681.73,2,4717.04
117951,10.0,54.03,31.3,20.79,41.31,655.68,2,4718.04
117976,10.0,52.87,31.28,20.23,41.52,643.47,2,4719.04
118001,10.0,51.88,31.23,20.41,41.92,640.51,2,4720.04
118026,10.0,51.08,31.27,20.66,42.6,648.53,2,4721.04
118051,10.0,50.48,31.39,20.97,43.75,664.97,2,4722.04
118076,10.0,50.22,31.8,21.31,44.38,677.76,2,4723.04
118101,10.0,50.66,33.0,22.46,43.3,673.42,2,4724.04
118126,10.0,51.44,34.69,24.15,42.05,704.4,2,4725.04
118151,10.0,51.77,36.27,25.13,40.22,743.45,2,4726.04
118176,10.0,51.41,37.59,24.64,38.3,749.83,2,4727.04
118201,10.0,49.92,38.8,25.32,38.11,793.15,2,4728.04
118226,10.0,47.39,39.79,29.88,37.78,865.18,2,4729.04
118251,10.0,44.68,40.13,34.73,37.59,941.88,2,4730.04
118276,10.0,42.64,39.74,39.32,37.33,1007.6,2,4731.04
118301,10.0,41.77,39.24,42.09,37.1,1046.63,2,4732.04
118326,10.0,42.34,38.69,42.72,36.48,1034.52,2,4733.04
118351,10.0,43.98,37.53,41.78,34.82,984.48,2,4734.04
118376,10.0,45.83,35.92,39.68,33.62,952.68,2,4735.04
118401,10.0,47.45,34.04,37.76,35.99,980.82,2,4736.04
118426,10.0,48.48,31.69,36.51,40.25,1075.57,2,4737.04
118451,10.0,48.98,29.27,35.64,45.42,1209.38,2,4738.04
118476,10.0,49.61,27.52,35.48,49.16,1314.77,2,4739.04
118501,10.0,51.13,26.66,35.84,49.39,1341.66,2,4740.04
118526,10.0,53.34,26.3,36.17,46.27,1287.44,2,4741.04
118551,10.0,55.77,26.14,36.38,42.34,1208.05,2,4742.04
118576,10.0,58.18,26.08,36.41,38.54,1129.23,2,4743.04
118601,10.0,60.51,26.07,35.83,35.51,1023.92,2,4744.04
118626,10.0,62.67,26.02,34.63,34.18,904.97,2,4745.04
118651,10.0,64.49,26.07,33.18,33.02,808.49,2,4746.04
118676,10.0,65.98,26.27,31.64,32.2,746.0,2,4747.04
118701,10.0,67.14,26.47,30.41,31.6,703.7,2,4748.04
118726,10.0,68.11,26.61,29.6,31.33,670.54,2,4749.04
118751,10.0,69.01,26.61,29.09,31.11,640.45,2,4750.04
118776,10.0,69.87,26.56,28.82,30.85,615.89,2,4751.04
118801,10.0,70.72,26.54,28.67,30.54,597.54,2,4752.04
118826,10.0,71.53,26.49,28.7,30.01,579.74,2,4753.04
118851,10.0,72.34,26.58,28.8,29.42,564.08,2,4754.04
118876,10.0,73.13,26.75,28.55,28.91,543.9,2,4755.04
118901,10.0,73.79,26.87,27.74,28.38,522.89,2,4756.04
118926,10.0,74.42,26.96,26.83,28.06,505.43,2,4757.04
118951,10.0,75.02,27.09,25.79,28.03,488.29,2,4758.04
118976,10.0,75.49,27.14,24.72,27.99,476.64,2,4759.04
119001,10.0,75.88,27.16,23.86,28.05,467.14,2,4760.04
119026,10.0,76.19,27.16,23.13,28.48,457.56,2,4761.04
119051,10.0,76.36,27.21,22.53,29.08,447.62,2,4762.04
119076,10.0,76.36,27.17,22.38,29.48,442.15,2,4763.04
119101,10.0,76.23,27.17,22.34,29.79,436.34,2,4764.04
119126,10.0,76.12,27.33,22.06,30.3,429.3,2,4765.04
119151,10.0,76.15,27.48,21.66,30.77,422.72,2,4766.04
119176,10.0,76.39,27.49,21.52,31.45,427.86,2,4767.04
119201,10.0,76.84,27.05,21.78,32.38,447.79,2,4768.04
119226,10.0,77.37,26.47,21.93,31.91,461.82,2,4769.04
119251,10.0,77.69,25.95,21.47,30.66,460.43,2,4770.04
119276,10.0,77.93,25.37,20.98,29.85,450.7,2,4771.04
119301,10.0,78.55,24.46,20.87,30.17,454.33,2,4772.04
119326,10.0,79.19,23.22,20.75,32.2,486.64,2,4773.04
119351,10.0,79.2,21.94,20.34,32.88,496.95,2,4774.04
119376,10.0,78.91,20.65,20.58,32.71,477.78,2,4775.04
119401,10.0,78.49,19.8,21.18,31.05,470.06,2,4776.04
119426,10.0,78.0,19.69,21.09,29.07,457.15,2,4777.04
119451,10.0,77.83,20.09,21.22,27.8,433.18,2,4778.04
119476,10.0,78.07,20.82,21.27,27.21,403.9,2,4779.04
119501,10.0,78.64,21.85,20.42,26.76,371.25,2,4780.04
119526,10.0,79.37,22.85,19.05,26.77,340.58,2,4781.04
119551,10.0,80.18,23.73,16.98,26.12,303.18,2,4782.04
119576,10.0,81.05,24.49,14.47,25.42,258.17,2,4783.04
119601,10.0,82.02,25.07,12.12,24.47,213.98,2,4784.04
119626,10.0,83.04,25.51,12.05,23.31,198.81,2,4785.04
119651,10.0,83.99,26.02,12.48,22.26,190.9,2,4786.04
119676,10.0,84.79,26.51,12.43,22.14,181.88,2,4787.04
119701,10.0,85.44,26.89,12.86,23.16,183.93,2,4788.04
119726,10.0,85.91,27.28,13.47,22.99,184.36,2,4789.04
119751,10.0,86.33,27.99,13.25,23.58,175.74,2,4790.04
119776,10.0,86.67,28.71,12.92,24.0,156.7,2,4791.04
119801,10.0,86.77,29.13,12.26,24.15,132.08,2,4792.04
119826,10.0,86.82,29.61,12.45,26.04,119.64,2,4793.04
119851,10.0,86.85,29.9,12.56,27.84,119.64,2,4794.04
119876,10.0,86.96,30.09,12.07,29.02,124.34,2,4795.04
119901,10.0,87.2,30.35,12.83,30.23,131.74,2,4796.04
119926,10.0,87.25,30.23,12.9,29.63,129.32,2,4797.04
119951,10.0,87.18,29.85,12.24,27.8,121.04,2,4798.04
119976,10.0,87.22,29.81,11.82,27.92,118.09,2,4799.04
120001,10.0,87.41,30.13,11.73,29.59,107.34,2,4800.04
120026,10.0,87.61,30.62,11.17,30.02,110.85,2,4801.04
120051,10.0,87.73,31.21,10.86,29.72,111.78,2,4802.04
120076,10.0,87.91,31.8,10.87,29.95,106.49,2,4803.04
120101,10.0,87.93,31.91,10.94,29.89,103.72,2,4804.04
120126,10.0,87.89,31.75,10.94,29.1,103.71,2,4805.04
120151,10.0,88.12,31.89,11.32,29.0,111.66,2,4806.04
120176,10.0,88.3,31.85,11.65,29.45,120.45,2,4807.04
120201,10.0,88.28,31.67,11.33,29.87,122.77,2,4808.04
120226,10.0,88.29,31.67,11.11,30.11,121.27,2,4809.04
120251,10.0,88.5,31.79,11.56,29.91,116.59,2,4810.04
120276,10.0,88.72,31.7,12.19,29.51,114.23,2,4811.04
120301,10.0,88.9,31.5,13.04,29.4,120.35,2,4812.04
120326,10.0,89.7,31.12,13.92,28.55,133.92,2,4813.04
120351,10.0,90.76,30.2,16.03,26.71,153.2,2,4814.04
120376,10.0,90.25,29.76,19.95,24.63,189.78,2,4815.04
120401,10.0,87.61,29.89,22.82,22.99,221.37,2,4816.04
120426,10.0,83.95,30.19,24.2,22.12,293.96,2,4817.04
120451,10.0,80.47,30.76,24.56,24.19,384.04,2,4818.04
120476,10.0,77.29,31.58,24.96,27.82,467.83,2,4819.04
120501,10.0,74.43,32.6,25.03,30.18,528.37,2,4820.04
120526,10.0,72.15,33.92,25.99,33.27,569.02,2,4821.04
120551,10.0,70.23,35.47,26.75,37.83,626.5,2,4822.04
120576,10.0,68.45,36.35,26.23,37.82,666.42,2,4823.04
120601,10.0,68.64,36.94,30.21,37.47,728.7,2,4824.04
120626,10.0,70.84,37.76,35.21,36.15,809.14,2,4825.04
120651,10.0,73.58,38.56,39.28,35.49,880.29,2,4826.04
120676,10.0,75.13,40.06,41.32,37.88,976.36,2,4827.04
120701,10.0,74.88,41.77,41.7,43.08,1076.34,2,4828.04
120726,10.0,73.59,43.23,41.58,48.3,1161.23,2,4829.04
120751,10.0,72.36,43.99,40.71,51.55,1215.69,2,4830.04
120776,10.0,71.41,44.18,39.46,51.71,1208.22,2,4831.04
120801,10.0,71.12,44.28,38.26,52.04,1209.58,2,4832.04
120826,10.0,72.02,44.01,37.13,48.21,1177.28,2,4833.04
120851,10.0,73.51,43.34,37.15,41.76,1074.44,2,4834.04
120876,10.0,74.9,42.26,35.91,35.52,948.55,2,4835.04
120901,10.0,75.72,40.86,34.9,30.71,838.45,2,4836.04
120926,10.0,75.77,39.4,34.04,29.98,800.42,2,4837.04
120951,10.0,75.42,38.08,32.42,30.68,765.58,2,4838.04
120976,10.0,75.43,36.62,31.07,30.7,721.9,2,4839.04
121001,10.0,76.49,35.2,31.18,30.61,703.82,2,4840.04
121026,10.0,78.58,33.86,32.99,29.23,720.33,2,4841.04
121051,10.0,80.76,32.61,35.28,26.45,727.69,2,4842.04
121076,10.0,82.08,31.78,37.14,25.77,730.64,2,4843.04
121101,10.0,82.64,31.34,38.11,25.07,732.12,2,4844.04
121126,10.0,82.87,31.27,39.52,24.47,742.46,2,4845.04
121151,10.0,82.8,31.38,41.36,24.04,759.92,2,4846.04
121176,10.0,82.51,31.55,43.27,24.05,775.55,2,4847.04
121201,10.0,82.12,31.63,44.91,24.04,791.84,2,4848.04
121226,10.0,81.64,31.51,45.58,23.53,784.48,2,4849.04
121251,10.0,81.02,31.49,44.98,23.25,771.45,2,4850.04
121276,10.0,80.26,31.63,43.89,23.77,774.18,2,4851.04
121301,10.0,79.44,31.86,42.37,24.5,774.23,2,4852.04
121326,10.0,78.59,32.09,41.02,24.92,763.97,2,4853.04
121351,10.0,77.79,32.36,40.81,24.82,753.66,2,4854.04
121376,10.0,76.99,32.64,40.84,24.9,750.51,2,4855.04
121401,10.0,76.13,32.78,40.44,25.3,745.72,2,4856.04
121426,10.0,75.24,32.7,38.91,25.57,713.09,2,4857.04
121451,10.0,74.47,32.84,37.75,25.67,697.41,2,4858.04
121476,10.0,73.72,33.26,37.17,25.9,715.25,2,4859.04
121501,10.0,72.93,33.47,36.28,25.93,716.8,2,4860.04
121526,10.0,72.24,33.42,35.17,25.78,703.09,2,4861.04
121551,10.0,71.69,33.45,34.03,25.69,689.42,2,4862.04
121576,10.0,71.12,33.42,32.91,25.46,669.65,2,4863.04
121601,10.0,70.54,33.2,31.69,26.1,652.94,2,4864.04
121626,10.0,69.99,32.95,30.63,27.4,638.74,2,4865.04
121651,10.0,69.5,32.71,29.7,28.41,621.63,2,4866.04
121676,10.0,69.02,32.4,28.74,29.28,602.69,2,4867.04
121701,10.0,68.61,32.08,27.76,30.1,590.23,2,4868.04
121726,10.0,68.27,31.86,26.78,30.81,578.14,2,4869.04
121751,10.0,67.91,31.73,25.81,31.37,573.55,2,4870.04
121776,10.0,67.51,31.66,24.84,31.54,572.96,2,4871.04
121801,10.0,67.04,31.65,23.88,31.53,567.63,2,4872.04
121826,10.0,66.54,31.64,22.92,31.52,568.76,2,4873.04
121851,10.0,66.05,31.58,21.98,31.49,571.52,2,4874.04
121876,10.0,65.59,31.56,22.7,32.01,584.57,2,4875.04
121901,10.0,65.14,31.58,23.5,33.61,602.65,2,4876.04
121926,10.0,64.82,31.6,23.98,34.59,616.62,2,4877.04
121951,10.0,64.6,31.62,24.28,34.94,622.8,2,4878.04
121976,10.0,64.52,31.66,24.53,35.19,622.71,2,4879.04
122001,10.0,64.54,31.64,24.59,35.15,616.36,2,4880.04
122026,10.0,64.59,31.63,24.8,35.2,610.8,2,4881.04
122051,10.0,64.62,31.57,24.9,35.28,608.68,2,4882.04
122076,10.0,64.64,31.48,25.07,35.38,610.89,2,4883.04
122101,10.0,64.67,31.4,25.24,35.31,611.11,2,4884.04
122126,10.0,64.61,31.29,24.7,35.15,601.21,2,4885.04
122151,10.0,64.45,31.21,23.63,35.12,587.54,2,4886.04
122176,10.0,64.29,31.22,22.68,35.2,573.59,2,4887.04
122201,10.0,64.12,31.41,21.99,35.26,552.56,2,4888.04
122226,10.0,63.87,31.61,20.92,35.3,527.97,2,4889.04
122251,10.0,63.69,31.56,20.69,35.58,529.79,2,4890.04
122276,10.0,63.4,31.48,19.58,36.15,522.18,2,4891.04
122301,10.0,63.08,31.42,19.13,36.85,510.31,2,4892.04
122326,10.0,62.74,31.39,18.45,37.59,499.52,2,4893.04
122351,10.0,62.46,31.37,17.82,38.34,492.99,2,4894.04
122376,10.0,62.27,31.38,17.41,39.15,494.96,2,4895.04
122401,10.0,62.09,31.44,17.74,39.78,501.36,2,4896.04
122426,10.0,61.87,31.42,18.01,40.13,503.38,2,4897.04
122451,10.0,61.59,31.29,17.97,40.66,508.78,2,4898.04
122476,10.0,61.28,31.07,17.78,42.47,525.7,2,4899.04
122501,10.0,61.01,30.72,17.63,45.02,551.03,2,4900.04
122526,10.0,60.82,30.4,17.72,46.96,578.76,2,4901.04
122551,10.0,60.71,30.34,17.73,46.71,577.45,2,4902.04
122576,10.0,60.65,30.6,17.44,44.64,545.66,2,4903.04
122601,10.0,60.62,30.88,17.1,42.81,516.69,2,4904.04
122626,10.0,60.54,31.11,16.75,41.68,503.15,2,4905.04
122651,10.0,60.4,31.45,16.32,40.93,496.74,2,4906.04
122676,10.0,60.24,31.78,15.98,41.1,487.78,2,4907.04
122701,10.0,60.11,32.02,16.0,41.41,489.07,2,4908.04
122726,10.0,60.05,32.21,16.38,41.78,495.81,2,4909.04
122751,10.0,60.02,32.34,16.9,42.47,502.88,2,4910.04
122776,10.0,59.99,32.47,17.41,43.66,514.3,2,4911.04
122801,10.0,59.91,32.64,17.72,44.83,525.57,2,4912.04
122826,10.0,59.82,32.73,17.8,46.75,542.69,2,4913.04
122851,10.0,59.73,32.76,17.76,48.38,560.12,2,4914.04
122876,10.0,59.66,32.84,17.68,49.84,580.95,2,4915.04
122901,10.0,59.56,32.98,17.6,51.14,598.9,2,4916.04
122926,10.0,59.36,33.15,17.74,52.42,622.18,2,4917.04
122951,10.0,58.99,33.34,19.47,54.12,692.44,2,4918.04
122976,10.0,58.29,33.79,23.2,55.43,822.53,2,4919.04
123001,10.0,56.97,34.69,27.24,54.93,948.08,2,4920.04
123026,10.0,55.12,36.09,30.49,54.44,1068.69,2,4921.04
123051,10.0,52.89,37.38,33.15,52.58,1171.95,2,4922.04
123076,10.0,49.97,38.12,35.21,49.06,1231.95,2,4923.04
123101,10.0,46.18,38.66,36.74,47.57,1294.49,2,4924.04
123126,10.0,41.51,39.41,38.8,45.42,1369.05,2,4925.04
123151,10.0,36.34,40.14,41.83,43.37,1468.63,2,4926.04
123176,10.0,31.69,40.52,43.67,41.08,1500.76,2,4927.04
123201,10.0,28.48,40.75,44.72,38.43,1409.78,2,4928.04
123226,10.0,26.48,41.29,44.79,36.54,1311.33,2,4929.04
123251,10.0,25.1,42.09,42.82,36.59,1257.92,2,4930.04
123276,10.0,23.97,42.91,40.34,38.85,1210.91,2,4931.04
123301,10.0,22.98,43.9,38.87,42.84,1173.36,2,4932.04
123326,10.0,22.12,44.63,38.37,43.03,1113.72,2,4933.04
123351,10.0,21.3,45.23,37.51,43.08,1046.33,2,4934.04
123376,10.0,20.53,45.64,36.2,43.13,968.93,2,4935.04
123401,10.0,19.95,45.77,34.84,41.97,906.57,2,4936.04
123426,10.0,19.57,45.81,34.17,41.15,898.89,2,4937.04
123451,10.0,19.27,45.76,33.86,41.66,908.69,2,4938.04
123476,10.0,18.93,45.41,33.42,41.68,906.77,2,4939.04
123501,10.0,18.9,44.64,32.37,41.19,894.64,2,4940.04
123526,10.0,19.51,43.55,30.18,40.87,889.33,2,4941.04
123551,10.0,20.81,42.58,28.67,42.79,912.68,2,4942.04
123576,10.0,22.87,41.61,28.46,46.12,947.5,2,4943.04
123601,10.0,25.17,40.43,28.07,49.13,972.57,2,4944.04
123626,10.0,27.22,39.04,26.52,52.02,967.31,2,4945.04
123651,10.0,28.75,37.48,25.49,54.41,950.89,2,4946.04
123676,10.0,29.54,36.25,24.35,56.12,944.95,2,4947.04
123701,10.0,29.89,36.16,24.22,56.21,964.3,2,4948.04
123726,10.0,30.01,37.05,25.45,55.83,994.96,2,4949.04
123751,10.0,29.61,38.55,26.6,54.84,1031.5,2,4950.04
123776,10.0,28.65,40.43,27.39,53.97,1086.98,2,4951.04
123801,10.0,27.7,42.23,27.79,52.98,1118.25,2,4952.04
123826,10.0,27.17,43.57,27.44,51.4,1089.54,2,4953.04
123851,10.0,27.08,44.18,26.81,49.42,1017.65,2,4954.04
123876,10.0,28.44,44.22,26.92,47.83,970.69,2,4955.04
123901,10.0,30.9,43.97,27.37,44.5,937.46,2,4956.04
123926,10.0,33.18,44.01,27.26,39.27,866.88,2,4957.04
123951,10.0,35.06,44.09,28.18,33.8,762.58,2,4958.04
123976,10.0,35.77,43.27,29.98,30.76,659.55,2,4959.04
124001,10.0,35.39,41.96,31.99,29.76,600.06,2,4960.04
124026,10.0,35.76,40.53,32.56,28.52,543.96,2,4961.04
124051,10.0,37.66,39.38,32.1,26.26,495.4,2,4962.04
124076,10.0,40.79,39.01,32.06,24.64,479.91,2,4963.04
124101,10.0,44.24,39.87,32.36,26.38,541.42,2,4964.04
124126,10.0,47.3,41.6,33.26,30.36,663.21,2,4965.04
124151,10.0,50.92,42.91,35.65,32.41,809.25,2,4966.04
124176,10.0,55.53,43.12,39.15,31.87,926.59,2,4967.04
124201,10.0,60.73,42.62,43.37,30.22,1004.37,2,4968.04
124226,10.0,66.29,42.02,48.21,28.52,1064.22,2,4969.04
124251,10.0,71.86,41.31,53.2,27.41,1103.05,2,4970.04
124276,10.0,76.9,40.73,56.47,27.43,1093.0,2,4971.04
124301,10.0,81.19,40.22,58.44,26.46,1076.79,2,4972.04
124326,10.0,84.51,39.59,59.11,25.34,1045.31,2,4973.04
124351,10.0,86.68,38.75,57.69,24.31,1027.36,2,4974.04
124376,10.0,87.68,37.58,55.37,23.5,1016.12,2,4975.04
124401,10.0,87.63,36.38,52.31,23.6,997.54,2,4976.04
124426,10.0,87.03,35.32,50.72,24.38,998.85,2,4977.04
124451,10.0,86.17,34.58,48.72,24.92,995.41,2,4978.04
124476,10.0,85.07,33.98,46.55,26.25,994.46,2,4979.04
124501,10.0,83.81,33.26,44.39,27.5,1050.1,2,4980.04
124526,10.0,82.36,32.45,42.22,30.63,1088.15,2,4981.04
124551,10.0,80.87,31.7,39.48,33.27,1109.88,2,4982.04
124576,10.0,79.46,31.12,38.1,35.54,1131.57,2,4983.04
124601,10.0,78.13,30.68,38.08,37.6,1167.0,2,4984.04
124626,10.0,76.89,30.32,38.13,40.22,1201.17,2,4985.04
124651,10.0,75.69,29.88,38.37,41.84,1221.3,2,4986.04
124676,10.0,74.46,29.31,38.76,42.63,1235.39,2,4987.04
124701,10.0,73.21,28.85,39.36,43.02,1254.75,2,4988.04
124726,10.0,72.08,28.65,39.97,43.56,1284.82,2,4989.04
124751,10.0,71.1,28.61,40.18,44.13,1295.4,2,4990.04
124776,10.0,70.1,28.62,39.46,44.64,1284.69,2,4991.04
124801,10.0,69.12,28.69,38.71,45.15,1267.64,2,4992.04
124826,10.0,68.13,28.75,37.9,45.71,1249.69,2,4993.04
124851,10.0,67.15,28.75,37.01,46.1,1234.56,2,4994.04
124876,10.0,66.18,28.75,36.09,46.55,1229.23,2,4995.04
124901,10.0,65.21,28.7,35.09,46.79,1213.68,2,4996.04
124926,10.0,64.21,28.69,33.98,46.96,1191.91,2,4997.04
124951,10.0,63.22,28.77,32.86,47.2,1169.79,2,4998.04
124976,10.0,62.31,28.9,31.96,47.29,1148.26,2,4999.04
125001,10.0,61.46,29.11,31.13,47.08,1121.55,2,5000.04
125026,10.0,60.69,29.38,30.38,46.66,1097.54,2,5001.04
125051,10.0,59.99,29.6,29.75,46.2,1075.82,2,5002.04
125076,10.0,59.44,29.84,30.25,45.49,1056.19,2,5003.04
125101,10.0,59.08,30.06,31.05,44.74,1050.43,2,5004.04
125126,10.0,58.83,30.3,31.93,44.58,1053.85,2,5005.04
125151,10.0,58.62,30.55,32.79,44.61,1062.86,2,5006.04
125176,10.0,58.38,30.68,33.77,44.9,1072.02,2,5007.04
125201,10.0,58.14,30.75,34.79,45.21,1081.32,2,5008.04
125226,10.0,57.86,30.81,35.65,45.45,1094.21,2,5009.04
125251,10.0,57.55,30.83,36.24,45.95,1113.61,2,5010.04
125276,10.0,57.25,30.88,36.34,46.59,1134.3,2,5011.04
125301,10.0,57.03,31.02,36.01,47.06,1144.21,2,5012.04
125326,10.0,56.92,31.29,35.54,47.54,1146.42,2,5013.04
125351,10.0,56.88,31.61,35.41,48.1,1158.41,2,5014.04
125376,10.0,56.9,31.88,35.84,48.72,1188.35,2,5015.04
125401,10.0,56.98,32.11,36.35,49.29,1225.27,2,5016.04
125426,10.0,57.09,32.33,37.12,49.74,1271.35,2,5017.04
125451,10.0,57.15,32.52,37.91,50.08,1322.82,2,5018.04
125476,10.0,57.15,32.63,38.65,50.53,1374.96,2,5019.04
125501,10.0,57.12,32.65,39.32,50.84,1420.56,2,5020.04
125526,10.0,57.11,32.79,39.91,51.29,1458.89,2,5021.04
125551,10.0,57.23,32.96,40.43,51.65,1497.36,2,5022.04
125576,10.0,57.37,33.14,40.75,51.87,1537.16,2,5023.04
125601,10.0,57.41,33.34,40.97,52.15,1570.47,2,5024.04
125626,10.0,57.34,33.52,41.08,52.6,1594.8,2,5025.04
125651,10.0,57.25,33.66,41.17,53.03,1620.05,2,5026.04
125676,10.0,57.24,33.78,41.37,53.13,1645.66,2,5027.04
125701,10.0,57.28,33.94,41.72,52.96,1669.63,2,5028.04
125726,10.0,57.4,34.15,42.42,52.49,1695.31,2,5029.04
125751,10.0,57.53,34.24,43.26,51.85,1713.34,2,5030.04
125776,10.0,57.64,34.31,43.84,51.5,1730.2,2,5031.04
125801,10.0,57.75,34.39,44.01,51.63,1739.99,2,5032.04
125826,10.0,57.99,34.44,44.19,51.74,1746.95,2,5033.04
125851,10.0,58.47,34.41,44.98,51.94,1771.44,2,5034.04
125876,10.0,58.86,34.46,44.64,52.68,1782.81,2,5035.04
125901,10.0,58.86,34.78,42.06,53.98,1765.17,2,5036.04
125926,10.0,58.58,35.2,39.45,55.35,1735.77,2,5037.04
125951,10.0,58.12,35.55,39.33,56.43,1717.22,2,5038.04
125976,10.0,57.44,35.82,38.98,57.4,1704.27,2,5039.04
126001,10.0,56.84,36.05,38.33,58.14,1699.5,2,5040.04
126026,10.0,56.82,35.89,38.07,58.53,1722.16,2,5041.04
126051,10.0,57.34,35.16,37.74,58.73,1724.48,2,5042.04
126076,10.0,57.98,34.07,37.44,58.77,1657.12,2,5043.04
126101,10.0,58.36,32.46,38.02,58.67,1554.85,2,5044.04
126126,10.0,58.43,30.76,39.13,57.95,1441.07,2,5045.04
126151,10.0,58.35,29.41,39.92,57.0,1390.76,2,5046.04
126176,10.0,58.75,28.95,40.1,56.54,1415.71,2,5047.04
126201,10.0,59.9,29.75,39.48,56.19,1448.39,2,5048.04
126226,10.0,61.13,31.53,38.28,55.46,1468.27,2,5049.04
126251,10.0,61.9,33.89,37.84,54.69,1487.47,2,5050.04
126276,10.0,61.97,36.52,38.56,54.15,1474.46,2,5051.04
126301,10.0,61.13,39.1,39.83,53.4,1474.4,2,5052.04
126326,10.0,59.78,41.08,40.11,52.82,1493.39,2,5053.04
126351,10.0,58.46,42.08,38.53,52.71,1455.32,2,5054.04
126376,10.0,57.0,42.46,36.15,52.15,1388.42,2,5055.04
126401,10.0,55.26,42.84,34.49,51.11,1338.95,2,5056.04
126426,10.0,53.2,43.44,33.51,49.63,1293.84,2,5057.04
126451,10.0,51.13,44.04,33.05,49.4,1245.97,2,5058.04
126476,10.0,49.35,44.67,32.71,49.79,1235.48,2,5059.04
126501,10.0,47.62,45.3,32.3,48.38,1265.92,2,5060.04
126526,10.0,45.9,45.82,34.11,46.61,1268.46,2,5061.04
126551,10.0,44.36,46.25,35.66,48.8,1305.29,2,5062.04
126576,10.0,43.13,46.45,36.61,50.69,1331.32,2,5063.04
126601,10.0,42.17,46.43,37.22,51.58,1342.89,2,5064.04
126626,10.0,41.48,46.39,37.48,52.52,1348.96,2,5065.04
126651,10.0,41.23,45.97,37.43,53.21,1340.09,2,5066.04
126676,10.0,41.6,44.84,37.14,53.71,1343.07,2,5067.04
126701,10.0,42.33,43.18,36.68,54.18,1344.45,2,5068.04
126726,10.0,42.97,41.5,35.41,56.82,1370.04,2,5069.04
126751,10.0,43.24,39.54,32.62,58.34,1357.83,2,5070.04
126776,10.0,43.0,37.33,30.21,58.64,1322.77,2,5071.04
126801,10.0,42.21,35.47,29.0,59.75,1293.62,2,5072.04
126826,10.0,40.91,34.22,28.47,59.39,1244.71,2,5073.04
126851,10.0,39.47,33.5,29.42,57.96,1227.92,2,5074.04
126876,10.0,38.92,33.42,30.17,56.69,1254.92,2,5075.04
126901,10.0,39.6,33.48,31.04,55.65,1265.09,2,5076.04
126926,10.0,40.82,33.16,31.71,54.67,1232.35,2,5077.04
126951,10.0,42.24,32.79,30.95,53.75,1185.95,2,5078.04
126976,10.0,43.48,33.0,29.38,53.77,1126.23,2,5079.04
127001,10.0,44.33,33.95,28.39,54.7,1066.06,2,5080.04
127026,10.0,44.4,35.6,27.27,55.53,1018.43,2,5081.04
127051,10.0,43.66,37.96,26.51,55.62,979.25,2,5082.04
127076,10.0,42.48,39.99,26.57,53.85,976.2,2,5083.04
127101,10.0,40.66,41.3,27.08,51.64,1074.09,2,5084.04
127126,10.0,38.06,42.38,31.5,51.17,1198.2,2,5085.04
127151,10.0,34.78,43.11,34.87,50.75,1294.21,2,5086.04
127176,10.0,31.01,43.24,36.63,48.26,1321.38,2,5087.04
127201,10.0,27.8,42.98,37.3,44.78,1261.19,2,5088.04
127226,10.0,25.85,42.43,35.77,42.59,1165.37,2,5089.04
127251,10.0,24.85,41.53,33.19,39.19,1003.49,2,5090.04
127276,10.0,24.99,40.64,30.22,37.29,832.75,2,5091.04
127301,10.0,26.93,40.03,30.2,36.31,766.83,2,5092.04
127326,10.0,30.27,39.39,32.17,37.15,815.42,2,5093.04
127351,10.0,34.24,38.55,35.64,39.06,921.45,2,5094.04
127376,10.0,38.66,37.25,38.77,39.92,1015.12,2,5095.04
127401,10.0,43.23,35.84,41.22,40.01,1088.33,2,5096.04
127426,10.0,47.88,34.32,42.45,39.09,1144.77,2,5097.04
127451,10.0,52.77,32.69,42.48,37.06,1149.29,2,5098.04
127476,10.0,57.72,31.11,42.58,35.36,1102.17,2,5099.04
127501,10.0,62.46,29.64,41.55,35.92,1021.99,2,5100.04
127526,10.0,66.81,28.41,41.36,38.28,949.53,2,5101.04
127551,10.0,70.32,27.16,41.17,40.18,902.08,2,5102.04
127576,10.0,72.3,25.74,40.56,41.17,927.71,2,5103.04
127601,10.0,72.66,24.64,39.22,42.33,998.27,2,5104.04
127626,10.0,71.68,23.99,37.35,41.68,1060.58,2,5105.04
127651,10.0,69.97,23.71,35.26,39.66,1074.15,2,5106.04
127676,10.0,68.15,23.89,32.34,37.13,1008.88,2,5107.04
127701,10.0,66.7,24.81,28.71,36.37,895.25,2,5108.04
127726,10.0,65.7,26.21,25.72,35.34,786.64,2,5109.04
127751,10.0,65.11,27.68,24.14,34.06,707.12,2,5110.04
127776,10.0,65.05,29.1,23.68,32.54,659.17,2,5111.04
127801,10.0,66.05,29.9,24.23,30.35,625.27,2,5112.04
127826,10.0,68.2,29.97,25.53,28.8,617.68,2,5113.04
127851,10.0,70.82,29.75,27.49,26.81,628.46,2,5114.04
127876,10.0,73.17,29.28,29.25,25.99,643.89,2,5115.04
127901,10.0,75.02,28.62,30.03,27.17,673.73,2,5116.04
127926,10.0,76.3,27.93,31.31,28.14,699.1,2,5117.04
127951,10.0,77.39,27.19,31.64,28.43,704.8,2,5118.04
127976,10.0,78.49,26.37,31.46,29.32,716.55,2,5119.04
128001,10.0,79.04,25.68,30.33,30.84,720.56,2,5120.04
128026,10.0,78.93,25.18,28.31,31.81,689.36,2,5121.04
128051,10.0,78.47,24.53,26.22,32.38,669.6,2,5122.04
128076,10.0,77.95,23.68,24.54,33.89,675.06,2,5123.04
128101,10.0,77.12,22.98,24.09,34.62,663.09,2,5124.04
128126,10.0,75.71,22.76,24.11,33.26,610.9,2,5125.04
128151,10.0,74.29,23.03,24.21,31.25,567.66,2,5126.04
128176,10.0,73.14,23.08,23.52,30.2,536.19,2,5127.04
128201,10.0,72.13,22.37,21.68,29.99,511.14,2,5128.04
128226,10.0,71.23,22.1,20.46,28.19,475.9,2,5129.04
128251,10.0,71.18,22.64,21.6,26.47,465.12,2,5130.04
128276,10.0,72.05,23.32,25.53,26.04,510.58,2,5131.04
128301,10.0,73.18,24.07,26.29,25.48,519.45,2,5132.04
128326,10.0,74.43,24.89,24.96,25.04,496.61,2,5133.04
128351,10.0,75.6,25.26,23.12,24.86,461.44,2,5134.04
128376,10.0,76.11,25.43,23.36,24.87,431.41,2,5135.04
128401,10.0,75.88,25.7,23.83,25.3,440.97,2,5136.04
128426,10.0,75.78,25.98,24.49,25.66,449.05,2,5137.04
128451,10.0,76.04,26.23,25.08,25.51,443.32,2,5138.04
128476,10.0,76.38,26.42,24.78,24.76,422.43,2,5139.04
128501,10.0,76.72,26.58,23.8,23.77,384.28,2,5140.04
128526,10.0,77.1,26.76,22.63,22.72,337.97,2,5141.04
128551,10.0,77.47,26.91,21.7,22.1,314.82,2,5142.04
128576,10.0,77.89,27.05,20.91,22.88,303.8,2,5143.04
128601,10.0,78.34,27.18,19.96,23.1,287.24,2,5144.04
128626,10.0,78.78,27.37,18.59,22.96,266.75,2,5145.04
128651,10.0,79.32,27.53,16.97,22.66,251.59,2,5146.04
128676,10.0,79.89,27.55,15.36,22.25,238.18,2,5147.04
128701,10.0,80.4,27.64,14.42,21.93,230.43,2,5148.04
128726,10.0,80.87,27.85,13.54,21.63,226.63,2,5149.04
128751,10.0,81.32,28.0,12.95,21.33,223.32,2,5150.04
128776,10.0,81.8,27.92,13.51,21.71,226.06,2,5151.04
128801,10.0,82.4,27.43,13.73,23.83,245.99,2,5152.04
128826,10.0,82.91,26.66,13.89,27.07,281.32,2,5153.04
128851,10.0,82.69,25.69,16.12,30.05,331.72,2,5154.04
128876,10.0,81.82,24.48,17.52,31.9,362.53,2,5155.04
128901,10.0,81.18,23.62,16.36,31.0,346.3,2,5156.04
128926,10.0,80.4,23.18,15.63,28.71,340.04,2,5157.04
128951,10.0,79.41,22.24,15.93,30.59,391.18,2,5158.04
128976,10.0,78.07,21.19,18.49,34.01,467.42,2,5159.04
129001,10.0,75.97,21.27,19.7,34.06,501.84,2,5160.04
129026,10.0,73.49,22.44,19.22,33.49,489.54,2,5161.04
129051,10.0,70.99,24.36,18.6,33.75,483.02,2,5162.04
129076,10.0,68.77,27.01,18.73,34.47,512.25,2,5163.04
129101,10.0,66.94,29.82,20.08,35.02,552.95,2,5164.04
129126,10.0,65.27,31.21,22.18,35.53,592.01,2,5165.04
129151,10.0,63.88,31.43,24.12,35.98,630.35,2,5166.04
129176,10.0,62.98,32.67,24.02,36.22,664.4,2,5167.04
129201,10.0,62.88,35.07,24.25,38.86,694.69,2,5168.04
129226,10.0,63.21,37.89,24.77,42.16,765.1,2,5169.04
129251,10.0,63.5,40.56,25.77,44.01,845.76,2,5170.04
129276,10.0,63.29,42.49,25.93,42.3,858.19,2,5171.04
129301,10.0,62.61,43.12,25.25,38.05,797.63,2,5172.04
129326,10.0,62.09,42.53,25.2,35.2,720.59,2,5173.04
129351,10.0,62.2,41.14,25.19,33.87,661.28,2,5174.04
129376,10.0,62.85,39.45,25.28,34.06,642.97,2,5175.04
129401,10.0,63.65,37.78,25.32,35.04,645.43,2,5176.04
129426,10.0,64.85,36.32,25.57,35.48,657.55,2,5177.04
129451,10.0,66.88,35.18,26.59,34.34,677.34,2,5178.04
129476,10.0,69.22,34.14,27.75,32.39,695.59,2,5179.04
129501,10.0,71.18,32.9,28.63,31.75,710.0,2,5180.04
129526,10.0,72.65,31.45,29.24,31.77,704.56,2,5181.04
129551,10.0,73.82,30.02,29.22,32.11,696.72,2,5182.04
129576,10.0,75.21,28.79,28.59,32.86,705.73,2,5183.04
129601,10.0,77.02,27.96,29.48,32.8,729.57,2,5184.04
129626,10.0,79.01,27.49,30.86,31.49,744.62,2,5185.04
129651,10.0,80.32,27.05,32.15,30.21,772.63,2,5186.04
129676,10.0,80.37,26.44,31.42,30.06,736.06,2,5187.04
129701,10.0,79.97,25.61,29.66,29.21,661.45,2,5188.04
129726,10.0,79.48,24.69,28.46,28.66,620.68,2,5189.04
129751,10.0,78.73,23.8,27.92,29.19,593.07,2,5190.04
129776,10.0,77.82,22.57,27.43,30.2,577.94,2,5191.04
129801,10.0,76.85,21.31,26.46,30.61,551.53,2,5192.04
129826,10.0,75.92,20.04,25.8,31.99,544.68,2,5193.04
129851,10.0,75.12,18.42,25.89,33.87,588.74,2,5194.04
129876,10.0,74.42,17.05,26.37,34.21,633.91,2,5195.04
129901,10.0,73.09,16.76,26.06,34.31,659.43,2,5196.04
129926,10.0,70.94,17.45,25.65,36.9,699.94,2,5197.04
129951,10.0,68.95,18.22,24.57,38.45,751.0,2,5198.04
129976,10.0,67.41,18.79,26.39,38.61,773.5,2,5199.04
130001,10.0,66.06,19.41,27.7,38.43,771.5,2,5200.04
130026,10.0,64.82,20.15,28.35,38.02,760.11,2,5201.04
130051,10.0,63.63,20.89,28.44,37.36,744.62,2,5202.04
130076,10.0,62.47,21.55,27.99,36.69,724.29,2,5203.04
130101,10.0,61.37,22.2,27.56,36.72,717.81,2,5204.04
130126,10.0,60.31,22.96,27.61,37.3,741.11,2,5205.04
130151,10.0,59.31,23.71,28.21,37.9,773.28,2,5206.04
130176,10.0,58.38,24.37,29.18,38.68,816.2,2,5207.04
130201,10.0,57.51,24.93,30.17,39.74,865.88,2,5208.04
130226,10.0,56.68,25.48,30.8,40.62,912.27,2,5209.04
130251,10.0,55.83,26.02,30.69,41.6,952.11,2,5210.04
130276,10.0,54.9,26.64,29.95,43.27,1000.03,2,5211.04
130301,10.0,53.86,27.62,30.21,44.8,1048.17,2,5212.04
130326,10.0,52.94,28.84,30.64,45.99,1069.7,2,5213.04
130351,10.0,52.34,29.82,30.98,47.24,1060.21,2,5214.04
130376,10.0,51.73,30.2,30.18,48.4,1040.84,2,5215.04
130401,10.0,50.82,30.17,28.95,49.98,1034.97,2,5216.04
130426,10.0,49.86,30.04,28.21,51.71,1035.67,2,5217.04
130451,10.0,48.96,29.97,27.78,53.38,1031.85,2,5218.04
130476,10.0,48.02,29.96,27.23,54.89,1016.63,2,5219.04
130501,10.0,46.99,30.0,26.68,56.1,1002.33,2,5220.04
130526,10.0,46.06,29.98,26.85,57.12,1014.01,2,5221.04
130551,10.0,45.31,29.94,26.65,58.31,1050.06,2,5222.04
130576,10.0,44.69,30.05,26.14,60.29,1089.12,2,5223.04
130601,10.0,44.16,30.12,26.2,61.64,1130.07,2,5224.04
130626,10.0,43.72,30.0,26.34,62.76,1187.65,2,5225.04
130651,10.0,43.3,29.85,26.86,63.34,1246.12,2,5226.04
130676,10.0,42.82,29.83,27.55,63.55,1286.77,2,5227.04
130701,10.0,42.42,29.92,27.84,63.62,1316.56,2,5228.04
130726,10.0,42.06,30.23,27.59,63.43,1317.11,2,5229.04
130751,10.0,41.43,31.2,27.5,63.45,1287.74,2,5230.04
130776,10.0,40.47,32.79,27.37,62.32,1227.57,2,5231.04
130801,10.0,39.19,34.44,27.15,61.5,1124.05,2,5232.04
130826,10.0,37.61,35.7,26.74,61.27,1019.51,2,5233.04
130851,10.0,35.74,36.56,26.05,60.08,974.73,2,5234.04
130876,10.0,34.11,36.88,27.14,58.66,982.67,2,5235.04
130901,10.0,33.21,36.48,27.45,58.32,1003.57,2,5236.04
130926,10.0,32.67,35.42,25.98,57.92,952.47,2,5237.04
130951,10.0,31.74,34.55,25.22,56.94,908.73,2,5238.04
130976,10.0,30.49,34.73,26.29,54.89,893.01,2,5239.04
131001,10.0,29.1,35.3,27.18,51.59,855.73,2,5240.04
131026,10.0,28.09,35.68,28.38,48.11,797.83,2,5241.04
131051,10.0,27.48,36.0,27.39,45.02,702.81,2,5242.04
131076,10.0,26.88,36.28,25.46,42.24,606.12,2,5243.04
131101,10.0,26.2,36.76,23.75,39.33,524.38,2,5244.04
131126,10.0,25.51,37.28,22.32,35.81,448.12,2,5245.04
131151,10.0,24.86,37.75,21.11,31.6,373.6,2,5246.04
131176,10.0,24.27,38.06,20.29,27.42,311.65,2,5247.04
131201,10.0,23.78,38.15,20.06,23.56,269.32,2,5248.04
131226,10.0,23.34,38.23,19.51,20.21,229.78,2,5249.04
131251,10.0,23.1,38.08,19.63,17.4,212.62,2,5250.04
131276,10.0,23.03,37.79,21.01,16.48,210.48,2,5251.04
131301,10.0,23.05,37.44,23.0,17.97,209.25,2,5252.04
131326,10.0,23.12,37.0,25.48,18.14,218.04,2,5253.04
131351,10.0,23.06,36.65,26.25,17.58,218.56,2,5254.04
131376,10.0,22.86,36.46,24.78,17.56,211.16,2,5255.04
131401,10.0,22.49,36.58,23.05,17.44,202.89,2,5256.04
131426,10.0,22.12,36.56,21.92,17.43,198.76,2,5257.04
131451,10.0,21.73,36.48,20.92,17.45,195.39,2,5258.04
131476,10.0,21.25,36.79,20.08,17.33,188.98,2,5259.04
131501,10.0,20.71,37.03,19.3,17.03,178.3,2,5260.04
131526,10.0,20.13,37.08,18.15,17.15,164.98,2,5261.04
131551,10.0,19.76,37.17,16.64,16.71,145.08,2,5262.04
131576,10.0,19.51,37.18,15.39,16.15,133.47,2,5263.04
131601,10.0,19.13,37.25,14.89,16.19,133.0,2,5264.04
131626,10.0,18.91,37.35,14.28,16.09,134.65,2,5265.04
131651,10.0,18.83,37.37,13.43,15.84,132.32,2,5266.04
131676,10.0,18.77,37.35,11.87,15.98,126.42,2,5267.04
131701,10.0,18.84,37.19,11.0,16.36,116.95,2,5268.04
131726,10.0,18.91,37.1,10.38,16.33,106.93,2,5269.04
131751,10.0,18.88,37.07,9.35,16.25,100.61,2,5270.04
131776,10.0,18.77,37.02,9.27,16.03,101.63,2,5271.04
131801,10.0,18.51,37.0,8.89,15.29,98.56,2,5272.04
131826,10.0,18.21,37.09,8.54,14.48,90.91,2,5273.04
131851,10.0,17.93,37.08,8.81,13.55,86.94,2,5274.04
131876,10.0,17.64,37.09,9.0,12.79,82.94,2,5275.04
131901,10.0,17.29,37.12,9.36,12.53,81.45,2,5276.04
131926,10.0,16.9,37.17,9.42,12.57,81.53,2,5277.04
131951,10.0,16.37,37.19,9.29,12.27,85.97,2,5278.04
131976,10.0,15.74,37.23,9.43,11.6,91.79,2,5279.04
132001,10.0,15.11,37.33,10.21,11.41,100.69,2,5280.04
132026,10.0,14.62,37.34,10.51,11.82,104.79,2,5281.04
132051,10.0,14.34,37.21,10.45,11.91,104.67,2,5282.04
132076,10.0,14.09,37.3,10.5,11.59,104.79,2,5283.04
132101,10.0,13.88,37.32,10.84,12.48,116.66,2,5284.04
132126,10.0,13.66,37.4,11.16,13.02,120.46,2,5285.04
132151,10.0,13.53,37.47,11.48,13.48,120.27,2,5286.04
132176,10.0,13.56,37.31,11.32,15.1,131.05,2,5287.04
132201,10.0,13.65,37.0,10.88,15.3,134.31,2,5288.04
132226,10.0,13.63,36.87,10.92,14.53,129.54,2,5289.04
132251,10.0,13.48,37.01,11.26,13.73,124.75,2,5290.04
132276,10.0,13.5,36.84,11.09,13.57,126.13,2,5291.04
132301,10.0,13.64,36.55,12.23,14.02,136.58,2,5292.04
132326,10.0,13.69,36.35,12.33,14.17,138.45,2,5293.04
132351,10.0,13.61,36.56,12.83,14.3,139.75,2,5294.04
132376,10.0,13.49,36.78,13.09,14.84,143.62,2,5295.04
132401,10.0,13.33,36.88,13.05,15.27,148.24,2,5296.04
132426,10.0,13.3,36.75,12.72,15.53,145.8,2,5297.04
132451,10.0,13.45,36.4,12.34,15.9,142.75,2,5298.04
132476,10.0,13.47,36.55,12.34,16.38,148.65,2,5299.04
132501,10.0,13.32,36.79,12.54,16.71,153.44,2,5300.04
132526,10.0,13.19,36.81,12.57,16.86,153.06,2,5301.04
132551,10.0,13.16,36.73,12.39,16.56,148.07,2,5302.04
132576,10.0,13.07,36.26,13.25,16.38,147.36,2,5303.04
132601,10.0,12.86,35.77,15.9,16.78,162.07,2,5304.04
132626,10.0,13.22,35.59,17.22,16.13,164.94,2,5305.04
132651,10.0,14.35,35.7,16.69,16.34,177.7,2,5306.04
132676,10.0,16.12,35.64,15.78,17.17,199.32,2,5307.04
132701,10.0,18.21,35.45,15.77,17.57,216.45,2,5308.04
132726,10.0,20.33,35.29,16.46,18.25,240.5,2,5309.04
132751,10.0,22.56,34.98,18.44,19.0,276.45,2,5310.04
132776,10.0,24.73,34.67,21.52,19.46,314.55,2,5311.04
132801,10.0,26.78,34.4,24.55,21.99,384.35,2,5312.04
132826,10.0,28.78,34.08,27.37,24.78,465.25,2,5313.04
132851,10.0,30.69,33.88,29.77,27.37,560.17,2,5314.04
132876,10.0,32.58,33.88,31.53,29.8,640.14,2,5315.04
132901,10.0,34.45,33.87,32.95,31.85,700.57,2,5316.04
132926,10.0,36.23,33.84,34.11,33.17,738.99,2,5317.04
132951,10.0,37.92,33.95,35.66,34.01,758.74,2,5318.04
132976,10.0,39.45,34.03,37.09,34.25,769.29,2,5319.04
133001,10.0,40.9,33.88,38.05,33.52,768.64,2,5320.04
133026,10.0,42.33,33.6,38.5,32.72,756.17,2,5321.04
133051,10.0,43.72,33.12,38.53,32.31,736.4,2,5322.04
133076,10.0,45.06,32.41,38.06,32.12,716.7,2,5323.04
133101,10.0,46.28,31.54,37.17,31.81,692.88,2,5324.04
133126,10.0,47.4,30.72,35.94,31.44,664.32,2,5325.04
133151,10.0,48.52,30.04,34.58,30.98,634.03,2,5326.04
133176,10.0,49.67,29.36,33.34,30.45,605.55,2,5327.04
133201,10.0,50.83,28.54,31.69,30.01,575.32,2,5328.04
133226,10.0,51.89,27.69,29.74,29.54,548.7,2,5329.04
133251,10.0,52.82,26.9,28.02,29.16,520.37,2,5330.04
133276,10.0,53.64,26.1,26.79,28.94,500.25,2,5331.04
133301,10.0,54.38,25.39,25.99,28.94,486.55,2,5332.04
133326,10.0,55.06,24.77,25.28,28.98,477.54,2,5333.04
133351,10.0,55.7,23.96,24.98,29.07,486.68,2,5334.04
133376,10.0,56.23,22.91,25.33,29.46,518.01,2,5335.04
133401,10.0,56.53,21.93,25.86,28.74,554.82,2,5336.04
133426,10.0,56.73,21.18,26.83,29.51,597.72,2,5337.04
133451,10.0,56.87,20.49,28.23,30.57,644.28,2,5338.04
133476,10.0,56.73,19.95,28.57,30.94,634.46,2,5339.04
133501,10.0,56.67,19.8,29.18,30.2,584.5,2,5340.04
133526,10.0,56.68,19.83,29.84,29.74,575.3,2,5341.04
133551,10.0,56.31,20.05,29.98,30.4,609.29,2,5342.04
133576,10.0,55.0,20.93,29.81,31.62,662.7,2,5343.04
133601,10.0,53.3,22.02,29.98,33.66,745.17,2,5344.04
133626,10.0,52.28,22.36,30.67,37.71,844.55,2,5345.04
133651,10.0,51.62,22.05,32.03,42.56,938.82,2,5346.04
133676,10.0,50.97,21.59,33.42,46.47,1024.32,2,5347.04
133701,10.0,50.69,21.3,34.59,47.43,1097.09,2,5348.04
133726,10.0,50.6,21.03,35.38,47.43,1167.17,2,5349.04
133751,10.0,50.53,20.93,35.67,46.79,1225.32,2,5350.04
133776,10.0,50.45,20.96,35.78,47.47,1293.11,2,5351.04
133801,10.0,50.26,21.71,36.03,48.59,1339.09,2,5352.04
133826,10.0,49.74,23.12,35.79,50.2,1370.54,2,5353.04
133851,10.0,49.0,24.75,36.14,52.44,1411.99,2,5354.04
133876,10.0,48.46,26.43,36.42,54.17,1429.46,2,5355.04
133901,10.0,48.51,28.11,36.08,55.61,1444.85,2,5356.04
133926,10.0,49.05,29.26,36.03,57.91,1495.11,2,5357.04
133951,10.0,49.91,29.33,35.76,60.02,1524.35,2,5358.04
133976,10.0,50.84,28.64,33.85,60.59,1500.26,2,5359.04
134001,10.0,51.26,27.94,35.84,59.68,1462.88,2,5360.04
134026,10.0,50.8,27.83,36.5,56.5,1387.13,2,5361.04
134051,10.0,49.66,28.16,34.89,52.15,1249.65,2,5362.04
134076,10.0,48.79,28.68,32.35,48.11,1109.31,2,5363.04
134101,10.0,49.45,29.24,30.29,43.95,1008.05,2,5364.04
134126,10.0,52.13,29.51,31.52,39.69,990.15,2,5365.04
134151,10.0,55.57,30.24,33.79,35.62,992.64,2,5366.04
134176,10.0,58.95,31.51,35.44,32.23,966.56,2,5367.04
134201,10.0,61.64,33.1,36.48,32.49,952.78,2,5368.04
134226,10.0,62.67,34.95,35.99,32.95,932.69,2,5369.04
134251,10.0,62.12,36.67,34.59,34.97,936.49,2,5370.04
134276,10.0,61.28,38.25,34.6,38.2,980.0,2,5371.04
134301,10.0,60.49,39.5,35.4,40.7,1011.87,2,5372.04
134326,10.0,59.64,40.37,36.13,44.08,1078.07,2,5373.04
134351,10.0,59.3,40.51,37.13,47.22,1180.59,2,5374.04
134376,10.0,59.52,39.75,37.57,49.2,1275.57,2,5375.04
134401,10.0,59.97,38.53,36.87,50.82,1365.63,2,5376.04
134426,10.0,60.25,37.42,36.52,53.12,1468.83,2,5377.04
134451,10.0,59.65,36.43,36.8,55.32,1548.21,2,5378.04
134476,10.0,57.84,35.41,36.2,58.32,1535.43,2,5379.04
134501,10.0,55.37,35.06,34.64,59.78,1450.1,2,5380.04
134526,10.0,52.72,35.26,32.2,59.16,1320.39,2,5381.04
134551,10.0,50.0,35.47,31.62,57.79,1187.17,2,5382.04
134576,10.0,46.96,35.78,31.08,57.36,1169.39,2,5383.04
134601,10.0,43.68,36.52,30.62,57.42,1195.61,2,5384.04
134626,10.0,40.33,37.75,31.3,56.82,1229.08,2,5385.04
134651,10.0,37.06,38.88,31.35,54.9,1213.36,2,5386.04
134676,10.0,33.95,39.69,32.49,53.83,1180.76,2,5387.04
134701,10.0,31.43,40.1,33.43,52.58,1141.28,2,5388.04
134726,10.0,29.54,40.02,32.78,52.38,1119.44,2,5389.04
134751,10.0,27.88,39.57,31.3,51.8,1077.43,2,5390.04
134776,10.0,26.11,38.92,30.13,44.95,950.64,2,5391.04
134801,10.0,24.42,39.65,30.44,47.46,974.28,2,5392.04
134826,10.0,24.11,39.58,30.71,45.72,922.41,2,5393.04
134851,10.0,25.05,38.91,30.22,46.83,908.38,2,5394.04
134876,10.0,26.02,38.03,28.23,49.64,884.58,2,5395.04
134901,10.0,26.54,37.12,26.84,53.12,841.23,2,5396.04
134926,10.0,26.66,36.2,25.72,55.66,835.77,2,5397.04
134951,10.0,26.41,35.32,25.25,54.76,817.93,2,5398.04
134976,10.0,26.17,34.27,24.6,53.16,814.68,2,5399.04
135001,10.0,26.46,32.81,24.29,53.73,828.96,2,5400.04
135026,10.0,27.29,31.35,24.73,55.1,844.19,2,5401.04
135051,10.0,28.73,30.33,27.05,55.98,899.55,2,5402.04
135076,10.0,30.98,29.78,30.74,55.84,982.36,2,5403.04
135101,10.0,33.47,29.58,35.15,55.3,1073.17,2,5404.04
135126,10.0,35.91,29.86,39.8,55.04,1178.14,2,5405.04
135151,10.0,38.18,30.41,42.5,54.94,1240.12,2,5406.04
135176,10.0,40.16,30.88,41.69,55.47,1253.37,2,5407.04
135201,10.0,41.8,31.27,39.17,56.26,1236.76,2,5408.04
135226,10.0,42.95,31.61,36.22,56.4,1197.21,2,5409.04
135251,10.0,43.45,32.04,33.94,56.02,1160.73,2,5410.04
135276,10.0,43.34,32.97,32.9,55.46,1132.84,2,5411.04
135301,10.0,42.6,34.42,31.99,55.04,1079.47,2,5412.04
135326,10.0,41.49,35.94,30.28,54.74,1004.77,2,5413.04
135351,10.0,40.38,37.03,28.66,54.08,954.85,2,5414.04
135376,10.0,38.88,37.69,28.17,52.7,944.77,2,5415.04
135401,10.0,36.47,38.19,29.11,50.66,989.44,2,5416.04
135426,10.0,33.26,38.78,31.49,48.11,1109.41,2,5417.04
135451,10.0,29.88,39.52,35.06,48.63,1245.59,2,5418.04
135476,10.0,27.4,40.2,38.79,48.64,1295.77,2,5419.04
135501,10.0,26.62,40.99,39.63,46.61,1202.15,2,5420.04
135526,10.0,27.16,41.75,37.35,44.35,1063.82,2,5421.04
135551,10.0,28.36,41.91,34.05,42.77,953.14,2,5422.04
135576,10.0,29.85,41.48,31.58,42.12,881.09,2,5423.04
135601,10.0,31.34,40.6,30.22,44.0,861.73,2,5424.04
135626,10.0,32.57,39.78,29.33,46.87,867.97,2,5425.04
135651,10.0,33.16,39.42,27.91,49.72,854.62,2,5426.04
135676,10.0,33.15,39.18,26.41,51.97,834.39,2,5427.04
135701,10.0,33.06,38.42,26.02,53.8,857.47,2,5428.04
135726,10.0,32.87,36.86,26.66,55.4,878.94,2,5429.04
135751,10.0,32.48,35.1,27.33,56.75,893.31,2,5430.04
135776,10.0,31.98,33.57,28.13,57.26,897.07,2,5431.04
135801,10.0,31.35,32.18,28.71,56.69,881.68,2,5432.04
135826,10.0,30.69,30.93,29.25,55.71,923.03,2,5433.04
135851,10.0,30.45,29.91,30.0,54.06,993.05,2,5434.04
135876,10.0,30.81,29.49,30.42,50.38,1034.99,2,5435.04
135901,10.0,31.31,29.57,30.33,49.48,986.99,2,5436.04
135926,10.0,31.31,29.54,29.79,51.05,972.27,2,5437.04
135951,10.0,29.86,29.62,29.38,51.84,959.92,2,5438.04
135976,10.0,26.78,30.18,31.1,49.36,937.29,2,5439.04
136001,10.0,23.27,30.82,33.25,44.68,906.83,2,5440.04
136026,10.0,20.48,31.08,34.83,40.11,856.5,2,5441.04
136051,10.0,18.66,31.3,35.35,37.63,837.79,2,5442.04
136076,10.0,17.66,31.83,36.76,36.51,851.88,2,5443.04
136101,10.0,17.47,32.14,36.6,36.06,830.21,2,5444.04
136126,10.0,17.84,32.25,36.03,36.31,794.18,2,5445.04
136151,10.0,18.46,32.4,35.66,36.6,774.53,2,5446.04
136176,10.0,19.28,32.58,35.22,36.42,762.74,2,5447.04
136201,10.0,20.16,32.71,34.68,35.89,754.24,2,5448.04
136226,10.0,21.11,32.72,34.28,35.55,749.08,2,5449.04
136251,10.0,22.09,32.7,34.04,35.23,746.27,2,5450.04
136276,10.0,23.16,32.8,35.01,35.04,747.16,2,5451.04
136301,10.0,24.41,32.62,35.51,34.92,755.77,2,5452.04
136326,10.0,25.76,32.45,35.55,34.56,781.02,2,5453.04
136351,10.0,27.08,32.35,35.89,34.02,809.41,2,5454.04
136376,10.0,28.39,32.33,36.25,33.39,837.33,2,5455.04
136401,10.0,29.72,32.29,35.96,32.43,846.48,2,5456.04
136426,10.0,31.0,32.15,35.71,31.69,849.51,2,5457.04
136451,10.0,32.22,31.93,35.59,31.03,848.6,2,5458.04
136476,10.0,33.45,31.7,35.33,30.32,838.19,2,5459.04
136501,10.0,34.7,31.45,34.85,29.98,819.36,2,5460.04
136526,10.0,35.9,31.13,34.17,30.16,804.69,2,5461.04
136551,10.0,37.07,30.79,33.4,30.45,802.4,2,5462.04
136576,10.0,38.28,30.53,32.68,31.2,799.96,2,5463.04
136601,10.0,39.52,30.22,31.83,31.76,785.42,2,5464.04
136626,10.0,40.71,29.81,30.87,32.35,764.04,2,5465.04
136651,10.0,41.85,29.24,29.82,33.16,744.6,2,5466.04
136676,10.0,43.0,28.64,28.73,33.31,716.74,2,5467.04
136701,10.0,44.18,28.09,27.62,32.88,681.09,2,5468.04
136726,10.0,45.39,27.49,26.36,33.05,644.38,2,5469.04
136751,10.0,46.63,26.92,24.79,33.22,602.92,2,5470.04
136776,10.0,47.88,26.46,23.13,33.1,568.96,2,5471.04
136801,10.0,49.06,26.0,21.71,33.01,542.53,2,5472.04
136826,10.0,50.21,25.58,20.61,33.07,523.15,2,5473.04
136851,10.0,51.32,25.23,19.82,32.96,506.56,2,5474.04
136876,10.0,52.36,24.87,19.7,32.69,493.07,2,5475.04
136901,10.0,53.35,24.49,19.93,32.67,488.03,2,5476.04
136926,10.0,54.3,24.1,20.46,32.71,488.2,2,5477.04
136951,10.0,55.23,23.77,21.48,32.66,497.4,2,5478.04
136976,10.0,56.04,23.52,22.92,32.68,517.41,2,5479.04
137001,10.0,56.7,23.4,24.13,32.87,535.67,2,5480.04
137026,10.0,57.17,23.34,24.53,33.32,549.28,2,5481.04
137051,10.0,57.41,23.61,24.23,33.63,559.37,2,5482.04
137076,10.0,57.83,24.54,23.98,33.33,559.24,2,5483.04
137101,10.0,58.83,26.22,24.39,31.81,530.86,2,5484.04
137126,10.0,60.04,28.19,24.25,29.78,506.91,2,5485.04
137151,10.0,60.53,30.26,22.5,28.75,484.51,2,5486.04
137176,10.0,59.69,32.41,22.23,28.65,502.48,2,5487.04
137201,10.0,58.08,33.97,24.11,28.65,560.95,2,5488.04
137226,10.0,56.62,35.26,25.45,31.32,598.39,2,5489.04
137251,10.0,55.34,37.02,26.42,32.94,606.27,2,5490.04
137276,10.0,53.99,38.87,27.68,32.82,618.62,2,5491.04
137301,10.0,52.63,40.71,28.54,33.87,654.49,2,5492.04
137326,10.0,51.61,42.69,28.81,35.83,678.65,2,5493.04
137351,10.0,50.58,44.6,27.96,36.39,696.55,2,5494.04
137376,10.0,48.89,46.13,28.21,36.82,760.73,2,5495.04
137401,10.0,46.93,47.17,29.32,37.43,821.56,2,5496.04
137426,10.0,44.75,47.94,30.9,37.61,870.82,2,5497.04
137451,10.0,42.79,48.63,32.71,38.78,929.89,2,5498.04
137476,10.0,41.84,48.95,32.87,39.54,945.85,2,5499.04
137501,10.0,41.62,49.12,32.1,39.5,936.95,2,5500.04
137526,10.0,41.76,49.18,31.69,38.54,928.77,2,5501.04
137551,10.0,42.14,49.13,31.67,36.9,917.0,2,5502.04
137576,10.0,42.83,49.2,31.83,35.23,898.36,2,5503.04
137601,10.0,43.7,49.08,31.8,33.79,876.32,2,5504.04
137626,10.0,44.54,49.06,31.7,33.12,864.34,2,5505.04
137651,10.0,45.27,49.17,31.69,33.13,864.33,2,5506.04
137676,10.0,45.88,49.18,31.64,33.43,862.12,2,5507.04
137701,10.0,46.39,49.11,31.41,33.5,847.03,2,5508.04
137726,10.0,46.89,48.96,31.02,33.29,822.77,2,5509.04
137751,10.0,47.4,48.79,30.67,33.12,803.71,2,5510.04
137776,10.0,47.91,48.65,30.36,32.82,785.79,2,5511.04
137801,10.0,48.47,48.47,30.03,32.68,771.77,2,5512.04
137826,10.0,49.07,48.31,29.74,32.7,763.32,2,5513.04
137851,10.0,49.63,48.22,29.72,32.59,754.37,2,5514.04
137876,10.0,50.14,48.13,29.78,32.13,743.43,2,5515.04
137901,10.0,50.61,47.95,29.57,31.99,731.14,2,5516.04
137926,10.0,51.09,47.77,29.25,31.81,713.52,2,5517.04
137951,10.0,51.51,47.69,28.59,31.41,692.38,2,5518.04
137976,10.0,51.91,47.6,27.72,31.42,674.16,2,5519.04
138001,10.0,52.4,47.48,26.86,31.76,666.48,2,5520.04
138026,10.0,53.09,47.39,26.22,32.09,670.14,2,5521.04
138051,10.0,53.98,47.29,25.58,32.51,664.57,2,5522.04
138076,10.0,54.98,47.2,25.06,32.94,650.56,2,5523.04
138101,10.0,56.09,47.18,25.1,33.54,646.03,2,5524.04
138126,10.0,57.24,47.21,25.55,34.33,650.85,2,5525.04
138151,10.0,58.47,47.21,26.15,34.73,656.18,2,5526.04
138176,10.0,59.7,47.18,26.75,34.63,664.76,2,5527.04
138201,10.0,60.72,47.1,26.7,34.1,654.67,2,5528.04
138226,10.0,61.53,46.94,26.05,33.3,634.28,2,5529.04
138251,10.0,62.43,46.57,26.12,32.3,622.93,2,5530.04
138276,10.0,63.68,45.63,27.48,31.69,630.71,2,5531.04
138301,10.0,65.1,44.08,28.82,31.78,657.81,2,5532.04
138326,10.0,66.39,42.06,31.83,31.97,715.51,2,5533.04
138351,10.0,67.26,39.83,34.1,31.52,759.38,2,5534.04
138376,10.0,67.69,38.32,34.83,31.14,772.79,2,5535.04
138401,10.0,68.12,37.57,34.77,30.79,768.15,2,5536.04
138426,10.0,68.73,37.05,34.34,30.25,767.26,2,5537.04
138451,10.0,69.42,36.62,34.37,29.35,756.04,2,5538.04
138476,10.0,70.15,36.39,34.15,28.09,730.31,2,5539.04
138501,10.0,70.96,36.38,33.89,26.68,701.13,2,5540.04
138526,10.0,71.87,36.21,33.33,25.44,675.96,2,5541.04
138551,10.0,72.54,35.96,32.56,24.48,637.28,2,5542.04
138576,10.0,73.0,35.68,31.74,23.36,581.21,2,5543.04
138601,10.0,73.34,35.37,30.88,22.28,538.38,2,5544.04
138626,10.0,73.58,35.08,29.96,21.15,494.59,2,5545.04
138651,10.0,73.84,34.95,28.75,20.27,455.24,2,5546.04
138676,10.0,74.29,34.82,27.15,19.55,411.5,2,5547.04
138701,10.0,74.86,34.78,25.89,18.93,369.53,2,5548.04
138726,10.0,75.45,34.78,25.84,18.45,339.86,2,5549.04
138751,10.0,76.01,34.71,25.49,17.98,314.26,2,5550.04
138776,10.0,76.49,34.61,24.63,17.29,290.14,2,5551.04
138801,10.0,76.93,34.47,23.76,16.6,269.17,2,5552.04
138826,10.0,77.41,34.43,22.95,16.32,254.37,2,5553.04
138851,10.0,77.92,34.47,21.81,15.98,240.55,2,5554.04
138876,10.0,78.38,34.42,20.51,15.58,228.38,2,5555.04
138901,10.0,78.95,34.45,19.79,15.24,219.46,2,5556.04
138926,10.0,79.62,34.51,19.52,15.15,214.76,2,5557.04
138951,10.0,80.18,34.47,19.38,14.97,207.62,2,5558.04
138976,10.0,80.52,34.26,19.2,14.95,197.11,2,5559.04
139001,10.0,80.75,34.0,18.83,15.17,185.53,2,5560.04
139026,10.0,80.86,33.76,18.0,15.7,189.94,2,5561.04
139051,10.0,80.91,33.54,16.89,16.25,195.92,2,5562.04
139076,10.0,81.03,33.25,16.32,16.96,200.85,2,5563.04
139101,10.0,81.16,32.74,16.45,18.02,208.98,2,5564.04
139126,10.0,81.26,32.21,16.36,19.01,212.64,2,5565.04
139151,10.0,81.37,32.0,16.74,19.7,211.74,2,5566.04
139176,10.0,81.62,31.97,16.71,19.63,203.98,2,5567.04
139201,10.0,82.03,32.14,16.03,19.44,183.54,2,5568.04
139226,10.0,82.5,32.47,15.36,19.77,165.13,2,5569.04
139251,10.0,82.9,32.74,15.07,19.91,157.96,2,5570.04
139276,10.0,83.22,32.9,15.31,19.86,158.16,2,5571.04
139301,10.0,83.45,33.02,15.89,19.8,162.49,2,5572.04
139326,10.0,83.56,33.02,16.84,19.26,169.04,2,5573.04
139351,10.0,83.64,33.04,18.0,19.72,180.0,2,5574.04
139376,10.0,83.83,33.11,18.95,20.53,191.56,2,5575.04
139401,10.0,84.04,33.25,19.71,20.83,201.83,2,5576.04
139426,10.0,84.21,33.39,20.6,21.53,217.18,2,5577.04
139451,10.0,84.24,33.37,20.9,22.57,229.5,2,5578.04
139476,10.0,84.29,33.35,20.48,23.42,245.84,2,5579.04
139501,10.0,84.42,33.21,19.84,23.61,251.17,2,5580.04
139526,10.0,84.54,32.98,19.67,24.68,257.65,2,5581.04
139551,10.0,84.67,32.8,19.81,25.66,266.41,2,5582.04
139576,10.0,84.87,32.8,20.24,25.35,269.63,2,5583.04
139601,10.0,85.09,32.85,20.73,24.8,264.91,2,5584.04
139626,10.0,85.22,32.7,21.14,24.54,258.28,2,5585.04
139651,10.0,85.23,32.54,21.28,24.72,261.77,2,5586.04
139676,10.0,85.17,32.55,21.67,25.61,270.38,2,5587.04
139701,10.0,84.92,32.38,21.33,26.85,281.35,2,5588.04
139726,10.0,84.65,32.12,20.67,26.64,274.17,2,5589.04
139751,10.0,84.57,32.07,20.51,26.97,301.68,2,5590.04
139776,10.0,84.63,32.14,21.16,27.14,333.58,2,5591.04
139801,10.0,84.65,32.14,22.98,26.38,371.82,2,5592.04
139826,10.0,84.71,32.05,24.13,26.32,411.85,2,5593.04
139851,10.0,84.78,31.87,25.1,26.11,452.48,2,5594.04
139876,10.0,84.76,31.95,26.29,24.79,477.79,2,5595.04
139901,10.0,84.86,32.59,28.36,22.86,484.96,2,5596.04
139926,10.0,85.15,33.12,31.67,22.87,505.43,2,5597.04
139951,10.0,84.53,32.93,35.37,21.47,601.04,2,5598.04
139976,10.0,82.05,32.27,38.42,25.44,779.47,2,5599.04
140001,10.0,78.29,31.68,40.35,32.26,937.72,2,5600.04
140026,10.0,74.12,31.32,42.87,38.33,1063.76,2,5601.04
140051,10.0,69.61,30.56,45.52,42.81,1193.93,2,5602.04
140076,10.0,64.98,29.54,46.63,45.98,1270.18,2,5603.04
140101,10.0,60.69,28.63,46.3,48.39,1350.67,2,5604.04
140126,10.0,56.94,27.94,44.77,49.82,1383.91,2,5605.04
140151,10.0,53.47,27.81,42.61,50.02,1377.11,2,5606.04
140176,10.0,50.19,28.79,40.12,48.2,1318.08,2,5607.04
140201,10.0,47.53,30.38,38.58,44.24,1183.83,2,5608.04
140226,10.0,45.69,32.48,35.81,40.86,1042.57,2,5609.04
140251,10.0,44.6,35.33,32.88,40.41,960.65,2,5610.04
140276,10.0,44.03,38.13,30.62,41.43,948.97,2,5611.04
140301,10.0,44.01,40.31,29.47,42.8,969.29,2,5612.04
140326,10.0,44.3,41.99,29.43,44.93,1031.04,2,5613.04
140351,10.0,44.61,43.09,29.98,47.09,1106.98,2,5614.04
140376,10.0,44.83,43.52,31.06,48.28,1173.39,2,5615.04
140401,10.0,44.91,43.39,32.28,48.58,1207.52,2,5616.04
140426,10.0,44.99,43.04,33.3,48.86,1214.39,2,5617.04
140451,10.0,45.1,42.76,34.39,50.34,1227.57,2,5618.04
140476,10.0,45.15,42.24,35.29,49.96,1220.21,2,5619.04
140501,10.0,45.23,41.58,36.02,49.06,1196.14,2,5620.04
140526,10.0,45.26,41.22,36.61,50.96,1196.76,2,5621.04
140551,10.0,45.29,40.73,37.14,50.97,1181.18,2,5622.04
140576,10.0,45.27,40.27,37.8,50.99,1168.52,2,5623.04
140601,10.0,45.29,39.82,38.52,50.94,1153.91,2,5624.04
140626,10.0,45.35,39.43,39.23,50.93,1147.5,2,5625.04
140651,10.0,45.41,39.06,39.87,50.95,1165.93,2,5626.04
140676,10.0,45.46,38.64,40.38,50.94,1181.86,2,5627.04
140701,10.0,45.53,38.22,40.89,50.73,1201.0,2,5628.04
140726,10.0,45.62,37.86,41.49,51.69,1235.72,2,5629.04
140751,10.0,45.67,37.49,42.18,53.16,1272.15,2,5630.04
140776,10.0,45.61,37.18,42.96,54.22,1314.69,2,5631.04
140801,10.0,45.13,37.34,43.81,56.99,1397.72,2,5632.04
140826,10.0,44.62,37.84,45.71,57.89,1539.28,2,5633.04
140851,10.0,44.51,37.77,46.03,58.35,1555.0,2,5634.04
140876,10.0,44.35,37.61,45.79,59.66,1574.82,2,5635.04
140901,10.0,44.22,37.45,45.17,61.13,1586.16,2,5636.04
140926,10.0,44.09,37.28,44.31,62.56,1588.94,2,5637.04
140951,10.0,44.04,37.12,43.37,63.99,1589.61,2,5638.04
140976,10.0,44.06,36.99,42.44,65.38,1589.25,2,5639.04
141001,10.0,44.09,36.83,41.44,66.93,1588.61,2,5640.04
141026,10.0,44.13,36.68,40.46,68.38,1585.43,2,5641.04
141051,10.0,44.17,36.52,39.48,69.79,1580.44,2,5642.04
141076,10.0,44.22,36.35,38.51,71.16,1573.57,2,5643.04
141101,10.0,44.28,36.17,37.61,72.75,1572.37,2,5644.04
141126,10.0,44.32,36.0,36.76,74.26,1569.73,2,5645.04
141151,10.0,44.32,35.91,35.94,74.8,1550.26,2,5646.04
