frame,n_outfield,centroid_x,centroid_y,length,width,hull_area,period,time_s
1,10,54.85,35.23,31.32,60.74,1250.46,1,0.04
26,10,53.43,36.6,32.77,61.51,1251.58,1,1.04
51,10,51.56,38.09,33.17,61.58,1218.73,1,2.04
76,10,50.0,38.37,31.21,60.81,1135.08,1,3.04
101,10,48.97,37.02,28.83,59.25,1078.43,1,4.04
126,10,47.6,34.57,28.03,56.43,1077.93,1,5.04
151,10,45.6,31.81,27.9,54.27,1118.38,1,6.04
176,10,43.51,29.18,27.96,53.49,1121.73,1,7.04
201,10,41.43,26.99,28.65,51.87,1085.14,1,8.04
226,10,39.36,24.88,29.14,49.51,1037.41,1,9.04
251,10,38.22,22.75,29.65,47.33,991.72,1,10.04
276,10,39.08,21.21,29.49,45.31,971.35,1,11.04
301,10,41.28,20.37,28.34,45.39,990.83,1,12.04
326,10,43.49,20.11,27.75,44.14,1011.29,1,13.04
351,10,44.81,20.18,30.32,42.14,1052.5,1,14.04
376,10,44.62,20.2,32.96,40.19,1032.09,1,15.04
401,10,44.08,19.99,31.9,36.16,915.6,1,16.04
426,10,45.2,20.03,29.79,30.67,776.92,1,17.04
451,10,47.63,20.32,28.2,28.35,697.73,1,18.04
476,10,49.27,20.64,27.46,26.84,633.72,1,19.04
501,10,48.98,21.48,27.42,23.8,533.22,1,20.04
526,10,48.32,22.54,28.64,21.04,436.1,1,21.04
551,10,48.92,23.31,28.55,19.75,367.66,1,22.04
576,10,51.01,24.01,27.74,18.96,367.97,1,23.04
601,10,53.92,25.24,27.14,19.58,410.62,1,24.04
626,10,57.09,27.67,28.71,21.61,498.61,1,25.04
651,10,59.44,30.61,30.94,25.47,597.55,1,26.04
676,10,59.65,33.2,31.68,29.51,682.65,1,27.04
701,10,58.02,34.9,32.43,32.65,812.09,1,28.04
726,10,55.69,35.86,36.04,34.44,968.82,1,29.04
751,10,54.08,36.45,37.77,36.07,1092.33,1,30.04
776,10,53.62,36.56,37.57,38.06,1150.4,1,31.04
801,10,53.28,35.85,36.09,40.94,1174.89,1,32.04
826,10,52.31,34.29,33.71,46.16,1165.33,1,33.04
851,10,50.54,32.5,31.28,48.75,1100.72,1,34.04
876,10,48.14,31.1,30.47,48.09,1022.43,1,35.04
901,10,45.39,29.92,30.74,47.01,981.89,1,36.04
926,10,42.47,28.55,31.74,47.09,1018.09,1,37.04
951,10,39.59,26.92,33.48,47.29,1114.68,1,38.04
976,10,37.45,25.1,37.66,47.23,1211.16,1,39.04
1001,10,36.74,23.62,39.61,48.22,1272.52,1,40.04
1026,10,37.14,22.91,39.28,50.41,1295.6,1,41.04
1051,10,37.84,22.79,37.22,52.7,1255.59,1,42.04
1076,10,38.29,23.01,33.46,54.44,1134.25,1,43.04
1101,10,38.24,23.51,29.84,55.36,1020.21,1,44.04
1126,10,37.67,24.03,28.91,55.58,945.06,1,45.04
1151,10,37.44,23.98,28.41,54.17,929.89,1,46.04
1176,10,38.5,23.42,27.65,50.61,893.99,1,47.04
1201,10,41.35,23.17,27.41,46.52,849.44,1,48.04
1226,10,45.65,23.77,28.48,42.62,813.11,1,49.04
1251,10,50.46,25.34,30.27,38.97,787.23,1,50.04
1276,10,55.49,27.4,31.93,35.46,755.54,1,51.04
1301,10,60.75,29.22,34.13,32.01,714.43,1,52.04
1326,10,66.1,30.67,36.78,28.81,689.49,1,53.04
1351,10,71.49,31.99,39.68,29.44,731.41,1,54.04
1376,10,76.68,33.44,42.95,29.54,791.06,1,55.04
1401,10,80.91,34.95,44.96,29.25,808.95,1,56.04
1426,10,83.7,36.19,44.98,29.25,785.63,1,57.04
1451,10,85.63,37.01,43.62,27.36,692.08,1,58.04
1476,10,87.1,37.35,40.39,24.17,562.72,1,59.04
1501,10,88.3,37.33,36.33,21.17,451.33,1,60.04
1526,10,89.26,37.03,32.14,18.63,368.03,1,61.04
1551,10,89.99,36.53,30.0,16.35,297.26,1,62.04
1576,10,90.63,36.05,28.27,14.37,236.39,1,63.04
1601,10,91.21,35.66,26.95,13.42,190.53,1,64.04
1626,10,91.66,35.36,25.99,13.03,154.81,1,65.04
1651,10,91.97,35.16,25.54,13.9,140.97,1,66.04
1676,10,92.17,35.03,25.08,15.18,159.5,1,67.04
1701,10,92.23,34.94,24.29,16.14,178.8,1,68.04
1726,10,92.18,34.85,23.92,17.02,197.6,1,69.04
1751,10,92.09,34.74,23.75,17.32,221.8,1,70.04
1776,10,91.93,34.62,25.08,17.07,241.41,1,71.04
1801,10,91.77,34.46,26.35,16.34,251.05,1,72.04
1826,10,91.76,34.32,28.04,16.48,265.25,1,73.04
1851,10,91.79,34.2,29.57,16.72,285.04,1,74.04
1876,10,91.78,34.08,30.79,16.59,291.4,1,75.04
1901,10,91.81,33.94,31.43,16.16,287.35,1,76.04
1926,10,91.89,33.79,31.67,16.26,290.32,1,77.04
1951,10,92.05,33.64,31.8,16.87,305.45,1,78.04
1976,10,92.14,33.55,31.69,17.72,326.4,1,79.04
2001,10,92.16,33.51,31.51,18.6,346.62,1,80.04
2026,10,92.07,33.51,31.39,19.28,363.15,1,81.04
2051,10,91.9,33.43,31.36,19.56,372.83,1,82.04
2076,10,91.93,33.47,31.32,19.91,377.18,1,83.04
2101,10,92.28,33.65,31.32,21.1,381.93,1,84.04
2126,10,92.89,33.89,30.79,23.43,393.03,1,85.04
2151,10,93.49,34.24,28.66,25.99,403.06,1,86.04
2176,10,94.07,35.1,25.87,28.01,404.04,1,87.04
2201,10,94.35,35.94,22.43,28.68,336.48,1,88.04
2226,10,94.26,36.58,19.34,28.21,278.33,1,89.04
2251,10,93.9,37.12,17.34,27.28,291.67,1,90.04
2276,10,93.82,37.14,15.79,29.17,305.06,1,91.04
2301,10,94.35,37.0,17.48,27.25,326.55,1,92.04
2326,10,94.56,36.71,18.7,25.94,359.82,1,93.04
2351,10,94.57,36.46,20.4,25.02,376.36,1,94.04
2376,10,94.61,35.94,22.48,24.19,384.6,1,95.04
2401,10,93.72,35.64,22.56,23.77,369.13,1,96.04
2426,10,92.51,35.57,22.73,23.5,354.94,1,97.04
2451,10,91.33,35.68,21.7,23.86,334.91,1,98.04
2476,10,90.0,35.92,19.49,23.8,298.67,1,99.04
2501,10,88.54,36.08,18.29,23.35,264.92,1,100.04
2526,10,86.91,36.12,18.09,23.01,246.86,1,101.04
2551,10,85.19,36.1,18.02,22.88,240.63,1,102.04
2576,10,83.4,36.07,18.01,22.87,245.2,1,103.04
2601,10,81.63,36.03,18.92,23.11,259.73,1,104.04
2626,10,79.93,36.11,21.15,23.61,275.97,1,105.04
2651,10,78.31,36.33,23.1,24.16,303.07,1,106.04
2676,10,76.73,36.55,24.82,24.58,331.89,1,107.04
2701,10,75.14,36.63,26.35,25.13,361.42,1,108.04
2726,10,73.65,36.72,27.54,25.98,395.2,1,109.04
2751,10,72.2,36.68,28.28,27.09,430.37,1,110.04
2776,10,70.93,36.56,28.0,28.15,451.21,1,111.04
2801,10,69.93,36.45,26.86,29.09,459.11,1,112.04
2826,10,69.02,36.31,25.27,29.99,468.86,1,113.04
2851,10,68.16,36.2,23.96,31.24,483.14,1,114.04
2876,10,67.39,36.05,22.93,32.83,502.59,1,115.04
2901,10,66.7,35.97,22.83,34.12,527.31,1,116.04
2926,10,66.1,36.01,22.96,34.83,560.79,1,117.04
2951,10,65.54,36.15,23.02,35.1,591.94,1,118.04
2976,10,65.04,36.36,23.02,35.34,617.6,1,119.04
3001,10,64.61,36.58,23.05,35.41,643.8,1,120.04
3026,10,64.25,36.73,22.95,35.61,665.68,1,121.04
3051,10,63.89,36.86,22.81,36.83,688.44,1,122.04
3076,10,63.55,37.07,23.23,38.26,707.01,1,123.04
3101,10,63.23,37.36,23.28,39.47,713.79,1,124.04
3126,10,62.91,37.54,22.88,40.55,712.27,1,125.04
3151,10,62.67,37.65,22.3,41.78,727.69,1,126.04
3176,10,62.5,37.75,21.61,43.21,746.31,1,127.04
3201,10,62.37,37.73,20.67,43.43,735.65,1,128.04
3226,10,62.26,37.66,19.33,43.66,711.19,1,129.04
3251,10,62.22,37.69,18.84,43.76,677.92,1,130.04
3276,10,62.23,37.85,18.39,43.58,642.67,1,131.04
3301,10,62.14,38.04,17.93,43.85,629.43,1,132.04
3326,10,61.99,38.08,17.43,44.3,608.25,1,133.04
3351,10,61.74,37.98,16.84,44.25,584.72,1,134.04
3376,10,61.44,37.83,16.48,43.78,554.9,1,135.04
3401,10,61.15,37.62,16.44,44.07,545.09,1,136.04
3426,10,60.86,37.37,16.61,44.96,550.82,1,137.04
3451,10,60.57,37.12,16.7,45.72,563.93,1,138.04
3476,10,60.31,37.01,16.62,46.83,606.13,1,139.04
3501,10,60.07,36.92,16.69,48.13,645.73,1,140.04
3526,10,59.99,36.78,16.75,49.15,665.02,1,141.04
3551,10,60.12,36.68,17.06,50.17,686.82,1,142.04
3576,10,60.3,36.58,17.79,51.0,717.63,1,143.04
3601,10,60.44,36.47,18.41,51.54,742.77,1,144.04
3626,10,60.51,36.39,19.0,52.1,765.83,1,145.04
3651,10,60.57,36.33,19.48,52.55,780.41,1,146.04
3676,10,60.54,36.34,20.04,52.7,795.11,1,147.04
3701,10,59.97,36.3,21.99,53.66,864.9,1,148.04
3726,10,58.66,36.17,25.47,55.03,974.95,1,149.04
3751,10,57.1,36.2,28.54,56.09,1089.53,1,150.04
3776,10,55.91,35.99,30.94,57.63,1198.08,1,151.04
3801,10,55.01,34.89,32.43,58.92,1284.99,1,152.04
3826,10,54.0,33.2,32.73,59.43,1311.25,1,153.04
3851,10,53.01,31.41,33.27,59.17,1268.38,1,154.04
3876,10,52.85,29.88,34.24,56.62,1164.83,1,155.04
3901,10,54.0,28.9,35.28,53.81,1172.64,1,156.04
3926,10,56.08,28.48,35.4,53.74,1217.52,1,157.04
3951,10,58.59,28.68,35.27,54.33,1265.18,1,158.04
3976,10,60.86,29.47,34.58,55.02,1325.8,1,159.04
4001,10,62.61,30.54,34.66,55.89,1416.53,1,160.04
4026,10,63.78,31.5,36.0,56.61,1509.54,1,161.04
4051,10,64.42,31.88,36.65,56.54,1556.17,1,162.04
4076,10,64.32,31.59,34.96,55.58,1546.67,1,163.04
4101,10,63.65,31.08,32.43,53.67,1482.42,1,164.04
4126,10,62.77,30.23,32.53,49.45,1325.68,1,165.04
4151,10,62.06,28.99,31.35,47.46,1186.57,1,166.04
4176,10,61.42,27.51,29.74,46.6,1090.04,1,167.04
4201,10,61.01,25.94,29.22,44.69,1010.73,1,168.04
4226,10,60.8,24.3,30.93,41.93,948.21,1,169.04
4251,10,60.46,22.61,33.11,39.53,894.63,1,170.04
4276,10,60.06,20.94,34.5,40.08,833.6,1,171.04
4301,10,59.73,19.49,33.96,39.65,767.94,1,172.04
4326,10,59.4,18.35,32.37,38.28,694.97,1,173.04
4351,10,59.2,17.41,31.43,36.94,638.52,1,174.04
4376,10,59.18,16.61,31.01,35.64,593.2,1,175.04
4401,10,59.32,15.86,30.51,33.82,553.05,1,176.04
4426,10,59.56,15.73,29.41,30.68,506.05,1,177.04
4451,10,60.12,16.72,28.18,27.56,449.97,1,178.04
4476,10,60.3,17.71,27.8,27.1,427.41,1,179.04
4501,10,59.47,17.91,27.53,28.56,458.86,1,180.04
4526,10,58.24,17.83,26.19,29.66,466.33,1,181.04
4551,10,56.44,17.72,24.48,30.52,467.51,1,182.04
4576,10,53.72,17.64,24.13,31.88,503.93,1,183.04
4601,10,50.96,17.45,25.91,32.92,584.57,1,184.04
4626,10,49.76,16.32,29.56,33.83,701.15,1,185.04
4651,10,50.6,15.08,31.44,35.68,793.27,1,186.04
4676,10,52.64,14.56,33.19,35.69,829.28,1,187.04
4701,10,54.47,14.28,33.34,35.02,822.1,1,188.04
4726,10,55.27,14.2,31.88,34.89,778.07,1,189.04
4751,10,54.96,14.8,30.42,34.88,702.15,1,190.04
4776,10,54.63,15.52,29.23,34.58,683.02,1,191.04
4801,10,54.97,15.57,29.3,34.51,719.87,1,192.04
4826,10,55.48,15.55,30.27,36.15,774.65,1,193.04
4851,10,55.9,15.69,31.29,38.39,829.93,1,194.04
4876,10,56.25,16.06,32.33,39.77,882.46,1,195.04
4901,10,56.67,16.62,33.78,40.22,954.19,1,196.04
4926,10,57.24,17.23,35.14,40.59,1004.99,1,197.04
4951,10,57.69,17.86,35.39,41.85,1019.49,1,198.04
4976,10,57.93,18.39,34.63,43.65,1031.78,1,199.04
5001,10,58.01,18.74,33.88,45.72,1067.28,1,200.04
5026,10,58.07,18.86,35.34,47.45,1120.0,1,201.04
5051,10,58.41,18.89,36.8,48.62,1181.64,1,202.04
5076,10,58.91,18.92,37.87,49.6,1232.13,1,203.04
5101,10,58.4,19.22,39.68,50.05,1271.06,1,204.04
5126,10,55.81,19.69,42.45,48.85,1272.4,1,205.04
5151,10,51.98,19.8,45.35,46.67,1254.23,1,206.04
5176,10,48.25,19.21,46.17,44.11,1206.34,1,207.04
5201,10,45.72,18.16,42.79,40.25,1034.22,1,208.04
5226,10,44.54,17.25,37.14,35.55,818.56,1,209.04
5251,10,43.65,16.68,32.09,32.66,661.27,1,210.04
5276,10,42.66,16.13,28.76,31.63,580.83,1,211.04
5301,10,41.67,15.24,28.04,32.4,574.62,1,212.04
5326,10,41.51,14.2,29.64,32.86,619.93,1,213.04
5351,10,42.98,13.81,32.6,31.89,689.79,1,214.04
5376,10,45.7,14.07,34.12,30.73,739.49,1,215.04
5401,10,48.7,14.47,34.6,30.08,758.88,1,216.04
5426,10,51.34,15.1,35.11,30.08,790.93,1,217.04
5451,10,53.25,16.15,35.49,30.63,833.0,1,218.04
5476,10,53.3,18.03,34.85,32.3,884.61,1,219.04
5501,10,51.1,20.5,35.37,33.41,950.73,1,220.04
5526,10,47.79,22.78,37.77,33.49,1015.0,1,221.04
5551,10,44.35,24.62,41.58,32.09,1066.25,1,222.04
5576,10,41.0,26.17,43.72,32.37,1087.61,1,223.04
5601,10,37.72,27.32,44.88,31.3,1107.31,1,224.04
5626,10,34.58,28.05,46.08,28.64,1097.61,1,225.04
5651,10,31.98,28.41,46.88,27.37,1034.28,1,226.04
5676,10,30.98,28.76,44.5,25.22,885.84,1,227.04
5701,10,31.95,29.91,40.95,26.98,817.71,1,228.04
5726,10,34.77,31.41,37.67,27.78,758.29,1,229.04
5751,10,38.65,32.89,35.81,27.7,668.89,1,230.04
5776,10,43.15,34.45,35.49,28.14,625.3,1,231.04
5801,10,48.07,35.83,36.07,29.55,636.94,1,232.04
5826,10,53.32,36.67,37.48,30.57,671.69,1,233.04
5851,10,58.89,37.04,39.61,29.96,689.85,1,234.04
5876,10,64.7,37.32,42.42,28.67,707.09,1,235.04
5901,10,70.19,37.3,44.87,26.44,702.75,1,236.04
5926,10,74.37,37.06,46.04,22.86,645.59,1,237.04
5951,10,76.98,36.71,46.2,20.76,595.55,1,238.04
5976,10,78.28,36.17,45.71,20.4,568.19,1,239.04
6001,10,78.64,35.67,44.79,20.05,587.31,1,240.04
6026,10,78.54,35.19,44.08,20.77,635.78,1,241.04
6051,10,78.14,34.79,43.35,21.48,693.83,1,242.04
6076,10,77.51,34.46,42.56,22.87,751.19,1,243.04
6101,10,76.78,34.18,41.65,25.13,807.82,1,244.04
6126,10,76.02,33.9,40.98,27.44,874.0,1,245.04
6151,10,75.19,33.61,40.58,29.9,953.6,1,246.04
6176,10,74.34,33.49,40.55,32.17,1051.46,1,247.04
6201,10,73.53,33.47,41.77,34.15,1158.99,1,248.04
6226,10,72.71,33.42,43.01,35.27,1245.06,1,249.04
6251,10,71.97,33.38,44.38,36.7,1316.52,1,250.04
6276,10,71.4,33.3,45.67,39.6,1393.65,1,251.04
6301,10,71.01,33.18,46.61,42.25,1476.4,1,252.04
6326,10,70.73,33.07,47.3,44.44,1558.21,1,253.04
6351,10,70.45,33.02,48.06,46.7,1653.82,1,254.04
6376,10,70.15,33.03,48.94,48.71,1807.39,1,255.04
6401,10,69.84,32.93,49.51,50.25,1941.2,1,256.04
6426,10,69.61,32.79,49.88,51.74,2055.89,1,257.04
6451,10,69.54,32.82,50.38,53.29,2163.03,1,258.04
6476,10,69.49,32.9,50.74,54.76,2236.2,1,259.04
6501,10,69.46,32.95,50.63,56.29,2275.51,1,260.04
6526,10,69.43,32.99,50.34,58.0,2309.57,1,261.04
6551,10,69.37,33.1,50.65,58.78,2358.41,1,262.04
6576,10,69.24,33.18,51.88,58.81,2415.89,1,263.04
6601,10,69.12,33.14,53.79,58.56,2482.23,1,264.04
6626,10,68.99,33.02,55.64,58.64,2543.65,1,265.04
6651,10,68.72,32.98,56.21,58.93,2579.15,1,266.04
6676,10,68.23,33.36,54.96,58.61,2545.45,1,267.04
6701,10,66.99,34.44,52.05,56.35,2365.52,1,268.04
6726,10,64.94,36.31,48.42,54.32,2123.17,1,269.04
6751,10,62.78,38.68,44.96,53.45,1901.17,1,270.04
6776,10,60.92,41.05,43.01,52.22,1684.79,1,271.04
6801,10,59.57,42.88,39.84,50.71,1434.51,1,272.04
6826,10,59.06,43.73,35.06,47.75,1139.04,1,273.04
6851,10,59.17,44.24,30.16,43.51,894.06,1,274.04
6876,10,58.92,44.1,26.29,39.11,710.42,1,275.04
6901,10,57.58,42.74,24.66,37.34,623.92,1,276.04
6926,10,55.29,40.43,26.51,39.2,663.95,1,277.04
6951,10,52.33,37.87,28.85,41.63,760.25,1,278.04
6976,10,48.46,35.89,31.74,42.56,869.18,1,279.04
7001,10,44.13,34.45,35.95,43.21,994.17,1,280.04
7026,10,40.13,33.73,41.34,44.13,1143.25,1,281.04
7051,10,36.49,34.04,46.73,44.08,1306.05,1,282.04
7076,10,33.48,34.85,50.13,43.6,1405.56,1,283.04
7101,10,31.48,36.46,51.04,44.1,1444.35,1,284.04
7126,10,30.61,38.62,50.5,45.43,1425.66,1,285.04
7151,10,30.34,40.76,48.88,46.95,1387.68,1,286.04
7176,10,30.31,42.86,46.54,48.14,1344.08,1,287.04
7201,10,30.59,44.88,43.48,49.53,1299.52,1,288.04
7226,10,31.35,46.29,40.15,47.58,1185.84,1,289.04
7251,10,32.1,47.32,36.46,45.17,1053.99,1,290.04
7276,10,32.23,47.97,33.67,43.25,963.2,1,291.04
7301,10,32.11,48.58,32.41,43.81,955.24,1,292.04
7326,10,32.34,49.06,32.09,44.7,969.59,1,293.04
7351,10,32.94,49.17,32.23,45.67,1013.3,1,294.04
7376,10,33.84,49.09,32.4,47.83,1047.39,1,295.04
7401,10,34.78,48.95,32.44,50.3,1094.26,1,296.04
7426,10,35.07,48.53,32.45,51.89,1123.29,1,297.04
7451,10,34.05,47.56,33.59,51.37,1098.06,1,298.04
7476,10,32.0,46.31,36.43,49.58,1073.98,1,299.04
7501,10,30.2,45.27,38.18,48.05,1042.68,1,300.04
7526,10,29.63,44.73,36.41,47.9,959.99,1,301.04
7551,10,30.04,44.28,33.02,48.8,888.55,1,302.04
7576,10,30.38,43.96,30.34,50.11,857.55,1,303.04
7601,10,30.05,43.62,30.07,50.37,864.22,1,304.04
7626,10,29.47,43.07,30.68,50.42,872.08,1,305.04
7651,10,29.27,42.59,28.35,50.94,825.86,1,306.04
7676,10,29.3,42.09,27.48,51.77,830.05,1,307.04
7701,10,28.75,41.83,27.4,52.6,871.89,1,308.04
7726,10,27.86,41.89,27.58,52.03,884.56,1,309.04
7751,10,27.09,41.77,28.82,50.66,875.67,1,310.04
7776,10,26.67,41.24,30.3,48.93,855.67,1,311.04
7801,10,26.82,40.59,31.0,46.84,833.74,1,312.04
7826,10,27.5,39.83,31.26,45.53,817.32,1,313.04
7851,10,28.63,38.85,31.07,44.68,820.9,1,314.04
7876,10,29.97,37.98,30.59,43.76,817.54,1,315.04
7901,10,31.35,37.17,30.5,42.9,802.23,1,316.04
7926,10,32.77,36.31,30.76,42.27,793.3,1,317.04
7951,10,34.21,35.54,30.92,41.98,801.69,1,318.04
7976,10,35.67,34.81,30.8,41.68,814.44,1,319.04
8001,10,37.17,34.08,31.16,41.62,836.38,1,320.04
8026,10,38.71,33.32,31.56,41.56,854.26,1,321.04
8051,10,40.19,32.54,31.56,40.95,850.14,1,322.04
8076,10,41.55,31.86,31.38,40.86,843.98,1,323.04
8101,10,42.83,31.24,31.16,40.71,840.75,1,324.04
8126,10,44.01,30.69,31.64,40.42,846.55,1,325.04
8151,10,45.19,30.23,32.16,40.37,856.87,1,326.04
8176,10,46.43,29.88,32.36,41.02,869.27,1,327.04
8201,10,47.62,29.55,31.94,41.82,872.25,1,328.04
8226,10,48.58,29.35,30.79,42.28,853.61,1,329.04
8251,10,49.23,29.51,29.52,42.33,824.65,1,330.04
8276,10,49.67,29.99,28.43,41.99,787.66,1,331.04
8301,10,50.08,30.38,27.23,41.27,745.69,1,332.04
8326,10,50.68,30.41,25.93,40.44,704.72,1,333.04
8351,10,51.46,30.17,24.81,39.65,659.55,1,334.04
8376,10,52.37,29.81,24.04,38.9,617.0,1,335.04
8401,10,53.34,29.52,23.45,38.33,585.9,1,336.04
8426,10,54.31,29.3,22.97,37.74,558.46,1,337.04
8451,10,55.2,29.16,22.37,37.36,533.0,1,338.04
8476,10,56.07,29.08,21.63,37.59,520.33,1,339.04
8501,10,57.11,29.18,22.07,38.12,533.28,1,340.04
8526,10,58.48,30.03,22.84,38.37,556.82,1,341.04
8551,10,60.05,31.48,24.48,37.72,588.86,1,342.04
8576,10,61.57,32.93,27.29,36.11,622.47,1,343.04
8601,10,62.69,33.98,28.99,34.1,629.62,1,344.04
8626,10,63.43,34.44,29.43,32.72,627.44,1,345.04
8651,10,64.29,34.8,30.03,33.34,651.22,1,346.04
8676,10,65.41,35.38,31.04,35.12,706.84,1,347.04
8701,10,66.33,36.12,32.07,37.19,775.49,1,348.04
8726,10,66.93,37.16,32.04,37.48,765.04,1,349.04
8751,10,67.84,38.7,30.31,36.05,697.61,1,350.04
8776,10,69.92,40.77,30.19,37.97,718.24,1,351.04
8801,10,72.92,42.68,31.88,42.73,854.57,1,352.04
8826,10,75.46,44.12,33.94,45.77,982.99,1,353.04
8851,10,76.74,45.15,35.17,46.3,1030.14,1,354.04
8876,10,76.89,46.02,35.44,46.47,1037.65,1,355.04
8901,10,76.0,46.74,35.06,47.39,1047.27,1,356.04
8926,10,74.14,47.19,34.77,49.29,1101.76,1,357.04
8951,10,71.56,47.28,39.07,50.32,1218.25,1,358.04
8976,10,67.93,46.98,44.4,49.7,1350.42,1,359.04
9001,10,63.24,46.66,49.57,47.64,1416.83,1,360.04
9026,10,58.2,46.71,53.57,45.2,1439.74,1,361.04
9051,10,53.12,47.01,57.19,43.61,1478.98,1,362.04
9076,10,48.26,46.82,60.12,42.26,1511.08,1,363.04
9101,10,44.0,46.93,60.44,41.1,1496.57,1,364.04
9126,10,40.56,47.66,58.12,39.99,1442.48,1,365.04
9151,10,37.94,48.19,54.78,42.51,1388.5,1,366.04
9176,10,35.92,48.29,51.12,43.37,1364.82,1,367.04
9201,10,34.3,48.05,47.28,42.08,1301.4,1,368.04
9226,10,32.83,47.82,44.67,41.07,1242.14,1,369.04
9251,10,31.61,47.49,41.89,41.44,1163.04,1,370.04
9276,10,30.59,46.88,38.36,41.4,1070.74,1,371.04
9301,10,29.4,46.36,35.27,39.9,951.15,1,372.04
9326,10,28.15,45.97,35.08,36.97,847.12,1,373.04
9351,10,27.7,45.22,34.53,35.29,825.96,1,374.04
9376,10,28.99,44.33,33.03,35.05,835.39,1,375.04
9401,10,32.0,43.63,35.5,34.48,859.56,1,376.04
9426,10,36.07,43.31,38.51,33.89,876.19,1,377.04
9451,10,40.84,43.48,40.89,33.09,870.97,1,378.04
9476,10,46.22,43.54,43.01,32.12,913.33,1,379.04
9501,10,52.02,43.16,46.34,30.2,950.92,1,380.04
9526,10,57.98,42.49,49.77,27.45,981.43,1,381.04
9551,10,63.86,41.56,52.41,24.77,955.74,1,382.04
9576,10,69.2,40.66,54.04,22.5,906.4,1,383.04
9601,10,73.78,40.29,55.85,20.83,869.17,1,384.04
9626,10,77.68,40.2,58.31,21.38,878.69,1,385.04
9651,10,80.7,40.17,60.4,22.14,939.34,1,386.04
9676,10,82.56,40.2,59.26,23.37,967.42,1,387.04
9701,10,83.66,40.12,57.12,22.78,887.23,1,388.04
9726,10,84.55,39.93,54.35,21.13,779.41,1,389.04
9751,10,85.27,39.43,51.49,19.6,670.05,1,390.04
9776,10,86.08,39.01,49.06,18.4,559.85,1,391.04
9801,10,86.97,38.59,47.13,17.2,472.4,1,392.04
9826,10,87.8,38.12,45.19,15.82,399.9,1,393.04
9851,10,88.51,37.62,43.32,14.66,335.27,1,394.04
9876,10,89.14,37.15,41.1,14.16,312.46,1,395.04
9901,10,89.73,36.75,38.97,13.59,287.9,1,396.04
9926,10,90.29,36.36,37.48,12.74,257.63,1,397.04
9951,10,90.82,36.09,36.1,12.27,251.69,1,398.04
9976,10,91.23,35.73,34.53,12.45,274.11,1,399.04
10001,10,91.49,35.36,33.19,12.22,274.67,1,400.04
10026,10,91.56,35.03,32.33,12.21,266.81,1,401.04
10051,10,91.55,34.72,31.4,11.94,256.03,1,402.04
10076,10,91.47,34.35,29.3,11.8,228.89,1,403.04
10101,10,91.79,34.51,30.4,11.95,266.13,1,404.04
10126,10,92.03,34.49,29.16,12.93,271.26,1,405.04
10151,10,92.33,34.34,27.89,13.91,273.2,1,406.04
10176,10,92.6,34.09,26.74,14.21,263.31,1,407.04
10201,10,92.79,33.88,25.93,14.51,254.65,1,408.04
10226,10,92.81,33.73,25.7,15.08,254.47,1,409.04
10251,10,92.71,33.74,26.2,15.61,262.92,1,410.04
10276,10,92.46,33.75,26.78,15.95,270.9,1,411.04
10301,10,92.3,33.9,27.15,16.56,275.68,1,412.04
10326,10,92.56,34.06,27.28,18.11,287.95,1,413.04
10351,10,93.05,34.26,26.99,21.03,316.26,1,414.04
10376,10,93.57,34.28,26.12,24.57,341.69,1,415.04
10401,10,94.01,34.56,24.11,27.94,350.66,1,416.04
10426,10,94.21,35.14,21.58,31.3,327.45,1,417.04
10451,10,94.27,35.76,20.26,33.45,331.03,1,418.04
10476,10,94.26,36.48,19.27,33.41,376.25,1,419.04
10501,10,93.48,37.08,17.62,33.67,370.85,1,420.04
10526,10,92.37,37.39,14.6,34.12,294.42,1,421.04
10551,10,91.57,37.33,11.83,32.77,209.2,1,422.04
10576,10,90.31,36.45,11.53,31.41,174.42,1,423.04
10601,10,88.37,34.67,11.19,31.18,221.49,1,424.04
10626,10,86.96,33.31,12.72,31.08,265.76,1,425.04
10651,10,86.98,32.75,17.99,29.86,337.99,1,426.04
10676,10,87.24,32.38,21.77,28.51,380.24,1,427.04
10701,10,86.61,33.01,22.51,26.5,365.93,1,428.04
10726,10,85.68,33.85,21.02,25.5,328.55,1,429.04
10751,10,85.11,34.27,19.8,24.72,318.86,1,430.04
10776,10,84.65,34.3,21.44,24.82,344.46,1,431.04
10801,10,83.35,33.2,21.69,25.68,375.71,1,432.04
10826,10,81.57,31.78,21.41,25.94,411.07,1,433.04
10851,10,79.73,30.7,22.49,25.96,468.44,1,434.04
10876,10,78.12,29.92,24.14,28.76,549.02,1,435.04
10901,10,76.79,29.62,25.25,31.9,639.83,1,436.04
10926,10,75.51,29.66,26.09,34.52,725.48,1,437.04
10951,10,74.23,29.87,28.07,37.12,828.18,1,438.04
10976,10,72.86,30.2,30.81,40.1,956.72,1,439.04
11001,10,71.44,30.57,33.64,43.16,1091.62,1,440.04
11026,10,70.17,31.05,35.45,45.61,1171.02,1,441.04
11051,10,69.01,31.66,35.23,47.79,1190.52,1,442.04
11076,10,67.81,32.19,35.06,48.99,1200.33,1,443.04
11101,10,66.57,32.45,35.4,48.82,1218.81,1,444.04
11126,10,65.29,32.62,36.88,48.85,1283.07,1,445.04
11151,10,63.83,32.83,40.23,50.96,1393.73,1,446.04
11176,10,62.26,33.0,44.4,53.2,1518.4,1,447.04
11201,10,60.72,33.13,48.52,55.75,1638.52,1,448.04
11226,10,59.34,33.17,51.92,57.82,1742.5,1,449.04
11251,10,58.24,33.04,53.15,57.53,1787.52,1,450.04
11276,10,57.39,32.94,51.79,56.2,1770.51,1,451.04
11301,10,56.77,33.06,49.24,55.82,1736.38,1,452.04
11326,10,56.49,33.34,46.48,55.19,1697.77,1,453.04
11351,10,56.34,33.57,43.7,53.98,1653.52,1,454.04
11376,10,56.0,33.62,40.3,53.75,1596.83,1,455.04
11401,10,55.55,33.61,37.09,54.64,1528.57,1,456.04
11426,10,55.18,33.52,35.49,55.79,1470.82,1,457.04
11451,10,54.99,33.43,34.54,57.22,1446.35,1,458.04
11476,10,54.93,33.27,33.85,58.5,1433.49,1,459.04
11501,10,55.03,32.88,33.5,59.31,1433.26,1,460.04
11526,10,55.26,32.44,34.15,59.94,1460.13,1,461.04
11551,10,55.56,32.18,35.49,60.66,1509.91,1,462.04
11576,10,55.92,32.04,36.41,61.49,1559.79,1,463.04
11601,10,56.37,31.88,36.32,61.98,1583.48,1,464.04
11626,10,56.73,31.6,35.51,62.25,1593.03,1,465.04
11651,10,56.55,30.92,34.9,62.04,1565.55,1,466.04
11676,10,55.62,29.8,34.19,61.32,1511.92,1,467.04
11701,10,54.66,28.43,32.71,59.71,1474.73,1,468.04
11726,10,54.29,27.09,31.32,57.09,1457.52,1,469.04
11751,10,54.14,26.12,33.02,56.41,1438.58,1,470.04
11776,10,53.38,25.96,31.73,57.25,1370.75,1,471.04
11801,10,51.93,26.75,30.45,56.77,1275.55,1,472.04
11826,10,50.04,27.74,31.12,56.16,1224.61,1,473.04
11851,10,47.95,28.57,32.16,55.69,1253.52,1,474.04
11876,10,45.61,29.95,32.52,54.88,1271.41,1,475.04
11901,10,43.0,31.64,32.19,52.49,1239.59,1,476.04
11926,10,40.2,33.35,32.63,48.81,1177.78,1,477.04
11951,10,37.24,35.1,33.5,44.9,1114.23,1,478.04
11976,10,34.16,36.58,35.09,41.13,1072.85,1,479.04
12001,10,31.12,37.7,37.77,39.33,1111.58,1,480.04
12026,10,28.49,37.96,41.72,39.02,1181.05,1,481.04
12051,10,26.71,36.88,46.8,42.48,1279.8,1,482.04
12076,10,25.64,35.35,48.5,45.75,1306.43,1,483.04
12101,10,24.74,34.21,47.72,47.43,1247.9,1,484.04
12126,10,23.99,33.34,45.53,49.12,1180.27,1,485.04
12151,10,23.43,32.97,42.48,48.15,1058.33,1,486.04
12176,10,22.94,32.69,40.15,47.12,942.09,1,487.04
12201,10,22.46,32.45,38.26,45.98,835.38,1,488.04
12226,10,21.97,32.21,36.41,44.83,754.95,1,489.04
12251,10,21.46,32.04,34.62,43.72,693.96,1,490.04
12276,10,20.98,31.92,32.77,42.62,635.57,1,491.04
12301,10,20.55,31.83,30.92,41.55,577.43,1,492.04
12326,10,20.11,31.82,31.43,40.61,534.33,1,493.04
12351,10,19.57,31.86,32.55,39.88,526.95,1,494.04
12376,10,18.84,31.98,33.7,39.32,543.56,1,495.04
12401,10,18.05,32.05,34.79,38.77,560.59,1,496.04
12426,10,17.27,32.09,35.83,38.03,585.69,1,497.04
12451,10,16.47,32.15,36.77,37.23,622.11,1,498.04
12476,10,15.7,32.13,37.37,36.49,649.69,1,499.04
12501,10,14.99,32.01,37.49,35.73,666.86,1,500.04
12526,10,14.18,31.96,37.06,35.22,679.24,1,501.04
12551,10,13.44,31.88,36.25,34.86,675.63,1,502.04
12576,10,12.7,31.81,35.29,34.44,666.94,1,503.04
12601,10,12.05,31.7,34.31,35.53,675.13,1,504.04
12626,10,11.74,31.29,33.32,35.75,661.52,1,505.04
12651,10,11.29,30.55,32.53,36.99,654.6,1,506.04
12676,10,10.16,30.36,32.39,38.58,681.98,1,507.04
12701,10,9.47,30.51,35.42,40.27,790.26,1,508.04
12726,10,10.09,30.93,36.98,41.79,865.06,1,509.04
12751,10,11.61,31.4,36.52,42.81,905.85,1,510.04
12776,10,13.64,31.69,35.87,43.03,924.87,1,511.04
12801,10,16.04,32.05,35.19,41.88,911.14,1,512.04
12826,10,18.75,32.32,34.0,39.4,865.33,1,513.04
12851,10,21.58,32.67,33.08,37.17,821.1,1,514.04
12876,10,24.55,32.91,32.01,35.94,781.24,1,515.04
12901,10,27.56,33.15,30.29,34.97,729.07,1,516.04
12926,10,30.41,33.47,28.13,33.98,698.02,1,517.04
12951,10,32.98,33.77,28.02,33.42,687.64,1,518.04
12976,10,35.2,33.88,28.93,33.27,693.26,1,519.04
13001,10,37.06,33.58,29.59,33.06,729.41,1,520.04
13026,10,38.52,33.21,30.16,33.29,781.87,1,521.04
13051,10,39.74,33.01,30.59,33.47,819.93,1,522.04
13076,10,40.64,32.7,30.54,33.5,847.81,1,523.04
13101,10,41.57,33.01,30.15,35.78,886.38,1,524.04
13126,10,42.16,33.31,30.09,38.54,937.5,1,525.04
13151,10,42.49,33.42,30.21,40.83,1002.92,1,526.04
13176,10,42.65,33.6,30.75,42.22,1071.34,1,527.04
13201,10,42.84,33.9,31.84,43.15,1134.2,1,528.04
13226,10,43.16,34.26,32.84,43.72,1185.28,1,529.04
13251,10,43.63,34.58,33.93,44.26,1227.91,1,530.04
13276,10,44.18,34.7,34.89,44.97,1262.22,1,531.04
13301,10,44.79,34.7,35.34,45.42,1280.12,1,532.04
13326,10,45.5,34.57,35.11,45.6,1282.89,1,533.04
13351,10,46.38,34.25,33.87,45.25,1237.04,1,534.04
13376,10,47.52,33.76,31.94,44.63,1158.5,1,535.04
13401,10,48.83,33.35,29.9,43.94,1072.61,1,536.04
13426,10,50.15,33.07,28.68,42.94,982.56,1,537.04
13451,10,51.42,33.0,27.98,41.49,892.87,1,538.04
13476,10,52.63,33.25,26.93,40.01,814.43,1,539.04
13501,10,53.77,33.74,25.4,38.6,745.68,1,540.04
13526,10,54.88,34.37,23.79,37.63,682.49,1,541.04
13551,10,56.18,35.02,23.37,37.13,653.03,1,542.04
13576,10,57.37,34.58,24.06,37.22,659.63,1,543.04
13601,10,57.56,32.37,23.69,38.21,672.1,1,544.04
13626,10,56.6,29.74,23.43,38.55,684.2,1,545.04
13651,10,54.95,27.75,23.48,38.6,710.85,1,546.04
13676,10,53.44,26.13,23.02,38.13,678.42,1,547.04
13701,10,53.36,24.13,23.12,37.06,626.04,1,548.04
13726,10,54.45,22.43,24.49,35.51,611.86,1,549.04
13751,10,55.94,21.75,26.96,34.42,621.92,1,550.04
13776,10,58.24,21.92,29.34,33.01,627.21,1,551.04
13801,10,61.46,22.9,31.91,30.54,661.45,1,552.04
13826,10,65.51,24.42,36.29,26.37,676.38,1,553.04
13851,10,69.68,25.75,41.4,21.35,636.13,1,554.04
13876,10,73.24,27.31,45.17,21.88,681.48,1,555.04
13901,10,75.98,28.98,46.69,23.84,732.14,1,556.04
13926,10,78.38,30.96,47.29,26.62,785.84,1,557.04
13951,10,80.57,32.64,45.44,26.89,754.77,1,558.04
13976,10,82.35,33.85,41.77,25.76,681.8,1,559.04
14001,10,83.8,34.85,38.11,24.26,619.87,1,560.04
14026,10,85.12,35.82,35.38,23.08,592.33,1,561.04
14051,10,86.2,36.69,33.05,22.62,557.7,1,562.04
14076,10,87.16,37.48,32.58,22.43,527.37,1,563.04
14101,10,87.93,38.26,32.05,22.29,512.39,1,564.04
14126,10,88.47,39.1,31.7,22.71,510.45,1,565.04
14151,10,88.85,39.96,31.49,23.02,508.86,1,566.04
14176,10,89.1,40.83,31.26,23.27,506.08,1,567.04
14201,10,89.16,41.67,31.1,24.17,513.67,1,568.04
14226,10,89.07,42.5,31.23,26.15,523.18,1,569.04
14251,10,88.86,43.34,31.49,28.16,530.9,1,570.04
14276,10,88.64,44.18,31.33,29.77,533.36,1,571.04
14301,10,88.47,44.9,31.16,31.26,541.82,1,572.04
14326,10,88.5,45.39,31.55,31.98,549.7,1,573.04
14351,10,88.78,45.86,32.06,32.38,558.5,1,574.04
14376,10,89.14,46.38,32.61,32.23,566.17,1,575.04
14401,10,89.49,47.08,33.19,31.66,562.16,1,576.04
14426,10,89.8,47.74,33.75,32.64,555.98,1,577.04
14451,10,90.02,48.25,34.24,35.09,567.56,1,578.04
14476,10,90.26,48.61,34.0,35.87,577.23,1,579.04
14501,10,90.41,48.69,33.34,34.48,567.18,1,580.04
14526,10,90.42,48.74,32.14,31.45,540.99,1,581.04
14551,10,90.33,48.9,32.41,30.49,520.27,1,582.04
14576,10,90.42,49.33,32.48,30.75,502.58,1,583.04
14601,10,90.71,50.15,31.12,31.73,507.43,1,584.04
14626,10,90.57,51.01,28.83,33.39,509.72,1,585.04
14651,10,89.73,50.86,26.58,34.01,495.37,1,586.04
14676,10,89.8,49.4,27.41,32.79,486.94,1,587.04
14701,10,91.13,47.37,30.79,29.77,486.35,1,588.04
14726,10,91.89,45.53,31.85,26.41,418.53,1,589.04
14751,10,91.72,44.24,31.02,26.45,328.61,1,590.04
14776,10,90.49,43.96,31.76,27.4,332.12,1,591.04
14801,10,88.31,44.23,33.31,29.56,406.08,1,592.04
14826,10,86.03,44.58,35.72,32.52,508.02,1,593.04
14851,10,84.15,45.2,38.95,35.41,657.14,1,594.04
14876,10,82.3,45.84,39.56,38.3,794.4,1,595.04
14901,10,80.51,46.56,36.2,42.25,852.98,1,596.04
14926,10,78.2,47.18,31.87,42.6,858.43,1,597.04
14951,10,75.17,47.73,33.5,42.12,881.24,1,598.04
14976,10,71.84,48.11,34.35,43.42,929.43,1,599.04
15001,10,68.36,48.28,35.79,42.09,971.61,1,600.04
15026,10,64.32,48.43,39.08,38.9,1022.03,1,601.04
15051,10,59.75,48.03,42.49,35.55,1050.52,1,602.04
15076,10,55.27,46.48,44.57,33.85,1057.56,1,603.04
15101,10,51.49,43.98,44.45,34.27,1058.47,1,604.04
15126,10,48.77,40.89,43.21,36.64,1068.04,1,605.04
15151,10,47.38,37.42,42.54,39.11,1113.04,1,606.04
15176,10,47.56,33.92,42.86,40.41,1158.57,1,607.04
15201,10,48.85,30.84,43.34,40.58,1145.03,1,608.04
15226,10,50.71,28.13,42.84,41.68,1130.85,1,609.04
15251,10,52.19,25.66,41.06,42.55,1116.98,1,610.04
15276,10,52.79,23.53,37.6,43.51,1061.91,1,611.04
15301,10,53.41,21.53,33.99,45.93,1026.18,1,612.04
15326,10,54.47,19.45,32.43,47.83,1026.83,1,613.04
15351,10,56.0,18.27,32.17,47.5,1020.6,1,614.04
15376,10,58.31,17.65,33.16,44.43,1000.54,1,615.04
15401,10,61.21,17.8,35.09,40.37,972.19,1,616.04
15426,10,64.43,18.18,37.32,37.26,946.24,1,617.04
15451,10,67.52,18.65,39.24,35.25,936.04,1,618.04
15476,10,69.84,19.35,41.4,34.45,953.77,1,619.04
15501,10,71.27,19.91,42.94,34.86,990.99,1,620.04
15526,10,71.86,20.29,41.83,35.2,1006.23,1,621.04
15551,10,71.38,20.9,38.59,35.54,959.17,1,622.04
15576,10,70.05,22.44,34.77,35.55,865.52,1,623.04
15601,10,68.36,24.55,31.32,35.82,783.07,1,624.04
15626,10,66.37,26.57,28.64,36.52,748.61,1,625.04
15651,10,63.86,28.55,27.32,35.6,757.74,1,626.04
15676,10,61.09,29.61,28.96,33.3,718.67,1,627.04
15701,10,58.26,29.97,29.58,31.7,678.56,1,628.04
15726,10,56.0,30.43,28.82,31.18,644.49,1,629.04
15751,10,54.73,30.98,26.78,30.57,588.71,1,630.04
15776,10,54.34,31.42,24.47,28.75,520.86,1,631.04
15801,10,54.38,31.95,22.9,28.18,469.48,1,632.04
15826,10,54.48,32.7,22.12,29.11,457.0,1,633.04
15851,10,54.44,33.48,21.94,31.01,475.55,1,634.04
15876,10,54.37,34.23,21.93,33.39,504.05,1,635.04
15901,10,54.42,34.86,21.99,35.39,524.7,1,636.04
15926,10,54.58,34.94,21.84,36.37,534.72,1,637.04
15951,10,54.96,33.85,21.73,37.16,547.33,1,638.04
15976,10,56.13,31.99,22.5,38.72,574.61,1,639.04
16001,10,58.17,29.95,23.71,40.54,614.66,1,640.04
16026,10,60.54,27.74,24.34,42.1,645.13,1,641.04
16051,10,62.79,25.46,24.44,43.25,657.09,1,642.04
16076,10,64.39,23.56,24.01,43.44,643.39,1,643.04
16101,10,64.47,22.54,23.48,42.69,627.64,1,644.04
16126,10,63.0,22.8,21.93,41.71,618.88,1,645.04
16151,10,60.55,23.89,21.72,41.25,652.83,1,646.04
16176,10,57.78,25.48,24.65,41.22,718.57,1,647.04
16201,10,55.18,27.27,28.97,40.68,769.91,1,648.04
16226,10,52.94,28.02,32.37,39.51,793.69,1,649.04
16251,10,51.71,27.75,33.4,38.38,779.83,1,650.04
16276,10,51.81,27.96,33.05,38.15,795.37,1,651.04
16301,10,52.48,29.45,32.17,39.26,836.02,1,652.04
16326,10,53.51,31.64,30.85,38.9,848.13,1,653.04
16351,10,55.16,33.92,29.71,37.81,811.41,1,654.04
16376,10,57.67,35.99,29.68,36.92,776.54,1,655.04
16401,10,61.11,37.4,30.96,35.67,755.27,1,656.04
16426,10,65.45,38.41,32.58,35.0,757.42,1,657.04
16451,10,70.4,39.39,35.42,35.3,769.91,1,658.04
16476,10,75.35,40.17,39.07,35.46,786.34,1,659.04
16501,10,79.86,40.17,43.52,33.83,815.55,1,660.04
16526,10,83.43,39.54,46.34,31.19,799.63,1,661.04
16551,10,85.53,39.02,46.89,27.05,718.82,1,662.04
16576,10,86.56,38.91,45.18,24.87,619.65,1,663.04
16601,10,87.18,39.03,41.56,25.08,538.96,1,664.04
16626,10,87.59,39.01,37.78,24.48,462.86,1,665.04
16651,10,87.9,38.73,34.01,23.74,404.54,1,666.04
16676,10,88.3,38.28,32.14,23.29,362.84,1,667.04
16701,10,88.8,37.72,30.65,22.39,324.49,1,668.04
16726,10,89.28,37.08,29.05,20.87,287.68,1,669.04
16751,10,89.8,36.49,27.6,19.18,281.53,1,670.04
16776,10,90.34,36.07,26.37,17.79,268.9,1,671.04
16801,10,90.81,35.78,25.18,17.17,244.97,1,672.04
16826,10,91.22,35.58,24.1,17.58,224.17,1,673.04
16851,10,91.66,35.64,23.37,19.26,226.16,1,674.04
16876,10,92.14,35.84,22.82,21.49,234.24,1,675.04
16901,9,92.48,34.94,22.21,23.94,245.81,1,676.04
16926,10,93.34,36.19,21.62,26.11,261.42,1,677.04
16951,10,93.64,36.26,21.29,27.37,286.95,1,678.04
16976,10,93.77,36.3,21.2,28.33,312.35,1,679.04
17001,10,93.9,36.31,21.91,28.55,337.25,1,680.04
17026,9,94.21,36.68,23.15,28.66,367.3,1,681.04
17051,10,93.93,36.01,23.78,29.12,388.58,1,682.04
17076,10,94.36,36.29,23.36,29.14,386.42,1,683.04
17101,10,94.5,36.47,22.51,28.89,375.56,1,684.04
17126,10,94.73,36.77,21.98,28.69,372.87,1,685.04
17151,10,94.89,36.85,21.61,28.33,367.55,1,686.04
17176,10,95.15,36.74,20.8,27.46,345.92,1,687.04
17201,10,95.4,36.78,20.51,25.93,321.91,1,688.04
17226,10,95.71,36.89,20.41,26.02,302.89,1,689.04
17251,10,96.07,37.0,19.4,25.49,274.78,1,690.04
17276,10,96.82,37.31,18.25,24.2,245.87,1,691.04
17301,10,97.6,37.73,16.98,23.25,230.68,1,692.04
17326,10,97.32,37.53,14.64,21.77,222.41,1,693.04
17351,10,96.36,36.58,15.83,21.3,204.4,1,694.04
17376,10,95.79,35.67,16.35,20.99,192.55,1,695.04
17401,10,95.26,35.03,16.09,20.48,186.77,1,696.04
17426,10,94.65,34.72,15.39,18.95,177.72,1,697.04
17451,10,94.11,34.43,14.25,17.8,167.71,1,698.04
17476,10,93.95,34.18,14.2,16.45,154.45,1,699.04
17501,10,94.15,34.21,14.14,14.28,135.49,1,700.04
17526,10,94.48,34.31,14.22,13.19,122.51,1,701.04
17551,10,94.62,34.62,14.26,12.33,112.66,1,702.04
17576,10,95.05,34.6,14.21,11.74,111.74,1,703.04
17601,10,95.25,34.72,14.41,11.48,120.17,1,704.04
17626,10,95.47,34.96,16.03,11.6,136.26,1,705.04
17651,10,95.59,35.12,17.56,12.05,140.9,1,706.04
17676,10,95.52,35.16,18.91,12.8,146.97,1,707.04
17701,10,95.62,35.24,20.8,13.79,166.73,1,708.04
17726,10,95.24,35.34,23.13,14.56,190.08,1,709.04
17751,10,95.13,35.36,25.28,15.65,222.23,1,710.04
17776,10,94.67,35.26,26.84,17.06,254.06,1,711.04
17801,10,94.25,35.04,28.16,18.04,273.4,1,712.04
17826,10,93.96,35.14,29.3,18.82,292.03,1,713.04
17851,10,93.59,35.28,30.64,19.93,322.06,1,714.04
17876,10,93.02,35.5,30.72,20.87,349.25,1,715.04
17901,10,92.7,35.69,30.28,21.34,371.1,1,716.04
17926,10,92.49,35.75,29.78,21.82,391.7,1,717.04
17951,10,92.17,35.49,29.66,22.43,410.58,1,718.04
17976,10,91.92,35.2,29.95,23.22,432.28,1,719.04
18001,10,91.67,35.09,29.96,23.97,455.27,1,720.04
18026,10,91.36,35.04,30.83,24.91,478.65,1,721.04
18051,10,91.22,34.73,31.77,26.11,498.31,1,722.04
18076,10,90.97,34.46,31.76,26.88,509.61,1,723.04
18101,10,90.9,34.32,31.14,27.14,514.83,1,724.04
18126,10,90.91,34.14,30.81,26.94,514.54,1,725.04
18151,10,91.01,33.98,30.73,26.52,507.5,1,726.04
18176,10,91.27,33.99,30.86,26.39,503.76,1,727.04
18201,10,92.37,33.53,30.86,26.11,500.85,1,728.04
18226,10,93.15,32.86,28.87,25.45,461.99,1,729.04
18251,10,92.56,33.46,23.93,24.59,370.11,1,730.04
18276,10,92.21,34.12,18.98,23.54,295.8,1,731.04
18301,10,92.08,33.91,18.77,23.4,268.44,1,732.04
18326,10,91.62,33.49,19.48,23.56,275.23,1,733.04
18351,10,90.43,32.85,19.72,24.19,274.67,1,734.04
18376,10,88.71,32.39,19.68,25.62,286.21,1,735.04
18401,10,86.67,31.83,19.52,27.64,318.2,1,736.04
18426,10,84.54,31.75,19.88,30.21,364.32,1,737.04
18451,10,82.52,31.53,19.51,32.87,451.78,1,738.04
18476,10,80.4,31.18,22.81,35.42,595.22,1,739.04
18501,10,78.51,30.77,26.96,41.64,787.05,1,740.04
18526,10,76.9,30.34,31.23,46.83,1028.8,1,741.04
18551,10,75.54,29.93,34.99,50.71,1260.97,1,742.04
18576,10,74.24,29.59,37.98,52.86,1447.7,1,743.04
18601,10,72.86,29.19,39.74,52.77,1552.29,1,744.04
18626,10,71.42,28.63,39.91,52.56,1568.16,1,745.04
18651,10,69.86,27.9,39.21,52.74,1521.67,1,746.04
18676,10,68.14,27.08,38.15,54.45,1488.19,1,747.04
18701,10,66.29,26.31,36.51,57.86,1410.17,1,748.04
18726,10,64.25,25.69,34.75,59.16,1323.47,1,749.04
18751,10,62.29,24.82,33.09,58.69,1248.3,1,750.04
18776,10,61.11,23.62,30.85,56.94,1239.14,1,751.04
18801,10,61.14,22.8,29.79,57.47,1215.4,1,752.04
18826,10,61.91,22.25,29.83,58.66,1208.75,1,753.04
18851,10,62.92,21.32,30.38,58.65,1226.71,1,754.04
18876,10,64.39,20.49,32.1,57.83,1265.96,1,755.04
18901,10,66.38,20.45,34.28,57.71,1319.35,1,756.04
18926,10,68.35,21.05,35.86,57.86,1366.8,1,757.04
18951,10,69.29,21.86,35.82,55.17,1318.01,1,758.04
18976,10,68.22,22.32,34.29,51.73,1164.53,1,759.04
19001,10,65.86,22.36,32.17,47.88,985.19,1,760.04
19026,10,63.59,22.09,29.69,44.04,823.76,1,761.04
19051,10,62.32,21.98,27.63,41.36,717.9,1,762.04
19076,10,62.13,22.61,27.42,42.0,725.04,1,763.04
19101,10,62.3,23.84,28.86,45.39,819.65,1,764.04
19126,10,62.16,25.61,30.32,49.38,931.24,1,765.04
19151,10,61.1,27.72,31.47,53.14,1036.2,1,766.04
19176,10,59.01,29.62,32.18,56.23,1125.54,1,767.04
19201,10,56.31,31.3,32.34,58.11,1192.68,1,768.04
19226,10,53.57,33.08,32.31,59.19,1250.29,1,769.04
19251,10,51.2,35.02,32.69,59.57,1301.79,1,770.04
19276,10,49.41,36.93,33.23,59.57,1345.35,1,771.04
19301,10,48.06,38.17,33.37,60.25,1371.56,1,772.04
19326,10,47.12,38.66,31.83,61.06,1341.99,1,773.04
19351,10,46.4,38.83,30.28,61.34,1274.27,1,774.04
19376,10,45.59,38.47,29.61,61.69,1212.69,1,775.04
19401,10,44.22,37.73,29.77,61.67,1174.52,1,776.04
19426,10,41.85,37.42,31.95,60.22,1192.14,1,777.04
19451,10,38.56,37.49,36.37,57.17,1257.13,1,778.04
19476,10,34.96,37.58,42.45,53.23,1307.52,1,779.04
19501,10,31.74,37.77,46.08,48.76,1274.06,1,780.04
19526,10,29.59,38.54,45.05,43.86,1159.4,1,781.04
19551,10,28.51,39.82,42.12,38.62,1029.37,1,782.04
19576,10,28.21,41.28,40.19,32.81,865.38,1,783.04
19601,10,28.83,42.8,37.84,30.32,742.46,1,784.04
19626,10,30.17,44.32,35.6,31.11,703.97,1,785.04
19651,10,31.75,46.09,33.62,34.55,738.23,1,786.04
19676,10,33.22,48.21,32.31,39.36,815.61,1,787.04
19701,10,34.6,50.07,31.63,42.19,874.82,1,788.04
19726,10,35.87,51.1,31.27,44.43,900.36,1,789.04
19751,10,37.02,51.56,32.08,44.71,933.9,1,790.04
19776,10,38.22,51.85,33.12,45.46,979.77,1,791.04
19801,10,39.37,51.86,33.49,45.71,993.43,1,792.04
19826,10,40.44,51.64,33.24,43.89,953.12,1,793.04
19851,10,41.55,51.56,32.94,41.49,880.16,1,794.04
19876,10,42.69,51.67,32.61,40.26,808.81,1,795.04
19901,10,43.87,51.81,32.16,39.36,758.4,1,796.04
19926,10,44.96,52.09,31.71,39.44,736.45,1,797.04
19951,10,45.96,52.25,31.3,39.25,716.97,1,798.04
19976,10,46.87,52.27,30.85,38.56,689.21,1,799.04
20001,10,47.65,52.27,30.93,37.97,667.92,1,800.04
20026,10,48.3,52.37,30.74,37.7,652.82,1,801.04
20051,10,48.83,52.68,30.24,37.59,627.68,1,802.04
20076,10,49.09,53.07,30.2,37.81,613.45,1,803.04
20101,10,49.1,53.28,30.64,37.31,612.98,1,804.04
20126,10,49.15,53.42,30.47,37.72,612.19,1,805.04
20151,10,49.4,53.48,30.0,37.29,593.57,1,806.04
20176,10,49.85,53.33,29.52,37.28,554.35,1,807.04
20201,10,50.39,52.83,27.89,37.05,506.21,1,808.04
20226,10,50.56,51.98,25.46,36.42,464.59,1,809.04
20251,10,49.99,51.32,24.21,37.52,489.78,1,810.04
20276,10,48.7,50.84,25.39,40.45,571.04,1,811.04
20301,10,46.71,50.44,27.65,44.07,699.24,1,812.04
20326,10,44.21,50.05,29.26,46.54,842.58,1,813.04
20351,10,41.49,49.56,31.28,46.71,943.68,1,814.04
20376,10,38.99,48.94,32.3,46.28,978.34,1,815.04
20401,10,36.95,48.82,32.39,44.17,985.61,1,816.04
20426,10,35.94,49.66,32.39,41.82,976.05,1,817.04
20451,10,36.33,50.52,32.08,40.48,923.53,1,818.04
20476,10,37.82,50.82,30.49,39.68,812.22,1,819.04
20501,10,39.32,50.47,28.73,40.23,684.19,1,820.04
20526,10,41.15,48.7,27.82,37.86,546.81,1,821.04
20551,10,42.94,46.2,27.18,36.71,542.15,1,822.04
20576,10,44.75,42.9,27.16,37.48,658.86,1,823.04
20601,10,47.17,39.33,27.74,39.44,784.09,1,824.04
20626,10,50.37,36.16,28.55,41.43,870.86,1,825.04
20651,10,53.97,33.28,29.9,44.62,929.6,1,826.04
20676,10,57.29,30.64,31.79,46.94,974.23,1,827.04
20701,10,59.54,28.61,33.1,47.72,982.02,1,828.04
20726,10,60.65,27.13,33.48,49.52,1019.57,1,829.04
20751,10,60.88,25.83,33.18,51.18,1120.23,1,830.04
20776,10,60.52,24.82,32.73,51.54,1173.74,1,831.04
20801,10,60.03,24.66,31.93,51.42,1140.5,1,832.04
20826,10,59.63,25.14,30.06,51.68,1078.99,1,833.04
20851,10,59.04,25.39,27.95,53.07,1037.69,1,834.04
20876,10,58.3,25.49,26.98,54.42,1020.83,1,835.04
20901,10,57.53,26.04,27.89,54.72,1031.91,1,836.04
20926,10,56.62,27.28,29.01,54.85,1043.31,1,837.04
20951,10,55.27,28.96,29.51,55.21,1039.1,1,838.04
20976,10,53.41,30.76,29.44,55.61,1045.9,1,839.04
21001,10,51.24,32.5,29.37,56.35,1046.79,1,840.04
21026,10,49.11,34.07,29.65,58.11,1056.23,1,841.04
21051,10,47.41,35.62,30.42,59.57,1117.34,1,842.04
21076,10,46.4,37.07,31.23,60.87,1192.16,1,843.04
21101,10,46.07,38.11,31.68,61.92,1265.93,1,844.04
21126,10,46.08,38.51,31.74,62.83,1333.76,1,845.04
21151,10,46.05,38.6,31.54,63.0,1368.56,1,846.04
21176,10,45.63,39.04,30.92,62.44,1355.55,1,847.04
21201,10,45.04,39.8,30.09,61.74,1312.0,1,848.04
21226,10,44.39,40.3,29.64,60.89,1263.36,1,849.04
21251,10,43.48,40.29,29.54,60.13,1223.78,1,850.04
21276,10,42.4,40.21,29.57,59.82,1210.22,1,851.04
21301,10,41.56,39.98,29.45,59.66,1213.19,1,852.04
21326,10,41.16,39.45,29.53,60.14,1237.9,1,853.04
21351,10,40.75,38.94,30.31,61.03,1291.33,1,854.04
21376,10,40.06,38.8,30.97,61.54,1331.67,1,855.04
21401,10,39.09,38.77,30.77,61.26,1325.4,1,856.04
21426,10,37.94,38.56,30.14,60.17,1264.86,1,857.04
21451,10,36.85,38.46,32.18,59.24,1284.0,1,858.04
21476,10,36.78,38.8,35.12,58.44,1279.83,1,859.04
21501,10,38.14,38.92,36.83,56.62,1259.67,1,860.04
21526,10,39.76,38.36,37.48,54.85,1255.34,1,861.04
21551,10,40.77,37.64,36.94,54.97,1274.26,1,862.04
21576,10,41.2,36.8,35.66,56.29,1297.52,1,863.04
21601,10,41.21,35.51,34.47,57.32,1285.83,1,864.04
21626,10,40.85,33.62,33.17,57.82,1238.4,1,865.04
21651,10,40.29,31.57,31.85,57.84,1175.15,1,866.04
21676,10,39.9,29.83,31.24,57.79,1127.22,1,867.04
21701,10,39.84,28.61,32.03,57.55,1111.55,1,868.04
21726,10,40.24,27.82,32.71,57.65,1147.78,1,869.04
21751,10,41.1,27.59,32.16,59.03,1164.73,1,870.04
21776,10,41.95,27.89,30.74,60.98,1200.11,1,871.04
21801,10,42.52,27.99,28.41,62.47,1210.56,1,872.04
21826,10,42.66,27.61,26.69,62.68,1213.2,1,873.04
21851,10,41.76,26.75,27.21,60.59,1209.18,1,874.04
21876,10,39.72,25.51,29.19,57.5,1206.07,1,875.04
21901,10,37.36,24.19,30.55,53.75,1152.28,1,876.04
21926,10,35.48,23.23,30.9,49.71,1062.29,1,877.04
21951,10,34.72,22.89,31.07,47.82,984.14,1,878.04
21976,10,34.81,23.13,31.97,46.93,958.99,1,879.04
22001,10,35.33,23.75,32.77,45.87,951.6,1,880.04
22026,10,36.1,24.62,33.05,44.77,949.52,1,881.04
22051,10,37.01,25.56,33.19,43.76,954.65,1,882.04
22076,10,38.0,26.38,34.01,43.0,974.28,1,883.04
22101,10,39.05,27.04,35.44,42.45,1002.07,1,884.04
22126,10,40.07,27.58,36.75,41.59,1015.83,1,885.04
22151,10,41.11,28.06,37.05,40.69,1005.37,1,886.04
22176,10,42.16,28.51,36.87,39.93,986.7,1,887.04
22201,10,43.24,28.88,36.52,39.22,968.09,1,888.04
22226,10,44.33,29.06,36.48,38.74,960.59,1,889.04
22251,10,45.4,29.04,36.7,38.22,956.8,1,890.04
22276,10,46.46,28.92,36.54,37.46,945.24,1,891.04
22301,10,47.52,28.73,35.98,36.9,934.65,1,892.04
22326,10,48.49,28.5,35.95,36.77,938.88,1,893.04
22351,10,49.33,28.37,36.01,37.09,947.15,1,894.04
22376,10,50.08,28.36,35.77,37.92,963.95,1,895.04
22401,10,50.86,28.63,35.09,38.67,977.62,1,896.04
22426,10,51.74,29.22,34.0,39.17,979.43,1,897.04
22451,10,52.72,29.96,32.05,39.23,943.51,1,898.04
22476,10,53.73,30.7,29.22,39.12,877.95,1,899.04
22501,10,54.74,31.33,26.37,39.21,812.19,1,900.04
22526,10,55.76,32.0,24.39,39.15,753.94,1,901.04
22551,10,56.67,32.76,23.31,39.31,710.24,1,902.04
22576,10,57.63,33.42,23.28,39.49,694.94,1,903.04
22601,10,58.78,33.21,24.51,39.7,729.82,1,904.04
22626,10,59.27,31.0,25.75,39.99,783.74,1,905.04
22651,10,59.17,27.87,25.49,40.98,837.47,1,906.04
22676,10,59.02,24.67,24.94,42.78,866.7,1,907.04
22701,10,58.74,22.23,25.95,44.06,863.99,1,908.04
22726,10,59.01,21.7,25.68,42.87,832.24,1,909.04
22751,10,60.13,22.84,25.01,38.35,755.74,1,910.04
22776,10,61.26,24.1,25.35,34.26,694.49,1,911.04
22801,10,61.72,24.84,26.95,34.06,705.54,1,912.04
22826,10,61.8,25.21,28.94,37.07,800.16,1,913.04
22851,10,61.56,25.8,29.64,41.09,902.15,1,914.04
22876,10,60.71,27.31,30.59,45.8,968.13,1,915.04
22901,10,59.55,29.43,30.34,50.43,1030.26,1,916.04
22926,10,58.5,31.1,29.98,54.0,1122.46,1,917.04
22951,10,57.21,31.79,30.92,56.63,1203.05,1,918.04
22976,10,55.64,31.85,30.58,58.58,1223.59,1,919.04
23001,10,54.08,31.92,29.69,59.82,1226.59,1,920.04
23026,10,52.4,32.59,29.22,61.1,1235.02,1,921.04
23051,10,50.61,33.71,30.03,62.33,1276.79,1,922.04
23076,10,49.0,34.72,31.44,62.64,1320.52,1,923.04
23101,10,47.71,35.31,31.02,62.22,1300.77,1,924.04
23126,10,46.74,35.33,28.33,61.78,1213.76,1,925.04
23151,10,45.93,34.78,25.65,61.33,1130.65,1,926.04
23176,10,45.1,33.67,24.41,61.1,1087.28,1,927.04
23201,10,44.18,32.06,24.52,60.75,1056.97,1,928.04
23226,10,42.88,30.23,25.56,60.38,1032.07,1,929.04
23251,10,41.21,28.32,26.78,60.19,1016.93,1,930.04
23276,10,39.82,26.58,27.95,59.36,1012.77,1,931.04
23301,10,39.14,25.38,28.89,58.32,1053.55,1,932.04
23326,10,39.3,24.65,29.45,57.77,1078.72,1,933.04
23351,10,40.16,24.2,30.26,58.07,1085.8,1,934.04
23376,10,41.1,24.29,30.25,59.4,1111.7,1,935.04
23401,10,41.58,25.21,28.57,61.21,1139.77,1,936.04
23426,10,41.41,26.72,26.42,62.83,1152.85,1,937.04
23451,10,40.99,28.09,25.85,63.99,1186.3,1,938.04
23476,10,40.77,28.82,26.16,64.5,1225.21,1,939.04
23501,10,40.76,29.38,26.13,64.76,1244.4,1,940.04
23526,10,40.84,30.34,26.78,65.04,1282.24,1,941.04
23551,10,40.95,31.68,27.42,65.34,1297.26,1,942.04
23576,10,40.72,33.08,28.69,65.17,1275.22,1,943.04
23601,10,39.88,34.37,29.83,64.6,1284.63,1,944.04
23626,10,38.13,35.8,31.51,62.98,1343.18,1,945.04
23651,10,35.48,37.38,33.35,59.47,1390.71,1,946.04
23676,10,32.85,38.66,36.16,54.49,1363.64,1,947.04
23701,10,31.02,38.96,38.53,48.96,1256.52,1,948.04
23726,10,30.32,38.1,38.16,45.96,1115.92,1,949.04
23751,10,30.31,37.24,36.12,46.17,1029.76,1,950.04
23776,10,30.54,36.72,33.51,45.88,948.76,1,951.04
23801,10,31.16,36.63,30.96,45.33,876.44,1,952.04
23826,10,32.13,36.46,28.88,44.88,837.98,1,953.04
23851,10,32.9,35.75,27.57,44.63,827.79,1,954.04
23876,10,33.67,35.12,27.12,44.53,817.92,1,955.04
23901,10,34.97,35.06,27.34,43.24,788.01,1,956.04
23926,10,36.41,35.02,28.19,40.11,749.23,1,957.04
23951,10,36.96,35.09,29.29,37.31,736.29,1,958.04
23976,10,36.23,35.72,30.65,36.9,757.9,1,959.04
24001,10,34.86,36.27,31.92,37.65,815.12,1,960.04
24026,10,33.44,36.15,32.31,38.61,891.33,1,961.04
24051,10,32.05,35.76,32.44,39.25,963.01,1,962.04
24076,10,31.25,35.49,33.44,38.02,973.74,1,963.04
24101,10,31.07,35.19,33.31,35.4,927.35,1,964.04
24126,10,31.68,34.83,33.52,33.26,876.86,1,965.04
24151,10,33.15,34.67,33.2,33.21,858.45,1,966.04
24176,10,34.72,34.11,31.4,35.03,864.74,1,967.04
24201,10,36.06,33.11,29.28,37.47,875.83,1,968.04
24226,10,36.9,32.34,28.3,39.57,893.24,1,969.04
24251,10,36.99,32.07,27.8,42.55,928.44,1,970.04
24276,10,36.46,31.8,27.71,45.98,961.84,1,971.04
24301,10,35.31,31.15,27.78,47.1,957.47,1,972.04
24326,10,33.76,30.62,28.27,47.76,953.68,1,973.04
24351,10,32.3,31.3,28.32,50.9,968.23,1,974.04
24376,10,31.17,32.89,26.43,54.55,960.49,1,975.04
24401,10,30.12,34.49,27.16,55.54,984.7,1,976.04
24426,10,28.59,35.53,31.1,52.72,998.77,1,977.04
24451,10,26.49,35.95,34.81,47.92,956.98,1,978.04
24476,10,24.74,36.46,36.44,46.34,931.85,1,979.04
24501,10,24.12,37.56,36.78,44.4,957.14,1,980.04
24526,10,24.69,39.13,37.62,44.4,985.3,1,981.04
24551,10,26.26,41.07,39.16,47.44,1021.39,1,982.04
24576,10,28.53,42.94,40.77,48.17,1102.89,1,983.04
24601,10,30.73,44.44,41.24,46.65,1112.36,1,984.04
24626,10,32.56,45.78,40.69,44.55,1062.53,1,985.04
24651,10,34.14,46.84,39.63,42.82,995.22,1,986.04
24676,10,35.53,47.7,37.93,41.71,913.2,1,987.04
24701,10,36.75,48.35,35.76,40.95,839.01,1,988.04
24726,10,37.78,48.83,33.51,40.33,807.61,1,989.04
24751,10,38.65,49.24,34.16,39.8,786.18,1,990.04
24776,10,39.27,49.74,34.95,40.0,773.03,1,991.04
24801,10,39.48,50.35,35.47,40.03,763.48,1,992.04
24826,10,39.28,51.08,35.57,39.98,743.59,1,993.04
24851,10,38.93,51.73,35.42,39.79,719.23,1,994.04
24876,10,38.62,52.18,34.96,39.28,692.61,1,995.04
24901,10,38.35,52.66,34.12,38.08,658.84,1,996.04
24926,10,38.13,53.25,32.93,37.16,616.85,1,997.04
24951,10,37.9,53.75,31.53,37.6,590.75,1,998.04
24976,10,37.89,54.14,30.0,37.78,571.39,1,999.04
25001,10,37.75,54.61,28.14,37.35,545.97,1,1000.04
25026,10,37.61,54.78,27.38,36.3,531.31,1,1001.04
25051,10,38.26,54.43,27.09,36.69,542.47,1,1002.04
25076,10,39.86,52.61,26.76,36.32,536.61,1,1003.04
25101,10,42.06,50.07,26.39,35.89,512.65,1,1004.04
25126,10,44.15,47.83,25.95,35.12,487.78,1,1005.04
25151,10,45.91,46.33,25.43,33.92,483.66,1,1006.04
25176,10,47.52,45.27,25.26,32.51,488.5,1,1007.04
25201,10,48.98,44.46,25.16,31.12,495.27,1,1008.04
25226,10,50.26,43.78,25.04,30.24,501.57,1,1009.04
25251,10,51.42,43.25,25.62,30.2,517.02,1,1010.04
25276,10,52.49,42.74,25.87,31.0,540.15,1,1011.04
25301,10,53.49,42.18,26.21,32.48,569.32,1,1012.04
25326,10,54.38,41.59,26.32,34.34,597.04,1,1013.04
25351,10,55.12,41.11,26.9,36.09,614.21,1,1014.04
25376,10,55.75,40.79,27.32,37.71,621.09,1,1015.04
25401,10,56.31,40.5,27.44,39.05,639.16,1,1016.04
25426,10,56.81,40.21,27.92,40.11,678.54,1,1017.04
25451,10,57.2,40.0,28.88,41.8,721.39,1,1018.04
25476,10,57.45,39.71,29.92,43.25,763.59,1,1019.04
25501,10,57.62,38.78,30.19,44.19,781.82,1,1020.04
25526,10,57.59,37.02,28.97,44.61,774.52,1,1021.04
25551,10,57.43,34.71,26.7,44.81,782.43,1,1022.04
25576,10,57.47,32.04,24.04,46.0,759.52,1,1023.04
25601,10,57.79,29.24,21.93,46.97,731.8,1,1024.04
25626,10,58.95,26.57,21.61,47.25,739.4,1,1025.04
25651,10,61.87,24.68,23.34,46.84,785.74,1,1026.04
25676,10,66.34,23.94,27.16,44.79,846.29,1,1027.04
25701,10,71.74,23.89,32.87,42.39,942.62,1,1028.04
25726,10,77.24,23.71,38.89,40.91,1090.3,1,1029.04
25751,10,81.75,23.44,42.98,39.62,1193.58,1,1030.04
25776,10,84.88,23.71,43.46,37.78,1161.3,1,1031.04
25801,10,86.83,24.43,41.59,34.5,1016.14,1,1032.04
25826,10,88.09,25.2,39.5,30.95,841.58,1,1033.04
25851,10,88.95,25.65,36.8,27.9,655.65,1,1034.04
25876,10,89.74,26.19,34.03,25.09,515.76,1,1035.04
25901,10,90.51,26.86,31.25,22.89,422.0,1,1036.04
25926,10,91.11,27.61,28.37,21.32,350.12,1,1037.04
25951,10,91.55,28.33,25.71,19.67,287.24,1,1038.04
25976,10,91.87,28.94,23.72,18.31,249.51,1,1039.04
26001,10,91.98,29.55,21.97,17.31,229.41,1,1040.04
26026,10,92.0,30.29,20.65,17.76,213.63,1,1041.04
26051,10,91.95,31.1,20.37,17.5,211.01,1,1042.04
26076,10,91.88,31.65,20.41,17.11,221.21,1,1043.04
26101,10,91.93,31.94,20.91,16.75,230.84,1,1044.04
26126,10,92.09,32.15,21.58,16.65,246.3,1,1045.04
26151,10,92.37,32.41,21.79,17.17,260.99,1,1046.04
26176,10,92.7,32.78,21.5,18.02,276.5,1,1047.04
26201,10,92.96,33.04,22.62,18.85,293.98,1,1048.04
26226,10,93.07,33.18,23.69,19.39,308.74,1,1049.04
26251,10,92.99,33.18,24.57,19.38,313.52,1,1050.04
26276,10,92.9,33.19,24.85,18.64,300.34,1,1051.04
26301,10,92.93,33.16,24.94,17.74,289.71,1,1052.04
26326,10,92.94,32.9,24.61,17.24,281.14,1,1053.04
26351,10,92.94,32.64,24.37,16.82,273.8,1,1054.04
26376,10,92.92,32.57,23.73,16.48,265.22,1,1055.04
26401,10,92.85,32.65,23.15,15.72,252.57,1,1056.04
26426,10,92.82,32.77,22.44,15.2,243.67,1,1057.04
26451,10,92.89,32.87,21.4,16.02,245.64,1,1058.04
26476,10,93.04,32.89,20.52,16.29,246.57,1,1059.04
26501,10,93.32,32.97,21.3,16.2,235.19,1,1060.04
26526,10,93.72,33.27,22.42,16.39,201.67,1,1061.04
26551,10,94.17,33.48,22.81,16.14,160.86,1,1062.04
26576,10,94.45,32.45,22.28,15.67,168.55,1,1063.04
26601,10,95.05,31.23,22.31,13.97,164.03,1,1064.04
26626,10,95.41,30.61,24.04,14.25,177.89,1,1065.04
26651,10,95.18,30.7,24.9,14.96,187.61,1,1066.04
26676,10,94.53,30.89,24.52,15.14,175.64,1,1067.04
26701,10,93.52,30.85,24.2,13.9,149.86,1,1068.04
26726,10,92.24,30.77,24.06,13.75,164.66,1,1069.04
26751,10,90.79,30.85,24.01,16.19,200.07,1,1070.04
26776,10,89.12,30.72,23.4,18.39,230.89,1,1071.04
26801,10,87.32,30.63,22.76,20.86,272.25,1,1072.04
26826,10,85.47,30.73,23.1,23.5,333.84,1,1073.04
26851,10,83.59,30.84,23.64,26.29,413.8,1,1074.04
26876,10,81.64,31.0,24.53,29.1,506.34,1,1075.04
26901,10,79.62,31.16,25.53,32.52,614.56,1,1076.04
26926,10,77.66,31.36,26.4,35.85,736.81,1,1077.04
26951,10,75.81,31.5,28.43,38.82,876.97,1,1078.04
26976,10,74.13,31.56,31.74,41.57,1037.12,1,1079.04
27001,10,72.76,31.6,34.38,44.31,1192.84,1,1080.04
27026,10,71.75,31.63,36.46,46.83,1342.1,1,1081.04
27051,10,70.97,31.51,38.15,49.07,1488.66,1,1082.04
27076,10,70.33,31.27,40.21,50.94,1638.04,1,1083.04
27101,10,69.91,31.14,43.08,52.18,1833.72,1,1084.04
27126,10,69.85,31.08,46.12,54.42,2052.14,1,1085.04
27151,10,69.97,31.05,47.94,57.1,2240.56,1,1086.04
27176,10,70.09,31.21,48.61,58.65,2345.09,1,1087.04
27201,10,70.19,31.63,48.96,59.86,2405.04,1,1088.04
27226,10,70.08,32.2,49.62,59.8,2418.62,1,1089.04
27251,10,69.5,32.98,49.51,57.82,2320.04,1,1090.04
27276,10,67.86,34.38,47.77,55.22,2101.83,1,1091.04
27301,10,65.2,36.23,45.68,51.82,1825.97,1,1092.04
27326,10,62.21,38.21,44.1,47.98,1550.71,1,1093.04
27351,10,59.2,39.85,42.36,44.71,1293.09,1,1094.04
27376,10,55.94,40.26,39.81,41.88,1125.8,1,1095.04
27401,10,52.61,39.13,37.6,42.91,1077.73,1,1096.04
27426,10,49.38,37.06,35.8,43.62,1044.98,1,1097.04
27451,10,46.14,34.82,34.38,42.91,1026.87,1,1098.04
27476,10,42.95,32.84,33.49,41.79,1032.21,1,1099.04
27501,10,39.91,30.95,33.25,41.28,1059.32,1,1100.04
27526,10,37.5,29.26,34.73,40.76,1089.69,1,1101.04
27551,10,36.33,27.91,35.0,41.13,1095.65,1,1102.04
27576,10,36.03,26.71,34.23,43.13,1091.83,1,1103.04
27601,10,35.68,25.48,32.92,45.02,1073.44,1,1104.04
27626,10,35.0,24.58,31.76,45.7,1052.25,1,1105.04
27651,10,34.19,24.37,31.28,46.12,1037.72,1,1106.04
27676,10,33.29,24.7,30.92,46.49,1019.92,1,1107.04
27701,10,32.34,25.01,30.9,46.52,992.82,1,1108.04
27726,10,31.04,25.14,31.87,45.2,1009.08,1,1109.04
27751,10,29.51,25.0,35.81,42.06,1010.12,1,1110.04
27776,10,28.77,24.05,37.13,37.52,950.81,1,1111.04
27801,10,29.35,22.28,35.67,37.27,890.51,1,1112.04
27826,10,30.9,20.71,33.82,38.64,859.0,1,1113.04
27851,10,33.37,19.69,33.32,39.05,870.39,1,1114.04
27876,10,37.04,18.88,33.43,38.78,906.01,1,1115.04
27901,10,41.5,18.76,33.51,37.64,913.98,1,1116.04
27926,10,46.24,19.53,35.42,35.86,889.78,1,1117.04
27951,10,51.1,20.9,37.3,34.23,862.26,1,1118.04
27976,10,56.06,22.69,39.64,32.61,829.47,1,1119.04
28001,10,61.12,24.83,41.63,31.38,793.0,1,1120.04
28026,10,66.18,26.95,42.29,30.82,782.07,1,1121.04
28051,10,71.12,29.0,42.72,30.84,785.62,1,1122.04
28076,10,75.69,31.0,44.02,30.98,794.81,1,1123.04
28101,10,79.69,32.59,45.88,32.6,846.3,1,1124.04
28126,10,82.03,32.93,46.38,32.46,896.54,1,1125.04
28151,10,82.55,32.79,45.28,32.93,934.31,1,1126.04
28176,10,82.13,32.48,44.06,33.84,978.8,1,1127.04
28201,10,81.32,32.11,43.14,35.24,1024.58,1,1128.04
28226,10,80.2,31.82,42.45,36.64,1069.5,1,1129.04
28251,10,78.9,31.45,42.01,37.98,1115.53,1,1130.04
28276,10,77.51,30.99,41.46,39.62,1168.65,1,1131.04
28301,10,76.15,30.52,40.88,41.38,1223.16,1,1132.04
28326,10,74.92,30.06,40.23,43.33,1303.68,1,1133.04
28351,10,73.74,29.41,39.41,45.71,1402.24,1,1134.04
28376,10,72.36,28.52,38.67,48.41,1500.02,1,1135.04
28401,10,70.55,27.41,38.22,50.22,1561.01,1,1136.04
28426,10,68.23,26.3,38.33,50.55,1578.96,1,1137.04
28451,10,65.4,25.37,38.91,50.42,1550.61,1,1138.04
28476,10,62.24,24.68,39.35,50.95,1495.29,1,1139.04
28501,10,58.9,24.19,39.45,50.61,1435.41,1,1140.04
28526,10,55.28,23.95,40.11,49.32,1422.48,1,1141.04
28551,10,51.41,24.17,42.11,46.28,1446.15,1,1142.04
28576,10,47.48,24.71,45.31,43.93,1492.09,1,1143.04
28601,10,44.01,24.79,47.76,42.27,1522.85,1,1144.04
28626,10,41.43,24.32,47.75,41.41,1520.51,1,1145.04
28651,10,39.58,23.8,46.46,41.14,1506.07,1,1146.04
28676,10,38.05,23.33,44.87,42.42,1488.33,1,1147.04
28701,10,36.56,22.88,43.49,43.77,1476.03,1,1148.04
28726,10,35.26,22.36,42.03,44.68,1449.8,1,1149.04
28751,10,34.2,21.89,41.23,44.91,1400.3,1,1150.04
28776,10,33.3,21.52,40.55,44.94,1339.87,1,1151.04
28801,10,32.58,21.21,39.49,44.88,1271.67,1,1152.04
28826,10,32.15,21.0,38.24,44.52,1207.91,1,1153.04
28851,10,31.91,20.98,36.9,43.88,1141.48,1,1154.04
28876,10,31.78,21.04,35.41,43.32,1088.77,1,1155.04
28901,10,31.64,21.05,33.49,43.07,1046.79,1,1156.04
28926,10,31.34,21.11,32.24,43.8,1026.71,1,1157.04
28951,10,30.93,21.11,31.59,45.7,1028.48,1,1158.04
28976,10,30.39,20.97,31.13,47.43,1044.11,1,1159.04
29001,10,29.66,20.96,30.94,46.73,1056.36,1,1160.04
29026,10,28.88,21.16,31.63,45.53,1067.82,1,1161.04
29051,10,28.04,21.5,29.85,45.25,1021.66,1,1162.04
29076,10,27.56,22.5,28.79,44.16,948.97,1,1163.04
29101,10,27.73,23.89,26.83,42.58,878.46,1,1164.04
29126,10,28.89,24.92,26.44,39.82,781.09,1,1165.04
29151,10,30.9,25.7,27.25,35.16,682.37,1,1166.04
29176,10,32.74,26.5,28.34,31.83,650.01,1,1167.04
29201,10,33.96,27.7,28.36,31.37,667.61,1,1168.04
29226,10,34.75,29.74,29.94,32.63,735.03,1,1169.04
29251,10,35.58,32.49,30.83,35.13,813.62,1,1170.04
29276,10,36.86,35.45,29.13,38.63,863.86,1,1171.04
29301,10,38.32,38.34,27.96,43.22,915.65,1,1172.04
29326,10,38.57,40.49,28.73,45.57,991.74,1,1173.04
29351,10,37.03,41.48,30.09,44.64,1047.68,1,1174.04
29376,10,34.95,41.66,32.48,43.13,1089.22,1,1175.04
29401,10,33.24,41.53,36.07,44.35,1127.47,1,1176.04
29426,10,31.86,40.88,35.99,46.34,1129.48,1,1177.04
29451,10,30.46,40.14,34.33,47.27,1135.68,1,1178.04
29476,10,29.26,39.88,32.72,47.85,1155.87,1,1179.04
29501,10,27.86,39.68,32.95,46.94,1191.57,1,1180.04
29526,10,26.08,39.35,34.16,43.33,1185.99,1,1181.04
29551,10,24.88,39.12,34.96,43.01,1132.0,1,1182.04
29576,10,24.62,38.99,35.79,43.07,1101.91,1,1183.04
29601,10,25.0,38.94,36.6,43.28,1092.31,1,1184.04
29626,10,25.75,38.83,36.73,43.53,1093.03,1,1185.04
29651,10,26.71,38.54,36.62,43.27,1093.68,1,1186.04
29676,10,27.79,38.16,36.45,42.42,1091.2,1,1187.04
29701,10,28.89,37.79,36.17,41.77,1087.76,1,1188.04
29726,10,29.86,37.48,35.8,41.04,1078.05,1,1189.04
29751,10,30.78,37.25,35.37,40.3,1059.32,1,1190.04
29776,10,31.81,37.15,34.83,40.2,1037.38,1,1191.04
29801,10,32.83,37.26,34.38,40.41,1011.17,1,1192.04
29826,10,33.82,37.53,33.74,40.78,981.73,1,1193.04
29851,10,34.85,37.88,32.53,41.05,956.06,1,1194.04
29876,10,35.9,38.19,31.13,40.76,919.14,1,1195.04
29901,10,36.98,38.39,29.8,40.58,893.77,1,1196.04
29926,10,37.99,38.57,28.76,40.56,878.76,1,1197.04
29951,10,38.91,38.8,27.88,40.43,857.6,1,1198.04
29976,10,39.88,38.88,27.72,39.82,832.21,1,1199.04
30001,10,40.82,38.93,27.75,39.29,809.66,1,1200.04
30026,10,41.65,39.08,27.82,39.06,789.56,1,1201.04
30051,10,42.52,39.32,27.74,38.73,773.17,1,1202.04
30076,10,43.47,39.53,27.41,38.18,761.91,1,1203.04
30101,10,44.43,39.64,26.96,37.75,756.47,1,1204.04
30126,10,45.31,39.62,26.84,37.79,758.37,1,1205.04
30151,10,45.88,39.56,26.7,38.24,767.56,1,1206.04
30176,10,46.14,39.43,26.36,38.76,779.29,1,1207.04
30201,10,46.42,39.3,26.03,39.37,784.43,1,1208.04
30226,10,46.92,39.2,25.71,39.72,778.9,1,1209.04
30251,10,47.51,39.0,25.04,39.88,764.7,1,1210.04
30276,10,48.14,38.83,24.15,39.79,737.61,1,1211.04
30301,10,48.89,38.78,23.38,39.56,703.99,1,1212.04
30326,10,49.72,38.96,22.52,39.78,678.5,1,1213.04
30351,10,50.63,39.35,21.86,39.73,658.02,1,1214.04
30376,10,51.84,39.87,21.91,38.77,647.88,1,1215.04
30401,10,53.77,40.61,23.58,38.18,678.38,1,1216.04
30426,10,56.54,41.27,27.1,36.66,741.19,1,1217.04
30451,10,59.61,41.31,31.1,36.08,798.17,1,1218.04
30476,10,61.95,40.66,32.87,35.91,840.67,1,1219.04
30501,10,63.08,39.78,32.15,36.43,872.7,1,1220.04
30526,10,63.42,39.23,30.54,37.07,858.46,1,1221.04
30551,10,63.98,38.24,29.15,37.02,805.03,1,1222.04
30576,10,65.23,36.34,28.63,37.32,774.7,1,1223.04
30601,10,66.7,34.14,28.6,38.15,761.45,1,1224.04
30626,10,68.5,31.89,28.33,38.07,739.85,1,1225.04
30651,10,70.78,29.83,28.18,37.83,718.98,1,1226.04
30676,10,72.93,27.97,28.47,39.28,726.48,1,1227.04
30701,10,74.49,26.53,28.62,40.07,732.98,1,1228.04
30726,10,74.96,25.68,28.07,38.33,692.75,1,1229.04
30751,10,74.83,25.18,26.61,35.62,633.9,1,1230.04
30776,10,75.4,25.21,25.03,33.22,596.95,1,1231.04
30801,10,77.12,25.54,25.34,32.07,588.06,1,1232.04
30826,10,78.9,25.79,25.83,31.48,581.59,1,1233.04
30851,10,78.92,26.16,25.19,31.26,576.44,1,1234.04
30876,10,77.5,26.44,27.41,31.93,590.98,1,1235.04
30901,10,75.81,26.5,27.15,31.81,601.28,1,1236.04
30926,10,74.44,26.67,24.07,30.48,567.09,1,1237.04
30951,10,73.44,27.28,23.42,30.03,513.5,1,1238.04
30976,10,72.49,27.87,22.04,30.66,456.87,1,1239.04
31001,10,71.96,28.55,20.26,30.89,402.1,1,1240.04
31026,10,72.5,30.05,19.63,30.33,375.88,1,1241.04
31051,10,74.17,32.22,21.61,30.59,392.63,1,1242.04
31076,10,76.37,34.26,24.89,32.36,458.36,1,1243.04
31101,10,78.58,35.66,28.11,33.56,521.85,1,1244.04
31126,10,80.64,36.61,30.21,32.15,542.92,1,1245.04
31151,10,82.65,37.41,31.62,28.85,525.15,1,1246.04
31176,10,84.11,38.12,32.59,26.53,502.43,1,1247.04
31201,10,84.13,38.49,32.96,25.49,482.49,1,1248.04
31226,10,83.5,38.36,33.1,25.04,470.94,1,1249.04
31251,10,82.64,38.13,33.1,25.22,475.08,1,1250.04
31276,10,81.64,37.96,32.77,26.05,501.65,1,1251.04
31301,10,80.56,37.73,32.75,27.28,544.01,1,1252.04
31326,10,79.52,37.62,33.42,29.01,604.04,1,1253.04
31351,10,78.5,37.5,34.4,30.98,688.51,1,1254.04
31376,10,77.42,37.14,35.68,35.36,797.48,1,1255.04
31401,10,76.42,36.57,37.31,41.13,953.02,1,1256.04
31426,10,75.6,35.94,39.47,46.79,1163.42,1,1257.04
31451,10,74.92,35.42,42.4,51.43,1420.04,1,1258.04
31476,10,74.2,35.04,45.01,53.11,1674.27,1,1259.04
31501,10,73.49,34.89,46.39,52.93,1884.4,1,1260.04
31526,10,72.91,34.75,46.91,54.97,2043.12,1,1261.04
31551,10,72.36,34.52,46.15,57.66,2141.33,1,1262.04
31576,10,71.72,34.07,44.57,59.44,2171.95,1,1263.04
31601,10,70.88,33.1,43.39,59.86,2118.42,1,1264.04
31626,10,69.76,31.88,42.8,59.72,2001.03,1,1265.04
31651,10,68.33,30.67,42.08,59.77,1868.99,1,1266.04
31676,10,66.65,29.4,41.09,59.7,1800.52,1,1267.04
31701,10,64.73,28.22,39.77,59.42,1712.83,1,1268.04
31726,10,62.76,27.28,38.04,58.88,1606.07,1,1269.04
31751,10,61.38,26.65,35.77,58.13,1543.52,1,1270.04
31776,10,61.21,26.33,36.24,57.85,1558.79,1,1271.04
31801,10,62.24,26.39,37.37,58.33,1616.71,1,1272.04
31826,10,63.41,26.58,38.13,58.88,1635.6,1,1273.04
31851,10,63.93,25.99,37.37,59.19,1580.37,1,1274.04
31876,10,63.97,24.45,36.64,59.05,1517.86,1,1275.04
31901,10,63.51,22.27,36.17,58.53,1488.96,1,1276.04
31926,10,62.87,20.2,35.05,58.59,1429.51,1,1277.04
31951,10,62.81,19.09,33.34,57.46,1343.72,1,1278.04
31976,10,63.21,18.72,31.7,56.1,1253.55,1,1279.04
32001,10,63.49,18.63,31.16,55.06,1196.59,1,1280.04
32026,10,63.41,18.67,31.47,53.49,1177.5,1,1281.04
32051,10,63.04,18.84,32.2,51.51,1169.41,1,1282.04
32076,10,62.47,19.21,32.86,50.06,1180.33,1,1283.04
32101,10,61.77,19.71,32.97,50.54,1183.78,1,1284.04
32126,10,61.02,20.2,32.73,50.69,1186.54,1,1285.04
32151,10,60.28,20.56,32.54,50.86,1194.57,1,1286.04
32176,10,59.7,20.99,32.51,52.56,1235.94,1,1287.04
32201,10,59.36,21.55,33.14,54.77,1303.51,1,1288.04
32226,10,59.1,21.94,34.19,56.62,1367.34,1,1289.04
32251,10,58.92,22.22,35.28,57.57,1414.1,1,1290.04
32276,10,58.77,22.54,36.41,57.79,1454.49,1,1291.04
32301,10,58.61,23.02,37.52,58.03,1500.36,1,1292.04
32326,10,58.42,23.74,38.67,58.46,1550.43,1,1293.04
32351,10,58.19,24.48,39.44,59.31,1591.79,1,1294.04
32376,10,57.93,25.28,39.87,60.06,1615.21,1,1295.04
32401,10,57.61,26.42,39.93,60.68,1620.88,1,1296.04
32426,10,57.05,27.82,38.77,61.34,1596.08,1,1297.04
32451,10,56.2,29.21,36.83,62.15,1535.08,1,1298.04
32476,10,54.93,30.61,35.25,63.47,1480.7,1,1299.04
32501,10,53.12,32.09,34.28,64.74,1435.11,1,1300.04
32526,10,51.02,33.54,34.55,65.07,1456.93,1,1301.04
32551,10,48.88,34.94,34.65,64.68,1464.59,1,1302.04
32576,10,46.88,36.26,34.85,63.86,1456.19,1,1303.04
32601,10,45.48,37.43,34.18,63.28,1431.54,1,1304.04
32626,10,45.05,38.06,34.33,63.34,1393.07,1,1305.04
32651,10,45.26,37.76,32.62,63.69,1391.68,1,1306.04
32676,10,45.56,36.93,30.88,63.74,1387.52,1,1307.04
32701,10,45.6,36.29,29.14,63.68,1358.27,1,1308.04
32726,10,45.58,36.12,27.11,63.95,1326.08,1,1309.04
32751,10,45.52,35.89,26.65,64.2,1331.9,1,1310.04
32776,10,44.99,34.77,27.08,63.96,1329.58,1,1311.04
32801,10,43.74,32.9,27.56,63.01,1299.76,1,1312.04
32826,10,42.48,30.91,28.23,61.6,1248.16,1,1313.04
32851,10,41.77,29.19,30.62,60.12,1246.73,1,1314.04
32876,10,40.97,27.73,37.46,58.54,1362.0,1,1315.04
32901,10,39.62,26.38,44.45,56.49,1512.08,1,1316.04
32926,10,38.31,25.32,50.4,53.93,1606.48,1,1317.04
32951,10,37.51,24.79,54.79,51.32,1633.21,1,1318.04
32976,10,37.37,24.9,56.84,49.29,1596.29,1,1319.04
33001,10,37.79,25.36,56.44,47.75,1512.32,1,1320.04
33026,10,38.48,25.94,53.98,46.33,1398.51,1,1321.04
33051,10,39.31,26.56,50.43,44.9,1280.62,1,1322.04
33076,10,40.19,27.16,47.34,43.59,1205.63,1,1323.04
33101,10,41.18,27.75,44.74,42.48,1192.12,1,1324.04
33126,10,42.19,28.38,42.91,41.46,1174.27,1,1325.04
33151,10,43.09,29.07,41.58,40.91,1158.32,1,1326.04
33176,10,43.86,29.68,40.64,40.75,1147.56,1,1327.04
33201,10,44.48,30.15,39.72,40.71,1160.54,1,1328.04
33226,10,44.84,30.67,38.52,41.24,1193.37,1,1329.04
33251,10,44.9,31.24,37.35,41.89,1238.29,1,1330.04
33276,10,44.76,31.74,36.96,42.53,1297.21,1,1331.04
33301,10,44.45,32.22,39.12,43.29,1354.28,1,1332.04
33326,10,44.0,32.56,41.0,43.97,1407.57,1,1333.04
33351,10,43.54,32.56,42.12,44.28,1436.13,1,1334.04
33376,10,43.29,32.4,42.0,44.02,1430.61,1,1335.04
33401,10,43.32,32.37,41.86,43.79,1429.1,1,1336.04
33426,10,43.81,32.37,41.17,43.4,1403.75,1,1337.04
33451,10,44.6,32.26,39.84,42.69,1346.19,1,1338.04
33476,10,45.5,31.91,37.66,42.2,1269.01,1,1339.04
33501,10,46.56,31.36,34.88,42.11,1195.6,1,1340.04
33526,10,47.78,30.68,32.55,41.92,1120.65,1,1341.04
33551,10,49.07,29.96,30.99,41.41,1029.34,1,1342.04
33576,10,50.39,29.28,28.99,40.39,919.87,1,1343.04
33601,10,51.66,28.63,27.06,39.06,821.9,1,1344.04
33626,10,52.84,28.12,25.57,37.59,748.26,1,1345.04
33651,10,54.01,27.64,24.63,36.44,719.27,1,1346.04
33676,10,55.18,26.58,25.14,35.77,723.54,1,1347.04
33701,10,56.27,25.13,25.28,35.2,730.68,1,1348.04
33726,10,57.4,23.73,26.29,35.52,761.2,1,1349.04
33751,10,58.05,22.11,26.66,37.02,791.04,1,1350.04
33776,10,58.23,20.38,27.1,38.67,812.48,1,1351.04
33801,10,58.81,18.9,27.34,39.4,825.0,1,1352.04
33826,10,59.99,17.57,27.8,40.36,846.48,1,1353.04
33851,10,61.18,16.65,28.61,40.76,868.47,1,1354.04
33876,10,61.42,16.78,29.83,40.43,905.37,1,1355.04
33901,10,60.28,17.39,31.47,41.1,963.76,1,1356.04
33926,10,58.57,17.72,32.35,41.86,1009.44,1,1357.04
33951,10,56.96,17.82,32.44,42.99,1042.11,1,1358.04
33976,10,55.46,17.86,32.35,44.04,1074.58,1,1359.04
34001,10,54.04,17.84,32.05,45.4,1100.23,1,1360.04
34026,10,52.84,17.75,31.53,46.63,1132.93,1,1361.04
34051,10,51.96,17.66,33.38,47.77,1188.74,1,1362.04
34076,10,51.31,17.74,35.69,48.63,1252.91,1,1363.04
34101,10,50.81,17.93,37.78,49.23,1323.2,1,1364.04
34126,10,50.42,18.17,40.3,49.93,1400.99,1,1365.04
34151,10,50.14,18.36,41.85,50.8,1477.36,1,1366.04
34176,10,50.03,18.6,42.43,51.76,1541.54,1,1367.04
34201,10,50.31,19.3,43.23,53.23,1583.58,1,1368.04
34226,10,51.0,20.64,42.65,54.99,1605.56,1,1369.04
34251,10,51.52,22.69,40.58,56.62,1597.76,1,1370.04
34276,10,51.51,25.25,37.34,58.56,1568.73,1,1371.04
34301,10,51.27,28.03,34.44,60.91,1547.26,1,1372.04
34326,10,51.11,30.67,32.56,63.23,1534.53,1,1373.04
34351,10,51.09,32.94,32.29,64.46,1513.31,1,1374.04
34376,10,51.31,34.44,33.33,64.55,1483.62,1,1375.04
34401,10,51.42,34.96,34.16,64.5,1448.92,1,1376.04
34426,10,50.58,34.72,34.34,63.53,1428.04,1,1377.04
34451,10,48.47,33.86,33.76,61.36,1385.83,1,1378.04
34476,10,45.44,32.52,34.75,59.44,1311.62,1,1379.04
34501,10,41.91,30.99,35.73,56.89,1261.56,1,1380.04
34526,10,38.2,29.43,36.54,53.48,1297.74,1,1381.04
34551,10,34.69,28.14,37.74,49.69,1338.02,1,1382.04
34576,10,31.65,27.39,41.13,46.24,1337.39,1,1383.04
34601,10,29.48,26.85,42.55,43.61,1283.94,1,1384.04
34626,10,28.09,26.18,42.22,41.53,1199.87,1,1385.04
34651,10,26.91,25.8,42.87,38.93,1130.89,1,1386.04
34676,10,26.16,26.26,43.32,35.21,1054.39,1,1387.04
34701,10,26.16,27.41,41.87,32.23,979.93,1,1388.04
34726,10,27.12,28.79,40.45,30.99,962.76,1,1389.04
34751,10,28.87,29.91,39.45,31.15,987.86,1,1390.04
34776,10,30.89,30.5,39.11,32.73,1012.75,1,1391.04
34801,10,32.73,30.7,38.76,34.59,1029.52,1,1392.04
34826,10,34.12,31.01,37.52,36.42,1041.15,1,1393.04
34851,10,35.07,31.91,35.62,38.32,1058.53,1,1394.04
34876,10,35.61,33.53,33.9,39.82,1078.74,1,1395.04
34901,10,35.75,35.42,32.95,39.64,1074.8,1,1396.04
34926,10,35.77,37.61,32.39,41.51,1079.19,1,1397.04
34951,10,36.49,40.18,32.68,44.3,1098.54,1,1398.04
34976,9,40.05,42.64,28.04,47.68,987.26,1,1399.04
35001,10,40.07,44.77,36.48,49.79,1163.68,1,1400.04
35026,10,42.33,45.37,33.39,49.97,1047.22,1,1401.04
35051,10,44.02,44.59,30.01,49.92,917.2,1,1402.04
35076,10,44.9,43.42,27.35,50.74,825.09,1,1403.04
35101,10,45.11,42.18,25.7,50.85,755.81,1,1404.04
35126,10,44.3,41.18,26.57,51.46,792.71,1,1405.04
35151,10,42.4,40.47,28.0,51.96,834.51,1,1406.04
35176,10,40.02,40.12,29.28,52.17,901.45,1,1407.04
35201,10,37.9,40.25,30.79,52.63,928.44,1,1408.04
35226,10,36.12,40.53,31.96,52.83,973.37,1,1409.04
35251,10,34.43,41.01,32.5,52.67,993.22,1,1410.04
35276,10,33.07,41.7,32.52,51.59,973.66,1,1411.04
35301,10,32.7,42.4,32.13,50.93,969.58,1,1412.04
35326,10,33.48,42.79,31.64,51.83,1012.14,1,1413.04
35351,10,34.86,42.48,31.33,53.44,1061.99,1,1414.04
35376,10,36.31,41.42,30.94,54.92,1105.5,1,1415.04
35401,10,37.39,40.04,30.38,56.12,1131.53,1,1416.04
35426,10,38.01,38.65,29.26,57.12,1117.34,1,1417.04
35451,10,38.27,37.03,28.12,57.83,1130.49,1,1418.04
35476,10,37.98,35.12,27.45,58.15,1116.11,1,1419.04
35501,10,37.2,33.07,27.43,58.07,1079.24,1,1420.04
35526,10,36.34,30.9,27.76,57.22,1083.16,1,1421.04
35551,10,35.35,28.79,28.49,55.15,1107.7,1,1422.04
35576,10,34.49,27.1,29.4,51.95,1087.29,1,1423.04
35601,10,33.79,26.18,30.11,48.46,1079.48,1,1424.04
35626,10,32.41,25.93,34.26,46.45,1096.3,1,1425.04
35651,10,30.42,25.82,39.73,46.24,1189.37,1,1426.04
35676,10,28.75,25.59,43.43,46.02,1242.82,1,1427.04
35701,10,28.26,25.44,42.95,45.38,1199.85,1,1428.04
35726,10,28.61,25.61,40.8,44.85,1131.8,1,1429.04
35751,10,29.35,25.98,39.44,44.55,1099.19,1,1430.04
35776,10,30.33,26.39,38.41,44.21,1082.6,1,1431.04
35801,10,31.49,26.78,37.7,43.62,1072.64,1,1432.04
35826,10,32.7,27.16,37.16,42.82,1064.95,1,1433.04
35851,10,33.95,27.5,36.28,41.95,1045.73,1,1434.04
35876,10,35.15,27.82,35.0,41.02,1014.85,1,1435.04
35901,10,36.25,28.11,33.69,40.18,982.79,1,1436.04
35926,10,37.28,28.34,32.61,39.64,954.74,1,1437.04
35951,10,38.27,28.53,31.73,39.35,934.8,1,1438.04
35976,10,39.21,28.76,30.95,39.36,926.58,1,1439.04
36001,10,40.11,29.05,30.84,39.57,921.38,1,1440.04
36026,10,40.93,29.36,30.72,39.83,905.96,1,1441.04
36051,10,41.66,29.66,30.55,39.89,884.4,1,1442.04
36076,10,42.35,30.04,30.22,39.84,865.66,1,1443.04
36101,10,43.03,30.52,30.03,39.7,861.76,1,1444.04
36126,10,43.72,30.97,30.06,39.59,867.43,1,1445.04
36151,10,44.48,31.44,30.34,39.77,873.45,1,1446.04
36176,10,45.38,31.85,30.29,40.17,871.22,1,1447.04
36201,10,46.33,32.11,29.95,40.7,862.52,1,1448.04
36226,10,47.36,32.28,29.51,41.09,851.2,1,1449.04
36251,10,48.7,32.45,28.93,40.95,841.71,1,1450.04
36276,10,50.51,33.27,28.29,40.27,831.26,1,1451.04
36301,10,52.47,34.78,28.73,39.45,811.13,1,1452.04
36326,10,54.35,36.47,29.56,38.95,789.11,1,1453.04
36351,10,56.05,38.12,29.62,38.29,780.15,1,1454.04
36376,10,57.31,39.62,28.83,36.74,765.23,1,1455.04
36401,10,58.5,41.56,28.13,38.74,784.02,1,1456.04
36426,10,60.05,43.69,28.21,42.76,868.26,1,1457.04
36451,10,61.32,44.99,28.89,43.41,910.69,1,1458.04
36476,10,61.97,45.58,29.05,41.58,896.93,1,1459.04
36501,10,62.23,46.17,28.94,41.85,860.48,1,1460.04
36526,10,62.05,47.05,28.61,41.77,799.85,1,1461.04
36551,10,61.1,47.9,28.44,41.42,784.73,1,1462.04
36576,10,58.71,48.02,29.56,41.6,824.15,1,1463.04
36601,10,55.17,47.01,32.27,41.87,837.5,1,1464.04
36626,10,51.71,44.74,33.33,41.85,850.14,1,1465.04
36651,10,49.22,41.42,33.53,42.18,876.9,1,1466.04
36676,10,47.65,37.68,32.42,41.63,873.81,1,1467.04
36701,10,46.77,34.27,30.58,37.79,808.27,1,1468.04
36726,10,47.23,31.26,29.53,37.52,739.73,1,1469.04
36751,10,49.07,28.36,30.2,38.26,754.95,1,1470.04
36776,10,50.85,25.58,31.26,38.52,808.85,1,1471.04
36801,10,51.68,23.26,31.59,39.0,879.65,1,1472.04
36826,10,51.81,21.59,31.86,42.78,943.02,1,1473.04
36851,10,51.7,20.38,32.11,46.51,1012.94,1,1474.04
36876,10,51.51,19.57,32.34,48.8,1069.83,1,1475.04
36901,10,51.38,19.34,32.68,49.67,1098.6,1,1476.04
36926,10,51.36,19.76,33.24,50.01,1101.79,1,1477.04
36951,10,51.36,20.73,34.23,50.04,1092.41,1,1478.04
36976,10,51.16,21.94,34.44,51.08,1122.28,1,1479.04
37001,10,50.7,23.49,33.65,53.67,1196.78,1,1480.04
37026,10,50.18,25.48,32.69,56.51,1259.47,1,1481.04
37051,10,49.41,27.63,31.58,59.39,1294.08,1,1482.04
37076,10,48.38,29.8,31.19,62.24,1321.24,1,1483.04
37101,10,47.43,32.07,31.78,64.57,1359.03,1,1484.04
37126,10,46.64,34.12,32.39,65.79,1376.95,1,1485.04
37151,10,45.84,35.83,32.71,65.49,1402.65,1,1486.04
37176,10,44.67,37.55,33.22,65.27,1479.22,1,1487.04
37201,10,43.37,39.23,33.29,65.14,1532.45,1,1488.04
37226,10,42.11,40.55,32.5,64.58,1528.56,1,1489.04
37251,10,40.48,41.11,32.42,63.38,1486.0,1,1490.04
37276,10,38.31,40.98,32.65,61.1,1464.66,1,1491.04
37301,10,35.51,40.78,35.26,58.42,1450.06,1,1492.04
37326,10,32.48,40.96,37.07,56.53,1440.16,1,1493.04
37351,10,30.07,41.38,36.47,55.18,1384.22,1,1494.04
37376,10,28.45,41.92,35.14,53.51,1285.91,1,1495.04
37401,10,27.4,42.63,34.61,51.59,1190.51,1,1496.04
37426,10,26.56,43.19,35.19,50.5,1126.31,1,1497.04
37451,10,26.3,43.54,36.87,50.16,1124.04,1,1498.04
37476,10,26.66,43.76,37.24,50.1,1129.85,1,1499.04
37501,10,27.47,43.96,37.5,50.05,1143.81,1,1500.04
37526,10,28.53,43.99,37.32,49.76,1151.06,1,1501.04
37551,10,29.67,43.95,36.69,49.1,1143.92,1,1502.04
37576,10,30.88,43.86,35.72,48.1,1121.2,1,1503.04
37601,10,32.1,43.72,35.81,47.14,1087.39,1,1504.04
37626,10,33.33,43.52,35.59,46.19,1045.25,1,1505.04
37651,10,34.51,43.2,34.47,45.17,989.87,1,1506.04
37676,10,35.62,42.91,33.39,44.34,933.46,1,1507.04
37701,10,36.64,42.64,32.38,43.86,888.55,1,1508.04
37726,10,37.66,42.37,31.61,43.38,848.49,1,1509.04
37751,10,38.7,42.14,31.29,42.79,816.36,1,1510.04
37776,10,39.75,41.87,30.83,42.12,795.88,1,1511.04
37801,10,40.78,41.47,30.17,41.37,779.69,1,1512.04
37826,10,41.74,40.97,29.53,40.41,762.69,1,1513.04
37851,10,42.63,40.37,28.84,39.67,748.44,1,1514.04
37876,10,43.47,39.68,28.48,39.57,742.58,1,1515.04
37901,10,44.36,39.09,28.22,39.64,743.96,1,1516.04
37926,10,45.28,38.76,27.81,39.68,742.95,1,1517.04
37951,10,46.14,38.59,27.35,39.81,741.92,1,1518.04
37976,10,47.05,38.62,27.0,39.58,734.14,1,1519.04
38001,10,47.82,38.64,26.63,38.66,712.75,1,1520.04
38026,10,48.52,38.78,26.16,37.33,679.39,1,1521.04
38051,10,49.15,39.05,25.56,36.04,635.79,1,1522.04
38076,10,49.86,39.35,24.78,35.53,599.21,1,1523.04
38101,10,50.7,39.6,24.43,35.51,572.0,1,1524.04
38126,10,51.64,39.85,24.37,35.62,560.53,1,1525.04
38151,10,52.9,40.02,25.21,35.76,584.87,1,1526.04
38176,10,54.92,39.94,27.07,35.29,630.34,1,1527.04
38201,10,57.82,39.7,28.82,33.98,652.48,1,1528.04
38226,10,60.98,39.72,30.6,31.98,663.69,1,1529.04
38251,10,63.56,39.91,32.66,30.11,673.69,1,1530.04
38276,10,64.79,39.89,32.4,29.66,662.51,1,1531.04
38301,10,64.83,39.91,30.85,30.64,662.41,1,1532.04
38326,10,64.59,39.9,30.67,31.76,676.9,1,1533.04
38351,10,64.93,40.08,30.54,32.34,693.43,1,1534.04
38376,10,65.69,40.57,30.02,32.53,692.47,1,1535.04
38401,10,66.13,40.41,28.53,33.19,646.9,1,1536.04
38426,10,66.09,38.77,25.83,33.36,583.42,1,1537.04
38451,10,66.03,35.91,23.71,33.74,557.05,1,1538.04
38476,10,65.95,32.59,23.99,34.32,591.74,1,1539.04
38501,10,64.74,29.29,25.44,37.07,685.07,1,1540.04
38526,10,62.61,26.74,26.07,40.77,774.13,1,1541.04
38551,10,61.44,25.41,25.11,41.57,757.9,1,1542.04
38576,10,61.34,24.85,23.82,40.74,696.66,1,1543.04
38601,10,61.68,24.42,23.68,40.65,651.07,1,1544.04
38626,10,62.2,24.11,23.03,40.73,612.86,1,1545.04
38651,10,62.78,24.07,21.99,39.81,576.39,1,1546.04
38676,10,63.39,24.19,20.75,38.52,536.42,1,1547.04
38701,10,63.96,24.43,19.65,37.31,500.82,1,1548.04
38726,10,64.47,24.71,19.11,35.94,472.5,1,1549.04
38751,10,64.96,24.96,19.52,34.29,450.58,1,1550.04
38776,10,65.43,25.11,19.8,32.55,426.96,1,1551.04
38801,10,65.87,25.23,19.71,30.92,399.55,1,1552.04
38826,10,66.2,25.33,19.59,29.44,371.46,1,1553.04
38851,10,66.4,25.3,19.84,28.72,355.99,1,1554.04
38876,10,66.55,25.13,19.89,28.59,345.9,1,1555.04
38901,10,66.73,25.03,19.43,28.65,329.72,1,1556.04
38926,10,66.96,24.96,19.1,29.07,322.18,1,1557.04
38951,10,67.23,24.9,18.91,29.73,329.9,1,1558.04
38976,10,67.5,24.74,18.8,29.99,338.59,1,1559.04
39001,10,67.71,24.59,19.12,29.99,346.65,1,1560.04
39026,10,67.92,24.54,20.17,30.1,358.22,1,1561.04
39051,10,68.07,24.39,21.05,30.54,364.18,1,1562.04
39076,10,68.22,24.21,21.62,31.41,370.12,1,1563.04
39101,10,68.45,24.19,21.91,32.22,378.53,1,1564.04
39126,10,68.69,24.14,21.8,32.74,379.99,1,1565.04
39151,10,68.86,24.09,21.45,32.84,375.96,1,1566.04
39176,10,68.87,24.17,20.92,32.56,366.36,1,1567.04
39201,10,68.72,24.25,20.38,32.29,348.51,1,1568.04
39226,10,68.44,24.13,19.69,32.16,327.19,1,1569.04
39251,10,68.05,23.99,19.27,31.41,304.76,1,1570.04
39276,10,67.59,23.84,18.61,30.01,287.05,1,1571.04
39301,10,67.11,23.66,18.42,28.99,268.77,1,1572.04
39326,10,66.63,23.48,18.23,28.57,259.52,1,1573.04
39351,10,66.17,23.26,17.97,28.49,251.53,1,1574.04
39376,10,65.7,23.03,17.62,28.43,241.54,1,1575.04
39401,10,65.24,22.86,17.16,28.18,229.16,1,1576.04
39426,10,64.85,22.58,16.52,27.88,217.97,1,1577.04
39451,10,64.56,22.2,15.82,27.74,214.57,1,1578.04
39476,10,64.33,21.79,15.0,28.95,213.14,1,1579.04
39501,10,64.12,21.33,13.85,30.06,203.48,1,1580.04
39526,10,63.93,20.82,12.65,30.79,189.06,1,1581.04
39551,10,63.82,20.23,11.74,31.11,179.76,1,1582.04
39576,10,63.72,19.55,11.18,30.73,174.4,1,1583.04
39601,10,63.53,18.84,10.87,29.65,164.83,1,1584.04
39626,10,63.28,18.14,10.67,28.14,151.92,1,1585.04
39651,10,63.06,17.41,10.43,26.32,139.17,1,1586.04
39676,10,62.85,16.63,10.12,26.4,127.94,1,1587.04
39701,10,62.62,15.88,9.75,27.03,122.51,1,1588.04
39726,10,62.46,15.26,9.29,27.36,117.53,1,1589.04
39751,10,62.37,14.7,8.75,27.5,107.56,1,1590.04
39776,10,62.32,14.21,8.15,27.63,110.17,1,1591.04
39801,10,62.26,13.73,7.6,27.56,114.33,1,1592.04
39826,10,62.15,13.23,7.38,27.49,114.8,1,1593.04
39851,10,62.08,12.84,7.48,27.53,114.58,1,1594.04
39876,10,62.02,12.55,7.46,27.59,116.34,1,1595.04
39901,10,61.99,12.42,7.25,27.93,116.07,1,1596.04
39926,10,62.08,12.26,7.17,28.52,114.79,1,1597.04
39951,10,62.22,12.07,7.27,28.68,114.73,1,1598.04
39976,10,62.33,11.94,7.23,28.8,113.82,1,1599.04
40001,10,62.41,11.83,7.26,28.85,114.52,1,1600.04
40026,10,62.53,11.82,7.26,28.92,116.35,1,1601.04
40051,10,62.53,12.04,7.18,28.77,115.94,1,1602.04
40076,10,62.56,12.31,7.1,28.85,122.41,1,1603.04
40101,10,62.73,12.39,7.22,28.82,132.38,1,1604.04
40126,10,62.8,12.54,7.44,28.83,142.29,1,1605.04
40151,10,62.83,12.66,7.71,28.74,151.72,1,1606.04
40176,10,62.79,12.82,7.96,28.56,158.46,1,1607.04
40201,10,62.74,13.05,8.16,28.53,164.77,1,1608.04
40226,10,62.68,13.3,7.87,29.97,165.72,1,1609.04
40251,10,62.59,13.52,6.89,31.37,161.08,1,1610.04
40276,10,62.48,13.75,6.96,32.74,168.73,1,1611.04
40301,10,62.41,14.02,7.31,33.99,175.3,1,1612.04
40326,10,62.35,14.3,7.75,35.16,178.56,1,1613.04
40351,10,62.23,14.53,8.11,36.01,179.6,1,1614.04
40376,10,62.08,14.68,8.36,36.34,175.29,1,1615.04
40401,10,61.97,14.76,8.43,36.08,172.42,1,1616.04
40426,10,61.92,14.83,8.76,35.17,176.83,1,1617.04
40451,10,61.89,14.99,9.03,34.31,178.31,1,1618.04
40476,10,61.85,15.37,8.76,32.97,167.9,1,1619.04
40501,10,61.69,15.76,8.46,31.46,158.28,1,1620.04
40526,10,61.6,16.08,8.09,30.41,150.79,1,1621.04
40551,10,61.54,16.23,7.61,28.79,142.32,1,1622.04
40576,10,61.45,16.37,7.16,27.1,136.16,1,1623.04
40601,10,61.38,16.66,6.59,25.57,127.39,1,1624.04
40626,10,61.28,16.99,6.38,23.88,120.17,1,1625.04
40651,10,61.17,17.32,6.5,23.07,112.45,1,1626.04
40676,10,61.12,17.54,6.39,22.6,103.48,1,1627.04
40701,10,61.09,17.67,6.69,22.38,103.94,1,1628.04
40726,10,61.08,17.78,7.19,23.09,109.84,1,1629.04
40751,10,61.11,17.85,7.58,24.04,116.65,1,1630.04
40776,10,61.12,17.89,7.93,25.03,124.9,1,1631.04
40801,10,61.07,17.98,7.87,26.08,128.84,1,1632.04
40826,10,60.94,18.13,7.93,26.96,132.31,1,1633.04
40851,10,60.73,18.28,8.22,27.66,137.94,1,1634.04
40876,10,60.57,18.45,8.21,28.61,138.66,1,1635.04
40901,10,60.47,18.62,8.08,29.71,135.2,1,1636.04
40926,10,60.44,18.71,8.05,30.1,133.2,1,1637.04
40951,10,60.54,18.74,7.96,29.9,132.86,1,1638.04
40976,10,60.64,18.83,8.02,29.49,134.7,1,1639.04
41001,10,60.65,18.95,8.3,28.92,137.4,1,1640.04
41026,10,60.56,19.11,8.49,28.2,138.71,1,1641.04
41051,10,60.51,19.18,8.44,27.99,139.34,1,1642.04
41076,10,60.61,19.11,7.97,28.62,134.3,1,1643.04
41101,10,60.71,19.01,7.6,29.4,133.65,1,1644.04
41126,10,60.84,18.88,7.16,30.16,127.65,1,1645.04
41151,10,61.08,18.74,7.13,30.79,125.84,1,1646.04
41176,10,61.18,18.47,7.29,31.37,135.46,1,1647.04
41201,10,61.15,18.11,7.41,32.16,145.39,1,1648.04
41226,10,61.14,17.93,7.46,32.4,152.21,1,1649.04
41251,10,61.14,17.83,7.57,32.39,158.66,1,1650.04
41276,10,61.11,17.77,7.53,32.19,157.51,1,1651.04
41301,10,61.14,17.74,7.47,32.01,149.63,1,1652.04
41326,10,61.18,17.63,7.47,32.32,141.24,1,1653.04
41351,10,61.19,17.56,7.59,32.46,152.58,1,1654.04
41376,10,61.19,17.46,7.88,32.37,162.28,1,1655.04
41401,10,61.18,17.36,7.9,32.35,163.73,1,1656.04
41426,10,61.14,17.37,7.86,32.37,160.98,1,1657.04
41451,10,61.12,17.41,7.72,32.51,159.89,1,1658.04
41476,10,61.15,17.55,7.71,32.33,160.35,1,1659.04
41501,10,61.21,17.8,7.86,32.25,164.29,1,1660.04
41526,10,61.22,18.12,7.89,33.16,166.25,1,1661.04
41551,10,61.2,18.43,8.11,34.63,171.75,1,1662.04
41576,10,61.23,18.72,8.38,36.12,179.24,1,1663.04
41601,10,61.33,19.03,8.44,37.52,183.69,1,1664.04
41626,10,61.44,19.25,8.33,38.92,197.36,1,1665.04
41651,10,61.57,19.5,8.18,39.83,229.6,1,1666.04
41676,10,61.73,19.84,8.16,41.0,261.72,1,1667.04
41701,10,61.97,20.1,9.17,42.11,291.98,1,1668.04
41726,10,62.25,20.3,10.39,43.22,321.58,1,1669.04
41751,10,62.52,20.48,11.7,44.06,351.22,1,1670.04
41776,10,62.72,20.63,13.0,44.38,375.31,1,1671.04
41801,10,62.82,20.81,13.96,44.21,388.67,1,1672.04
41826,10,62.85,21.09,14.33,44.16,390.28,1,1673.04
41851,10,62.83,21.44,14.09,44.24,382.64,1,1674.04
41876,10,62.73,21.86,13.45,44.31,366.83,1,1675.04
41901,10,62.62,22.37,12.43,44.28,342.62,1,1676.04
41926,10,62.58,22.99,11.12,44.33,313.99,1,1677.04
41951,10,62.6,23.73,10.14,44.12,292.72,1,1678.04
41976,10,62.59,24.44,10.64,43.64,296.32,1,1679.04
42001,10,62.61,25.16,11.96,42.83,310.71,1,1680.04
42026,10,62.73,25.79,13.57,42.05,329.35,1,1681.04
42051,10,62.96,26.25,14.89,41.13,340.67,1,1682.04
42076,10,63.28,26.61,15.61,40.02,354.61,1,1683.04
42101,10,63.63,26.82,15.39,38.62,352.82,1,1684.04
42126,10,63.94,26.84,14.6,37.09,338.13,1,1685.04
42151,10,64.21,26.86,15.05,35.55,322.08,1,1686.04
42176,10,64.44,26.88,14.85,33.99,300.58,1,1687.04
42201,10,64.71,26.74,13.85,32.29,268.24,1,1688.04
42226,10,65.14,26.46,12.82,31.32,235.63,1,1689.04
42251,10,65.76,26.18,12.15,31.83,219.23,1,1690.04
42276,10,66.47,26.03,11.59,32.31,203.33,1,1691.04
42301,10,67.33,26.16,11.2,33.11,192.01,1,1692.04
42326,10,68.3,26.54,12.36,33.55,210.64,1,1693.04
42351,10,69.09,27.06,14.87,33.0,258.47,1,1694.04
42376,10,69.49,27.62,19.16,32.44,323.29,1,1695.04
42401,10,69.57,28.12,21.91,34.04,380.76,1,1696.04
42426,10,69.43,28.7,22.59,37.15,422.91,1,1697.04
42451,10,69.41,29.18,22.76,39.81,463.41,1,1698.04
42476,10,69.32,28.9,23.34,42.32,522.13,1,1699.04
42501,10,68.54,27.49,23.82,44.87,592.8,1,1700.04
42526,10,66.76,25.82,25.33,45.74,648.52,1,1701.04
42551,10,63.98,25.1,26.83,44.8,672.83,1,1702.04
42576,10,60.91,25.78,27.19,43.92,693.31,1,1703.04
42601,10,58.4,26.62,26.8,44.17,712.74,1,1704.04
42626,10,56.68,25.74,26.54,45.93,760.99,1,1705.04
42651,10,55.65,23.83,26.42,47.0,807.5,1,1706.04
42676,10,55.72,22.52,28.59,46.19,850.67,1,1707.04
42701,10,57.43,22.11,31.23,44.84,910.89,1,1708.04
42726,10,59.92,21.77,32.55,43.59,951.21,1,1709.04
42751,10,62.06,20.97,34.09,42.19,955.42,1,1710.04
42776,10,63.75,20.28,34.06,40.99,926.48,1,1711.04
42801,10,65.25,19.91,34.73,39.77,880.73,1,1712.04
42826,10,66.68,19.55,35.35,38.53,837.61,1,1713.04
42851,10,67.97,19.03,35.6,37.55,795.5,1,1714.04
42876,10,69.08,18.4,35.37,36.66,746.52,1,1715.04
42901,10,70.06,17.9,35.04,35.92,695.04,1,1716.04
42926,10,70.88,17.59,34.64,35.44,656.16,1,1717.04
42951,10,71.42,17.33,33.86,34.99,632.17,1,1718.04
42976,10,71.66,17.04,33.06,34.61,613.16,1,1719.04
43001,10,71.85,16.71,32.85,34.44,602.76,1,1720.04
43026,10,72.09,16.31,32.8,34.79,601.59,1,1721.04
43051,10,72.38,15.89,32.75,35.21,597.36,1,1722.04
43076,10,72.8,15.56,32.37,34.99,578.87,1,1723.04
43101,10,73.12,15.34,31.62,34.48,553.49,1,1724.04
43126,10,73.08,15.04,30.48,34.48,541.15,1,1725.04
43151,10,72.27,14.51,29.54,35.47,551.22,1,1726.04
43176,10,70.36,14.57,28.11,35.33,544.86,1,1727.04
43201,10,67.69,16.04,25.73,34.52,499.44,1,1728.04
43226,10,64.79,18.22,24.54,33.21,476.38,1,1729.04
43251,10,62.13,19.26,24.71,35.14,543.96,1,1730.04
43276,10,61.22,18.85,25.88,37.73,658.7,1,1731.04
43301,10,62.53,18.41,28.41,39.82,755.17,1,1732.04
43326,10,64.57,18.17,29.39,40.07,794.99,1,1733.04
43351,10,66.13,17.82,29.79,39.9,808.37,1,1734.04
43376,10,66.59,17.69,30.68,40.4,819.05,1,1735.04
43401,10,65.54,17.82,33.7,41.96,900.7,1,1736.04
43426,10,63.2,17.89,37.66,44.65,1042.28,1,1737.04
43451,10,60.5,17.76,38.6,46.99,1127.36,1,1738.04
43476,10,58.01,17.43,36.97,48.07,1135.6,1,1739.04
43501,10,55.73,17.21,34.99,48.3,1129.65,1,1740.04
43526,10,54.06,17.13,33.57,48.69,1117.37,1,1741.04
43551,10,53.32,16.9,32.26,48.17,1082.68,1,1742.04
43576,10,53.21,16.51,30.69,47.37,1024.36,1,1743.04
43601,10,53.47,16.1,29.06,46.37,953.85,1,1744.04
43626,10,53.89,15.67,27.42,45.48,888.68,1,1745.04
43651,10,54.36,15.17,26.51,44.33,821.33,1,1746.04
43676,10,54.9,14.69,25.98,43.25,764.31,1,1747.04
43701,10,55.59,14.29,25.55,41.98,714.61,1,1748.04
43726,10,56.42,14.0,25.08,40.58,674.84,1,1749.04
43751,10,57.31,13.9,24.64,39.7,643.86,1,1750.04
43776,10,58.19,13.96,24.27,38.53,609.93,1,1751.04
43801,10,59.02,14.14,23.89,37.12,575.94,1,1752.04
43826,10,59.78,14.36,23.6,35.88,554.65,1,1753.04
43851,10,60.46,14.57,23.57,34.81,552.12,1,1754.04
43876,10,61.21,15.11,23.98,33.64,554.22,1,1755.04
43901,10,61.83,15.61,24.8,32.62,559.98,1,1756.04
43926,10,62.23,16.21,25.62,31.81,567.12,1,1757.04
43951,10,62.48,16.84,27.21,31.39,578.49,1,1758.04
43976,10,62.63,17.33,28.87,31.95,594.29,1,1759.04
44001,10,62.65,17.81,30.21,32.38,606.36,1,1760.04
44026,10,62.51,18.32,31.28,32.31,614.38,1,1761.04
44051,10,62.14,18.82,32.17,32.33,631.72,1,1762.04
44076,10,61.67,19.17,32.79,32.81,659.16,1,1763.04
44101,10,61.33,19.31,33.85,33.61,696.75,1,1764.04
44126,10,61.07,19.45,34.72,34.39,734.51,1,1765.04
44151,10,60.72,19.52,35.02,35.57,768.95,1,1766.04
44176,10,60.3,19.59,34.74,36.58,785.31,1,1767.04
44201,10,59.98,19.65,34.45,37.02,773.33,1,1768.04
44226,10,59.66,19.62,33.57,37.47,747.25,1,1769.04
44251,10,59.36,19.5,32.51,38.01,726.58,1,1770.04
44276,10,60.0,19.63,32.39,38.27,729.73,1,1771.04
44301,10,61.95,20.45,33.31,37.64,767.8,1,1772.04
44326,10,64.77,22.04,36.41,35.81,821.14,1,1773.04
44351,10,68.01,23.39,40.35,31.09,839.46,1,1774.04
44376,10,71.17,24.87,42.8,29.82,859.76,1,1775.04
44401,10,73.56,27.19,40.72,28.86,821.82,1,1776.04
44426,10,75.32,29.49,37.8,28.08,780.87,1,1777.04
44451,10,76.47,32.04,37.59,30.85,871.22,1,1778.04
44476,10,76.27,34.66,36.94,34.41,947.12,1,1779.04
44501,10,75.5,36.75,34.04,35.98,909.26,1,1780.04
44526,10,75.45,38.49,31.3,37.49,804.18,1,1781.04
44551,10,76.34,39.68,29.74,37.37,693.05,1,1782.04
44576,10,77.77,40.57,28.71,37.35,644.89,1,1783.04
44601,10,78.74,41.34,27.35,40.3,650.32,1,1784.04
44626,10,78.36,41.91,24.81,43.24,640.1,1,1785.04
44651,10,76.75,42.32,22.42,43.98,616.23,1,1786.04
44676,10,74.06,42.47,20.93,43.37,618.75,1,1787.04
44701,10,70.57,41.87,22.89,41.62,614.06,1,1788.04
44726,10,66.92,40.45,25.6,40.38,616.52,1,1789.04
44751,10,63.55,38.06,27.19,40.34,636.51,1,1790.04
44776,10,60.83,34.78,27.84,41.01,658.84,1,1791.04
44801,10,58.62,31.27,26.63,41.89,657.45,1,1792.04
44826,10,56.72,27.99,24.53,43.09,661.51,1,1793.04
44851,10,54.73,25.03,23.62,44.77,680.12,1,1794.04
44876,10,52.89,22.64,24.67,45.81,692.24,1,1795.04
44901,10,51.4,21.13,25.63,46.15,694.98,1,1796.04
44926,10,50.15,20.41,25.94,46.0,708.23,1,1797.04
44951,10,49.23,20.0,25.78,45.37,718.98,1,1798.04
44976,10,48.53,19.62,25.47,44.29,714.25,1,1799.04
45001,10,48.08,19.1,25.5,42.97,705.54,1,1800.04
45026,10,47.87,18.48,26.31,41.75,703.27,1,1801.04
45051,10,47.86,17.83,27.13,40.8,695.55,1,1802.04
45076,10,48.07,17.31,27.1,40.36,675.13,1,1803.04
45101,10,48.32,16.86,26.35,39.95,645.53,1,1804.04
45126,10,48.22,16.2,25.08,38.89,604.13,1,1805.04
45151,10,47.54,15.55,23.96,38.16,573.41,1,1806.04
45176,10,46.61,15.54,23.87,36.97,551.86,1,1807.04
45201,10,45.81,16.05,23.92,34.92,521.73,1,1808.04
45226,10,45.33,16.41,23.27,34.51,502.15,1,1809.04
45251,10,45.51,16.69,23.29,34.33,487.87,1,1810.04
45276,10,46.23,17.1,23.13,33.53,469.34,1,1811.04
45301,10,47.16,17.59,23.0,33.0,459.05,1,1812.04
45326,10,48.14,18.09,23.29,32.93,462.27,1,1813.04
45351,10,49.09,18.63,23.87,33.04,481.87,1,1814.04
45376,10,49.97,19.17,23.97,33.52,506.89,1,1815.04
45401,10,50.85,19.74,23.65,34.3,544.72,1,1816.04
45426,10,51.62,20.2,24.35,34.91,576.75,1,1817.04
45451,10,52.2,20.62,25.28,35.56,599.74,1,1818.04
45476,10,52.58,21.12,26.16,36.44,628.33,1,1819.04
45501,10,52.78,21.72,26.85,37.66,657.43,1,1820.04
45526,10,52.95,22.33,27.18,39.06,685.72,1,1821.04
45551,10,53.23,22.87,27.63,39.96,710.51,1,1822.04
45576,10,53.64,23.27,28.24,40.06,727.48,1,1823.04
45601,10,54.14,23.47,28.59,39.79,730.87,1,1824.04
45626,10,54.65,23.51,28.75,39.84,732.48,1,1825.04
45651,10,55.06,23.47,29.15,40.27,740.86,1,1826.04
45676,10,55.22,23.14,28.86,40.47,731.9,1,1827.04
45701,10,55.08,22.54,28.26,40.31,706.47,1,1828.04
45726,10,54.99,22.12,28.12,40.1,694.15,1,1829.04
45751,10,55.23,21.89,28.15,39.88,700.45,1,1830.04
45776,10,55.45,21.89,29.16,39.72,722.96,1,1831.04
45801,10,55.36,22.07,29.79,39.47,734.62,1,1832.04
45826,10,55.63,22.01,30.94,39.14,755.27,1,1833.04
45851,10,56.95,21.6,33.31,38.5,794.91,1,1834.04
45876,10,59.43,21.1,36.37,37.82,845.1,1,1835.04
45901,10,62.54,20.67,38.78,37.12,908.04,1,1836.04
45926,10,65.62,20.35,40.08,36.34,959.51,1,1837.04
45951,10,68.85,19.79,43.25,35.87,1013.18,1,1838.04
45976,10,71.97,18.72,45.77,36.16,1094.91,1,1839.04
46001,10,75.04,17.65,48.21,36.32,1173.64,1,1840.04
46026,10,77.18,16.55,49.07,36.94,1207.85,1,1841.04
46051,10,78.16,15.75,47.73,36.46,1150.05,1,1842.04
46076,10,78.46,15.44,45.54,34.54,1032.58,1,1843.04
46101,10,78.61,15.47,43.22,34.04,941.01,1,1844.04
46126,10,78.66,15.68,42.71,33.55,885.34,1,1845.04
46151,10,78.57,15.96,43.38,32.64,861.05,1,1846.04
46176,10,78.35,16.21,43.77,31.79,851.36,1,1847.04
46201,10,78.04,16.4,43.95,31.44,845.69,1,1848.04
46226,10,77.57,16.45,43.77,31.1,835.18,1,1849.04
46251,10,76.92,16.31,43.03,30.9,821.42,1,1850.04
46276,10,76.55,16.23,42.07,31.11,812.26,1,1851.04
46301,10,76.73,16.37,41.43,31.56,808.82,1,1852.04
46326,10,77.25,16.56,40.95,31.68,790.58,1,1853.04
46351,10,77.88,16.55,39.95,31.46,757.8,1,1854.04
46376,10,78.44,16.39,38.38,31.04,720.58,1,1855.04
46401,10,78.84,15.88,36.72,30.65,692.46,1,1856.04
46426,10,79.42,15.23,36.07,30.97,686.21,1,1857.04
46451,10,80.31,14.7,37.33,31.66,705.91,1,1858.04
46476,10,80.72,14.37,36.01,31.79,680.01,1,1859.04
46501,10,80.45,14.38,35.08,31.4,642.3,1,1860.04
46526,10,79.4,14.51,33.79,32.25,624.16,1,1861.04
46551,10,77.76,14.23,31.64,35.35,627.46,1,1862.04
46576,10,76.09,13.98,30.69,39.06,673.68,1,1863.04
46601,10,74.41,14.04,30.5,42.09,728.64,1,1864.04
46626,10,72.83,14.34,30.28,44.16,773.56,1,1865.04
46651,10,71.36,14.89,29.81,45.85,811.49,1,1866.04
46676,10,69.97,15.64,29.45,47.11,844.29,1,1867.04
46701,10,68.72,16.3,29.3,48.05,866.52,1,1868.04
46726,10,67.59,16.87,29.32,48.75,879.21,1,1869.04
46751,10,66.56,17.42,29.39,49.06,885.57,1,1870.04
46776,10,65.62,17.93,29.25,49.43,896.94,1,1871.04
46801,10,64.84,18.38,29.15,49.85,924.97,1,1872.04
46826,10,64.21,18.64,31.22,50.25,971.4,1,1873.04
46851,10,63.62,18.78,33.34,50.72,1032.17,1,1874.04
46876,10,63.12,18.88,35.4,50.93,1079.53,1,1875.04
46901,10,62.77,18.9,37.15,51.03,1132.17,1,1876.04
46926,10,62.53,18.85,38.37,51.35,1193.66,1,1877.04
46951,10,62.41,18.85,39.43,51.69,1264.17,1,1878.04
46976,10,62.44,18.88,40.52,52.18,1330.81,1,1879.04
47001,10,62.61,18.76,41.38,52.7,1396.89,1,1880.04
47026,10,62.78,18.55,41.69,52.9,1456.83,1,1881.04
47051,10,62.82,18.43,41.22,52.78,1468.99,1,1882.04
47076,10,62.77,18.29,40.52,52.47,1446.78,1,1883.04
47101,10,62.68,17.94,39.78,52.31,1405.88,1,1884.04
47126,10,62.64,17.57,39.05,52.31,1366.42,1,1885.04
47151,10,62.8,17.74,38.34,52.43,1329.36,1,1886.04
47176,10,62.88,19.1,37.19,52.7,1305.12,1,1887.04
47201,10,62.7,21.83,35.36,53.61,1279.81,1,1888.04
47226,10,61.93,24.85,33.19,55.38,1252.01,1,1889.04
47251,10,60.33,27.77,31.63,57.77,1246.08,1,1890.04
47276,10,57.86,30.39,30.67,59.96,1217.06,1,1891.04
47301,10,54.61,32.56,30.02,61.22,1168.58,1,1892.04
47326,10,51.07,34.54,29.48,61.24,1184.21,1,1893.04
47351,10,47.7,36.47,29.37,60.37,1202.67,1,1894.04
47376,10,44.5,38.38,30.24,59.09,1238.65,1,1895.04
47401,10,41.35,40.04,31.78,57.17,1261.55,1,1896.04
47426,10,38.55,41.22,32.39,53.85,1222.98,1,1897.04
47451,10,36.7,41.93,30.98,51.27,1141.98,1,1898.04
47476,10,35.94,42.04,28.42,51.47,1048.25,1,1899.04
47501,10,35.85,41.62,25.68,54.34,1009.12,1,1900.04
47526,10,35.81,40.48,24.08,57.2,1031.2,1,1901.04
47551,10,35.45,38.32,24.01,58.52,1055.11,1,1902.04
47576,10,34.83,35.78,24.05,58.9,1046.96,1,1903.04
47601,10,34.22,33.45,23.35,58.57,992.51,1,1904.04
47626,10,33.9,31.82,23.6,58.15,957.54,1,1905.04
47651,10,33.66,31.39,24.88,56.86,998.35,1,1906.04
47676,10,33.51,32.3,26.7,53.9,1035.13,1,1907.04
47701,10,33.34,34.22,28.45,52.61,1055.35,1,1908.04
47726,10,33.3,36.39,29.79,53.4,1059.01,1,1909.04
47751,10,33.66,38.17,30.91,54.01,1091.6,1,1910.04
47776,10,34.25,39.41,31.78,55.78,1144.15,1,1911.04
47801,10,35.06,39.96,32.43,58.85,1139.13,1,1912.04
47826,10,36.02,39.6,33.49,60.68,1189.9,1,1913.04
47851,10,37.11,38.57,33.7,61.31,1273.3,1,1914.04
47876,10,38.11,37.33,32.2,61.47,1304.29,1,1915.04
47901,10,38.67,35.91,31.0,61.44,1291.28,1,1916.04
47926,10,38.56,34.09,30.83,61.04,1258.41,1,1917.04
47951,10,38.12,32.2,30.47,60.05,1188.82,1,1918.04
47976,10,38.31,30.76,30.54,58.83,1155.34,1,1919.04
48001,10,39.8,30.26,32.28,57.9,1192.3,1,1920.04
48026,10,42.22,30.49,33.93,57.29,1254.82,1,1921.04
48051,10,45.08,31.45,34.16,57.19,1303.66,1,1922.04
48076,10,48.07,33.05,33.76,57.36,1330.96,1,1923.04
48101,10,50.73,35.09,34.74,57.96,1365.01,1,1924.04
48126,10,52.37,37.35,35.88,58.65,1419.22,1,1925.04
48151,10,53.16,39.18,36.89,58.86,1460.26,1,1926.04
48176,10,53.86,40.31,37.69,58.99,1488.44,1,1927.04
48201,10,54.36,41.17,38.21,58.61,1517.9,1,1928.04
48226,10,54.09,41.94,37.99,57.49,1539.62,1,1929.04
48251,10,52.35,42.8,37.22,56.54,1512.64,1,1930.04
48276,10,49.27,43.56,36.89,53.69,1451.75,1,1931.04
48301,10,45.86,43.99,36.58,49.83,1371.4,1,1932.04
48326,10,42.76,44.8,36.6,47.7,1323.94,1,1933.04
48351,10,40.33,45.72,36.04,47.21,1303.9,1,1934.04
48376,10,38.59,46.17,35.3,46.68,1274.68,1,1935.04
48401,10,37.34,46.28,35.16,46.1,1241.12,1,1936.04
48426,10,36.41,46.28,34.65,46.03,1215.25,1,1937.04
48451,10,35.7,45.87,33.43,46.35,1180.88,1,1938.04
48476,10,35.05,45.04,33.01,47.41,1167.89,1,1939.04
48501,10,33.86,44.09,32.74,48.75,1166.98,1,1940.04
48526,10,31.57,43.3,34.45,48.34,1195.77,1,1941.04
48551,10,29.45,42.77,36.47,45.22,1178.56,1,1942.04
48576,10,29.19,42.54,34.99,40.01,1052.38,1,1943.04
48601,10,30.55,42.47,32.33,35.19,877.19,1,1944.04
48626,10,32.23,42.18,30.11,32.54,743.59,1,1945.04
48651,10,33.43,41.08,29.62,29.42,657.28,1,1946.04
48676,10,34.69,39.66,29.86,26.73,607.26,1,1947.04
48701,10,37.22,38.98,30.05,27.24,574.33,1,1948.04
48726,10,40.85,38.16,30.64,27.98,578.74,1,1949.04
48751,10,44.54,36.27,31.13,27.94,602.71,1,1950.04
48776,10,48.17,33.89,32.54,28.08,656.55,1,1951.04
48801,10,52.17,31.77,33.57,28.65,720.86,1,1952.04
48826,10,56.5,30.13,34.41,32.09,779.7,1,1953.04
48851,10,60.9,28.91,34.92,34.54,820.94,1,1954.04
48876,10,65.31,28.25,34.54,34.76,830.48,1,1955.04
48901,10,69.75,28.05,33.53,33.6,807.05,1,1956.04
48926,10,74.14,27.87,34.5,32.14,787.02,1,1957.04
48951,10,78.47,27.59,35.4,30.67,827.19,1,1958.04
48976,10,82.33,26.88,39.75,31.67,923.77,1,1959.04
49001,10,84.99,25.69,42.57,33.61,1005.85,1,1960.04
49026,10,86.32,24.32,42.87,34.86,1044.34,1,1961.04
49051,10,86.59,23.11,42.38,35.62,1031.1,1,1962.04
49076,10,86.32,22.23,42.28,35.8,986.81,1,1963.04
49101,10,85.76,21.71,42.44,35.66,941.84,1,1964.04
49126,10,85.12,21.32,42.72,35.57,927.64,1,1965.04
49151,10,84.58,20.98,43.44,35.69,935.23,1,1966.04
49176,10,84.05,20.73,44.5,35.7,947.08,1,1967.04
49201,10,83.47,20.64,45.58,35.93,964.5,1,1968.04
49226,10,82.71,20.65,46.42,36.44,979.55,1,1969.04
49251,10,81.89,20.58,47.26,36.62,988.36,1,1970.04
49276,10,81.02,20.41,48.17,36.68,993.7,1,1971.04
49301,10,79.99,20.47,48.86,37.17,988.26,1,1972.04
49326,10,79.06,20.47,48.71,38.14,987.99,1,1973.04
49351,10,78.14,20.61,48.83,39.11,1003.33,1,1974.04
49376,10,77.19,20.92,49.64,39.26,985.45,1,1975.04
49401,10,76.29,21.42,50.38,39.56,1004.94,1,1976.04
49426,10,75.33,21.91,51.12,40.23,1028.67,1,1977.04
49451,10,74.38,22.35,51.44,40.94,1034.22,1,1978.04
49476,10,73.48,22.87,51.81,41.38,1035.86,1,1979.04
49501,10,72.55,23.35,52.36,41.94,1038.15,1,1980.04
49526,10,71.7,23.83,52.94,42.73,1036.8,1,1981.04
49551,10,70.97,24.37,53.56,43.21,1027.45,1,1982.04
49576,10,70.23,24.83,52.88,44.42,1011.87,1,1983.04
49601,10,69.49,25.21,51.22,45.76,997.99,1,1984.04
49626,10,68.95,25.7,51.33,46.14,1039.47,1,1985.04
49651,10,68.69,26.1,54.11,46.65,1116.4,1,1986.04
49676,10,68.11,26.29,54.21,47.62,1159.5,1,1987.04
49701,10,67.49,26.43,54.22,48.32,1194.43,1,1988.04
49726,10,66.86,26.55,54.44,48.48,1225.35,1,1989.04
49751,10,66.26,26.63,54.6,48.82,1262.79,1,1990.04
49776,10,65.78,26.69,54.77,49.5,1311.58,1,1991.04
49801,10,65.43,26.67,54.91,50.49,1367.75,1,1992.04
49826,10,65.1,26.6,55.16,51.16,1402.71,1,1993.04
49851,10,64.71,26.42,54.7,51.07,1404.41,1,1994.04
49876,10,64.32,26.16,53.8,50.16,1375.17,1,1995.04
49901,10,64.0,25.94,53.39,49.3,1332.5,1,1996.04
49926,10,63.73,25.79,52.9,49.16,1290.33,1,1997.04
49951,10,63.43,25.67,52.28,49.6,1253.44,1,1998.04
49976,10,63.09,25.54,51.51,50.51,1216.28,1,1999.04
50001,10,62.7,25.33,50.69,51.25,1178.95,1,2000.04
50026,10,62.22,25.17,50.0,51.86,1146.4,1,2001.04
50051,10,61.65,25.04,49.25,52.42,1116.78,1,2002.04
50076,10,61.16,24.82,48.45,52.62,1088.09,1,2003.04
50101,10,60.8,24.54,47.64,52.45,1055.1,1,2004.04
50126,10,60.56,24.26,46.84,51.72,1005.44,1,2005.04
50151,10,60.34,24.0,46.11,50.83,963.15,1,2006.04
50176,10,60.16,23.76,45.42,49.98,940.91,1,2007.04
50201,10,60.24,23.54,44.63,49.49,924.48,1,2008.04
50226,10,60.48,23.34,43.57,49.06,906.07,1,2009.04
50251,10,60.78,23.14,43.01,48.44,901.91,1,2010.04
50276,10,61.11,22.91,42.77,47.54,908.89,1,2011.04
50301,10,61.48,22.8,42.13,46.28,931.85,1,2012.04
50326,10,61.98,22.84,41.1,45.15,991.93,1,2013.04
50351,10,62.43,22.9,39.95,44.13,1069.24,1,2014.04
50376,10,62.66,23.02,38.68,43.2,1145.88,1,2015.04
50401,10,62.54,23.27,37.29,42.7,1201.02,1,2016.04
50426,10,61.91,23.41,36.01,42.83,1194.81,1,2017.04
50451,10,60.8,23.2,34.85,41.51,1111.1,1,2018.04
50476,10,59.41,22.82,33.73,39.83,1001.58,1,2019.04
50501,10,57.93,22.43,32.38,38.27,891.43,1,2020.04
50526,10,56.53,21.97,30.34,36.65,779.48,1,2021.04
50551,10,55.24,21.47,28.26,35.03,683.33,1,2022.04
50576,10,53.99,20.76,26.94,33.48,637.69,1,2023.04
50601,10,52.76,19.45,26.54,32.44,673.97,1,2024.04
50626,10,51.57,17.86,28.96,34.37,754.66,1,2025.04
50651,10,50.52,16.65,32.37,36.17,821.05,1,2026.04
50676,10,49.94,16.1,34.2,36.18,844.86,1,2027.04
50701,10,49.69,15.87,35.03,35.33,836.65,1,2028.04
50726,10,49.44,15.7,35.16,34.59,817.99,1,2029.04
50751,10,49.09,15.64,34.82,34.6,795.73,1,2030.04
50776,10,48.78,15.73,34.39,34.8,775.48,1,2031.04
50801,10,48.56,15.89,35.15,35.19,768.53,1,2032.04
50826,10,48.39,15.97,36.15,35.5,767.96,1,2033.04
50851,10,48.35,15.95,36.42,36.19,756.58,1,2034.04
50876,10,48.43,15.89,35.8,37.21,729.7,1,2035.04
50901,10,48.68,15.88,34.36,37.9,696.79,1,2036.04
50926,10,48.91,15.96,32.41,38.12,674.49,1,2037.04
50951,10,48.85,15.97,30.8,38.22,668.89,1,2038.04
50976,10,48.59,15.85,29.49,38.56,669.5,1,2039.04
51001,10,48.5,15.79,28.0,38.73,656.43,1,2040.04
51026,10,48.67,15.61,26.75,38.65,629.02,1,2041.04
51051,10,49.28,15.26,26.27,38.46,611.35,1,2042.04
51076,10,50.42,14.78,26.52,38.03,604.94,1,2043.04
51101,10,51.15,14.71,26.41,37.32,584.96,1,2044.04
51126,10,51.43,15.63,25.82,37.34,565.95,1,2045.04
51151,10,51.87,17.14,25.42,37.87,564.82,1,2046.04
51176,10,53.1,18.02,26.02,37.77,576.05,1,2047.04
51201,10,55.37,17.65,28.0,37.05,611.71,1,2048.04
51226,10,57.44,16.33,29.45,37.29,664.4,1,2049.04
51251,10,58.55,14.83,30.06,38.47,716.87,1,2050.04
51276,10,59.13,14.12,30.52,39.49,734.26,1,2051.04
51301,10,59.58,13.89,30.75,40.49,731.49,1,2052.04
51326,10,60.16,13.95,30.8,41.52,722.35,1,2053.04
51351,10,60.94,14.24,30.62,41.58,705.57,1,2054.04
51376,10,61.87,14.62,30.24,40.11,666.65,1,2055.04
51401,10,62.87,14.92,30.01,38.96,637.87,1,2056.04
51426,10,63.81,15.09,30.0,38.16,619.12,1,2057.04
51451,10,64.47,15.15,29.93,37.36,604.1,1,2058.04
51476,10,64.61,15.1,28.9,36.76,584.66,1,2059.04
51501,10,64.42,14.73,27.55,36.18,568.37,1,2060.04
51526,10,63.97,14.2,24.99,37.74,534.1,1,2061.04
51551,10,62.82,13.92,22.15,37.41,495.32,1,2062.04
51576,10,60.74,14.64,21.54,36.54,491.62,1,2063.04
51601,10,58.17,16.58,22.7,36.65,514.03,1,2064.04
51626,10,55.79,19.35,24.43,37.83,567.83,1,2065.04
51651,10,53.88,22.54,26.79,39.34,662.48,1,2066.04
51676,10,52.53,26.07,28.55,41.56,761.72,1,2067.04
51701,10,51.87,29.92,27.61,43.96,807.64,1,2068.04
51726,10,51.44,33.39,25.61,44.87,781.43,1,2069.04
51751,10,50.18,35.57,27.56,43.5,778.34,1,2070.04
51776,10,48.35,36.42,29.05,41.02,772.09,1,2071.04
51801,10,47.88,36.63,29.89,39.07,728.4,1,2072.04
51826,10,49.33,36.31,31.36,34.99,721.64,1,2073.04
51851,10,51.45,35.3,33.49,31.74,752.38,1,2074.04
51876,10,53.52,33.55,34.85,31.01,749.58,1,2075.04
51901,10,55.76,31.34,34.47,32.39,728.64,1,2076.04
51926,10,58.62,29.35,35.55,33.79,733.22,1,2077.04
51951,10,62.02,28.03,38.09,34.12,769.4,1,2078.04
51976,10,65.27,27.13,40.04,33.89,829.46,1,2079.04
52001,10,67.68,26.59,40.33,33.75,860.68,1,2080.04
52026,10,69.16,26.65,39.4,33.16,850.64,1,2081.04
52051,10,70.11,27.07,37.79,32.55,815.19,1,2082.04
52076,10,70.79,27.39,36.0,32.81,785.8,1,2083.04
52101,10,71.0,27.83,34.11,34.21,774.56,1,2084.04
52126,10,71.11,29.5,31.43,36.45,755.92,1,2085.04
52151,10,72.0,32.15,29.28,39.23,735.06,1,2086.04
52176,10,73.63,34.76,28.71,41.86,727.35,1,2087.04
52201,10,75.39,36.99,29.28,43.22,723.82,1,2088.04
52226,10,76.79,38.88,30.21,42.74,696.82,1,2089.04
52251,10,77.86,40.38,30.89,40.72,668.79,1,2090.04
52276,10,79.04,41.43,31.41,37.29,629.97,1,2091.04
52301,10,79.61,42.3,31.51,35.82,618.79,1,2092.04
52326,10,78.98,43.16,30.31,37.36,602.51,1,2093.04
52351,10,77.79,43.28,28.41,38.66,576.19,1,2094.04
52376,10,76.41,42.52,26.45,38.51,519.23,1,2095.04
52401,10,75.06,41.84,25.1,38.0,479.94,1,2096.04
52426,10,74.27,41.43,23.87,37.13,474.27,1,2097.04
52451,10,74.01,41.26,22.67,36.09,443.69,1,2098.04
52476,10,73.99,41.12,21.86,35.2,407.65,1,2099.04
52501,10,74.07,41.02,20.29,34.27,369.14,1,2100.04
52526,10,74.18,40.97,18.57,33.59,329.96,1,2101.04
52551,10,74.32,40.88,17.24,33.17,304.72,1,2102.04
52576,10,74.44,40.81,15.91,32.93,286.08,1,2103.04
52601,10,74.42,40.72,14.55,32.97,262.89,1,2104.04
52626,10,74.45,40.71,13.42,33.82,250.27,1,2105.04
52651,10,74.54,40.83,12.95,34.83,241.7,1,2106.04
52676,10,74.55,40.88,13.38,35.8,238.67,1,2107.04
52701,10,74.57,40.85,14.23,36.35,239.5,1,2108.04
52726,10,74.57,40.87,15.22,36.56,237.39,1,2109.04
52751,10,74.55,40.89,16.18,36.32,237.13,1,2110.04
52776,10,74.49,40.85,16.91,36.23,251.79,1,2111.04
52801,10,74.42,40.72,17.53,36.22,278.88,1,2112.04
52826,10,74.51,40.69,18.53,36.16,309.12,1,2113.04
52851,10,74.7,40.62,19.96,36.33,336.12,1,2114.04
52876,10,74.92,40.35,21.24,36.05,356.47,1,2115.04
52901,10,75.22,39.98,22.78,35.2,376.93,1,2116.04
52926,10,75.42,39.53,24.46,34.6,400.39,1,2117.04
52951,10,75.48,39.05,26.19,34.22,425.54,1,2118.04
52976,10,75.44,38.68,27.7,33.6,441.89,1,2119.04
53001,10,75.34,38.53,28.48,32.82,442.83,1,2120.04
53026,10,75.33,38.65,30.16,31.83,454.81,1,2121.04
53051,10,75.03,38.63,32.43,30.56,472.59,1,2122.04
53076,10,74.98,38.52,33.62,29.06,469.28,1,2123.04
53101,10,75.17,38.15,33.3,27.95,449.66,1,2124.04
53126,10,75.44,37.87,32.22,27.62,433.34,1,2125.04
53151,10,75.66,37.75,30.69,27.81,430.06,1,2126.04
53176,10,75.81,37.65,28.87,28.21,417.55,1,2127.04
53201,10,75.89,37.74,27.29,29.15,409.41,1,2128.04
53226,10,75.93,37.94,26.85,30.8,424.95,1,2129.04
53251,10,76.05,38.15,27.23,32.63,453.68,1,2130.04
53276,10,76.25,38.33,27.57,33.88,479.49,1,2131.04
53301,10,76.76,38.77,27.83,34.63,499.59,1,2132.04
53326,10,78.08,39.59,29.46,35.69,548.12,1,2133.04
53351,10,80.26,40.34,32.06,38.0,626.15,1,2134.04
53376,10,82.72,40.78,34.61,40.04,697.75,1,2135.04
53401,10,84.44,40.86,35.25,37.76,695.29,1,2136.04
53426,10,85.04,40.98,34.51,32.42,606.95,1,2137.04
53451,10,84.58,40.99,33.01,31.88,534.84,1,2138.04
53476,10,83.18,40.23,30.92,32.28,493.5,1,2139.04
53501,10,82.06,38.28,29.34,33.54,485.63,1,2140.04
53526,10,82.17,35.84,29.92,34.99,511.22,1,2141.04
53551,10,83.19,33.54,30.32,35.53,541.57,1,2142.04
53576,10,85.22,32.02,32.21,34.21,544.06,1,2143.04
53601,10,88.69,31.77,37.7,31.59,537.77,1,2144.04
53626,10,92.08,32.47,43.3,29.35,548.77,1,2145.04
53651,10,93.48,33.43,45.24,28.59,573.18,1,2146.04
53676,10,92.99,34.94,42.38,29.64,560.74,1,2147.04
53701,10,92.09,36.06,41.02,29.82,529.68,1,2148.04
53726,10,91.45,36.2,41.42,28.98,508.53,1,2149.04
53751,10,90.75,35.52,39.96,28.36,505.78,1,2150.04
53776,10,89.9,33.95,37.46,29.48,505.93,1,2151.04
53801,10,89.31,32.51,36.29,30.33,518.4,1,2152.04
53826,10,88.56,31.44,34.43,30.29,513.13,1,2153.04
53851,10,87.66,30.41,31.82,29.49,492.17,1,2154.04
53876,10,86.74,29.31,29.74,28.43,473.25,1,2155.04
53901,10,85.8,28.05,28.22,27.42,472.29,1,2156.04
53926,10,84.78,26.54,27.02,28.11,506.71,1,2157.04
53951,10,83.79,25.03,26.76,30.76,550.06,1,2158.04
53976,10,82.92,23.79,26.73,31.6,561.12,1,2159.04
54001,10,82.13,22.72,25.8,30.37,541.28,1,2160.04
54026,10,81.52,21.95,25.34,30.13,523.49,1,2161.04
54051,10,81.19,21.66,24.99,30.47,509.69,1,2162.04
54076,10,80.99,21.59,24.59,30.31,493.85,1,2163.04
54101,10,80.85,21.61,24.59,30.08,488.32,1,2164.04
54126,10,80.73,21.65,24.97,30.08,493.8,1,2165.04
54151,10,80.62,21.68,25.23,30.49,505.49,1,2166.04
54176,10,80.51,21.6,25.36,31.67,518.32,1,2167.04
54201,10,80.44,21.36,25.55,32.47,528.26,1,2168.04
54226,10,80.35,20.64,25.86,33.21,544.73,1,2169.04
54251,10,80.32,19.45,25.81,34.11,553.28,1,2170.04
54276,10,80.66,18.42,25.68,34.87,550.29,1,2171.04
54301,10,80.8,17.54,25.58,36.12,529.54,1,2172.04
54326,10,80.24,16.6,24.44,38.09,502.41,1,2173.04
54351,10,79.05,16.08,22.67,37.7,468.06,1,2174.04
54376,10,77.22,16.45,19.83,36.11,421.0,1,2175.04
54401,10,75.2,17.38,17.55,36.11,401.71,1,2176.04
54426,10,73.1,18.55,19.36,36.67,465.63,1,2177.04
54451,10,70.48,19.67,22.99,39.15,614.55,1,2178.04
54476,10,67.51,20.64,27.95,41.1,780.82,1,2179.04
54501,10,64.89,21.75,30.99,42.34,886.32,1,2180.04
54526,10,62.63,23.43,31.75,41.5,955.56,1,2181.04
54551,10,60.28,25.42,32.1,38.98,954.39,1,2182.04
54576,10,58.08,27.36,31.82,39.34,935.03,1,2183.04
54601,10,56.06,29.16,31.77,40.71,927.4,1,2184.04
54626,10,54.44,30.8,33.5,42.26,1009.7,1,2185.04
54651,10,54.38,32.29,35.52,41.96,1079.95,1,2186.04
54676,10,56.18,33.79,37.47,41.82,1155.44,1,2187.04
54701,10,59.38,35.29,40.29,42.43,1242.01,1,2188.04
54726,10,63.67,36.34,43.22,43.25,1314.43,1,2189.04
54751,10,68.49,37.05,44.77,44.0,1357.18,1,2190.04
54776,10,72.85,37.82,44.41,45.59,1371.86,1,2191.04
54801,10,76.48,38.72,43.1,46.2,1317.17,1,2192.04
54826,10,79.45,39.59,41.78,44.81,1194.42,1,2193.04
54851,10,81.54,40.36,40.17,42.2,1047.47,1,2194.04
54876,10,82.87,41.25,38.74,37.65,906.31,1,2195.04
54901,10,83.53,42.11,37.32,34.35,780.26,1,2196.04
54926,10,83.13,42.72,35.18,34.05,659.69,1,2197.04
54951,10,81.92,42.98,32.45,34.64,598.92,1,2198.04
54976,10,80.53,42.57,30.18,35.35,547.12,1,2199.04
55001,10,79.18,41.34,28.63,35.84,547.91,1,2200.04
55026,10,78.08,39.21,27.38,36.1,569.61,1,2201.04
55051,10,77.39,36.48,26.76,36.58,591.3,1,2202.04
55076,10,77.13,33.7,26.87,37.68,631.33,1,2203.04
55101,10,77.51,31.15,27.33,38.97,669.68,1,2204.04
55126,10,78.78,29.28,28.87,40.16,697.76,1,2205.04
55151,10,80.67,28.09,32.35,40.51,755.73,1,2206.04
55176,10,82.76,27.35,37.12,39.86,863.29,1,2207.04
55201,10,84.57,26.99,41.71,39.02,978.19,1,2208.04
55226,10,85.47,26.17,43.79,38.44,1043.43,1,2209.04
55251,10,85.28,24.91,42.21,38.51,1044.97,1,2210.04
55276,10,84.58,23.88,38.67,37.62,1002.49,1,2211.04
55301,10,83.5,22.88,38.13,36.18,991.29,1,2212.04
55326,10,82.24,21.62,35.98,38.13,1010.37,1,2213.04
55351,10,80.91,20.37,33.74,41.13,1023.06,1,2214.04
55376,10,79.28,19.79,32.88,42.03,1014.09,1,2215.04
55401,10,77.32,19.85,30.17,41.38,936.11,1,2216.04
55426,10,75.22,19.84,24.25,40.11,791.45,1,2217.04
55451,10,73.5,19.74,22.38,38.24,678.36,1,2218.04
55476,10,72.48,19.68,20.79,37.0,602.83,1,2219.04
55501,10,71.87,19.62,19.48,36.27,550.41,1,2220.04
55526,10,70.79,19.76,18.31,36.49,511.34,1,2221.04
55551,10,68.89,20.56,19.36,37.37,524.6,1,2222.04
55576,10,66.62,22.5,22.68,38.62,586.94,1,2223.04
55601,10,64.48,24.57,25.61,40.34,649.23,1,2224.04
55626,10,62.57,25.03,26.93,41.65,679.18,1,2225.04
55651,10,61.22,23.56,27.06,41.28,674.67,1,2226.04
55676,10,60.58,21.3,27.5,40.73,705.85,1,2227.04
55701,10,60.34,19.46,27.21,41.73,688.49,1,2228.04
55726,10,60.85,18.22,26.41,42.67,637.46,1,2229.04
55751,10,62.39,17.03,26.96,43.38,633.87,1,2230.04
55776,10,63.93,16.23,27.29,42.37,637.8,1,2231.04
55801,10,64.72,16.38,25.81,41.66,590.23,1,2232.04
55826,10,65.59,17.38,24.59,41.53,534.86,1,2233.04
55851,10,67.39,18.56,24.98,40.5,509.52,1,2234.04
55876,10,69.48,19.37,27.59,38.76,526.06,1,2235.04
55901,10,71.02,19.6,29.31,37.07,528.36,1,2236.04
55926,10,71.88,19.72,29.32,35.52,511.25,1,2237.04
55951,10,72.42,20.05,28.47,34.41,480.27,1,2238.04
55976,10,72.95,20.42,27.36,33.87,447.81,1,2239.04
56001,10,73.52,20.85,26.08,33.74,421.3,1,2240.04
56026,10,74.12,21.41,24.68,33.2,389.35,1,2241.04
56051,10,74.72,22.16,23.2,32.19,350.99,1,2242.04
56076,10,75.3,22.97,21.68,31.14,311.01,1,2243.04
56101,10,75.88,23.84,20.02,30.34,286.25,1,2244.04
56126,10,76.41,24.69,18.43,29.6,278.15,1,2245.04
56151,10,76.88,25.49,18.39,29.15,282.06,1,2246.04
56176,10,77.19,26.24,19.04,28.85,285.61,1,2247.04
56201,10,77.28,26.79,19.43,28.71,291.9,1,2248.04
56226,10,77.37,27.04,18.99,28.89,294.6,1,2249.04
56251,10,77.59,26.9,18.01,29.58,293.19,1,2250.04
56276,10,77.9,26.55,17.37,30.61,294.45,1,2251.04
56301,10,78.3,26.29,17.03,31.59,297.23,1,2252.04
56326,10,78.78,26.18,16.66,32.34,298.8,1,2253.04
56351,10,79.32,26.17,16.31,32.68,301.3,1,2254.04
56376,10,79.88,26.26,16.36,32.87,306.62,1,2255.04
56401,10,80.43,26.58,16.34,33.2,305.59,1,2256.04
56426,10,80.85,27.28,16.08,34.04,308.73,1,2257.04
56451,10,81.02,28.59,16.48,35.41,344.83,1,2258.04
56476,10,80.93,30.24,18.66,36.01,400.41,1,2259.04
56501,10,81.15,31.53,22.9,35.74,461.9,1,2260.04
56526,10,82.4,32.6,28.13,36.8,570.49,1,2261.04
56551,10,84.32,33.82,34.58,39.56,715.43,1,2262.04
56576,10,86.29,34.87,39.13,42.29,837.54,1,2263.04
56601,10,87.41,35.7,40.25,43.53,896.69,1,2264.04
56626,10,87.24,36.51,39.37,42.04,873.83,1,2265.04
56651,10,86.04,37.35,38.86,39.54,815.62,1,2266.04
56676,10,84.23,37.94,37.54,35.81,755.68,1,2267.04
56701,10,82.41,38.11,35.92,31.83,700.34,1,2268.04
56726,10,81.33,38.11,35.1,32.35,658.45,1,2269.04
56751,10,81.33,37.93,36.12,30.33,611.43,1,2270.04
56776,10,82.83,38.19,38.08,28.31,618.68,1,2271.04
56801,10,85.54,39.01,41.3,27.59,701.13,1,2272.04
56826,10,88.26,39.22,46.12,27.7,714.26,1,2273.04
56851,10,90.09,39.43,49.03,28.3,696.64,1,2274.04
56876,10,90.85,39.25,48.48,27.38,641.17,1,2275.04
56901,10,91.21,38.78,44.62,25.36,545.1,1,2276.04
56926,10,91.58,38.27,39.81,23.02,451.18,1,2277.04
56951,10,91.94,37.7,34.64,20.4,361.57,1,2278.04
56976,10,92.27,37.13,29.72,17.27,286.42,1,2279.04
57001,10,92.56,36.85,25.41,13.8,221.76,1,2280.04
57026,10,92.83,36.84,21.85,13.19,182.77,1,2281.04
57051,10,93.1,36.89,19.1,14.1,173.86,1,2282.04
57076,10,93.48,37.05,16.54,15.82,184.03,1,2283.04
57101,10,93.83,37.18,15.02,18.17,194.32,1,2284.04
57126,10,94.14,37.31,14.9,20.91,214.55,1,2285.04
57151,10,94.41,37.45,15.24,23.35,232.3,1,2286.04
57176,10,94.72,37.59,15.26,24.97,238.42,1,2287.04
57201,10,95.03,37.64,15.53,26.1,243.37,1,2288.04
57226,10,95.36,37.62,15.95,27.07,245.77,1,2289.04
57251,10,95.58,37.64,15.56,28.1,237.63,1,2290.04
57276,10,95.65,37.66,15.5,28.81,235.17,1,2291.04
57301,10,95.71,37.56,15.89,29.4,242.81,1,2292.04
57326,10,95.85,37.35,15.31,29.48,236.83,1,2293.04
57351,10,96.2,37.36,14.83,29.08,233.18,1,2294.04
57376,10,96.59,37.49,14.43,28.44,235.95,1,2295.04
57401,10,96.88,37.48,13.65,29.61,238.57,1,2296.04
57426,10,97.19,37.49,13.36,30.23,246.91,1,2297.04
57451,10,97.45,37.62,13.82,29.32,250.67,1,2298.04
57476,10,97.57,37.74,14.3,29.38,250.1,1,2299.04
57501,10,97.66,38.18,14.06,28.31,244.52,1,2300.04
57526,10,97.91,38.73,13.95,26.93,235.77,1,2301.04
57551,10,97.98,37.91,15.04,28.5,251.07,1,2302.04
57576,10,98.07,36.06,17.67,30.23,283.74,1,2303.04
57601,10,97.86,34.84,19.43,31.09,325.63,1,2304.04
57626,10,96.73,34.15,19.7,29.62,325.03,1,2305.04
57651,10,94.6,33.11,18.66,29.04,306.45,1,2306.04
57676,10,92.48,32.17,16.69,28.15,296.45,1,2307.04
57701,10,91.18,32.11,17.36,26.49,307.52,1,2308.04
57726,10,90.11,32.44,19.86,25.6,333.07,1,2309.04
57751,10,88.92,32.53,22.6,25.11,364.59,1,2310.04
57776,10,87.74,32.37,25.84,25.39,399.12,1,2311.04
57801,10,86.63,32.2,29.47,26.04,446.9,1,2312.04
57826,10,85.6,32.02,33.12,27.15,494.89,1,2313.04
57851,10,84.68,31.78,36.52,29.0,540.24,1,2314.04
57876,10,83.87,31.49,39.55,30.98,612.19,1,2315.04
57901,10,83.14,31.22,42.37,33.14,689.3,1,2316.04
57926,10,82.42,31.02,44.44,35.15,756.16,1,2317.04
57951,10,81.7,30.9,46.36,36.8,823.57,1,2318.04
57976,10,80.92,30.73,47.62,38.3,877.3,1,2319.04
58001,10,80.2,30.56,48.68,39.87,929.09,1,2320.04
58026,10,79.53,30.36,49.32,41.47,977.56,1,2321.04
58051,10,78.93,30.08,50.12,43.09,1036.83,1,2322.04
58076,10,78.3,29.77,50.7,44.47,1087.65,1,2323.04
58101,10,77.43,29.46,50.88,45.62,1122.39,1,2324.04
58126,10,76.55,29.26,51.44,46.63,1168.64,1,2325.04
58151,10,75.67,29.05,52.12,47.37,1212.83,1,2326.04
58176,10,74.8,28.88,52.67,47.99,1252.89,1,2327.04
58201,10,74.03,28.72,52.8,48.8,1291.4,1,2328.04
58226,10,73.38,28.55,52.47,49.52,1317.16,1,2329.04
58251,10,72.78,28.41,51.95,50.04,1331.46,1,2330.04
58276,10,72.26,28.33,51.53,50.61,1357.27,1,2331.04
58301,10,71.79,28.32,51.35,50.73,1376.01,1,2332.04
58326,10,71.32,28.36,51.37,50.14,1381.34,1,2333.04
58351,10,70.87,28.42,51.59,49.46,1381.67,1,2334.04
58376,10,70.47,28.5,51.83,49.01,1380.99,1,2335.04
58401,10,70.07,28.61,51.93,48.71,1379.25,1,2336.04
58426,10,69.69,28.65,51.94,48.66,1377.65,1,2337.04
58451,10,69.39,28.66,51.83,48.91,1377.38,1,2338.04
58476,10,68.87,28.87,50.7,49.2,1374.45,1,2339.04
58501,10,68.06,29.24,49.19,49.42,1373.23,1,2340.04
58526,10,67.31,29.71,48.04,49.84,1402.98,1,2341.04
58551,10,66.65,30.14,47.14,50.16,1467.54,1,2342.04
58576,10,65.97,30.46,47.27,50.36,1544.99,1,2343.04
58601,10,65.46,30.83,48.09,50.93,1643.93,1,2344.04
58626,10,65.15,31.16,48.63,51.85,1768.41,1,2345.04
58651,10,65.01,31.49,49.04,53.13,1905.95,1,2346.04
58676,10,64.98,31.8,49.42,54.27,2010.31,1,2347.04
58701,10,64.92,31.97,49.39,55.0,2068.86,1,2348.04
58726,10,64.84,32.11,49.5,55.6,2097.61,1,2349.04
58751,10,64.87,32.36,49.67,55.93,2102.37,1,2350.04
58776,10,64.81,32.52,49.52,55.93,2077.02,1,2351.04
58801,10,64.71,32.6,49.32,55.7,2049.44,1,2352.04
58826,10,64.74,32.62,49.32,54.91,2058.45,1,2353.04
58851,10,64.95,32.59,49.46,53.78,2116.28,1,2354.04
58876,10,65.22,32.62,49.72,52.9,2184.65,1,2355.04
58901,10,65.56,32.74,49.82,53.02,2242.16,1,2356.04
58926,10,65.96,32.77,49.3,53.16,2270.4,1,2357.04
58951,10,66.28,32.73,49.39,53.22,2261.66,1,2358.04
58976,10,66.21,32.85,49.26,52.59,2199.84,1,2359.04
59001,10,65.79,33.22,47.38,51.44,2113.17,1,2360.04
59026,10,65.07,34.04,48.7,50.37,2004.29,1,2361.04
59051,10,63.84,34.95,48.76,48.6,1825.89,1,2362.04
59076,10,61.95,35.96,47.17,45.22,1601.12,1,2363.04
59101,10,59.59,37.62,44.51,43.04,1415.48,1,2364.04
59126,10,57.16,39.84,41.43,43.54,1283.13,1,2365.04
59151,10,54.84,41.72,38.43,44.37,1149.09,1,2366.04
59176,10,52.84,43.3,34.89,43.39,1043.99,1,2367.04
59201,10,51.45,44.19,31.26,40.53,861.47,1,2368.04
59226,10,51.16,44.86,28.04,38.77,712.58,1,2369.04
59251,10,52.03,45.68,26.35,40.66,653.56,1,2370.04
59276,10,52.56,47.16,26.38,44.36,724.9,1,2371.04
59301,10,51.72,48.56,28.1,45.34,822.6,1,2372.04
59326,10,50.12,49.53,31.9,44.25,885.72,1,2373.04
59351,10,48.09,49.46,36.93,41.68,961.05,1,2374.04
59376,10,45.51,47.9,42.46,41.4,1056.3,1,2375.04
59401,10,42.84,45.51,47.46,41.76,1175.16,1,2376.04
59426,10,40.51,42.39,50.47,41.61,1265.84,1,2377.04
59451,10,38.6,38.71,50.12,41.45,1335.18,1,2378.04
59476,10,37.16,34.66,48.48,41.67,1360.6,1,2379.04
59501,10,36.07,30.53,44.88,41.38,1285.58,1,2380.04
59526,10,35.36,26.73,41.47,40.74,1153.32,1,2381.04
59551,10,35.56,23.86,42.48,40.84,1048.22,1,2382.04
59576,10,36.92,22.75,40.0,40.26,952.82,1,2383.04
59601,10,38.89,23.29,36.46,38.78,831.24,1,2384.04
59626,10,40.31,24.95,32.46,37.69,737.98,1,2385.04
59651,10,40.84,27.4,28.2,37.45,756.79,1,2386.04
59676,10,41.55,30.27,27.61,38.31,760.08,1,2387.04
59701,10,43.2,33.19,27.0,39.38,775.29,1,2388.04
59726,10,45.41,35.86,26.66,39.87,790.79,1,2389.04
59751,10,47.72,38.17,26.61,40.86,820.07,1,2390.04
59776,10,50.08,40.16,28.35,42.13,918.35,1,2391.04
59801,10,52.56,41.41,30.84,42.11,973.1,1,2392.04
59826,10,54.67,41.29,31.0,41.45,894.36,1,2393.04
59851,10,56.12,40.14,29.59,40.45,813.3,1,2394.04
59876,10,57.29,39.23,27.92,40.56,725.05,1,2395.04
59901,10,58.55,39.0,26.79,41.26,647.5,1,2396.04
59926,10,59.89,39.16,27.17,42.22,633.98,1,2397.04
59951,10,61.53,39.79,28.16,43.58,669.84,1,2398.04
59976,10,63.78,40.64,29.4,43.89,709.29,1,2399.04
60001,10,66.55,41.37,31.88,43.9,774.02,1,2400.04
60026,10,69.86,42.26,36.0,45.37,913.84,1,2401.04
60051,10,73.78,42.94,40.62,44.71,1061.8,1,2402.04
60076,10,77.89,43.15,44.75,41.63,1155.99,1,2403.04
60101,10,81.69,42.91,48.03,37.83,1204.17,1,2404.04
60126,10,84.31,41.88,48.9,35.73,1245.42,1,2405.04
60151,10,85.09,40.53,49.84,35.6,1270.41,1,2406.04
60176,10,84.63,39.41,49.99,36.54,1272.31,1,2407.04
60201,10,83.66,38.41,49.13,37.86,1285.29,1,2408.04
60226,10,82.45,37.49,47.75,38.87,1300.61,1,2409.04
60251,10,81.14,36.61,45.69,39.95,1321.51,1,2410.04
60276,10,79.77,35.78,45.49,41.54,1357.99,1,2411.04
60301,10,78.46,35.1,45.5,43.68,1430.45,1,2412.04
60326,10,77.29,34.49,45.59,45.92,1520.99,1,2413.04
60351,10,76.14,33.84,45.41,47.91,1593.38,1,2414.04
60376,10,74.98,33.47,45.61,49.79,1665.09,1,2415.04
60401,10,73.86,33.34,47.23,51.52,1739.98,1,2416.04
60426,10,72.7,33.3,48.88,53.15,1802.08,1,2417.04
60451,10,71.54,33.35,50.28,54.47,1847.47,1,2418.04
60476,10,70.43,33.59,51.04,55.03,1850.86,1,2419.04
60501,10,69.44,33.96,51.14,55.11,1810.72,1,2420.04
60526,10,68.56,34.35,50.54,54.85,1747.29,1,2421.04
60551,10,67.67,34.61,49.66,54.67,1776.39,1,2422.04
60576,10,66.82,34.72,48.9,54.89,1820.66,1,2423.04
60601,10,65.98,34.69,47.94,54.93,1861.24,1,2424.04
60626,10,65.16,34.76,46.74,54.65,1893.98,1,2425.04
60651,10,64.29,34.97,45.91,53.9,1901.01,1,2426.04
60676,10,63.28,35.45,45.43,53.67,1869.05,1,2427.04
60701,10,62.12,36.32,45.0,53.94,1786.43,1,2428.04
60726,10,60.84,37.43,44.37,53.69,1725.54,1,2429.04
60751,10,59.47,38.53,43.05,54.46,1644.85,1,2430.04
60776,10,58.15,39.49,41.06,54.79,1534.44,1,2431.04
60801,10,56.91,40.37,38.85,54.36,1405.84,1,2432.04
60826,10,55.74,41.39,36.59,52.78,1268.58,1,2433.04
60851,10,54.78,42.83,34.79,50.85,1169.54,1,2434.04
60876,10,54.1,44.79,34.58,53.61,1170.29,1,2435.04
60901,10,53.38,46.49,35.03,53.97,1193.01,1,2436.04
60926,10,52.7,47.3,34.77,52.33,1148.9,1,2437.04
60951,10,52.11,47.29,33.85,51.62,1133.7,1,2438.04
60976,10,51.13,46.42,32.92,52.57,1205.4,1,2439.04
61001,10,49.74,44.63,32.06,54.31,1275.12,1,2440.04
61026,10,48.07,42.27,32.93,55.83,1291.63,1,2441.04
61051,10,46.18,39.73,33.73,55.96,1308.91,1,2442.04
61076,10,44.15,37.3,34.24,54.87,1339.94,1,2443.04
61101,10,41.93,34.88,34.68,54.43,1417.95,1,2444.04
61126,10,39.53,32.56,38.01,53.37,1546.04,1,2445.04
61151,10,37.17,30.46,42.72,51.96,1643.18,1,2446.04
61176,10,35.85,28.2,43.11,51.25,1574.31,1,2447.04
61201,10,36.25,26.01,39.29,49.5,1343.79,1,2448.04
61226,10,37.94,24.53,33.91,46.38,1090.39,1,2449.04
61251,10,40.31,24.05,31.06,42.49,915.97,1,2450.04
61276,10,43.0,24.03,29.09,39.37,814.19,1,2451.04
61301,10,45.96,23.61,27.0,37.52,741.61,1,2452.04
61326,10,49.51,22.81,26.12,37.3,740.9,1,2453.04
61351,10,53.82,22.27,26.97,36.93,765.86,1,2454.04
61376,10,58.61,22.34,29.32,35.36,785.35,1,2455.04
61401,10,63.26,23.22,31.57,32.98,773.5,1,2456.04
61426,10,67.06,25.06,31.96,30.42,709.45,1,2457.04
61451,10,70.17,27.6,31.79,33.12,663.88,1,2458.04
61476,10,72.63,30.6,32.51,37.74,677.33,1,2459.04
61501,10,74.47,33.64,33.44,42.55,697.15,1,2460.04
61526,10,76.16,36.02,34.39,45.03,788.47,1,2461.04
61551,10,77.57,37.4,34.92,44.06,835.28,1,2462.04
61576,10,78.21,38.01,34.86,42.22,876.39,1,2463.04
61601,10,78.55,38.39,34.55,40.94,855.0,1,2464.04
61626,10,78.92,38.76,33.5,40.23,805.42,1,2465.04
61651,10,79.27,39.01,32.1,39.44,760.13,1,2466.04
61676,10,79.6,39.2,30.67,38.45,717.45,1,2467.04
61701,10,79.87,39.37,29.08,37.53,678.58,1,2468.04
61726,10,80.06,39.42,27.36,37.06,638.02,1,2469.04
61751,10,80.2,39.35,25.88,36.73,592.1,1,2470.04
61776,10,80.43,39.26,24.62,35.91,543.61,1,2471.04
61801,10,80.74,39.23,23.68,35.19,503.44,1,2472.04
61826,10,81.02,39.16,22.87,34.48,464.42,1,2473.04
61851,10,81.35,39.1,22.01,34.43,423.71,1,2474.04
61876,10,81.74,39.03,20.99,35.22,380.98,1,2475.04
61901,10,82.18,38.89,19.6,35.71,353.02,1,2476.04
61926,10,82.72,38.95,18.13,36.0,326.05,1,2477.04
61951,10,83.27,39.34,17.1,36.2,317.6,1,2478.04
61976,10,83.79,39.96,16.51,36.64,323.8,1,2479.04
62001,10,84.35,40.75,15.8,37.43,324.69,1,2480.04
62026,10,84.74,41.3,14.58,36.51,304.67,1,2481.04
62051,10,85.15,41.66,13.22,35.19,274.61,1,2482.04
62076,10,85.55,42.11,12.67,34.56,245.96,1,2483.04
62101,10,85.73,42.44,11.7,34.84,217.56,1,2484.04
62126,10,85.72,42.61,11.56,34.65,210.13,1,2485.04
62151,10,85.67,42.6,11.7,33.82,207.37,1,2486.04
62176,10,85.6,42.23,11.84,33.21,206.91,1,2487.04
62201,10,85.62,42.19,11.69,32.49,200.67,1,2488.04
62226,10,85.55,42.08,12.21,31.74,203.24,1,2489.04
62251,10,85.55,41.6,12.55,32.06,209.63,1,2490.04
62276,10,85.71,41.57,12.0,32.91,202.69,1,2491.04
62301,10,85.85,41.35,11.43,33.56,188.91,1,2492.04
62326,10,86.15,41.16,11.04,33.37,171.36,1,2493.04
62351,10,86.59,40.88,10.65,32.55,160.67,1,2494.04
62376,10,86.86,40.23,9.93,31.58,147.27,1,2495.04
62401,10,87.01,39.52,9.15,30.43,130.48,1,2496.04
62426,10,87.19,38.87,8.26,29.27,112.63,1,2497.04
62451,10,87.36,38.17,7.46,28.38,97.73,1,2498.04
62476,10,87.47,37.48,6.98,27.47,90.38,1,2499.04
62501,10,87.52,36.86,7.02,27.65,85.05,1,2500.04
62526,10,87.6,36.32,7.28,27.69,78.34,1,2501.04
62551,10,87.62,35.71,7.15,28.2,65.56,1,2502.04
62576,10,87.54,35.15,6.99,28.69,53.76,1,2503.04
62601,10,87.6,34.84,7.5,29.42,59.6,1,2504.04
62626,10,87.78,34.42,7.5,29.96,59.83,1,2505.04
62651,10,87.95,34.37,7.17,30.06,51.7,1,2506.04
62676,10,88.55,34.86,8.65,29.77,55.27,1,2507.04
62701,10,90.23,36.15,13.44,28.29,91.74,1,2508.04
62726,10,91.01,37.26,17.43,26.31,111.77,1,2509.04
62751,10,89.14,37.2,18.79,25.28,137.53,1,2510.04
62776,10,86.11,36.46,17.98,25.62,188.15,1,2511.04
62801,10,83.93,35.7,19.12,25.51,276.17,1,2512.04
62826,10,82.74,35.34,21.23,24.24,365.16,1,2513.04
62851,10,81.61,35.59,24.18,24.22,431.52,1,2514.04
62876,10,80.21,36.24,26.39,24.7,466.75,1,2515.04
62901,10,78.81,36.88,28.31,25.22,509.5,1,2516.04
62926,10,77.48,37.47,30.94,26.36,563.4,1,2517.04
62951,10,76.09,37.88,34.25,27.74,634.84,1,2518.04
62976,10,74.67,38.07,37.76,28.85,705.96,1,2519.04
63001,10,73.42,38.07,40.9,29.33,777.11,1,2520.04
63026,10,72.39,37.87,43.14,29.63,848.26,1,2521.04
63051,10,71.49,37.65,45.09,32.14,951.55,1,2522.04
63076,10,70.66,37.49,46.91,35.39,1087.47,1,2523.04
63101,10,69.94,37.28,48.38,38.99,1256.12,1,2524.04
63126,10,69.37,36.98,49.87,43.12,1451.2,1,2525.04
63151,10,68.95,36.69,51.42,47.38,1652.24,1,2526.04
63176,10,68.67,36.29,52.32,51.84,1817.97,1,2527.04
63201,10,68.56,35.84,52.67,56.06,1929.56,1,2528.04
63226,10,68.59,35.67,52.86,59.55,1975.31,1,2529.04
63251,10,68.53,35.92,52.32,61.25,1954.24,1,2530.04
63276,10,68.14,36.59,51.5,60.56,1851.27,1,2531.04
63301,10,67.63,37.46,50.54,59.55,1777.17,1,2532.04
63326,10,67.06,39.05,49.89,59.29,1789.77,1,2533.04
63351,10,66.14,40.6,49.08,58.95,1776.08,1,2534.04
63376,10,64.48,40.96,47.36,58.12,1700.14,1,2535.04
63401,10,62.4,40.03,45.56,56.46,1559.81,1,2536.04
63426,10,60.37,39.19,43.56,54.72,1385.28,1,2537.04
63451,10,58.51,38.73,40.97,53.76,1219.45,1,2538.04
63476,10,56.9,38.47,38.26,54.7,1120.36,1,2539.04
63501,10,55.61,38.59,36.08,56.66,1137.75,1,2540.04
63526,10,55.18,38.54,35.45,58.15,1203.59,1,2541.04
63551,10,55.33,38.21,36.17,58.95,1261.91,1,2542.04
63576,10,55.39,37.9,36.68,59.26,1277.81,1,2543.04
63601,10,55.4,37.66,38.09,59.62,1286.35,1,2544.04
63626,10,55.46,37.55,41.06,60.07,1341.03,1,2545.04
63651,10,55.35,37.54,44.76,60.42,1428.65,1,2546.04
63676,10,54.86,37.48,45.81,60.81,1481.17,1,2547.04
63701,10,54.04,37.36,45.14,61.04,1500.55,1,2548.04
63726,10,52.9,37.37,43.59,60.99,1504.49,1,2549.04
63751,10,51.09,37.6,42.05,61.12,1521.01,1,2550.04
63776,10,48.16,38.01,41.15,61.05,1549.05,1,2551.04
63801,10,44.37,38.75,40.64,59.47,1538.64,1,2552.04
63826,10,40.32,39.63,40.44,56.98,1493.62,1,2553.04
63851,10,36.51,40.24,40.58,54.26,1427.98,1,2554.04
63876,10,33.23,40.43,41.11,50.88,1353.48,1,2555.04
63901,10,30.76,40.21,41.68,45.65,1246.88,1,2556.04
63926,10,29.3,39.95,40.8,40.24,1120.86,1,2557.04
63951,10,28.71,40.06,40.66,35.8,1029.08,1,2558.04
63976,10,28.74,40.97,40.03,35.04,1012.38,1,2559.04
64001,10,29.05,42.51,39.47,38.0,1058.17,1,2560.04
64026,10,29.74,43.99,38.46,39.56,1086.45,1,2561.04
64051,10,30.73,45.29,36.51,40.75,1109.26,1,2562.04
64076,10,31.74,46.21,34.3,42.06,1122.51,1,2563.04
64101,10,33.01,46.45,32.49,43.74,1140.31,1,2564.04
64126,10,34.78,46.06,31.51,46.39,1168.31,1,2565.04
64151,10,36.72,45.27,31.53,49.7,1190.67,1,2566.04
64176,10,38.49,44.57,32.26,53.12,1228.99,1,2567.04
64201,10,39.73,44.38,33.5,55.81,1271.61,1,2568.04
64226,10,40.74,44.49,34.84,56.99,1318.87,1,2569.04
64251,10,42.0,44.49,35.93,57.38,1391.18,1,2570.04
64276,10,43.19,44.49,36.01,57.56,1434.29,1,2571.04
64301,10,43.77,44.57,35.02,57.33,1440.57,1,2572.04
64326,10,43.23,44.56,34.16,56.25,1439.61,1,2573.04
64351,10,41.75,44.53,36.77,52.94,1416.43,1,2574.04
64376,10,40.89,44.01,35.29,46.76,1183.87,1,2575.04
64401,10,40.99,42.86,33.15,39.54,906.89,1,2576.04
64426,10,42.0,41.25,31.43,36.31,743.31,1,2577.04
64451,10,43.89,38.98,30.33,33.78,640.22,1,2578.04
64476,10,46.84,36.29,32.17,33.29,612.22,1,2579.04
64501,10,50.79,33.89,37.12,35.79,680.94,1,2580.04
64526,10,54.97,31.95,41.95,37.24,800.31,1,2581.04
64551,10,58.5,29.86,45.41,37.25,969.22,1,2582.04
64576,10,61.46,27.92,47.79,40.01,1158.29,1,2583.04
64601,10,64.24,27.02,48.96,43.86,1370.51,1,2584.04
64626,10,66.6,27.1,48.66,47.48,1525.99,1,2585.04
64651,10,68.16,27.19,46.18,49.65,1534.8,1,2586.04
64676,10,68.65,26.75,42.08,49.74,1406.21,1,2587.04
64701,10,67.73,26.34,38.09,49.3,1310.28,1,2588.04
64726,10,65.46,26.0,36.2,48.9,1274.25,1,2589.04
64751,10,62.51,26.22,37.68,48.59,1302.21,1,2590.04
64776,10,59.33,27.06,39.21,48.5,1315.91,1,2591.04
64801,10,56.15,27.92,39.62,48.68,1274.72,1,2592.04
64826,10,53.01,29.29,39.24,49.16,1217.67,1,2593.04
64851,10,49.85,31.37,38.67,49.43,1174.01,1,2594.04
64876,10,46.61,33.37,37.6,48.77,1141.12,1,2595.04
64901,10,43.31,34.82,36.21,46.6,1092.56,1,2596.04
64926,10,40.18,35.84,36.69,43.81,1066.22,1,2597.04
64951,10,37.54,36.95,37.92,41.7,1080.36,1,2598.04
64976,10,35.57,38.44,38.23,40.58,1136.2,1,2599.04
65001,10,34.33,39.83,37.45,42.86,1161.47,1,2600.04
65026,10,33.54,40.89,37.03,43.86,1168.3,1,2601.04
65051,10,33.3,41.89,35.38,42.73,1118.16,1,2602.04
65076,10,33.58,42.72,33.12,39.7,1023.18,1,2603.04
65101,10,33.86,43.04,33.17,36.85,950.65,1,2604.04
65126,10,34.26,42.64,33.68,34.48,887.5,1,2605.04
65151,10,35.38,41.76,33.3,32.63,809.5,1,2606.04
65176,10,37.58,41.29,31.32,32.37,746.87,1,2607.04
65201,10,40.76,41.72,29.79,33.62,721.07,1,2608.04
65226,10,44.69,42.62,29.22,35.31,745.38,1,2609.04
65251,10,49.14,43.46,30.52,36.5,797.58,1,2610.04
65276,10,53.86,43.61,32.41,36.15,831.87,1,2611.04
65301,10,58.43,43.27,33.46,34.34,824.65,1,2612.04
65326,10,62.49,42.98,33.5,32.41,789.22,1,2613.04
65351,10,66.02,42.66,33.41,30.43,725.77,1,2614.04
65376,10,69.49,42.27,33.69,27.87,653.08,1,2615.04
65401,10,72.89,41.6,34.07,25.11,583.93,1,2616.04
65426,10,75.54,40.48,34.24,24.27,527.7,1,2617.04
65451,10,77.86,40.07,34.59,23.83,530.03,1,2618.04
65476,10,80.61,40.38,36.15,23.71,579.27,1,2619.04
65501,10,83.73,40.32,38.66,23.55,645.13,1,2620.04
65526,10,86.4,39.76,40.67,24.01,680.14,1,2621.04
65551,10,88.14,38.6,41.01,26.23,689.31,1,2622.04
65576,10,89.04,36.86,40.54,29.34,695.01,1,2623.04
65601,10,89.52,35.2,39.87,32.8,681.48,1,2624.04
65626,10,89.83,33.88,39.25,36.37,685.28,1,2625.04
65651,10,89.56,32.78,36.86,38.71,650.86,1,2626.04
65676,10,88.72,31.91,32.62,38.14,565.69,1,2627.04
65701,10,88.0,31.08,30.6,35.96,496.56,1,2628.04
65726,10,87.24,30.17,29.52,34.39,496.05,1,2629.04
65751,10,85.36,29.32,29.2,32.89,530.55,1,2630.04
65776,10,82.37,28.61,28.67,31.15,593.68,1,2631.04
65801,10,78.8,27.83,28.6,30.59,646.5,1,2632.04
65826,10,75.12,26.89,28.56,32.51,668.63,1,2633.04
65851,10,72.0,25.58,29.44,34.4,659.13,1,2634.04
65876,10,69.92,24.16,28.11,35.37,615.89,1,2635.04
65901,10,68.87,22.97,26.18,35.47,575.62,1,2636.04
65926,10,68.21,22.24,25.47,35.84,609.9,1,2637.04
65951,10,67.22,22.34,25.4,36.43,638.35,1,2638.04
65976,10,65.9,23.69,24.83,37.36,660.19,1,2639.04
66001,10,64.48,25.81,24.97,38.36,723.91,1,2640.04
66026,10,63.07,27.93,26.55,39.25,790.33,1,2641.04
66051,10,61.9,29.87,27.21,40.32,844.56,1,2642.04
66076,10,60.74,31.06,28.15,41.52,886.53,1,2643.04
66101,10,59.35,31.2,29.57,42.66,929.55,1,2644.04
66126,10,57.82,30.45,30.39,43.59,972.36,1,2645.04
66151,10,56.28,29.32,30.33,44.06,984.43,1,2646.04
66176,10,54.89,28.05,31.65,44.4,968.25,1,2647.04
66201,10,54.0,26.23,31.95,42.92,926.72,1,2648.04
66226,10,53.91,24.25,31.76,41.86,876.94,1,2649.04
66251,10,53.96,22.84,30.97,42.13,823.26,1,2650.04
66276,10,53.61,22.06,30.04,42.45,793.99,1,2651.04
66301,10,53.28,21.52,29.34,43.38,784.77,1,2652.04
66326,10,53.27,21.12,28.44,43.49,759.34,1,2653.04
66351,10,53.5,20.65,27.68,43.07,723.41,1,2654.04
66376,10,53.89,20.09,26.98,42.33,690.74,1,2655.04
66401,10,54.41,19.54,26.53,41.58,669.1,1,2656.04
66426,10,54.94,19.11,27.1,40.87,661.63,1,2657.04
66451,10,55.38,18.75,27.68,39.86,660.0,1,2658.04
66476,10,55.62,18.46,28.2,38.65,652.47,1,2659.04
66501,10,55.53,18.21,28.3,37.79,632.7,1,2660.04
66526,10,55.19,17.89,29.04,37.88,629.04,1,2661.04
66551,10,54.87,17.51,29.59,38.35,647.69,1,2662.04
66576,10,54.98,17.13,29.69,39.07,652.43,1,2663.04
66601,10,55.4,16.76,29.25,38.88,640.14,1,2664.04
66626,10,55.83,16.66,28.47,37.38,585.95,1,2665.04
66651,10,56.2,16.74,27.92,35.82,532.02,1,2666.04
66676,10,56.47,16.58,27.26,35.44,510.71,1,2667.04
66701,10,56.73,16.16,26.82,35.54,513.13,1,2668.04
66726,10,56.86,15.96,26.38,35.62,506.81,1,2669.04
66751,10,57.22,15.99,26.3,35.44,532.37,1,2670.04
66776,10,58.3,15.86,27.81,35.91,572.37,1,2671.04
66801,10,59.55,15.4,29.66,37.97,624.2,1,2672.04
66826,10,60.36,14.94,31.28,40.7,665.54,1,2673.04
66851,10,60.78,14.69,33.07,42.26,721.11,1,2674.04
66876,10,61.17,14.72,35.62,42.79,792.42,1,2675.04
66901,10,61.5,14.94,37.97,42.94,856.43,1,2676.04
66926,10,61.48,15.34,38.66,43.34,917.41,1,2677.04
66951,10,61.03,16.23,37.82,44.43,956.37,1,2678.04
66976,10,60.45,17.51,37.27,46.17,1013.35,1,2679.04
67001,10,60.29,19.13,38.5,48.72,1128.4,1,2680.04
67026,10,60.37,21.15,41.62,51.99,1305.56,1,2681.04
67051,10,60.28,23.39,43.63,55.4,1479.83,1,2682.04
67076,10,59.87,25.55,43.6,58.5,1597.45,1,2683.04
67101,10,59.45,27.37,42.96,60.84,1677.27,1,2684.04
67126,10,58.79,28.76,42.02,62.28,1718.13,1,2685.04
67151,10,57.25,29.84,39.84,63.03,1694.93,1,2686.04
67176,10,55.13,30.86,37.36,63.08,1650.85,1,2687.04
67201,10,52.77,32.16,37.53,62.71,1625.57,1,2688.04
67226,10,50.97,33.88,38.89,61.6,1599.67,1,2689.04
67251,10,50.96,35.84,39.45,59.18,1565.01,1,2690.04
67276,10,53.11,37.63,39.13,55.12,1497.11,1,2691.04
67301,10,56.72,38.83,39.28,49.83,1398.28,1,2692.04
67326,10,61.18,39.66,40.14,46.37,1280.68,1,2693.04
67351,10,66.11,40.32,40.91,43.11,1196.72,1,2694.04
67376,10,71.14,40.69,43.16,39.99,1161.33,1,2695.04
67401,10,75.85,40.82,45.8,37.17,1126.76,1,2696.04
67426,10,80.14,40.74,46.85,34.44,1059.2,1,2697.04
67451,10,83.92,40.47,46.62,31.63,962.44,1,2698.04
67476,10,87.14,40.21,48.48,29.53,910.04,1,2699.04
67501,10,89.48,39.17,48.89,28.56,887.87,1,2700.04
67526,10,90.86,37.64,48.6,27.91,850.8,1,2701.04
67551,10,91.36,36.91,47.14,28.02,807.65,1,2702.04
67576,10,91.04,36.45,44.79,29.86,783.11,1,2703.04
67601,10,90.7,35.2,42.07,32.17,747.57,1,2704.04
67626,10,91.0,33.7,40.66,32.31,647.83,1,2705.04
67651,10,91.77,32.46,40.86,31.07,533.32,1,2706.04
67676,10,91.91,31.73,40.65,30.74,503.76,1,2707.04
67701,10,90.71,31.41,39.41,29.67,486.46,1,2708.04
67726,10,87.96,31.0,39.21,27.8,494.72,1,2709.04
67751,10,84.29,30.7,39.38,29.21,550.19,1,2710.04
67776,10,80.45,30.91,39.63,31.54,679.65,1,2711.04
67801,10,76.98,31.96,39.38,34.2,821.75,1,2712.04
67826,10,74.19,33.83,37.36,37.47,972.24,1,2713.04
67851,10,71.86,36.31,37.95,41.02,1096.84,1,2714.04
67876,10,69.65,38.94,39.05,46.52,1165.08,1,2715.04
67901,10,67.1,40.92,39.83,51.35,1191.39,1,2716.04
67926,10,64.22,41.98,40.31,51.44,1157.99,1,2717.04
67951,10,61.23,42.18,41.53,49.12,1155.54,1,2718.04
67976,10,58.09,41.34,43.25,48.55,1179.15,1,2719.04
68001,10,55.0,39.95,44.55,48.77,1226.06,1,2720.04
68026,10,52.7,38.19,43.83,48.88,1241.5,1,2721.04
68051,10,51.7,36.35,41.17,48.25,1197.49,1,2722.04
68076,10,51.88,34.91,38.86,47.47,1145.69,1,2723.04
68101,10,52.83,33.9,38.28,46.75,1093.99,1,2724.04
68126,10,53.93,32.86,36.82,45.96,1046.0,1,2725.04
68151,10,55.02,32.08,34.72,45.14,991.6,1,2726.04
68176,10,56.2,31.64,33.55,43.94,948.34,1,2727.04
68201,10,56.79,31.29,32.99,42.78,939.48,1,2728.04
68226,10,56.17,31.27,33.29,42.67,980.14,1,2729.04
68251,10,54.73,31.53,33.56,43.17,1065.57,1,2730.04
68276,10,52.89,32.04,34.06,43.85,1151.71,1,2731.04
68301,10,51.06,32.65,33.93,45.01,1207.3,1,2732.04
68326,10,49.55,33.19,33.24,46.38,1231.1,1,2733.04
68351,10,48.31,33.81,33.05,47.91,1253.86,1,2734.04
68376,10,47.21,34.26,32.85,49.47,1276.4,1,2735.04
68401,10,46.01,34.54,32.61,50.66,1272.75,1,2736.04
68426,10,44.66,34.74,32.89,51.48,1266.06,1,2737.04
68451,10,43.74,35.03,34.14,50.54,1253.39,1,2738.04
68476,10,43.97,35.64,35.73,48.03,1196.11,1,2739.04
68501,10,45.01,35.81,37.07,44.71,1094.07,1,2740.04
68526,10,46.2,35.23,37.48,40.29,955.26,1,2741.04
68551,10,47.02,34.56,37.08,35.47,816.18,1,2742.04
68576,10,47.44,34.6,36.06,33.73,742.25,1,2743.04
68601,10,48.12,35.83,35.06,34.85,745.05,1,2744.04
68626,10,49.22,37.73,34.34,36.57,826.7,1,2745.04
68651,10,50.23,39.77,34.06,38.29,929.54,1,2746.04
68676,10,50.41,41.39,33.81,40.61,990.87,1,2747.04
68701,10,49.37,41.99,32.98,41.81,963.79,1,2748.04
68726,10,47.82,41.35,33.17,41.35,895.13,1,2749.04
68751,10,46.61,39.84,30.96,40.94,861.87,1,2750.04
68776,10,45.93,37.77,27.96,40.43,821.97,1,2751.04
68801,10,45.74,35.21,26.51,41.59,853.86,1,2752.04
68826,10,45.77,32.05,26.75,44.18,901.65,1,2753.04
68851,10,45.61,28.84,26.21,44.75,914.29,1,2754.04
68876,10,45.54,25.97,27.18,46.18,912.94,1,2755.04
68901,10,46.31,23.41,29.77,47.77,954.51,1,2756.04
68926,10,48.24,21.79,33.19,47.9,1048.44,1,2757.04
68951,10,50.97,21.16,37.19,46.87,1163.87,1,2758.04
68976,10,53.64,20.77,38.33,45.43,1228.02,1,2759.04
69001,10,55.49,20.16,38.45,44.64,1225.77,1,2760.04
69026,10,56.5,19.75,38.22,44.72,1203.99,1,2761.04
69051,10,56.83,20.04,36.43,44.75,1167.5,1,2762.04
69076,10,57.41,20.81,34.65,43.96,1106.84,1,2763.04
69101,10,58.95,22.02,34.15,42.15,1045.74,1,2764.04
69126,10,61.24,23.91,34.39,41.22,1014.86,1,2765.04
69151,10,64.19,26.2,34.78,40.9,1004.52,1,2766.04
69176,10,67.71,28.44,35.73,39.63,984.14,1,2767.04
69201,10,71.49,30.26,37.34,36.36,941.4,1,2768.04
69226,10,75.14,31.75,40.33,33.11,894.45,1,2769.04
69251,10,78.7,32.87,44.16,31.12,871.99,1,2770.04
69276,10,81.96,33.91,47.95,29.62,853.63,1,2771.04
69301,10,84.11,34.84,49.92,29.19,866.96,1,2772.04
69326,10,84.73,35.07,49.77,30.85,934.65,1,2773.04
69351,10,84.34,34.91,48.16,34.05,1034.85,1,2774.04
69376,10,83.34,34.55,46.23,37.8,1141.25,1,2775.04
69401,10,81.82,33.97,46.06,40.99,1218.14,1,2776.04
69426,10,79.87,33.22,45.89,43.36,1277.99,1,2777.04
69451,10,77.6,32.39,44.82,45.37,1328.71,1,2778.04
69476,10,75.12,31.52,41.99,47.07,1351.61,1,2779.04
69501,10,72.57,30.75,38.05,48.19,1334.07,1,2780.04
69526,10,70.01,30.41,37.49,48.22,1279.86,1,2781.04
69551,10,67.58,30.72,37.8,47.92,1223.37,1,2782.04
69576,10,65.53,31.3,36.93,48.17,1146.73,1,2783.04
69601,10,63.44,31.97,35.1,48.91,1125.31,1,2784.04
69626,10,61.15,32.35,32.97,50.85,1159.68,1,2785.04
69651,10,59.01,31.98,30.98,50.84,1160.34,1,2786.04
69676,10,56.99,31.0,29.96,51.79,1145.72,1,2787.04
69701,10,54.8,29.86,29.87,53.27,1135.67,1,2788.04
69726,10,52.25,28.77,30.77,53.83,1126.86,1,2789.04
69751,10,49.26,27.97,31.65,53.2,1107.9,1,2790.04
69776,10,45.98,27.59,32.75,51.16,1098.95,1,2791.04
69801,10,42.64,27.29,34.41,49.12,1120.83,1,2792.04
69826,10,39.39,26.77,35.39,47.18,1155.12,1,2793.04
69851,10,36.27,26.26,37.28,44.09,1183.57,1,2794.04
69876,10,33.27,26.06,39.93,42.8,1247.62,1,2795.04
69901,10,30.37,26.13,44.4,41.39,1319.05,1,2796.04
69926,10,28.05,26.33,47.58,40.39,1400.93,1,2797.04
69951,10,27.37,26.27,48.11,39.68,1355.78,1,2798.04
69976,10,27.39,26.77,47.57,38.91,1344.45,1,2799.04
70001,10,27.83,27.37,46.55,37.58,1306.33,1,2800.04
70026,10,28.48,28.02,45.27,36.07,1265.63,1,2801.04
70051,10,29.26,28.7,43.99,35.8,1227.11,1,2802.04
70076,10,30.14,29.35,42.63,36.23,1185.87,1,2803.04
70101,10,31.08,29.99,41.34,37.33,1149.03,1,2804.04
70126,10,32.06,30.56,40.2,37.93,1112.97,1,2805.04
70151,10,33.03,31.03,39.06,37.95,1069.14,1,2806.04
70176,10,33.94,31.49,38.23,37.44,1026.93,1,2807.04
70201,10,34.94,31.88,37.53,36.56,990.4,1,2808.04
70226,10,36.03,32.17,36.69,35.74,958.3,1,2809.04
70251,10,37.11,32.47,35.71,35.06,937.76,1,2810.04
70276,10,38.14,32.81,34.63,34.78,931.06,1,2811.04
70301,10,39.17,33.15,33.68,35.09,921.55,1,2812.04
70326,10,40.14,33.56,32.9,35.24,899.4,1,2813.04
70351,10,40.98,34.01,32.08,35.26,869.77,1,2814.04
70376,10,41.8,34.34,30.98,35.5,842.95,1,2815.04
70401,10,42.66,34.44,30.17,35.93,809.26,1,2816.04
70426,10,43.52,34.34,29.6,35.89,768.18,1,2817.04
70451,10,44.29,34.15,28.87,36.16,741.41,1,2818.04
70476,10,44.67,33.67,28.42,37.3,749.41,1,2819.04
70501,10,44.35,32.56,28.59,38.88,779.15,1,2820.04
70526,10,43.65,31.05,29.82,40.01,807.29,1,2821.04
70551,10,43.35,29.45,31.76,39.83,802.36,1,2822.04
70576,10,43.49,27.87,31.91,39.17,778.4,1,2823.04
70601,10,43.86,26.35,31.1,38.2,758.92,1,2824.04
70626,10,44.31,24.89,29.84,36.84,750.16,1,2825.04
70651,10,44.78,23.47,28.55,35.32,733.53,1,2826.04
70676,10,45.21,22.03,27.23,36.26,711.83,1,2827.04
70701,10,45.61,20.67,25.81,36.83,684.2,1,2828.04
70726,10,46.0,19.35,24.41,36.36,640.63,1,2829.04
70751,10,46.38,18.02,23.0,35.73,595.97,1,2830.04
70776,10,46.75,16.7,21.61,35.22,553.14,1,2831.04
70801,10,47.06,15.57,20.21,33.5,499.64,1,2832.04
70826,10,47.31,14.42,19.01,31.75,447.45,1,2833.04
70851,10,47.5,13.25,17.97,30.01,395.34,1,2834.04
70876,10,47.74,12.11,16.79,28.33,347.07,1,2835.04
70901,10,48.0,10.95,15.55,27.28,303.9,1,2836.04
70926,10,48.28,9.89,14.3,25.61,261.82,1,2837.04
70951,10,48.59,8.81,13.23,23.86,225.39,1,2838.04
70976,10,48.93,7.7,12.43,22.11,193.26,1,2839.04
71001,10,49.28,6.61,11.54,20.38,163.34,1,2840.04
71026,10,49.43,5.66,10.64,18.62,132.44,1,2841.04
71051,10,49.62,4.89,9.62,16.76,97.6,1,2842.04
71076,10,50.01,3.89,8.52,14.93,74.7,1,2843.04
71101,10,50.42,2.91,7.46,13.14,54.75,1,2844.04
71126,10,50.77,2.28,7.24,11.95,42.99,1,2845.04
71151,10,50.97,1.58,7.29,11.95,33.58,1,2846.04
71176,10,51.12,0.92,7.52,11.95,27.53,1,2847.04
71201,10,51.73,0.42,7.7,11.95,24.14,1,2848.04
71226,10,51.95,0.08,7.77,11.95,24.95,1,2849.04
71251,10,52.0,-0.14,7.77,11.95,24.85,1,2850.04
71276,10,65.19,33.67,49.17,59.67,920.31,2,2851.04
71301,10,61.47,35.58,17.39,40.8,480.62,2,2852.04
71326,10,61.35,35.6,16.7,41.45,484.08,2,2853.04
71351,10,61.2,35.58,16.59,42.31,488.31,2,2854.04
71376,10,61.04,35.5,16.45,42.69,490.51,2,2855.04
71401,10,60.95,35.37,16.08,42.87,488.19,2,2856.04
71426,10,60.85,35.12,15.69,43.19,484.85,2,2857.04
71451,10,60.77,34.89,15.33,43.08,474.05,2,2858.04
71476,10,60.73,34.75,15.16,42.39,463.07,2,2859.04
71501,10,60.72,34.67,15.14,41.73,458.73,2,2860.04
71526,10,60.78,34.64,15.02,41.64,457.11,2,2861.04
71551,10,60.79,34.56,14.84,41.63,452.86,2,2862.04
71576,10,60.71,34.5,14.36,41.6,444.17,2,2863.04
71601,10,60.62,34.47,13.76,41.56,435.9,2,2864.04
71626,10,60.56,34.44,13.35,41.51,430.63,2,2865.04
71651,10,60.55,34.45,13.35,41.38,430.94,2,2866.04
71676,10,60.59,34.42,13.89,41.4,438.69,2,2867.04
71701,10,60.63,34.45,14.28,41.4,447.08,2,2868.04
71726,10,60.68,34.5,14.35,41.58,450.98,2,2869.04
71751,10,60.73,34.54,14.36,41.73,452.47,2,2870.04
71776,10,60.77,34.61,14.3,41.95,458.12,2,2871.04
71801,10,60.77,34.61,14.55,42.06,467.45,2,2872.04
71826,10,60.75,34.54,14.9,42.11,473.81,2,2873.04
71851,10,60.72,34.51,15.06,42.23,474.45,2,2874.04
71876,10,60.75,34.6,15.13,42.62,476.99,2,2875.04
71901,10,60.78,34.69,15.23,43.03,479.74,2,2876.04
71926,10,60.76,34.68,15.34,43.09,480.81,2,2877.04
71951,10,60.71,34.61,15.52,43.1,483.93,2,2878.04
71976,10,60.64,34.6,15.62,43.13,488.05,2,2879.04
72001,10,60.6,34.64,15.62,42.94,491.49,2,2880.04
72026,10,60.61,34.66,15.63,42.8,495.9,2,2881.04
72051,10,60.61,34.63,15.53,42.62,501.07,2,2882.04
72076,10,60.63,34.53,15.57,42.41,502.45,2,2883.04
72101,10,60.67,34.39,15.78,42.25,505.89,2,2884.04
72126,10,60.61,34.28,15.66,41.93,506.0,2,2885.04
72151,10,60.29,34.2,16.72,41.24,533.08,2,2886.04
72176,10,59.58,33.75,21.48,40.14,625.75,2,2887.04
72201,10,59.41,32.14,25.29,39.79,711.85,2,2888.04
72226,10,60.04,29.83,27.99,39.19,744.15,2,2889.04
72251,10,60.51,28.1,29.17,40.96,752.51,2,2890.04
72276,10,59.48,27.33,29.61,45.33,828.98,2,2891.04
72301,10,56.86,27.44,31.09,49.6,939.64,2,2892.04
72326,10,53.47,27.84,33.56,52.89,1068.85,2,2893.04
72351,10,49.99,27.83,35.09,53.9,1134.72,2,2894.04
72376,10,46.59,27.2,35.42,52.65,1116.23,2,2895.04
72401,10,43.32,26.77,35.02,51.34,1156.96,2,2896.04
72426,10,40.84,26.71,34.02,52.1,1183.32,2,2897.04
72451,10,39.61,26.3,32.59,54.49,1172.97,2,2898.04
72476,10,38.72,25.65,31.64,56.21,1155.68,2,2899.04
72501,10,37.24,25.43,31.14,55.91,1123.37,2,2900.04
72526,10,35.7,25.64,29.68,54.97,1099.7,2,2901.04
72551,10,34.76,25.91,28.34,55.75,1096.75,2,2902.04
72576,10,34.56,25.75,27.06,56.94,1049.32,2,2903.04
72601,10,35.73,25.27,28.01,53.98,965.27,2,2904.04
72626,10,38.57,24.59,31.11,48.48,898.67,2,2905.04
72651,10,42.38,23.57,35.43,45.25,919.65,2,2906.04
72676,10,46.35,22.47,39.82,44.46,1027.69,2,2907.04
72701,10,50.11,22.1,43.47,44.42,1170.85,2,2908.04
72726,10,53.26,22.07,43.58,45.61,1281.28,2,2909.04
72751,10,55.9,22.03,42.39,47.91,1353.48,2,2910.04
72776,10,57.61,22.64,38.61,49.1,1357.09,2,2911.04
72801,10,58.44,23.84,37.15,50.49,1360.1,2,2912.04
72826,10,58.69,24.95,37.19,53.6,1412.54,2,2913.04
72851,10,58.47,26.05,38.53,56.71,1476.12,2,2914.04
72876,10,57.85,27.45,38.64,59.22,1527.8,2,2915.04
72901,10,57.06,28.89,37.87,61.48,1560.22,2,2916.04
72926,10,55.91,30.61,35.81,62.96,1582.93,2,2917.04
72951,10,54.07,32.57,35.56,63.56,1585.61,2,2918.04
72976,10,51.59,34.43,36.56,63.68,1562.69,2,2919.04
73001,10,48.8,36.23,36.57,63.83,1482.82,2,2920.04
73026,10,46.35,37.94,36.0,63.87,1397.09,2,2921.04
73051,10,44.74,39.61,35.13,63.35,1332.03,2,2922.04
73076,10,43.31,41.11,35.19,62.33,1350.4,2,2923.04
73101,10,41.41,42.26,35.74,60.74,1415.7,2,2924.04
73126,10,39.89,43.23,35.28,58.4,1413.87,2,2925.04
73151,10,39.23,43.74,33.39,57.17,1341.02,2,2926.04
73176,10,38.83,43.55,31.09,58.31,1241.56,2,2927.04
73201,10,38.23,42.56,29.33,59.29,1163.95,2,2928.04
73226,10,37.55,41.05,28.66,59.48,1152.72,2,2929.04
73251,10,36.64,39.3,29.34,58.81,1155.86,2,2930.04
73276,10,35.46,37.41,30.38,57.9,1165.23,2,2931.04
73301,10,34.23,35.54,30.71,56.75,1166.86,2,2932.04
73326,10,33.07,33.79,31.03,56.11,1158.03,2,2933.04
73351,10,31.51,32.12,31.97,55.12,1153.02,2,2934.04
73376,10,29.45,30.58,33.59,53.08,1146.64,2,2935.04
73401,10,27.19,29.26,35.85,50.97,1158.82,2,2936.04
73426,10,25.02,28.16,37.94,48.61,1152.98,2,2937.04
73451,10,23.69,27.22,38.57,46.98,1139.27,2,2938.04
73476,10,23.21,26.56,38.19,45.59,1098.65,2,2939.04
73501,10,23.1,26.08,37.8,44.24,1040.57,2,2940.04
73526,10,23.08,25.56,37.33,43.7,988.79,2,2941.04
73551,10,23.0,25.0,36.68,43.62,938.73,2,2942.04
73576,10,22.98,24.52,35.93,43.43,892.13,2,2943.04
73601,10,23.09,24.02,34.91,43.08,859.61,2,2944.04
73626,10,23.27,23.39,34.06,43.8,861.76,2,2945.04
73651,10,23.46,22.86,33.54,44.46,867.4,2,2946.04
73676,10,23.67,22.45,33.27,44.99,871.46,2,2947.04
73701,10,24.12,21.98,33.27,45.65,891.01,2,2948.04
73726,10,25.15,21.67,33.06,46.68,913.39,2,2949.04
73751,10,26.72,22.02,32.68,47.91,913.89,2,2950.04
73776,10,28.32,22.69,32.17,49.97,939.36,2,2951.04
73801,10,29.34,23.21,31.88,51.72,946.27,2,2952.04
73826,10,29.47,23.38,31.71,52.97,928.58,2,2953.04
73851,10,29.03,23.56,31.63,53.51,919.82,2,2954.04
73876,10,28.34,24.24,32.67,53.39,941.32,2,2955.04
73901,10,27.62,24.85,35.27,52.73,1013.11,2,2956.04
73926,10,27.59,24.56,36.25,51.12,1031.34,2,2957.04
73951,10,28.31,23.7,35.17,51.05,1005.48,2,2958.04
73976,10,29.16,22.91,33.99,52.37,990.74,2,2959.04
74001,10,29.95,22.19,33.34,53.46,985.34,2,2960.04
74026,10,30.62,21.56,33.1,53.26,978.94,2,2961.04
74051,10,31.15,20.86,32.93,52.14,970.82,2,2962.04
74076,10,31.61,20.02,32.97,51.49,973.41,2,2963.04
74101,10,32.08,19.39,32.93,50.72,982.07,2,2964.04
74126,10,32.32,19.1,32.31,49.64,1003.64,2,2965.04
74151,10,32.51,19.06,34.81,48.55,1057.64,2,2966.04
74176,10,33.28,19.32,37.39,49.37,1142.1,2,2967.04
74201,10,34.81,20.4,38.17,51.26,1198.82,2,2968.04
74226,10,36.52,22.15,37.46,53.69,1218.63,2,2969.04
74251,10,38.13,24.04,35.67,57.08,1211.04,2,2970.04
74276,10,39.67,25.51,33.35,60.46,1236.49,2,2971.04
74301,10,41.04,26.3,31.34,62.26,1267.65,2,2972.04
74326,10,42.01,26.61,31.6,62.63,1263.39,2,2973.04
74351,10,42.62,26.79,33.01,62.65,1259.49,2,2974.04
74376,10,43.12,27.0,35.21,62.05,1297.22,2,2975.04
74401,10,43.62,27.43,36.87,62.01,1348.27,2,2976.04
74426,10,44.07,28.25,36.83,63.02,1359.41,2,2977.04
74451,10,44.12,28.82,35.6,63.71,1336.1,2,2978.04
74476,10,43.53,28.7,33.85,62.99,1286.07,2,2979.04
74501,10,42.41,28.09,31.56,61.28,1224.69,2,2980.04
74526,10,40.95,27.1,29.61,59.84,1199.58,2,2981.04
74551,10,39.77,25.93,28.75,58.54,1229.25,2,2982.04
74576,10,39.92,24.8,29.7,56.92,1290.78,2,2983.04
74601,10,41.5,24.15,30.98,56.52,1346.43,2,2984.04
74626,10,43.79,24.46,32.14,57.7,1364.21,2,2985.04
74651,10,46.11,25.38,32.97,59.33,1366.27,2,2986.04
74676,10,48.13,26.55,33.42,60.47,1347.08,2,2987.04
74701,10,49.86,27.8,33.67,61.48,1332.43,2,2988.04
74726,10,51.55,28.85,32.53,62.75,1348.76,2,2989.04
74751,10,53.21,29.53,30.65,64.01,1376.25,2,2990.04
74776,10,54.4,30.19,29.28,64.59,1373.94,2,2991.04
74801,10,54.62,30.92,29.56,64.28,1312.83,2,2992.04
74826,10,53.98,31.58,30.29,63.42,1266.7,2,2993.04
74851,10,52.98,32.66,29.65,62.54,1196.23,2,2994.04
74876,10,51.58,34.47,28.2,62.25,1121.17,2,2995.04
74901,10,49.81,36.99,28.29,61.91,1130.43,2,2996.04
74926,10,48.4,39.56,29.18,61.38,1151.03,2,2997.04
74951,10,47.56,41.67,29.8,61.49,1157.45,2,2998.04
74976,10,47.29,43.32,30.16,61.54,1155.34,2,2999.04
75001,10,47.2,44.53,30.43,60.61,1130.09,2,3000.04
75026,10,47.01,45.42,30.87,58.35,1116.31,2,3001.04
75051,10,46.61,46.25,31.14,57.95,1168.2,2,3002.04
75076,10,45.84,46.86,31.73,59.55,1264.74,2,3003.04
75101,10,44.55,47.04,34.77,60.51,1372.33,2,3004.04
75126,10,42.54,47.12,39.39,59.65,1457.99,2,3005.04
75151,10,39.98,47.04,41.47,54.91,1399.1,2,3006.04
75176,10,37.15,46.5,40.71,49.04,1241.99,2,3007.04
75201,10,34.21,45.36,40.65,44.59,1128.72,2,3008.04
75226,10,31.44,43.87,42.33,40.42,1136.75,2,3009.04
75251,10,29.11,42.24,41.73,37.05,1105.47,2,3010.04
75276,10,27.54,40.6,40.61,35.77,1068.27,2,3011.04
75301,10,26.72,39.39,43.14,36.12,1092.64,2,3012.04
75326,10,27.11,38.78,45.12,35.32,1100.36,2,3013.04
75351,10,28.57,38.24,44.1,34.7,1060.87,2,3014.04
75376,10,30.48,37.31,40.51,32.4,963.78,2,3015.04
75401,10,32.94,35.58,36.38,29.36,859.38,2,3016.04
75426,10,36.31,33.41,35.52,32.71,894.06,2,3017.04
75451,10,40.24,31.29,37.17,37.22,972.15,2,3018.04
75476,10,44.08,29.17,38.27,40.82,1033.93,2,3019.04
75501,10,47.24,27.07,37.39,42.69,1012.99,2,3020.04
75526,10,49.65,25.21,35.19,42.81,952.1,2,3021.04
75551,10,51.78,24.08,33.02,42.34,858.24,2,3022.04
75576,10,53.81,24.24,30.83,41.25,742.93,2,3023.04
75601,10,55.38,25.26,28.74,40.9,641.34,2,3024.04
75626,10,56.13,26.88,26.85,42.53,638.23,2,3025.04
75651,10,56.28,29.04,25.53,43.9,677.59,2,3026.04
75676,10,56.46,31.41,24.79,44.59,698.04,2,3027.04
75701,10,57.36,33.77,24.8,44.65,688.61,2,3028.04
75726,10,59.53,35.74,26.04,44.39,677.45,2,3029.04
75751,10,62.61,37.21,27.98,44.59,686.06,2,3030.04
75776,10,65.68,38.5,29.6,45.24,725.68,2,3031.04
75801,10,68.3,39.43,30.9,44.36,757.44,2,3032.04
75826,10,70.49,39.84,31.81,41.37,766.24,2,3033.04
75851,10,72.25,39.97,32.36,38.55,812.57,2,3034.04
75876,10,72.94,39.76,31.19,38.19,823.85,2,3035.04
75901,10,72.73,39.21,29.55,37.31,758.64,2,3036.04
75926,10,72.39,38.72,27.8,37.73,689.08,2,3037.04
75951,10,72.13,38.59,26.57,37.8,654.16,2,3038.04
75976,10,71.72,38.8,25.65,37.8,629.05,2,3039.04
76001,10,71.53,38.72,25.47,37.07,615.66,2,3040.04
76026,10,71.95,38.14,25.44,35.01,590.23,2,3041.04
76051,10,72.21,37.3,25.11,34.02,562.07,2,3042.04
76076,10,71.9,36.25,23.69,34.93,532.12,2,3043.04
76101,10,72.12,34.63,21.7,36.08,513.32,2,3044.04
76126,10,73.25,32.66,20.46,37.26,513.64,2,3045.04
76151,10,74.82,30.61,21.25,38.88,548.8,2,3046.04
76176,10,76.43,28.72,23.01,40.34,581.32,2,3047.04
76201,10,77.38,27.04,24.32,41.69,578.4,2,3048.04
76226,10,77.32,25.81,23.94,41.33,541.78,2,3049.04
76251,10,77.78,25.17,22.69,38.3,571.69,2,3050.04
76276,10,80.18,24.75,26.04,34.71,676.08,2,3051.04
76301,10,83.81,24.54,32.6,33.47,798.15,2,3052.04
76326,10,87.17,24.47,37.14,32.4,876.91,2,3053.04
76351,10,89.36,24.69,38.79,30.13,865.79,2,3054.04
76376,10,90.5,25.29,37.1,26.48,777.48,2,3055.04
76401,10,91.28,25.73,33.61,23.2,660.3,2,3056.04
76426,10,91.92,25.93,29.6,20.77,541.38,2,3057.04
76451,10,92.52,26.11,26.5,18.84,423.82,2,3058.04
76476,10,93.09,26.52,24.69,17.01,319.16,2,3059.04
76501,10,93.68,27.03,23.57,15.36,240.8,2,3060.04
76526,10,94.17,27.58,22.9,13.82,182.12,2,3061.04
76551,10,94.5,28.18,21.01,12.6,133.25,2,3062.04
76576,10,94.74,28.84,19.61,11.93,113.71,2,3063.04
76601,10,95.01,29.46,18.66,10.98,99.4,2,3064.04
76626,10,95.17,30.13,18.43,9.82,87.25,2,3065.04
76651,10,95.24,30.68,18.07,9.6,89.11,2,3066.04
76676,10,95.05,31.14,17.45,11.05,104.43,2,3067.04
76701,10,94.75,31.41,17.15,13.61,130.0,2,3068.04
76726,10,94.49,31.6,16.96,15.85,161.66,2,3069.04
76751,10,94.2,31.7,17.0,17.66,186.8,2,3070.04
76776,10,93.94,31.53,16.82,19.49,213.45,2,3071.04
76801,10,93.96,31.1,17.29,20.97,233.63,2,3072.04
76826,10,94.22,30.59,17.54,22.14,247.04,2,3073.04
76851,10,94.5,30.13,18.11,23.04,259.31,2,3074.04
76876,10,94.71,29.89,18.48,24.07,272.77,2,3075.04
76901,10,94.8,29.81,17.75,25.09,278.76,2,3076.04
76926,10,94.93,29.75,16.56,25.78,281.94,2,3077.04
76951,10,95.25,29.66,16.16,26.3,292.6,2,3078.04
76976,10,95.74,29.42,15.89,26.61,296.35,2,3079.04
77001,10,96.25,29.03,14.92,26.57,277.55,2,3080.04
77026,10,96.85,28.34,14.32,25.19,251.52,2,3081.04
77051,10,96.77,27.38,12.92,23.98,215.56,2,3082.04
77076,10,95.81,26.61,13.78,21.07,188.32,2,3083.04
77101,10,94.53,26.44,15.67,20.89,196.86,2,3084.04
77126,10,92.75,26.79,17.85,22.87,228.42,2,3085.04
77151,10,90.48,27.2,20.08,25.67,268.48,2,3086.04
77176,10,88.0,27.98,22.69,28.44,336.13,2,3087.04
77201,10,85.56,28.99,25.91,31.32,427.52,2,3088.04
77226,10,83.28,29.84,29.53,34.58,554.47,2,3089.04
77251,10,81.19,30.55,33.48,37.59,700.64,2,3090.04
77276,10,79.34,31.2,37.32,40.33,865.31,2,3091.04
77301,10,77.73,31.87,40.84,43.35,1074.11,2,3092.04
77326,10,76.25,32.58,43.83,46.6,1271.5,2,3093.04
77351,10,74.89,33.39,45.92,48.5,1446.96,2,3094.04
77376,10,73.78,34.19,47.09,49.61,1588.63,2,3095.04
77401,10,73.01,34.78,48.4,50.39,1717.54,2,3096.04
77426,10,72.46,35.22,49.69,51.15,1849.7,2,3097.04
77451,10,71.99,35.64,50.53,53.87,1988.76,2,3098.04
77476,10,71.55,36.11,50.97,56.35,2109.74,2,3099.04
77501,10,71.16,36.61,51.76,58.41,2214.66,2,3100.04
77526,10,70.47,37.39,51.5,59.23,2239.84,2,3101.04
77551,10,69.05,38.63,48.95,56.77,2081.95,2,3102.04
77576,10,67.32,40.02,46.24,52.76,1829.27,2,3103.04
77601,10,65.67,41.22,43.67,49.42,1588.38,2,3104.04
77626,10,64.21,41.69,40.45,47.64,1385.18,2,3105.04
77651,10,62.72,41.55,37.35,47.4,1250.67,2,3106.04
77676,10,61.02,41.45,34.7,47.55,1159.31,2,3107.04
77701,10,59.16,41.47,32.81,47.2,1072.98,2,3108.04
77726,10,57.09,41.42,31.74,46.72,1020.54,2,3109.04
77751,10,54.71,41.28,32.39,46.2,1011.86,2,3110.04
77776,10,52.12,41.1,33.79,45.78,1025.63,2,3111.04
77801,10,49.63,40.74,35.4,45.69,1053.94,2,3112.04
77826,10,47.46,40.02,36.99,46.54,1089.94,2,3113.04
77851,10,45.72,38.94,38.68,47.74,1125.64,2,3114.04
77876,10,44.46,37.67,40.65,48.12,1151.5,2,3115.04
77901,10,43.81,36.66,41.2,47.94,1147.89,2,3116.04
77926,10,43.73,36.57,39.8,47.51,1126.2,2,3117.04
77951,10,43.9,37.7,37.94,47.22,1110.1,2,3118.04
77976,10,44.01,39.61,35.61,47.31,1093.2,2,3119.04
78001,10,43.83,41.36,32.5,47.58,1081.81,2,3120.04
78026,10,43.11,42.01,30.91,47.32,1065.91,2,3121.04
78051,10,41.93,41.48,33.15,46.71,1097.56,2,3122.04
78076,10,40.84,40.15,36.83,45.97,1160.58,2,3123.04
78101,10,40.42,38.14,38.61,45.51,1197.52,2,3124.04
78126,10,41.17,35.56,38.04,46.22,1197.69,2,3125.04
78151,10,43.29,32.89,37.13,47.78,1172.97,2,3126.04
78176,10,46.55,30.69,36.86,48.12,1128.9,2,3127.04
78201,10,50.52,28.97,36.97,46.27,1058.86,2,3128.04
78226,10,54.63,27.83,37.07,42.27,937.03,2,3129.04
78251,10,58.19,27.34,36.25,37.76,796.37,2,3130.04
78276,10,60.75,27.58,33.88,37.29,677.56,2,3131.04
78301,10,61.95,28.49,31.65,37.26,606.28,2,3132.04
78326,10,61.61,29.46,29.41,37.14,552.71,2,3133.04
78351,10,60.69,30.17,28.75,36.71,527.63,2,3134.04
78376,10,59.87,30.79,28.0,36.31,517.74,2,3135.04
78401,10,58.97,31.39,27.45,35.57,516.56,2,3136.04
78426,10,58.09,31.78,27.52,33.73,504.1,2,3137.04
78451,10,57.1,32.03,27.63,33.27,487.46,2,3138.04
78476,10,55.65,32.24,27.44,35.01,502.04,2,3139.04
78501,10,53.85,32.18,27.56,38.15,542.57,2,3140.04
78526,10,51.88,31.67,29.16,41.39,632.37,2,3141.04
78551,10,49.73,31.0,32.18,44.54,755.19,2,3142.04
78576,10,47.86,30.56,34.31,47.49,882.08,2,3143.04
78601,10,46.54,30.38,34.42,50.26,970.39,2,3144.04
78626,10,45.31,30.37,33.08,52.6,1022.06,2,3145.04
78651,10,44.07,30.29,32.32,53.7,1032.5,2,3146.04
78676,10,43.09,29.92,31.82,53.05,1045.74,2,3147.04
78701,10,42.6,29.4,31.86,52.36,1095.45,2,3148.04
78726,10,42.64,29.27,32.42,52.26,1151.33,2,3149.04
78751,10,42.93,29.75,33.26,52.96,1197.52,2,3150.04
78776,10,43.32,30.67,32.98,54.58,1223.82,2,3151.04
78801,10,43.7,31.85,32.42,56.21,1240.76,2,3152.04
78826,10,44.1,33.36,32.28,57.75,1268.9,2,3153.04
78851,10,44.19,34.95,32.14,58.87,1308.51,2,3154.04
78876,10,43.91,36.36,32.4,59.01,1314.86,2,3155.04
78901,10,43.46,37.68,34.24,58.92,1317.02,2,3156.04
78926,10,42.54,39.03,36.68,59.16,1314.2,2,3157.04
78951,10,40.93,40.22,37.37,59.39,1258.46,2,3158.04
78976,10,39.37,40.52,37.47,59.84,1263.23,2,3159.04
79001,10,38.64,39.63,37.07,59.84,1276.95,2,3160.04
79026,10,38.34,38.1,35.84,58.06,1253.48,2,3161.04
79051,10,38.11,36.27,34.33,55.94,1203.54,2,3162.04
79076,10,38.39,34.51,33.37,54.29,1199.11,2,3163.04
79101,10,39.32,32.94,33.61,54.01,1216.95,2,3164.04
79126,10,40.46,31.5,34.32,55.47,1261.01,2,3165.04
79151,10,41.59,30.63,34.34,57.3,1273.44,2,3166.04
79176,10,42.56,30.5,33.71,58.95,1252.31,2,3167.04
79201,10,43.31,30.74,32.94,60.74,1226.75,2,3168.04
79226,10,43.92,31.12,32.1,62.6,1218.65,2,3169.04
79251,10,44.5,31.59,31.23,64.16,1233.37,2,3170.04
79276,10,45.17,31.9,30.32,65.07,1245.08,2,3171.04
79301,10,45.94,32.14,30.12,65.48,1256.91,2,3172.04
79326,10,46.19,32.91,30.25,64.93,1262.86,2,3173.04
79351,10,45.23,34.36,30.42,62.75,1257.89,2,3174.04
79376,10,43.65,36.01,31.08,60.43,1257.33,2,3175.04
79401,10,42.13,37.64,30.97,58.7,1224.84,2,3176.04
79426,10,40.83,39.34,30.09,56.79,1131.25,2,3177.04
79451,10,39.81,41.24,29.12,54.69,1048.99,2,3178.04
79476,10,39.04,43.14,28.75,52.41,987.39,2,3179.04
79501,10,38.47,44.88,29.88,49.59,919.74,2,3180.04
79526,10,38.02,46.49,31.51,47.24,873.23,2,3181.04
79551,10,37.52,47.93,33.02,46.35,884.79,2,3182.04
79576,10,36.98,49.11,33.54,46.13,892.5,2,3183.04
79601,10,36.42,49.96,33.63,44.52,871.6,2,3184.04
79626,10,36.21,50.76,34.18,43.39,857.0,2,3185.04
79651,10,36.2,51.37,34.99,41.98,848.72,2,3186.04
79676,10,36.08,51.9,35.06,40.18,816.59,2,3187.04
79701,10,35.28,52.52,34.78,39.71,785.73,2,3188.04
79726,10,34.37,52.81,35.2,39.68,786.94,2,3189.04
79751,10,34.3,52.22,35.6,39.42,760.34,2,3190.04
79776,10,35.22,50.84,35.69,38.91,722.4,2,3191.04
79801,10,36.37,48.87,35.32,38.38,716.01,2,3192.04
79826,10,37.76,46.15,34.06,38.08,707.03,2,3193.04
79851,10,39.48,43.04,32.48,39.16,719.36,2,3194.04
79876,10,41.15,39.62,31.18,41.96,798.2,2,3195.04
79901,10,42.69,36.07,30.5,44.77,851.05,2,3196.04
79926,10,43.61,33.21,31.47,46.4,885.72,2,3197.04
79951,10,43.54,31.57,30.21,46.71,855.14,2,3198.04
79976,10,42.91,30.92,28.49,45.99,823.82,2,3199.04
80001,10,41.99,30.23,30.62,45.81,826.36,2,3200.04
80026,10,40.84,28.91,33.07,46.42,854.47,2,3201.04
80051,10,39.46,27.44,34.9,47.17,876.63,2,3202.04
80076,10,38.24,26.08,35.37,46.05,871.73,2,3203.04
80101,10,37.6,25.13,34.6,43.83,825.77,2,3204.04
80126,10,38.21,24.5,32.81,42.43,778.85,2,3205.04
80151,10,40.62,24.26,31.21,40.42,740.47,2,3206.04
80176,10,44.43,24.28,30.4,40.89,709.15,2,3207.04
80201,10,48.9,24.42,30.59,40.53,705.56,2,3208.04
80226,10,53.51,24.93,31.65,38.06,698.41,2,3209.04
80251,10,57.93,26.15,33.25,34.12,672.31,2,3210.04
80276,10,62.14,28.12,35.27,30.64,655.06,2,3211.04
80301,10,66.35,30.07,37.52,29.6,657.24,2,3212.04
80326,10,70.46,31.48,38.12,27.12,639.55,2,3213.04
80351,10,74.02,32.57,38.86,21.89,568.05,2,3214.04
80376,10,77.11,32.95,39.53,18.09,516.98,2,3215.04
80401,10,79.57,33.09,38.88,17.13,467.37,2,3216.04
80426,10,81.14,33.21,38.35,17.19,454.1,2,3217.04
80451,10,81.87,32.64,37.78,17.61,525.63,2,3218.04
80476,10,81.62,32.03,33.34,18.41,528.11,2,3219.04
80501,10,80.8,31.83,27.34,19.22,456.87,2,3220.04
80526,10,79.96,31.4,25.58,24.07,426.33,2,3221.04
80551,10,79.78,30.33,24.97,29.43,425.02,2,3222.04
80576,10,80.57,29.33,25.59,33.06,440.79,2,3223.04
80601,10,82.02,28.58,26.77,34.83,474.66,2,3224.04
80626,10,83.45,27.69,27.57,34.77,499.31,2,3225.04
80651,10,83.88,26.7,26.91,33.94,480.2,2,3226.04
80676,10,83.28,25.81,25.27,34.34,454.53,2,3227.04
80701,10,82.05,25.14,24.04,35.83,474.79,2,3228.04
80726,10,80.1,24.66,24.96,37.22,528.25,2,3229.04
80751,10,77.31,24.99,27.74,38.0,609.94,2,3230.04
80776,10,74.26,26.52,30.22,39.3,687.36,2,3231.04
80801,10,71.59,28.96,31.7,41.35,740.8,2,3232.04
80826,10,69.26,31.82,31.87,41.43,737.56,2,3233.04
80851,10,67.14,34.58,29.72,41.52,723.17,2,3234.04
80876,10,65.4,37.24,28.0,42.23,717.79,2,3235.04
80901,10,64.81,39.46,27.32,41.96,704.98,2,3236.04
80926,10,65.61,40.88,26.85,40.51,688.34,2,3237.04
80951,10,67.43,41.75,27.51,38.81,689.12,2,3238.04
80976,10,69.93,42.38,28.92,37.81,718.01,2,3239.04
81001,10,72.78,42.81,30.71,37.64,773.88,2,3240.04
81026,10,75.71,42.96,33.44,37.37,830.19,2,3241.04
81051,10,78.28,42.88,36.06,35.98,862.41,2,3242.04
81076,10,79.88,42.65,37.42,32.54,826.89,2,3243.04
81101,10,80.54,42.6,37.49,29.14,767.72,2,3244.04
81126,10,81.02,42.76,36.32,30.12,753.25,2,3245.04
81151,10,81.81,43.1,34.76,31.85,794.36,2,3246.04
81176,10,82.68,43.74,34.85,35.37,863.02,2,3247.04
81201,10,82.32,44.76,34.93,37.27,877.88,2,3248.04
81226,10,80.72,45.68,32.27,37.49,802.61,2,3249.04
81251,10,78.57,45.9,28.34,37.39,687.69,2,3250.04
81276,10,75.88,45.43,25.07,37.76,632.28,2,3251.04
81301,10,73.07,43.87,24.49,38.59,679.89,2,3252.04
81326,10,70.85,41.06,25.86,39.91,754.77,2,3253.04
81351,10,69.45,37.68,26.25,42.03,815.02,2,3254.04
81376,10,68.66,34.2,25.71,43.57,846.58,2,3255.04
81401,10,67.9,31.11,25.31,43.43,846.08,2,3256.04
81426,10,66.99,28.98,25.09,40.61,790.69,2,3257.04
81451,10,66.26,27.63,24.69,41.38,706.38,2,3258.04
81476,10,66.07,26.27,24.41,41.66,653.49,2,3259.04
81501,10,67.06,24.76,25.02,42.08,663.05,2,3260.04
81526,10,69.85,24.01,28.02,38.55,751.52,2,3261.04
81551,10,74.14,24.14,34.66,32.78,837.48,2,3262.04
81576,10,78.62,24.65,40.02,29.86,902.34,2,3263.04
81601,10,82.09,25.44,43.81,28.16,922.59,2,3264.04
81626,10,84.18,26.0,44.18,27.11,876.84,2,3265.04
81651,10,85.31,26.33,42.43,25.84,782.57,2,3266.04
81676,10,86.12,26.65,40.13,24.34,691.01,2,3267.04
81701,10,86.95,27.0,37.84,22.83,612.85,2,3268.04
81726,10,87.88,27.46,34.6,21.65,525.57,2,3269.04
81751,10,88.94,27.93,31.99,20.39,436.72,2,3270.04
81776,10,89.91,28.58,30.48,18.72,357.62,2,3271.04
81801,10,90.73,29.24,29.43,16.77,303.58,2,3272.04
81826,10,91.53,29.76,28.35,15.85,263.23,2,3273.04
81851,10,92.14,30.19,27.0,15.06,230.25,2,3274.04
81876,10,92.63,30.4,25.81,14.41,199.07,2,3275.04
81901,10,93.09,30.63,24.81,12.77,158.68,2,3276.04
81926,10,93.45,30.49,23.42,10.77,125.15,2,3277.04
81951,10,93.72,30.44,21.74,11.19,108.56,2,3278.04
81976,10,94.04,30.38,20.14,11.4,106.3,2,3279.04
82001,10,94.32,30.21,18.74,12.24,108.42,2,3280.04
82026,10,94.65,30.12,17.65,14.19,122.8,2,3281.04
82051,10,94.85,30.12,16.85,16.45,151.65,2,3282.04
82076,10,94.98,30.17,15.84,18.56,177.06,2,3283.04
82101,10,95.17,30.1,14.94,19.77,195.78,2,3284.04
82126,10,95.41,30.01,14.19,20.71,205.79,2,3285.04
82151,10,95.72,29.97,14.26,21.95,223.71,2,3286.04
82176,10,95.99,29.99,14.8,23.0,241.39,2,3287.04
82201,10,96.05,30.12,14.94,23.78,249.51,2,3288.04
82226,10,96.04,30.25,15.38,24.89,259.14,2,3289.04
82251,10,96.08,30.27,15.49,24.97,261.65,2,3290.04
82276,10,95.99,30.3,15.11,25.32,260.82,2,3291.04
82301,10,95.9,30.28,14.67,26.06,262.58,2,3292.04
82326,10,95.85,30.19,14.5,26.5,261.19,2,3293.04
82351,10,95.81,30.19,14.37,25.77,251.26,2,3294.04
82376,10,95.75,30.45,14.27,25.12,244.84,2,3295.04
82401,10,95.85,30.5,14.79,26.75,242.31,2,3296.04
82426,10,95.97,30.97,15.6,26.79,230.52,2,3297.04
82451,10,95.63,32.53,15.55,28.18,243.31,2,3298.04
82476,10,95.36,34.07,17.29,29.68,276.18,2,3299.04
82501,10,95.5,35.03,19.91,29.04,323.89,2,3300.04
82526,10,95.07,36.37,21.91,28.18,355.54,2,3301.04
82551,10,94.0,38.03,23.21,29.33,381.06,2,3302.04
82576,10,92.86,39.16,23.58,30.05,407.19,2,3303.04
82601,10,91.39,39.84,23.64,29.69,408.44,2,3304.04
82626,10,89.7,40.36,23.68,28.69,411.15,2,3305.04
82651,10,87.83,40.88,23.58,27.26,458.59,2,3306.04
82676,10,85.74,41.3,25.29,26.64,515.68,2,3307.04
82701,10,83.55,41.49,29.22,28.99,591.61,2,3308.04
82726,10,81.26,41.51,32.45,33.45,695.17,2,3309.04
82751,10,79.0,41.43,34.34,37.85,814.5,2,3310.04
82776,10,76.96,41.25,36.75,41.55,926.96,2,3311.04
82801,10,75.15,41.09,38.55,44.55,1029.8,2,3312.04
82826,10,73.6,41.03,39.61,47.23,1145.57,2,3313.04
82851,10,72.34,40.82,40.46,49.9,1283.74,2,3314.04
82876,10,71.2,40.43,41.21,52.3,1409.73,2,3315.04
82901,10,69.9,40.1,41.4,53.97,1493.34,2,3316.04
82926,10,68.61,39.85,40.91,54.77,1524.64,2,3317.04
82951,10,67.47,39.8,42.18,55.09,1557.07,2,3318.04
82976,10,66.44,40.05,43.31,55.42,1639.68,2,3319.04
83001,10,65.65,39.97,44.0,55.93,1723.67,2,3320.04
83026,10,65.08,39.6,45.02,57.11,1786.24,2,3321.04
83051,10,64.44,39.63,44.89,58.9,1803.22,2,3322.04
83076,10,63.56,40.11,43.65,60.26,1758.06,2,3323.04
83101,10,62.53,40.76,41.95,61.28,1661.6,2,3324.04
83126,10,61.46,41.42,40.2,62.06,1550.19,2,3325.04
83151,10,60.14,41.93,38.67,62.26,1463.67,2,3326.04
83176,10,58.22,41.91,37.2,61.93,1416.01,2,3327.04
83201,10,55.75,41.78,36.51,61.22,1370.82,2,3328.04
83226,10,52.87,42.04,37.71,59.86,1343.82,2,3329.04
83251,10,49.73,42.34,38.66,57.77,1329.62,2,3330.04
83276,10,46.65,42.79,38.5,54.73,1259.59,2,3331.04
83301,10,43.91,43.59,37.47,53.45,1237.87,2,3332.04
83326,10,42.01,44.21,35.45,54.62,1259.03,2,3333.04
83351,10,40.69,43.96,32.75,56.95,1244.56,2,3334.04
83376,10,39.39,42.81,30.49,59.15,1212.93,2,3335.04
83401,10,38.19,41.2,29.28,60.91,1210.47,2,3336.04
83426,10,37.26,39.44,29.33,61.63,1210.32,2,3337.04
83451,10,36.58,37.6,29.79,62.1,1207.7,2,3338.04
83476,10,35.89,35.75,30.37,61.88,1189.16,2,3339.04
83501,10,34.79,34.18,31.51,60.35,1162.64,2,3340.04
83526,10,33.35,32.96,33.2,57.9,1155.68,2,3341.04
83551,10,32.1,32.04,34.43,53.91,1198.79,2,3342.04
83576,10,31.47,30.96,35.29,49.6,1170.84,2,3343.04
83601,10,31.34,30.0,35.26,50.9,1115.42,2,3344.04
83626,10,31.42,29.47,34.11,53.39,1114.5,2,3345.04
83651,10,31.45,29.16,34.93,54.47,1130.59,2,3346.04
83676,10,31.8,28.84,36.41,54.27,1174.29,2,3347.04
83701,10,33.0,28.61,36.47,54.07,1201.64,2,3348.04
83726,10,34.98,28.66,35.61,53.83,1193.02,2,3349.04
83751,10,37.18,29.09,33.54,53.35,1135.59,2,3350.04
83776,10,38.9,29.86,29.38,53.12,1017.04,2,3351.04
83801,10,39.75,30.73,26.79,54.55,925.57,2,3352.04
83826,10,39.74,31.33,25.5,55.66,903.45,2,3353.04
83851,10,39.13,31.76,26.83,55.85,949.48,2,3354.04
83876,10,37.83,32.5,27.13,55.46,978.6,2,3355.04
83901,10,35.9,33.59,29.26,55.49,1046.69,2,3356.04
83926,10,33.53,34.73,32.65,55.12,1129.15,2,3357.04
83951,10,30.6,35.57,37.12,52.75,1204.32,2,3358.04
83976,10,27.8,36.24,40.86,50.39,1232.44,2,3359.04
84001,10,26.39,37.49,42.53,48.33,1208.49,2,3360.04
84026,10,26.59,39.19,41.11,44.71,1096.26,2,3361.04
84051,10,27.64,40.5,38.57,40.86,975.15,2,3362.04
84076,10,28.97,41.12,37.39,38.16,885.05,2,3363.04
84101,10,30.31,41.35,36.59,36.38,812.6,2,3364.04
84126,10,31.56,41.26,35.9,34.92,775.36,2,3365.04
84151,10,32.76,41.01,35.18,33.86,739.01,2,3366.04
84176,10,33.81,40.68,34.49,33.06,703.98,2,3367.04
84201,10,34.83,40.36,33.86,32.62,673.3,2,3368.04
84226,10,35.94,40.02,33.11,32.97,649.95,2,3369.04
84251,10,37.04,39.7,32.22,33.54,632.13,2,3370.04
84276,10,38.12,39.46,32.04,34.37,620.16,2,3371.04
84301,10,39.14,39.27,31.93,35.16,615.39,2,3372.04
84326,10,40.16,39.15,31.57,35.83,622.49,2,3373.04
84351,10,41.19,39.17,30.84,36.47,631.8,2,3374.04
84376,10,42.18,39.24,29.86,36.9,639.88,2,3375.04
84401,10,43.04,39.39,29.31,37.39,659.55,2,3376.04
84426,10,43.77,39.71,29.36,38.17,695.36,2,3377.04
84451,10,44.43,40.23,29.11,39.43,732.61,2,3378.04
84476,10,44.96,41.15,28.54,41.16,751.34,2,3379.04
84501,10,45.35,42.48,27.29,43.01,727.53,2,3380.04
84526,10,45.77,43.91,25.37,43.96,703.58,2,3381.04
84551,10,46.52,44.73,24.12,43.55,630.14,2,3382.04
84576,10,47.59,44.46,22.71,42.63,544.66,2,3383.04
84601,10,48.09,43.16,25.09,42.26,539.6,2,3384.04
84626,10,47.9,40.92,28.32,42.73,631.81,2,3385.04
84651,10,47.24,38.42,30.64,43.83,733.57,2,3386.04
84676,10,46.7,35.95,31.2,45.33,798.29,2,3387.04
84701,10,46.98,33.37,30.27,46.45,838.72,2,3388.04
84726,10,47.93,30.9,29.1,47.28,859.2,2,3389.04
84751,10,48.63,28.85,28.21,47.76,875.88,2,3390.04
84776,10,47.92,27.6,28.0,47.69,912.74,2,3391.04
84801,10,46.06,27.42,30.17,46.66,932.38,2,3392.04
84826,10,44.17,27.69,31.37,45.17,913.96,2,3393.04
84851,10,43.51,27.41,30.09,43.31,860.8,2,3394.04
84876,10,44.57,26.17,27.7,41.27,882.82,2,3395.04
84901,10,46.64,24.32,29.06,45.1,956.65,2,3396.04
84926,10,48.82,22.59,30.78,47.19,1022.05,2,3397.04
84951,10,50.61,21.49,30.76,47.64,1021.04,2,3398.04
84976,10,51.92,20.94,30.73,46.21,971.77,2,3399.04
85001,10,52.84,20.47,31.42,43.8,925.72,2,3400.04
85026,10,53.38,19.91,32.46,42.23,906.23,2,3401.04
85051,10,53.62,19.49,33.23,41.01,904.24,2,3402.04
85076,10,53.61,19.32,33.37,39.98,903.0,2,3403.04
85101,10,53.44,19.19,32.82,39.55,885.45,2,3404.04
85126,10,53.33,19.08,32.03,39.07,860.29,2,3405.04
85151,10,53.4,19.02,31.51,38.45,840.73,2,3406.04
85176,10,53.56,18.95,31.51,38.35,827.34,2,3407.04
85201,10,53.71,18.87,31.65,38.85,818.02,2,3408.04
85226,10,53.83,18.84,31.88,38.97,812.54,2,3409.04
85251,10,53.93,18.92,32.29,38.12,805.08,2,3410.04
85276,10,54.03,19.0,32.57,37.98,801.04,2,3411.04
85301,10,54.12,19.0,32.53,37.92,794.51,2,3412.04
85326,10,54.2,18.91,32.18,38.71,788.68,2,3413.04
85351,10,54.34,18.76,31.64,39.05,770.88,2,3414.04
85376,10,54.6,18.61,31.33,38.37,743.0,2,3415.04
85401,10,54.89,18.44,31.07,37.89,719.72,2,3416.04
85426,10,55.13,18.24,30.84,37.39,700.56,2,3417.04
85451,10,55.37,17.97,30.87,36.98,688.09,2,3418.04
85476,10,55.6,17.74,31.11,36.63,679.97,2,3419.04
85501,10,55.81,17.56,31.46,36.32,674.15,2,3420.04
85526,10,55.96,17.37,31.75,36.21,671.47,2,3421.04
85551,10,56.04,17.2,31.66,36.05,672.5,2,3422.04
85576,10,56.1,17.18,31.16,35.94,680.82,2,3423.04
85601,10,56.15,17.18,30.7,35.84,682.16,2,3424.04
85626,10,56.18,17.23,30.51,35.92,684.97,2,3425.04
85651,10,56.2,17.46,30.66,36.01,699.51,2,3426.04
85676,10,56.16,17.59,30.96,36.26,721.96,2,3427.04
85701,10,56.07,17.05,30.67,36.64,678.16,2,3428.04
85726,10,55.86,16.98,30.22,36.84,660.35,2,3429.04
85751,10,55.62,17.0,29.4,36.53,634.83,2,3430.04
85776,10,55.48,17.07,28.26,36.12,595.82,2,3431.04
85801,10,55.56,17.03,27.45,35.27,569.0,2,3432.04
85826,10,55.94,16.8,27.17,34.11,550.82,2,3433.04
85851,10,56.44,16.51,26.98,32.86,526.43,2,3434.04
85876,10,56.8,16.3,26.65,32.21,499.21,2,3435.04
85901,10,57.04,16.17,26.17,32.52,477.85,2,3436.04
85926,10,56.86,16.14,26.15,33.92,496.2,2,3437.04
85951,10,55.68,16.36,26.91,35.59,547.58,2,3438.04
85976,10,53.7,17.0,28.24,36.44,598.63,2,3439.04
86001,10,52.7,17.8,28.52,35.97,609.48,2,3440.04
86026,10,53.31,18.8,27.95,34.99,580.8,2,3441.04
86051,10,53.93,19.97,28.03,34.95,552.24,2,3442.04
86076,10,53.68,20.34,26.68,34.92,487.16,2,3443.04
86101,10,52.59,20.2,25.89,37.62,485.78,2,3444.04
86126,10,50.57,20.85,27.69,41.94,593.86,2,3445.04
86151,10,48.1,22.46,29.94,46.19,718.28,2,3446.04
86176,10,45.45,24.27,31.03,50.18,828.72,2,3447.04
86201,10,42.86,25.94,31.22,53.24,945.57,2,3448.04
86226,10,40.52,27.61,31.04,55.1,1042.24,2,3449.04
86251,10,38.4,29.78,30.73,55.88,1149.84,2,3450.04
86276,10,36.48,32.34,31.89,55.45,1259.02,2,3451.04
86301,10,34.66,34.72,32.79,53.75,1317.6,2,3452.04
86326,10,33.36,36.61,31.89,51.84,1290.48,2,3453.04
86351,10,33.25,37.66,29.85,52.26,1216.44,2,3454.04
86376,10,34.03,37.69,28.36,53.92,1148.33,2,3455.04
86401,10,35.1,36.96,27.85,55.76,1112.87,2,3456.04
86426,10,35.74,35.7,28.09,57.64,1112.24,2,3457.04
86451,10,35.48,34.25,28.24,59.35,1095.09,2,3458.04
86476,10,34.4,32.94,27.67,60.7,1029.77,2,3459.04
86501,10,32.97,31.79,27.37,60.97,954.39,2,3460.04
86526,10,31.47,30.78,28.99,59.7,934.31,2,3461.04
86551,10,30.21,29.71,31.28,58.16,988.32,2,3462.04
86576,10,29.57,28.79,32.07,56.1,1009.42,2,3463.04
86601,10,29.52,27.92,32.71,53.38,994.56,2,3464.04
86626,10,29.66,27.03,33.82,51.01,998.0,2,3465.04
86651,10,29.78,26.44,33.57,50.64,992.02,2,3466.04
86676,10,30.01,26.38,31.77,52.45,948.5,2,3467.04
86701,10,30.41,26.78,30.76,54.62,940.48,2,3468.04
86726,10,30.45,27.6,31.29,55.93,1022.79,2,3469.04
86751,10,29.85,29.1,32.34,57.18,1073.0,2,3470.04
86776,10,28.77,30.97,32.29,58.2,1109.85,2,3471.04
86801,10,27.39,32.79,34.82,57.34,1164.34,2,3472.04
86826,10,25.98,34.44,38.35,54.58,1192.78,2,3473.04
86851,10,24.68,35.69,42.03,51.09,1217.52,2,3474.04
86876,10,23.77,36.72,44.28,47.58,1218.21,2,3475.04
86901,10,23.22,37.53,45.05,43.78,1165.61,2,3476.04
86926,10,22.73,38.14,44.45,39.89,1074.03,2,3477.04
86951,10,22.34,38.74,42.69,37.6,1026.61,2,3478.04
86976,10,21.88,39.12,40.47,38.22,981.01,2,3479.04
87001,10,21.26,39.3,37.87,39.06,912.91,2,3480.04
87026,10,20.52,39.34,34.65,40.0,827.18,2,3481.04
87051,10,19.73,39.28,31.07,41.07,733.92,2,3482.04
87076,10,18.9,39.15,29.79,42.24,643.33,2,3483.04
87101,10,18.16,38.89,28.33,42.61,563.96,2,3484.04
87126,10,17.56,38.57,25.63,41.95,484.97,2,3485.04
87151,10,17.05,38.28,24.35,41.1,466.16,2,3486.04
87176,10,16.57,37.98,23.81,40.4,485.62,2,3487.04
87201,10,16.19,37.66,24.71,39.9,515.15,2,3488.04
87226,10,15.86,37.4,26.11,39.32,542.75,2,3489.04
87251,10,15.44,37.19,27.41,38.56,572.05,2,3490.04
87276,10,14.9,37.0,28.81,37.67,596.15,2,3491.04
87301,10,14.33,36.86,30.12,36.95,619.9,2,3492.04
87326,10,13.82,36.8,31.47,37.77,649.26,2,3493.04
87351,10,13.4,36.76,32.77,37.47,663.79,2,3494.04
87376,10,13.2,36.74,33.54,37.03,666.51,2,3495.04
87401,10,13.19,36.89,34.67,36.93,677.74,2,3496.04
87426,10,13.2,37.67,35.83,37.52,691.71,2,3497.04
87451,10,12.51,38.46,36.85,38.25,741.9,2,3498.04
87476,10,11.48,38.72,39.8,38.95,833.26,2,3499.04
87501,10,11.38,38.85,42.23,38.85,904.49,2,3500.04
87526,10,12.17,39.34,43.28,37.76,878.28,2,3501.04
87551,10,13.39,40.69,43.78,35.63,809.14,2,3502.04
87576,10,14.86,42.6,45.89,32.59,748.47,2,3503.04
87601,10,16.68,44.3,45.66,29.37,673.62,2,3504.04
87626,10,18.44,45.91,44.09,27.02,600.99,2,3505.04
87651,10,20.18,47.58,41.37,26.14,541.33,2,3506.04
87676,10,21.72,49.12,38.4,25.57,488.35,2,3507.04
87701,10,22.98,50.47,35.4,25.55,444.71,2,3508.04
87726,10,23.99,51.74,32.55,25.25,401.23,2,3509.04
87751,10,24.67,52.68,30.63,24.37,356.58,2,3510.04
87776,10,25.13,53.28,29.31,22.91,308.7,2,3511.04
87801,10,25.6,53.8,28.39,21.83,279.68,2,3512.04
87826,10,26.03,54.16,28.6,21.26,260.47,2,3513.04
87851,10,26.54,54.37,29.09,20.9,251.96,2,3514.04
87876,10,27.04,54.48,28.85,20.6,235.92,2,3515.04
87901,10,27.52,54.45,28.62,20.02,218.86,2,3516.04
87926,10,27.94,54.51,28.3,19.81,197.96,2,3517.04
87951,10,28.56,54.52,27.86,19.32,185.78,2,3518.04
87976,10,29.45,54.6,27.2,19.5,180.85,2,3519.04
88001,10,30.53,54.65,26.57,20.08,177.22,2,3520.04
88026,10,31.57,54.45,25.0,20.29,169.23,2,3521.04
88051,10,32.5,54.14,22.99,19.96,161.07,2,3522.04
88076,10,33.21,53.79,20.76,19.63,149.69,2,3523.04
88101,10,34.18,53.39,18.4,19.42,134.84,2,3524.04
88126,10,35.46,53.22,16.61,19.34,125.45,2,3525.04
88151,10,36.62,52.97,15.89,19.73,128.22,2,3526.04
88176,10,37.78,52.58,15.83,20.37,137.4,2,3527.04
88201,10,38.94,52.1,15.74,21.59,145.56,2,3528.04
88226,10,40.09,51.52,15.65,23.1,155.73,2,3529.04
88251,10,41.15,50.93,15.21,24.61,164.51,2,3530.04
88276,10,42.21,50.35,14.38,26.13,172.43,2,3531.04
88301,10,43.28,49.72,13.74,28.0,182.51,2,3532.04
88326,10,44.34,49.03,13.51,29.88,198.44,2,3533.04
88351,10,45.42,48.36,13.46,31.5,216.4,2,3534.04
88376,10,46.57,47.67,13.5,32.74,234.58,2,3535.04
88401,10,47.64,47.0,13.58,34.04,254.84,2,3536.04
88426,10,48.74,46.29,13.68,35.4,279.75,2,3537.04
88451,10,49.85,45.57,13.97,36.5,306.1,2,3538.04
88476,10,51.0,44.86,14.49,37.65,331.08,2,3539.04
88501,10,52.15,44.18,15.2,38.48,357.41,2,3540.04
88526,10,53.22,43.48,15.91,39.25,384.86,2,3541.04
88551,10,54.46,42.85,16.47,40.06,410.76,2,3542.04
88576,10,55.55,42.13,16.7,40.47,427.72,2,3543.04
88601,10,56.67,41.39,16.9,39.46,430.82,2,3544.04
88626,10,57.7,40.58,17.12,38.08,433.68,2,3545.04
88651,10,58.66,39.77,17.17,36.53,436.51,2,3546.04
88676,10,59.53,38.94,17.63,35.04,439.23,2,3547.04
88701,10,60.28,38.19,17.56,34.44,443.02,2,3548.04
88726,10,60.94,37.45,17.29,34.3,448.96,2,3549.04
88751,10,61.51,36.74,17.6,34.8,461.59,2,3550.04
88776,10,62.23,36.65,17.96,35.99,477.69,2,3551.04
88801,10,62.47,36.07,18.43,37.48,500.57,2,3552.04
88826,10,62.17,35.65,20.22,38.45,530.17,2,3553.04
88851,10,61.6,35.76,21.7,38.68,519.58,2,3554.04
88876,10,60.94,36.59,22.12,38.89,495.45,2,3555.04
88901,10,60.16,37.01,24.39,39.44,520.47,2,3556.04
88926,10,59.66,36.16,25.93,39.84,571.17,2,3557.04
88951,10,59.62,34.97,26.92,39.79,608.33,2,3558.04
88976,10,59.92,34.47,27.28,39.56,611.69,2,3559.04
89001,10,60.47,34.55,26.36,39.74,597.53,2,3560.04
89026,10,61.22,34.68,25.27,40.37,575.96,2,3561.04
89051,10,61.92,34.81,24.17,40.85,545.99,2,3562.04
89076,10,62.42,34.81,22.94,41.03,526.33,2,3563.04
89101,10,62.6,34.47,22.1,40.99,521.27,2,3564.04
89126,10,62.54,34.1,22.17,40.93,529.16,2,3565.04
89151,10,62.54,34.14,22.39,41.37,539.38,2,3566.04
89176,10,62.71,34.54,22.48,41.72,568.98,2,3567.04
89201,10,62.74,34.93,23.04,41.71,613.03,2,3568.04
89226,10,62.68,35.2,23.88,41.53,652.87,2,3569.04
89251,10,62.73,35.21,24.48,41.36,682.94,2,3570.04
89276,10,62.74,34.64,25.26,41.73,706.01,2,3571.04
89301,10,63.01,33.18,26.01,42.49,720.46,2,3572.04
89326,10,64.16,30.85,25.68,43.33,717.96,2,3573.04
89351,10,66.3,28.39,25.52,42.65,693.74,2,3574.04
89376,10,68.7,26.66,23.86,40.44,629.0,2,3575.04
89401,10,70.31,25.69,20.44,39.64,530.97,2,3576.04
89426,10,71.41,24.71,19.79,40.24,483.79,2,3577.04
89451,10,73.19,23.74,20.93,39.9,462.04,2,3578.04
89476,10,76.07,23.14,22.96,36.6,457.7,2,3579.04
89501,10,79.72,22.84,25.63,33.19,468.08,2,3580.04
89526,10,83.33,23.18,27.97,33.0,483.68,2,3581.04
89551,10,86.34,24.0,29.63,33.95,500.66,2,3582.04
89576,10,88.53,24.85,30.63,33.64,509.87,2,3583.04
89601,10,89.5,25.3,30.29,33.08,489.55,2,3584.04
89626,10,89.72,24.99,28.78,33.92,469.0,2,3585.04
89651,10,89.93,24.48,26.52,33.87,443.04,2,3586.04
89676,10,90.53,24.19,25.55,32.1,413.13,2,3587.04
89701,10,90.92,23.96,24.73,30.13,385.7,2,3588.04
89726,10,89.94,23.96,23.3,29.85,361.91,2,3589.04
89751,10,87.86,23.96,21.32,31.62,345.68,2,3590.04
89776,10,86.13,23.85,18.78,33.98,313.4,2,3591.04
89801,10,85.97,23.63,18.8,35.54,304.06,2,3592.04
89826,10,87.19,23.33,22.58,35.33,361.42,2,3593.04
89851,10,88.16,23.16,26.91,34.01,432.81,2,3594.04
89876,10,87.9,22.82,28.25,33.19,451.4,2,3595.04
89901,10,87.03,22.79,26.23,31.67,403.39,2,3596.04
89926,10,85.98,23.64,23.19,28.95,338.09,2,3597.04
89951,10,85.51,24.37,22.88,28.88,318.66,2,3598.04
89976,10,86.34,24.55,24.13,29.12,324.35,2,3599.04
90001,10,88.26,24.64,27.84,29.5,374.97,2,3600.04
90026,10,90.78,25.2,32.6,28.74,428.21,2,3601.04
90051,10,92.46,25.89,35.8,27.39,437.16,2,3602.04
90076,10,93.03,26.4,36.79,26.91,446.36,2,3603.04
90101,10,93.01,26.74,37.86,27.18,451.12,2,3604.04
90126,10,92.73,27.04,38.59,28.21,472.06,2,3605.04
90151,10,92.3,27.21,38.53,29.49,484.27,2,3606.04
90176,10,91.68,27.18,37.7,30.2,482.6,2,3607.04
90201,10,90.9,27.18,37.0,29.91,476.32,2,3608.04
90226,10,90.04,27.23,35.72,30.22,484.22,2,3609.04
90251,10,89.15,27.34,35.71,30.29,506.69,2,3610.04
90276,10,88.22,27.5,36.32,30.14,526.44,2,3611.04
90301,10,87.3,27.66,36.68,29.97,544.28,2,3612.04
90326,10,86.25,27.84,36.42,29.82,556.84,2,3613.04
90351,10,85.02,28.14,35.83,29.56,580.12,2,3614.04
90376,10,83.65,28.62,36.57,29.36,618.21,2,3615.04
90401,10,82.18,29.08,39.5,29.23,662.52,2,3616.04
90426,10,80.86,29.57,40.91,29.32,677.33,2,3617.04
90451,10,79.85,30.19,41.28,29.41,672.61,2,3618.04
90476,10,79.02,30.61,41.61,29.71,689.53,2,3619.04
90501,10,78.15,30.77,41.89,30.31,716.57,2,3620.04
90526,10,77.23,30.96,42.13,30.76,738.24,2,3621.04
90551,10,76.27,31.17,42.45,31.11,759.34,2,3622.04
90576,10,75.61,31.2,41.33,31.48,746.92,2,3623.04
90601,10,74.98,31.25,39.26,31.73,721.06,2,3624.04
90626,10,74.37,31.26,38.04,31.9,703.18,2,3625.04
90651,10,73.71,31.2,37.24,32.16,712.57,2,3626.04
90676,10,72.92,31.13,36.42,32.42,725.85,2,3627.04
90701,10,72.11,31.23,34.98,32.63,715.96,2,3628.04
90726,10,71.39,31.45,33.28,32.83,702.45,2,3629.04
90751,10,70.8,31.65,31.93,33.02,688.14,2,3630.04
90776,10,70.2,31.86,30.95,33.22,676.3,2,3631.04
90801,10,69.61,32.07,29.98,33.4,667.13,2,3632.04
90826,10,69.02,32.28,28.99,33.58,659.33,2,3633.04
90851,10,68.39,32.5,27.95,33.76,649.82,2,3634.04
90876,10,67.72,32.69,26.59,33.93,636.45,2,3635.04
90901,10,67.06,32.87,25.25,34.1,620.34,2,3636.04
90926,10,66.51,33.16,24.32,34.27,602.81,2,3637.04
90951,10,66.05,33.36,23.95,34.43,596.08,2,3638.04
90976,10,65.68,33.37,23.87,34.58,599.84,2,3639.04
91001,10,65.41,33.26,24.05,34.78,603.89,2,3640.04
91026,10,65.18,33.09,24.23,35.36,598.93,2,3641.04
91051,10,64.89,33.07,24.13,35.73,599.57,2,3642.04
91076,10,64.56,33.15,23.72,36.0,595.76,2,3643.04
91101,10,64.22,33.28,23.18,36.24,589.03,2,3644.04
91126,10,63.9,33.39,22.46,36.71,579.96,2,3645.04
91151,10,63.59,33.43,21.95,37.2,579.95,2,3646.04
91176,10,63.32,33.52,21.79,37.35,575.98,2,3647.04
91201,10,63.07,33.62,21.7,37.72,576.78,2,3648.04
91226,10,62.87,33.66,21.51,37.64,577.72,2,3649.04
91251,10,62.69,33.65,21.07,36.59,567.81,2,3650.04
91276,10,62.51,33.69,20.58,35.23,547.65,2,3651.04
91301,10,62.23,33.65,20.74,34.11,527.31,2,3652.04
91326,10,61.93,33.42,21.07,33.54,518.63,2,3653.04
91351,10,61.7,33.15,21.15,34.42,529.28,2,3654.04
91376,10,61.48,32.9,20.81,36.96,544.14,2,3655.04
91401,10,61.23,32.66,20.39,39.83,562.56,2,3656.04
91426,10,61.03,32.49,20.23,42.72,580.66,2,3657.04
91451,10,60.86,32.34,20.29,45.01,597.5,2,3658.04
91476,10,60.59,32.14,20.23,46.68,606.63,2,3659.04
91501,10,60.26,32.0,19.94,48.35,614.93,2,3660.04
91526,10,59.96,31.89,19.6,50.04,624.32,2,3661.04
91551,10,59.74,31.91,19.48,51.42,628.58,2,3662.04
91576,10,59.56,31.99,19.5,52.32,631.53,2,3663.04
91601,10,59.38,32.02,19.53,52.91,632.41,2,3664.04
91626,10,59.23,32.08,19.48,53.12,628.7,2,3665.04
91651,10,59.1,32.15,19.39,53.09,626.12,2,3666.04
91676,10,58.97,32.16,19.28,53.24,629.09,2,3667.04
91701,10,58.83,32.11,19.14,53.29,634.81,2,3668.04
91726,10,58.25,32.16,20.11,53.5,679.91,2,3669.04
91751,10,56.84,32.23,22.97,54.01,788.04,2,3670.04
91776,10,54.79,32.41,26.22,54.52,906.01,2,3671.04
91801,10,52.63,33.2,29.78,55.41,1056.04,2,3672.04
91826,10,50.91,34.48,32.75,56.53,1189.41,2,3673.04
91851,10,49.86,36.03,33.9,56.36,1237.81,2,3674.04
91876,10,49.48,37.51,34.29,55.04,1289.54,2,3675.04
91901,10,50.14,38.74,35.15,55.55,1395.66,2,3676.04
91926,10,51.61,39.5,35.43,56.51,1426.02,2,3677.04
91951,10,53.76,39.31,33.77,53.08,1296.3,2,3678.04
91976,10,56.54,38.68,32.25,46.65,1100.74,2,3679.04
92001,10,60.03,38.4,32.0,42.1,981.73,2,3680.04
92026,10,64.41,38.64,34.82,39.65,963.83,2,3681.04
92051,10,69.43,39.07,39.01,37.55,1006.08,2,3682.04
92076,10,74.34,39.49,43.56,35.15,1119.65,2,3683.04
92101,10,78.49,40.15,46.69,34.15,1195.73,2,3684.04
92126,10,81.79,40.66,49.51,34.03,1186.62,2,3685.04
92151,10,83.83,40.9,50.09,34.05,1131.74,2,3686.04
92176,10,84.45,40.86,48.34,33.32,1070.83,2,3687.04
92201,10,84.05,40.74,47.19,32.28,1050.88,2,3688.04
92226,10,82.99,40.7,45.59,31.81,1068.04,2,3689.04
92251,10,81.63,40.68,44.45,32.01,1074.4,2,3690.04
92276,10,80.17,40.43,44.77,33.65,1085.86,2,3691.04
92301,10,78.66,40.0,45.3,35.96,1130.52,2,3692.04
92326,10,77.04,39.53,45.87,38.69,1203.12,2,3693.04
92351,10,75.49,38.94,46.55,40.97,1277.98,2,3694.04
92376,10,74.22,38.24,47.04,43.36,1363.66,2,3695.04
92401,10,73.24,37.58,46.84,46.13,1463.03,2,3696.04
92426,10,72.39,37.03,46.05,48.37,1552.17,2,3697.04
92451,10,71.64,36.5,45.38,50.72,1645.35,2,3698.04
92476,10,70.98,36.01,44.92,52.94,1740.11,2,3699.04
92501,10,70.4,35.55,44.71,54.88,1831.76,2,3700.04
92526,10,69.97,35.26,44.69,56.84,1915.79,2,3701.04
92551,10,69.61,35.32,45.11,58.24,1985.28,2,3702.04
92576,10,69.08,35.72,45.58,58.39,2028.75,2,3703.04
92601,10,68.14,36.6,44.98,57.55,1980.43,2,3704.04
92626,10,66.61,37.96,43.87,56.27,1855.44,2,3705.04
92651,10,64.48,39.55,42.94,55.75,1740.33,2,3706.04
92676,10,62.09,41.29,42.1,54.81,1622.71,2,3707.04
92701,10,60.5,43.27,40.14,51.43,1445.43,2,3708.04
92726,10,59.17,45.2,37.54,48.72,1298.97,2,3709.04
92751,10,57.09,46.65,38.1,48.24,1228.66,2,3710.04
92776,10,54.11,47.25,41.39,48.12,1261.51,2,3711.04
92801,10,50.3,46.86,46.23,46.86,1329.34,2,3712.04
92826,10,46.24,46.04,50.94,43.43,1353.75,2,3713.04
92851,10,42.58,45.26,53.45,40.25,1328.16,2,3714.04
92876,10,39.82,44.43,52.52,39.12,1300.06,2,3715.04
92901,10,38.56,43.97,48.62,39.4,1247.84,2,3716.04
92926,10,38.76,43.98,44.58,39.14,1176.49,2,3717.04
92951,10,39.53,44.15,44.41,38.49,1133.97,2,3718.04
92976,10,40.28,44.27,44.95,38.35,1110.65,2,3719.04
93001,10,40.96,44.34,44.71,38.26,1079.07,2,3720.04
93026,10,41.65,44.5,43.94,37.91,1038.37,2,3721.04
93051,10,42.35,44.6,42.89,37.71,1004.77,2,3722.04
93076,10,43.11,44.63,41.53,37.49,968.75,2,3723.04
93101,10,43.91,44.56,40.66,37.77,943.06,2,3724.04
93126,10,44.68,44.43,40.7,38.18,942.62,2,3725.04
93151,10,45.35,44.38,40.71,38.55,958.34,2,3726.04
93176,10,45.86,44.47,40.58,39.19,983.86,2,3727.04
93201,10,46.38,44.54,40.29,39.99,1009.59,2,3728.04
93226,10,46.93,44.48,39.89,40.86,1027.51,2,3729.04
93251,10,47.42,44.42,38.87,41.3,1018.48,2,3730.04
93276,10,47.89,44.33,37.21,41.68,993.77,2,3731.04
93301,10,48.42,44.23,35.41,41.85,966.41,2,3732.04
93326,10,48.94,44.11,34.34,41.87,937.04,2,3733.04
93351,10,49.37,43.89,33.37,41.96,900.13,2,3734.04
93376,10,49.75,43.63,31.67,42.02,852.33,2,3735.04
93401,10,50.02,43.27,29.68,42.05,808.29,2,3736.04
93426,10,50.29,42.87,27.82,42.04,779.55,2,3737.04
93451,10,50.71,42.47,26.02,41.99,766.49,2,3738.04
93476,10,51.25,41.99,25.27,42.15,750.95,2,3739.04
93501,10,51.93,41.64,24.59,42.03,739.72,2,3740.04
93526,10,52.59,41.38,24.12,41.15,719.21,2,3741.04
93551,10,53.33,41.08,23.6,40.05,692.23,2,3742.04
93576,10,54.37,40.76,23.42,39.39,680.96,2,3743.04
93601,10,56.14,40.36,24.55,39.11,711.35,2,3744.04
93626,10,58.49,39.75,26.23,37.97,743.26,2,3745.04
93651,10,60.96,38.92,27.33,34.74,732.9,2,3746.04
93676,10,63.45,38.4,28.98,29.18,703.72,2,3747.04
93701,10,65.07,38.48,30.74,26.85,680.77,2,3748.04
93726,10,65.48,38.52,31.17,25.87,658.51,2,3749.04
93751,10,66.49,38.17,30.96,24.0,606.2,2,3750.04
93776,10,69.36,37.22,32.13,22.77,599.89,2,3751.04
93801,10,73.28,35.68,36.0,22.76,663.25,2,3752.04
93826,10,77.12,34.28,41.17,23.72,774.57,2,3753.04
93851,10,79.43,33.85,45.01,26.38,973.79,2,3754.04
93876,10,79.34,34.19,46.57,33.49,1222.55,2,3755.04
93901,10,77.78,34.67,46.79,40.96,1441.55,2,3756.04
93926,10,75.35,35.32,46.07,46.49,1581.16,2,3757.04
93951,10,72.08,36.32,44.82,49.48,1585.95,2,3758.04
93976,10,68.31,37.48,43.0,50.37,1525.07,2,3759.04
94001,10,64.26,38.55,42.93,50.3,1485.36,2,3760.04
94026,10,60.07,39.5,43.49,50.22,1428.87,2,3761.04
94051,10,56.03,40.4,43.86,48.93,1343.65,2,3762.04
94076,10,52.13,41.24,44.48,47.87,1287.33,2,3763.04
94101,10,48.37,41.8,46.86,48.14,1294.97,2,3764.04
94126,10,45.27,42.04,49.4,48.6,1358.48,2,3765.04
94151,10,43.39,42.25,49.91,49.73,1430.02,2,3766.04
94176,10,42.61,42.68,48.92,51.36,1494.16,2,3767.04
94201,10,42.19,43.29,47.31,53.08,1560.85,2,3768.04
94226,10,41.5,43.86,44.37,55.13,1536.11,2,3769.04
94251,10,40.86,44.1,40.47,54.65,1416.33,2,3770.04
94276,10,40.49,44.17,36.5,55.25,1276.41,2,3771.04
94301,10,39.97,44.41,33.41,56.37,1194.64,2,3772.04
94326,10,39.09,45.04,34.77,57.51,1271.23,2,3773.04
94351,10,38.58,45.74,35.08,58.47,1325.31,2,3774.04
94376,10,38.78,45.72,33.41,59.41,1291.65,2,3775.04
94401,10,38.98,44.66,32.34,59.93,1232.98,2,3776.04
94426,10,38.62,42.87,30.64,60.13,1182.08,2,3777.04
94451,10,37.69,40.73,28.89,60.42,1128.03,2,3778.04
94476,10,36.49,38.7,27.47,60.52,1101.57,2,3779.04
94501,10,35.41,36.76,26.77,60.58,1065.66,2,3780.04
94526,10,34.69,34.92,26.6,60.61,1032.09,2,3781.04
94551,10,33.92,33.27,26.99,60.46,1041.99,2,3782.04
94576,10,32.71,31.73,28.07,60.32,1082.62,2,3783.04
94601,10,31.27,30.44,29.22,59.41,1060.72,2,3784.04
94626,10,29.7,29.47,30.18,57.49,1066.34,2,3785.04
94651,10,28.34,28.68,31.55,54.93,1100.62,2,3786.04
94676,10,27.71,27.89,31.99,51.76,1080.36,2,3787.04
94701,10,27.75,27.08,31.32,50.91,1016.22,2,3788.04
94726,10,27.89,26.42,30.55,52.53,956.0,2,3789.04
94751,10,28.1,26.09,29.13,53.01,886.96,2,3790.04
94776,10,28.2,26.05,28.82,52.84,858.19,2,3791.04
94801,10,28.09,26.05,29.11,52.12,849.8,2,3792.04
94826,10,27.92,26.04,29.55,51.0,869.48,2,3793.04
94851,10,27.45,25.86,29.79,49.31,866.88,2,3794.04
94876,10,26.43,25.34,30.59,47.2,887.46,2,3795.04
94901,10,25.25,24.86,31.5,45.4,904.98,2,3796.04
94926,10,24.47,24.65,32.22,44.89,887.53,2,3797.04
94951,10,23.88,24.52,34.97,42.47,873.9,2,3798.04
94976,10,23.14,24.14,37.7,38.96,872.68,2,3799.04
95001,10,22.47,23.21,39.75,36.75,874.0,2,3800.04
95026,10,22.59,21.96,40.39,36.47,863.4,2,3801.04
95051,10,23.93,20.62,38.97,37.13,891.13,2,3802.04
95076,10,26.36,19.39,37.37,38.25,956.81,2,3803.04
95101,10,29.5,18.28,37.39,40.71,1054.83,2,3804.04
95126,10,33.05,17.69,38.47,44.7,1201.44,2,3805.04
95151,10,36.7,17.94,39.66,48.24,1346.41,2,3806.04
95176,10,40.13,18.45,43.14,50.96,1463.68,2,3807.04
95201,10,43.32,19.33,45.31,54.11,1531.14,2,3808.04
95226,10,46.2,20.65,45.13,55.83,1540.98,2,3809.04
95251,10,48.74,22.13,42.6,56.32,1499.78,2,3810.04
95276,10,51.0,23.22,39.14,57.48,1459.27,2,3811.04
95301,10,52.84,23.84,35.94,58.74,1410.28,2,3812.04
95326,10,54.02,24.19,33.49,59.37,1403.62,2,3813.04
95351,10,54.61,24.35,33.81,59.49,1437.37,2,3814.04
95376,10,55.13,24.49,35.87,59.3,1477.59,2,3815.04
95401,10,56.02,24.8,37.94,59.31,1500.25,2,3816.04
95426,10,57.19,25.22,39.61,59.06,1474.38,2,3817.04
95451,10,58.3,25.5,40.2,58.42,1382.84,2,3818.04
95476,10,59.16,26.05,39.44,58.04,1293.32,2,3819.04
95501,10,60.13,27.4,38.88,58.12,1285.01,2,3820.04
95526,10,61.7,29.51,39.42,58.52,1342.19,2,3821.04
95551,10,63.74,32.01,40.22,58.71,1380.3,2,3822.04
95576,10,65.87,34.65,42.14,58.81,1366.81,2,3823.04
95601,10,67.69,37.26,43.04,58.73,1320.46,2,3824.04
95626,10,69.04,39.52,43.39,59.06,1320.98,2,3825.04
95651,10,69.88,41.11,43.8,58.25,1362.82,2,3826.04
95676,10,69.81,41.81,42.79,56.28,1388.97,2,3827.04
95701,10,68.89,41.72,40.98,55.29,1360.49,2,3828.04
95726,10,67.39,40.98,39.46,55.09,1342.57,2,3829.04
95751,10,65.33,40.1,37.93,55.41,1345.95,2,3830.04
95776,10,63.03,39.17,36.37,56.12,1344.86,2,3831.04
95801,10,60.67,37.96,35.12,57.07,1355.45,2,3832.04
95826,10,57.99,36.53,34.34,58.2,1366.68,2,3833.04
95851,10,54.84,35.18,34.08,58.8,1366.67,2,3834.04
95876,10,51.12,34.04,34.56,58.04,1362.48,2,3835.04
95901,10,46.83,33.19,36.06,55.45,1358.4,2,3836.04
95926,10,42.2,32.45,38.82,51.99,1387.21,2,3837.04
95951,10,37.65,31.78,43.95,48.43,1439.7,2,3838.04
95976,10,33.54,31.35,50.61,45.81,1529.17,2,3839.04
96001,10,30.67,30.76,52.78,43.63,1537.09,2,3840.04
96026,10,29.15,29.61,53.1,41.37,1445.93,2,3841.04
96051,10,28.77,28.16,51.26,40.5,1353.19,2,3842.04
96076,10,28.72,26.58,49.68,40.52,1292.56,2,3843.04
96101,9,31.2,24.56,48.63,41.22,1288.4,2,3844.04
96126,10,29.55,23.04,47.58,42.37,1343.63,2,3845.04
96151,10,31.06,21.4,47.39,43.97,1451.68,2,3846.04
96176,10,32.95,20.28,48.52,44.67,1564.65,2,3847.04
96201,10,34.59,19.45,49.56,45.32,1651.16,2,3848.04
96226,10,35.9,18.91,50.18,46.39,1694.78,2,3849.04
96251,10,36.97,18.63,50.23,47.39,1721.92,2,3850.04
96276,10,37.88,18.51,50.01,48.93,1757.34,2,3851.04
96301,10,38.63,18.42,49.67,50.49,1791.63,2,3852.04
96326,10,39.08,18.46,48.73,51.37,1784.66,2,3853.04
96351,10,39.3,18.56,46.79,52.92,1759.43,2,3854.04
96376,10,39.4,18.73,44.5,54.42,1713.06,2,3855.04
96401,10,39.46,19.19,42.25,55.01,1629.51,2,3856.04
96426,10,39.49,19.92,39.95,55.36,1543.61,2,3857.04
96451,10,39.66,20.77,37.86,55.64,1473.54,2,3858.04
96476,10,39.9,21.53,36.09,54.94,1398.2,2,3859.04
96501,10,39.93,21.98,34.13,54.38,1322.44,2,3860.04
96526,10,39.67,22.2,32.44,54.11,1241.75,2,3861.04
96551,10,39.1,22.36,31.75,53.84,1190.87,2,3862.04
96576,10,38.42,22.53,31.58,53.99,1160.5,2,3863.04
96601,10,37.83,23.02,31.23,53.92,1129.41,2,3864.04
96626,10,37.19,23.61,30.63,53.97,1099.06,2,3865.04
96651,10,36.34,24.11,30.28,53.93,1078.48,2,3866.04
96676,10,35.51,24.7,29.26,52.93,1028.12,2,3867.04
96701,10,34.75,25.41,27.83,51.14,944.89,2,3868.04
96726,10,33.95,26.1,26.79,48.99,847.22,2,3869.04
96751,10,33.13,26.7,25.96,46.84,755.55,2,3870.04
96776,10,32.31,27.37,24.51,44.63,655.47,2,3871.04
96801,10,31.49,28.03,22.67,42.27,550.6,2,3872.04
96826,10,30.55,28.56,23.11,39.9,483.52,2,3873.04
96851,10,29.59,28.99,23.56,37.51,421.26,2,3874.04
96876,10,28.77,29.31,24.29,34.98,361.77,2,3875.04
96901,10,28.07,29.48,26.79,32.36,317.68,2,3876.04
96926,10,27.46,29.57,28.85,29.76,287.94,2,3877.04
96951,10,26.92,29.79,30.25,27.88,255.5,2,3878.04
96976,10,26.34,30.07,31.63,27.06,239.38,2,3879.04
97001,10,25.8,30.44,32.95,26.92,266.98,2,3880.04
97026,10,25.37,30.91,34.22,27.32,314.51,2,3881.04
97051,10,25.07,31.38,35.21,27.72,353.78,2,3882.04
97076,10,24.81,31.66,36.07,26.51,359.66,2,3883.04
97101,10,24.65,31.79,36.74,26.14,375.94,2,3884.04
97126,10,24.73,32.11,37.2,27.3,443.49,2,3885.04
97151,10,24.74,32.41,38.0,28.17,500.63,2,3886.04
97176,10,24.8,32.72,38.07,28.84,531.19,2,3887.04
97201,10,25.08,32.84,38.23,28.84,531.96,2,3888.04
97226,10,24.81,32.08,37.96,25.51,506.39,2,3889.04
97251,10,23.88,31.21,39.31,24.41,506.07,2,3890.04
97276,10,22.61,30.97,43.84,24.62,581.33,2,3891.04
97301,10,21.24,31.13,49.33,25.61,702.13,2,3892.04
97326,10,20.79,31.6,52.67,26.88,793.74,2,3893.04
97351,10,21.42,32.1,52.55,28.35,833.57,2,3894.04
97376,10,22.66,32.39,51.19,29.28,835.69,2,3895.04
97401,10,24.23,32.6,48.87,29.41,788.28,2,3896.04
97426,10,25.83,32.81,46.15,29.04,707.47,2,3897.04
97451,10,27.49,32.9,42.93,27.73,618.35,2,3898.04
97476,10,29.35,33.11,38.55,26.14,531.85,2,3899.04
97501,10,31.28,33.46,34.68,24.83,478.24,2,3900.04
97526,10,33.14,33.83,32.61,23.72,466.6,2,3901.04
97551,10,34.92,34.17,33.11,23.39,471.65,2,3902.04
97576,10,36.62,34.52,33.34,23.89,506.8,2,3903.04
97601,10,38.19,34.88,33.42,24.38,548.18,2,3904.04
97626,10,39.58,35.27,33.52,27.02,586.56,2,3905.04
97651,10,40.7,35.66,33.59,30.21,666.71,2,3906.04
97676,10,41.53,35.94,33.55,33.11,738.63,2,3907.04
97701,10,42.16,36.19,33.21,35.55,798.01,2,3908.04
97726,10,42.66,36.36,32.54,37.79,854.74,2,3909.04
97751,10,43.07,36.31,32.11,39.53,908.55,2,3910.04
97776,10,43.48,36.0,30.96,40.9,937.39,2,3911.04
97801,10,43.97,35.45,29.11,42.06,947.99,2,3912.04
97826,10,44.49,34.76,29.73,42.6,955.02,2,3913.04
97851,10,45.1,34.18,30.62,42.42,951.57,2,3914.04
97876,10,45.87,33.67,30.74,41.98,937.63,2,3915.04
97901,10,46.76,33.11,30.39,41.77,922.26,2,3916.04
97926,10,47.78,32.49,29.91,41.61,900.84,2,3917.04
97951,10,49.04,31.84,29.38,41.15,853.58,2,3918.04
97976,10,50.53,31.33,28.66,40.52,787.0,2,3919.04
98001,10,52.19,30.92,27.65,39.57,708.47,2,3920.04
98026,10,53.92,30.64,26.49,38.66,636.53,2,3921.04
98051,10,55.74,30.56,26.09,38.23,601.34,2,3922.04
98076,10,57.59,30.92,26.11,37.6,588.88,2,3923.04
98101,10,59.16,31.87,25.93,36.23,573.23,2,3924.04
98126,10,60.46,32.91,26.9,34.76,574.65,2,3925.04
98151,10,61.49,33.98,28.68,34.34,610.12,2,3926.04
98176,10,61.36,35.07,29.23,35.07,650.0,2,3927.04
98201,10,60.05,36.07,28.11,36.02,669.78,2,3928.04
98226,10,58.28,37.03,27.77,37.03,669.93,2,3929.04
98251,10,56.62,37.89,28.12,38.03,704.98,2,3930.04
98276,10,55.95,38.53,29.43,39.12,761.28,2,3931.04
98301,10,56.17,38.87,30.22,40.53,786.18,2,3932.04
98326,10,56.86,39.18,31.06,42.0,807.71,2,3933.04
98351,10,58.01,39.87,31.61,43.31,832.13,2,3934.04
98376,10,59.66,40.93,31.94,44.43,862.33,2,3935.04
98401,10,61.6,42.09,32.74,45.28,902.54,2,3936.04
98426,10,63.21,43.32,33.88,44.92,932.17,2,3937.04
98451,10,64.19,44.44,33.64,43.36,934.2,2,3938.04
98476,10,64.59,45.46,32.2,41.65,898.25,2,3939.04
98501,10,64.5,46.52,29.88,43.16,845.71,2,3940.04
98526,10,63.73,46.97,28.62,43.85,787.59,2,3941.04
98551,10,63.12,46.35,28.48,42.45,685.69,2,3942.04
98576,10,63.8,44.95,28.83,40.16,621.47,2,3943.04
98601,10,65.49,43.16,30.11,38.28,602.28,2,3944.04
98626,10,68.09,41.02,31.8,36.63,587.52,2,3945.04
98651,10,71.53,38.7,34.31,36.6,631.67,2,3946.04
98676,10,75.37,36.75,37.65,37.27,668.59,2,3947.04
98701,10,79.12,35.35,40.78,35.18,645.4,2,3948.04
98726,10,82.5,34.28,42.66,31.97,617.62,2,3949.04
98751,10,85.19,33.14,43.46,29.16,591.96,2,3950.04
98776,10,87.9,32.15,44.68,27.84,608.0,2,3951.04
98801,10,90.58,31.84,46.66,26.65,660.94,2,3952.04
98826,10,91.6,32.34,47.94,25.96,719.95,2,3953.04
98851,10,90.73,33.75,45.94,26.66,754.06,2,3954.04
98876,10,89.68,35.33,43.39,27.83,763.14,2,3955.04
98901,10,88.95,36.52,40.83,28.39,733.42,2,3956.04
98926,10,87.87,37.05,38.99,28.54,678.12,2,3957.04
98951,10,87.07,37.6,37.68,28.55,665.63,2,3958.04
98976,10,87.32,38.07,37.97,28.55,684.62,2,3959.04
99001,10,88.24,38.06,40.84,28.71,735.2,2,3960.04
99026,10,89.02,37.66,44.19,28.81,789.92,2,3961.04
99051,10,89.29,37.46,44.99,28.88,805.89,2,3962.04
99076,10,89.42,37.6,45.27,28.92,820.77,2,3963.04
99101,10,89.42,37.87,46.7,28.9,844.71,2,3964.04
99126,10,89.18,38.07,47.17,28.9,869.66,2,3965.04
99151,10,88.76,38.18,46.18,28.93,887.34,2,3966.04
99176,10,88.27,38.18,44.59,28.96,888.9,2,3967.04
99201,10,87.85,38.08,44.54,29.27,886.44,2,3968.04
99226,10,87.34,37.92,43.78,29.66,870.91,2,3969.04
99251,10,86.5,37.86,41.99,29.87,843.82,2,3970.04
99276,10,85.66,37.64,41.06,28.73,814.18,2,3971.04
99301,10,84.77,37.64,40.16,28.42,781.76,2,3972.04
99326,10,83.85,37.51,38.25,28.17,739.34,2,3973.04
99351,10,83.04,37.61,37.53,27.99,743.46,2,3974.04
99376,10,82.16,37.64,37.26,27.97,758.94,2,3975.04
99401,10,81.16,37.63,37.09,27.94,755.95,2,3976.04
99426,10,80.11,37.55,36.76,27.62,725.61,2,3977.04
99451,10,79.18,37.25,36.58,27.52,693.75,2,3978.04
99476,10,78.3,36.94,36.33,27.49,662.24,2,3979.04
99501,10,77.47,36.78,35.92,27.33,644.06,2,3980.04
99526,10,76.71,36.6,35.37,27.57,641.81,2,3981.04
99551,10,75.96,36.41,35.01,28.01,641.39,2,3982.04
99576,10,75.15,36.23,34.47,28.29,637.16,2,3983.04
99601,10,74.34,35.87,33.92,28.45,632.33,2,3984.04
99626,10,73.45,35.5,33.34,28.63,628.09,2,3985.04
99651,10,72.54,35.29,33.34,28.84,625.56,2,3986.04
99676,10,71.7,35.12,33.06,28.98,622.68,2,3987.04
99701,10,70.97,34.94,32.73,29.26,621.6,2,3988.04
99726,10,70.18,34.91,32.56,30.2,622.9,2,3989.04
99751,10,69.66,34.8,32.39,31.25,629.24,2,3990.04
99776,10,69.11,34.89,32.27,32.12,648.12,2,3991.04
99801,10,68.65,35.09,32.23,32.87,676.11,2,3992.04
99826,10,68.07,35.24,32.79,33.48,708.44,2,3993.04
99851,10,67.56,35.31,33.44,34.0,743.92,2,3994.04
99876,10,67.11,35.39,34.03,34.26,780.95,2,3995.04
99901,10,66.69,35.51,34.59,34.34,813.43,2,3996.04
99926,10,66.38,35.59,35.12,34.48,851.65,2,3997.04
99951,10,66.21,35.58,35.61,34.69,889.15,2,3998.04
99976,10,66.09,35.56,35.96,34.56,915.32,2,3999.04
100001,10,66.01,35.54,36.07,34.24,933.29,2,4000.04
100026,10,66.01,35.42,35.94,33.87,943.35,2,4001.04
100051,10,66.06,35.24,35.23,33.61,939.69,2,4002.04
100076,10,66.15,35.04,33.93,33.48,922.99,2,4003.04
100101,10,66.24,34.88,32.33,33.09,896.41,2,4004.04
100126,10,66.3,34.72,30.65,32.37,864.73,2,4005.04
100151,10,66.32,34.62,28.81,31.55,826.85,2,4006.04
100176,10,66.2,34.59,27.56,30.41,783.58,2,4007.04
100201,10,66.01,34.39,26.9,29.43,755.06,2,4008.04
100226,10,65.77,34.02,26.84,29.8,735.43,2,4009.04
100251,10,65.46,33.64,26.79,30.34,716.76,2,4010.04
100276,10,65.08,33.25,26.34,30.29,691.75,2,4011.04
100301,10,64.63,32.82,25.4,30.11,660.34,2,4012.04
100326,10,64.16,32.51,24.17,30.33,627.96,2,4013.04
100351,10,63.67,32.34,22.91,31.04,605.91,2,4014.04
100376,10,63.19,32.14,21.52,31.88,588.28,2,4015.04
100401,10,62.78,31.98,20.78,32.45,570.87,2,4016.04
100426,10,62.42,32.01,20.67,32.53,553.24,2,4017.04
100451,10,62.12,32.06,20.87,32.62,544.4,2,4018.04
100476,10,61.86,32.11,21.02,33.11,544.42,2,4019.04
100501,10,61.67,32.29,21.07,33.8,546.66,2,4020.04
100526,10,61.46,32.48,21.16,34.5,556.41,2,4021.04
100551,10,61.23,32.62,21.32,35.18,568.41,2,4022.04
100576,10,61.01,32.72,21.61,35.59,587.04,2,4023.04
100601,10,60.8,32.77,21.97,37.34,609.42,2,4024.04
100626,10,60.61,32.82,22.03,39.3,624.06,2,4025.04
100651,10,60.34,32.9,21.38,40.84,625.38,2,4026.04
100676,10,59.4,32.92,22.2,42.37,673.1,2,4027.04
100701,10,57.4,32.76,24.93,44.33,773.95,2,4028.04
100726,10,54.59,32.21,28.1,46.67,891.83,2,4029.04
100751,10,51.46,31.61,30.95,48.82,1002.0,2,4030.04
100776,10,48.27,30.72,34.42,50.55,1099.29,2,4031.04
100801,10,44.98,29.21,37.99,52.34,1192.21,2,4032.04
100826,10,41.94,27.48,39.82,53.58,1280.93,2,4033.04
100851,10,39.98,26.44,40.42,54.4,1381.3,2,4034.04
100876,10,39.6,26.48,39.67,55.82,1443.11,2,4035.04
100901,10,40.31,27.33,38.08,57.61,1421.61,2,4036.04
100926,10,41.07,28.64,34.81,59.73,1373.28,2,4037.04
100951,10,41.58,30.29,31.79,61.69,1325.64,2,4038.04
100976,10,41.84,32.1,30.67,63.2,1318.78,2,4039.04
101001,10,41.79,34.13,29.87,63.98,1357.24,2,4040.04
101026,10,41.36,36.18,30.19,63.73,1373.27,2,4041.04
101051,10,40.74,37.52,31.33,62.85,1323.32,2,4042.04
101076,10,40.05,38.44,33.08,61.96,1262.41,2,4043.04
101101,10,38.75,39.09,35.86,61.61,1254.81,2,4044.04
101126,10,37.18,39.29,37.49,60.47,1230.87,2,4045.04
101151,10,36.23,39.45,36.91,57.19,1107.88,2,4046.04
101176,10,36.82,39.72,37.2,54.39,1056.5,2,4047.04
101201,10,38.81,39.97,37.64,54.29,1092.61,2,4048.04
101226,10,41.37,40.13,37.52,55.3,1180.76,2,4049.04
101251,10,44.07,40.53,38.3,56.2,1269.82,2,4050.04
101276,10,46.82,40.29,38.74,56.9,1359.61,2,4051.04
101301,10,49.42,39.7,38.45,57.47,1419.51,2,4052.04
101326,10,51.57,38.88,37.28,57.91,1418.93,2,4053.04
101351,10,53.16,38.24,35.59,58.72,1407.31,2,4054.04
101376,10,53.97,37.45,34.39,59.72,1405.88,2,4055.04
101401,10,53.74,36.1,33.69,60.28,1386.79,2,4056.04
101426,10,52.75,34.77,33.31,60.52,1338.66,2,4057.04
101451,10,51.15,33.58,33.46,60.52,1319.19,2,4058.04
101476,10,48.56,32.36,33.87,60.32,1362.88,2,4059.04
101501,10,45.38,31.08,35.72,59.8,1443.2,2,4060.04
101526,10,42.48,30.12,37.55,58.59,1482.84,2,4061.04
101551,10,40.17,29.78,39.06,56.41,1431.16,2,4062.04
101576,10,38.52,29.56,38.67,54.0,1340.43,2,4063.04
101601,10,37.26,29.37,37.35,51.36,1222.95,2,4064.04
101626,10,36.19,29.23,35.45,48.64,1097.46,2,4065.04
101651,10,35.15,29.15,33.54,46.12,990.86,2,4066.04
101676,10,34.05,29.22,31.95,43.57,899.15,2,4067.04
101701,10,32.95,29.32,30.39,40.99,823.43,2,4068.04
101726,10,31.89,29.38,29.11,38.58,783.54,2,4069.04
101751,10,30.89,29.39,28.31,37.16,755.99,2,4070.04
101776,10,29.93,29.24,27.98,36.91,725.0,2,4071.04
101801,10,29.01,29.13,28.96,36.2,690.73,2,4072.04
101826,10,28.12,29.12,30.0,35.1,654.91,2,4073.04
101851,10,27.38,29.4,30.39,33.95,614.47,2,4074.04
101876,10,26.74,29.68,30.53,32.58,570.9,2,4075.04
101901,10,26.22,29.91,31.04,31.76,545.19,2,4076.04
101926,10,25.69,30.03,31.74,31.01,531.39,2,4077.04
101951,10,25.18,30.11,32.66,30.36,525.94,2,4078.04
101976,10,24.74,30.23,33.64,29.21,519.35,2,4079.04
102001,10,24.34,30.44,34.19,27.86,511.14,2,4080.04
102026,10,23.99,30.8,34.27,26.73,506.88,2,4081.04
102051,10,23.73,31.2,34.41,25.43,493.16,2,4082.04
102076,10,23.55,31.66,34.39,24.12,474.23,2,4083.04
102101,10,23.31,31.98,35.06,23.64,438.39,2,4084.04
102126,10,23.13,32.17,36.09,22.92,399.47,2,4085.04
102151,10,22.91,32.4,36.02,22.94,356.73,2,4086.04
102176,10,22.59,32.66,35.95,24.52,371.94,2,4087.04
102201,10,22.35,32.86,35.82,25.79,408.07,2,4088.04
102226,10,22.28,33.02,35.8,26.2,430.11,2,4089.04
102251,10,22.18,33.11,36.32,26.32,440.94,2,4090.04
102276,10,22.11,33.15,36.87,26.17,444.61,2,4091.04
102301,10,22.19,33.37,37.19,25.95,447.51,2,4092.04
102326,10,22.24,33.54,37.25,26.03,462.87,2,4093.04
102351,10,22.29,33.68,37.25,26.02,474.79,2,4094.04
102376,10,22.46,33.76,37.2,25.9,480.19,2,4095.04
102401,10,22.69,33.64,37.1,25.53,476.4,2,4096.04
102426,10,22.8,33.38,36.8,25.15,466.52,2,4097.04
102451,10,22.74,33.03,36.47,25.38,465.96,2,4098.04
102476,10,22.61,32.79,36.43,24.91,472.52,2,4099.04
102501,10,22.86,32.74,35.97,23.87,457.0,2,4100.04
102526,10,22.32,32.64,37.14,21.58,419.37,2,4101.04
102551,10,20.62,32.04,40.78,19.64,436.57,2,4102.04
102576,10,19.76,31.85,44.72,20.46,521.77,2,4103.04
102601,10,20.7,32.48,47.46,23.19,635.24,2,4104.04
102626,10,22.74,33.02,48.38,27.54,758.4,2,4105.04
102651,10,24.86,33.24,47.97,31.8,823.74,2,4106.04
102676,10,27.14,33.41,47.03,34.37,892.47,2,4107.04
102701,10,29.69,33.41,45.46,35.46,925.71,2,4108.04
102726,10,32.49,33.36,43.35,35.71,924.82,2,4109.04
102751,10,35.88,34.04,40.92,34.24,869.22,2,4110.04
102776,10,39.67,35.01,38.74,33.04,835.7,2,4111.04
102801,10,43.68,34.89,37.17,32.35,833.1,2,4112.04
102826,10,48.14,33.75,36.46,31.16,842.67,2,4113.04
102851,10,53.31,32.54,36.66,29.62,851.03,2,4114.04
102876,10,59.01,31.75,37.67,28.51,843.11,2,4115.04
102901,10,65.13,31.13,39.5,28.86,848.17,2,4116.04
102926,10,71.33,30.56,41.66,30.9,929.26,2,4117.04
102951,10,76.56,30.3,42.59,31.65,955.08,2,4118.04
102976,10,79.72,30.21,40.59,31.85,935.32,2,4119.04
103001,10,81.05,30.12,37.47,33.01,930.26,2,4120.04
103026,10,81.5,30.35,37.31,35.17,954.27,2,4121.04
103051,10,81.51,30.87,38.57,37.88,997.68,2,4122.04
103076,10,81.17,30.95,38.43,40.46,1010.69,2,4123.04
103101,10,80.62,30.73,38.02,41.38,1012.44,2,4124.04
103126,10,80.13,30.23,38.08,42.07,1006.57,2,4125.04
103151,10,79.89,28.78,37.63,44.03,1023.8,2,4126.04
103176,10,79.63,26.87,36.42,47.2,1039.66,2,4127.04
103201,10,78.97,25.2,33.57,47.82,1012.83,2,4128.04
103226,10,78.07,23.82,29.14,46.75,915.13,2,4129.04
103251,10,77.45,22.68,26.25,45.69,800.47,2,4130.04
103276,10,77.29,21.71,25.56,46.51,760.34,2,4131.04
103301,10,77.24,21.66,26.52,44.61,741.37,2,4132.04
103326,10,77.23,22.25,27.45,45.77,740.47,2,4133.04
103351,10,77.46,22.68,27.58,45.7,732.89,2,4134.04
103376,10,77.87,22.96,27.11,45.09,699.21,2,4135.04
103401,10,78.46,23.27,26.26,43.88,641.21,2,4136.04
103426,10,79.07,23.68,25.32,42.1,573.05,2,4137.04
103451,10,79.58,24.13,24.75,40.09,508.03,2,4138.04
103476,10,79.99,24.61,24.05,38.08,452.23,2,4139.04
103501,10,80.34,25.02,23.39,35.63,402.59,2,4140.04
103526,10,80.67,25.26,23.3,33.26,381.22,2,4141.04
103551,10,80.88,25.47,23.4,31.47,376.12,2,4142.04
103576,10,80.69,25.81,24.27,30.58,386.75,2,4143.04
103601,10,79.82,26.43,25.19,31.13,423.27,2,4144.04
103626,10,78.55,27.45,25.67,31.9,464.45,2,4145.04
103651,10,77.12,29.56,24.93,32.87,491.05,2,4146.04
103676,10,75.69,32.12,25.02,34.92,519.69,2,4147.04
103701,10,74.48,35.02,25.81,37.76,578.0,2,4148.04
103726,10,73.54,38.13,26.44,40.15,644.32,2,4149.04
103751,10,72.66,41.02,26.55,41.34,687.39,2,4150.04
103776,10,71.58,43.49,25.81,41.43,677.61,2,4151.04
103801,10,70.81,45.32,24.54,42.12,627.73,2,4152.04
103826,10,71.51,46.18,23.82,40.79,582.3,2,4153.04
103851,10,73.83,46.12,24.65,38.13,547.41,2,4154.04
103876,10,77.19,45.34,27.5,34.68,503.0,2,4155.04
103901,10,80.82,44.07,29.83,31.21,495.19,2,4156.04
103926,10,84.09,42.82,33.31,28.99,498.26,2,4157.04
103951,10,86.12,42.4,35.85,28.87,517.82,2,4158.04
103976,10,86.25,42.95,36.0,30.81,552.74,2,4159.04
104001,10,85.04,44.14,34.18,34.96,597.4,2,4160.04
104026,10,83.22,45.34,31.3,37.54,599.36,2,4161.04
104051,10,81.21,45.39,28.53,36.49,542.62,2,4162.04
104076,10,79.17,44.35,27.14,36.21,505.7,2,4163.04
104101,10,76.82,43.3,27.44,36.48,536.13,2,4164.04
104126,10,73.84,42.48,28.57,37.05,616.4,2,4165.04
104151,10,69.99,41.83,30.59,37.16,686.28,2,4166.04
104176,10,65.39,41.32,33.22,36.66,728.36,2,4167.04
104201,10,60.52,40.92,37.14,35.94,738.14,2,4168.04
104226,10,55.75,40.5,40.97,35.47,725.89,2,4169.04
104251,10,51.1,40.14,44.59,35.47,910.91,2,4170.04
104276,10,47.08,40.02,47.36,35.9,1073.63,2,4171.04
104301,10,44.29,40.15,48.36,36.68,1161.75,2,4172.04
104326,10,42.63,40.47,48.25,37.9,1210.36,2,4173.04
104351,10,41.71,40.77,47.18,39.61,1234.29,2,4174.04
104376,10,41.15,40.78,45.67,40.98,1238.82,2,4175.04
104401,10,40.78,40.64,45.05,42.16,1248.28,2,4176.04
104426,10,40.64,40.6,44.03,43.38,1243.85,2,4177.04
104451,10,40.77,40.54,42.33,44.51,1221.88,2,4178.04
104476,10,41.12,40.26,40.47,45.33,1195.2,2,4179.04
104501,10,41.78,39.54,38.19,45.5,1140.92,2,4180.04
104526,10,42.78,38.57,34.93,45.13,1050.63,2,4181.04
104551,10,43.85,37.43,31.0,44.76,947.48,2,4182.04
104576,10,45.02,35.74,29.28,44.33,841.67,2,4183.04
104601,10,46.81,33.78,28.28,43.52,756.53,2,4184.04
104626,10,49.32,31.91,28.06,42.72,712.38,2,4185.04
104651,10,52.0,30.29,28.27,42.41,689.05,2,4186.04
104676,10,54.42,28.81,28.48,43.56,684.78,2,4187.04
104701,10,56.35,27.13,28.48,46.22,714.76,2,4188.04
104726,10,57.62,25.56,28.74,47.38,775.72,2,4189.04
104751,10,58.0,24.24,28.0,46.97,838.77,2,4190.04
104776,10,57.59,23.12,27.01,46.59,878.09,2,4191.04
104801,10,56.74,22.82,25.95,46.0,868.77,2,4192.04
104826,10,55.83,23.45,24.88,47.5,835.34,2,4193.04
104851,10,55.15,24.5,23.38,48.28,784.21,2,4194.04
104876,10,54.65,25.68,23.06,48.31,725.52,2,4195.04
104901,10,54.09,26.77,22.66,47.84,674.66,2,4196.04
104926,10,54.04,27.66,22.07,47.14,635.91,2,4197.04
104951,10,55.07,28.4,22.05,46.11,617.63,2,4198.04
104976,10,56.62,29.56,22.8,45.15,624.31,2,4199.04
105001,10,58.1,31.5,23.67,45.03,633.89,2,4200.04
105026,10,59.54,33.76,24.07,45.47,634.4,2,4201.04
105051,10,61.22,35.95,24.44,45.78,632.67,2,4202.04
105076,10,62.98,37.92,25.48,45.34,640.44,2,4203.04
105101,10,64.44,39.66,25.82,45.31,689.55,2,4204.04
105126,10,65.36,41.47,25.48,45.8,731.48,2,4205.04
105151,10,65.56,43.23,24.31,45.64,759.79,2,4206.04
105176,10,65.64,44.51,23.53,44.56,755.89,2,4207.04
105201,10,66.18,45.41,23.32,43.14,747.81,2,4208.04
105226,10,66.6,46.46,24.29,42.11,770.07,2,4209.04
105251,10,65.8,47.26,23.7,40.96,809.14,2,4210.04
105276,10,63.9,47.3,23.89,40.4,818.32,2,4211.04
105301,10,61.87,47.12,24.08,40.4,806.25,2,4212.04
105326,10,60.33,47.26,23.44,40.81,755.15,2,4213.04
105351,10,58.97,47.0,23.55,40.59,694.9,2,4214.04
105376,10,57.53,45.64,23.92,40.15,679.25,2,4215.04
105401,10,56.08,43.48,24.15,40.7,682.38,2,4216.04
105426,10,54.79,41.0,24.22,41.79,726.58,2,4217.04
105451,10,53.44,38.29,25.76,42.77,804.2,2,4218.04
105476,10,51.76,35.47,27.91,43.7,854.32,2,4219.04
105501,10,49.69,32.8,28.64,45.57,878.51,2,4220.04
105526,10,47.24,30.63,30.02,47.82,912.53,2,4221.04
105551,10,45.3,28.83,31.31,48.96,940.13,2,4222.04
105576,10,44.87,27.09,31.82,47.76,943.43,2,4223.04
105601,10,46.04,25.51,32.51,46.33,981.28,2,4224.04
105626,10,48.53,24.3,32.94,44.0,1009.82,2,4225.04
105651,10,51.57,23.86,33.11,40.36,1000.95,2,4226.04
105676,10,53.72,23.91,33.53,38.44,956.3,2,4227.04
105701,10,54.18,24.51,34.15,39.16,937.91,2,4228.04
105726,10,53.23,25.56,35.0,40.8,950.12,2,4229.04
105751,10,51.56,26.67,37.45,42.54,1003.55,2,4230.04
105776,10,49.46,27.81,40.4,42.68,1036.31,2,4231.04
105801,10,47.22,28.77,41.39,39.51,1035.81,2,4232.04
105826,10,44.88,29.35,40.7,38.29,997.89,2,4233.04
105851,10,42.49,29.56,39.38,37.62,968.07,2,4234.04
105876,10,40.66,29.16,38.07,37.97,967.51,2,4235.04
105901,10,39.87,27.89,36.08,39.44,984.3,2,4236.04
105926,10,40.17,26.42,34.0,40.94,966.08,2,4237.04
105951,10,40.98,25.12,33.11,41.64,955.47,2,4238.04
105976,10,41.86,24.38,32.46,41.28,917.63,2,4239.04
106001,10,42.66,24.79,31.3,40.49,842.15,2,4240.04
106026,10,42.91,25.94,30.09,40.34,776.01,2,4241.04
106051,10,42.35,26.81,29.48,40.1,754.35,2,4242.04
106076,10,41.8,27.54,28.75,40.56,765.58,2,4243.04
106101,10,41.88,28.41,27.58,40.33,737.08,2,4244.04
106126,10,42.49,29.25,26.37,39.36,681.66,2,4245.04
106151,10,43.42,29.91,25.59,38.32,639.76,2,4246.04
106176,10,44.51,30.36,25.19,38.06,614.16,2,4247.04
106201,10,45.7,30.73,24.84,38.21,589.99,2,4248.04
106226,10,46.91,31.05,24.46,38.54,569.57,2,4249.04
106251,10,48.07,31.38,24.03,38.77,550.51,2,4250.04
106276,10,49.13,31.82,23.72,38.53,546.74,2,4251.04
106301,10,50.04,32.45,24.07,38.04,551.73,2,4252.04
106326,10,50.78,33.24,24.61,37.63,558.53,2,4253.04
106351,10,51.48,34.06,25.04,37.14,570.77,2,4254.04
106376,10,52.19,34.92,25.04,36.62,588.24,2,4255.04
106401,10,52.88,35.59,24.93,36.11,607.62,2,4256.04
106426,10,53.51,36.1,25.37,35.97,636.7,2,4257.04
106451,10,54.05,36.52,26.38,36.04,672.92,2,4258.04
106476,10,54.53,36.91,27.3,36.05,706.64,2,4259.04
106501,10,54.9,37.49,27.51,38.99,717.76,2,4260.04
106526,10,55.13,38.16,27.33,41.66,721.77,2,4261.04
106551,10,55.24,38.78,27.13,43.71,729.69,2,4262.04
106576,10,55.31,39.5,26.87,45.79,738.82,2,4263.04
106601,10,55.34,40.02,26.6,46.49,738.69,2,4264.04
106626,10,55.26,40.19,26.29,43.75,707.29,2,4265.04
106651,10,55.09,40.05,26.0,38.89,679.39,2,4266.04
106676,10,54.87,39.78,25.95,35.94,658.08,2,4267.04
106701,10,54.68,39.57,26.16,36.44,642.96,2,4268.04
106726,10,54.51,39.43,25.96,37.2,654.16,2,4269.04
106751,10,54.39,39.3,25.77,39.97,671.64,2,4270.04
106776,10,54.32,39.26,25.76,43.34,689.73,2,4271.04
106801,10,54.2,39.33,25.79,46.21,725.52,2,4272.04
106826,10,54.13,39.42,25.9,48.28,765.56,2,4273.04
106851,10,54.13,39.43,26.02,49.87,798.86,2,4274.04
106876,10,54.01,38.84,26.12,49.75,820.42,2,4275.04
106901,10,53.99,38.14,26.43,46.44,797.02,2,4276.04
106926,10,53.94,37.21,26.62,41.22,735.57,2,4277.04
106951,10,53.91,36.3,26.28,35.42,659.49,2,4278.04
106976,10,53.87,35.6,25.8,34.3,647.0,2,4279.04
107001,10,53.74,35.03,25.61,34.63,644.21,2,4280.04
107026,10,53.48,34.54,25.08,35.14,636.99,2,4281.04
107051,10,53.04,34.1,24.77,35.59,627.53,2,4282.04
107076,10,52.48,33.71,24.52,36.16,625.74,2,4283.04
107101,10,51.91,33.32,24.56,37.24,638.52,2,4284.04
107126,10,51.36,32.95,25.23,38.42,689.26,2,4285.04
107151,10,50.84,32.63,25.54,39.93,736.25,2,4286.04
107176,10,50.45,32.27,25.26,41.74,754.26,2,4287.04
107201,10,50.37,31.92,25.22,42.06,765.2,2,4288.04
107226,10,50.46,31.57,25.49,41.24,774.25,2,4289.04
107251,10,50.2,31.29,26.14,40.47,774.35,2,4290.04
107276,10,49.46,31.15,27.73,40.0,782.78,2,4291.04
107301,10,48.39,31.24,28.02,39.8,785.23,2,4292.04
107326,10,47.73,32.43,25.09,40.46,759.13,2,4293.04
107351,10,48.12,34.94,23.92,42.19,736.47,2,4294.04
107376,10,49.07,37.92,24.58,43.83,743.3,2,4295.04
107401,10,49.48,40.43,24.59,43.09,736.22,2,4296.04
107426,10,48.81,41.49,24.24,41.91,718.28,2,4297.04
107451,10,47.35,41.01,26.26,41.93,741.68,2,4298.04
107476,10,45.77,39.89,28.93,41.87,779.52,2,4299.04
107501,10,44.44,38.33,30.55,41.77,808.86,2,4300.04
107526,10,43.6,35.94,30.48,41.49,812.69,2,4301.04
107551,10,43.66,33.27,28.9,41.25,768.6,2,4302.04
107576,10,44.82,30.68,27.28,41.48,730.42,2,4303.04
107601,10,47.35,28.31,28.66,41.39,758.86,2,4304.04
107626,10,51.22,26.55,32.06,40.49,841.34,2,4305.04
107651,10,56.05,25.46,36.34,38.67,929.82,2,4306.04
107676,10,61.27,24.84,41.31,37.1,1024.19,2,4307.04
107701,10,66.39,24.53,45.92,36.22,1113.46,2,4308.04
107726,10,70.69,24.54,48.37,32.58,1123.65,2,4309.04
107751,10,73.61,24.56,48.92,29.88,1061.0,2,4310.04
107776,10,75.38,24.43,48.65,29.25,1004.43,2,4311.04
107801,10,76.08,24.22,47.5,27.79,924.44,2,4312.04
107826,10,75.6,23.92,43.71,26.86,822.46,2,4313.04
107851,10,74.7,23.49,39.04,28.62,766.17,2,4314.04
107876,10,73.34,22.81,36.14,34.17,800.87,2,4315.04
107901,10,71.18,22.21,36.25,39.11,892.02,2,4316.04
107926,10,68.78,21.76,35.43,41.14,944.02,2,4317.04
107951,10,66.7,21.34,32.38,40.04,855.95,2,4318.04
107976,10,64.71,20.99,30.52,37.32,740.3,2,4319.04
108001,10,62.67,20.68,28.66,36.69,686.71,2,4320.04
108026,10,60.42,20.88,27.92,37.3,680.3,2,4321.04
108051,10,57.94,21.95,27.96,36.68,709.2,2,4322.04
108076,10,55.49,23.64,28.63,37.5,747.96,2,4323.04
108101,10,53.23,24.95,29.15,38.48,753.66,2,4324.04
108126,10,51.41,24.97,29.0,39.61,728.35,2,4325.04
108151,10,49.98,24.46,28.48,40.76,724.56,2,4326.04
108176,10,48.63,23.8,27.82,42.37,731.84,2,4327.04
108201,10,47.58,22.56,25.82,44.17,726.02,2,4328.04
108226,10,47.35,21.06,25.45,45.21,704.06,2,4329.04
108251,10,47.7,20.14,25.51,44.56,686.0,2,4330.04
108276,10,47.48,19.63,25.65,44.69,706.51,2,4331.04
108301,10,46.53,19.35,25.94,46.82,763.13,2,4332.04
108326,10,45.18,19.55,27.29,48.48,829.08,2,4333.04
108351,10,43.91,20.16,28.78,49.35,880.51,2,4334.04
108376,10,43.2,21.13,29.68,50.39,929.92,2,4335.04
108401,10,42.96,22.49,29.21,51.74,947.38,2,4336.04
108426,10,42.47,23.91,28.91,53.01,924.47,2,4337.04
108451,10,40.78,24.99,30.0,53.36,923.36,2,4338.04
108476,10,37.87,25.87,34.78,51.39,1020.42,2,4339.04
108501,10,34.53,26.91,37.83,46.89,1092.22,2,4340.04
108526,10,31.41,28.31,38.54,41.64,1107.96,2,4341.04
108551,10,28.64,29.64,40.44,36.51,1095.88,2,4342.04
108576,10,26.29,30.63,42.79,31.45,1055.2,2,4343.04
108601,10,24.34,31.24,44.11,28.71,1022.17,2,4344.04
108626,10,22.71,31.35,44.0,27.14,1000.43,2,4345.04
108651,10,21.56,31.38,46.48,28.91,1008.99,2,4346.04
108676,10,21.47,31.78,49.02,32.02,1043.81,2,4347.04
108701,10,22.35,32.11,49.67,35.55,1109.05,2,4348.04
108726,10,23.86,32.11,47.49,37.35,1154.97,2,4349.04
108751,10,25.75,31.5,46.65,38.0,1196.43,2,4350.04
108776,10,27.96,30.25,45.69,38.02,1248.3,2,4351.04
108801,10,30.33,28.72,45.12,39.2,1337.2,2,4352.04
108826,10,32.6,27.53,44.69,41.26,1318.23,2,4353.04
108851,10,35.08,26.6,44.3,39.68,1256.56,2,4354.04
108876,10,38.11,25.86,44.79,36.94,1187.86,2,4355.04
108901,10,41.7,25.69,45.91,35.49,1121.99,2,4356.04
108926,10,45.86,25.93,47.51,33.33,1062.13,2,4357.04
108951,10,50.4,26.37,49.88,30.93,1006.19,2,4358.04
108976,10,55.04,26.96,52.76,28.87,952.55,2,4359.04
109001,10,59.61,27.59,55.71,27.93,932.49,2,4360.04
109026,10,63.9,28.24,58.18,27.21,917.54,2,4361.04
109051,10,67.67,28.42,59.35,25.87,892.0,2,4362.04
109076,10,70.33,28.57,58.24,25.75,878.82,2,4363.04
109101,10,71.65,28.95,55.96,26.96,876.39,2,4364.04
109126,10,72.2,28.89,51.99,29.11,898.36,2,4365.04
109151,10,72.36,28.49,47.18,32.29,935.47,2,4366.04
109176,10,72.08,28.14,42.01,36.04,959.28,2,4367.04
109201,10,71.46,27.9,38.68,40.15,980.88,2,4368.04
109226,10,70.45,27.97,36.22,42.75,989.93,2,4369.04
109251,10,68.92,28.57,35.48,43.89,978.39,2,4370.04
109276,10,67.1,29.6,35.84,45.54,1017.38,2,4371.04
109301,10,65.22,30.9,36.34,47.74,1081.6,2,4372.04
109326,10,63.26,32.39,36.94,50.25,1178.15,2,4373.04
109351,10,61.24,34.07,37.57,51.75,1292.47,2,4374.04
109376,10,59.44,35.61,37.84,52.75,1362.37,2,4375.04
109401,10,57.72,36.57,37.43,54.91,1393.5,2,4376.04
109426,10,55.67,37.09,36.82,55.73,1401.25,2,4377.04
109451,10,53.45,37.54,36.44,55.79,1399.76,2,4378.04
109476,10,51.42,38.03,35.31,55.3,1366.46,2,4379.04
109501,10,49.88,38.12,35.31,55.24,1333.95,2,4380.04
109526,10,48.68,37.52,34.8,56.22,1304.83,2,4381.04
109551,10,47.39,36.65,33.84,57.32,1284.45,2,4382.04
109576,10,45.87,35.58,33.15,58.11,1266.77,2,4383.04
109601,10,44.19,34.34,32.85,58.57,1256.33,2,4384.04
109626,10,42.51,33.35,32.77,57.94,1230.48,2,4385.04
109651,10,40.74,32.64,33.04,56.6,1213.9,2,4386.04
109676,10,38.64,32.35,34.49,53.99,1217.88,2,4387.04
109701,10,36.36,32.55,36.1,49.31,1184.57,2,4388.04
109726,10,34.18,32.93,37.98,43.75,1157.07,2,4389.04
109751,10,32.58,33.21,39.4,38.17,1066.7,2,4390.04
109776,10,31.83,33.59,37.69,34.07,916.25,2,4391.04
109801,10,31.28,34.44,35.37,33.36,767.66,2,4392.04
109826,10,30.93,35.29,33.5,32.26,693.7,2,4393.04
109851,10,31.2,35.72,34.3,31.5,671.77,2,4394.04
109876,10,32.01,36.04,34.3,30.81,667.2,2,4395.04
109901,10,33.52,36.42,33.61,30.07,642.42,2,4396.04
109926,10,35.8,36.66,33.34,28.88,614.89,2,4397.04
109951,10,38.53,36.68,33.5,27.68,593.19,2,4398.04
109976,10,41.64,36.67,33.38,26.0,594.58,2,4399.04
110001,10,45.05,36.82,33.28,25.41,609.07,2,4400.04
110026,10,48.1,37.04,34.34,25.17,638.33,2,4401.04
110051,10,50.49,37.5,34.3,25.25,654.58,2,4402.04
110076,10,52.01,38.16,33.45,25.93,626.05,2,4403.04
110101,10,52.85,38.94,32.83,27.43,620.3,2,4404.04
110126,10,53.47,39.6,32.37,29.3,602.2,2,4405.04
110151,10,54.01,40.12,32.11,29.7,570.47,2,4406.04
110176,10,54.4,40.58,32.09,29.8,546.72,2,4407.04
110201,10,54.6,40.9,31.93,30.15,511.62,2,4408.04
110226,10,54.65,41.17,31.32,30.93,487.24,2,4409.04
110251,10,54.67,41.39,30.25,31.98,485.52,2,4410.04
110276,10,54.69,41.63,28.99,32.9,476.64,2,4411.04
110301,10,54.73,41.82,27.79,33.48,465.46,2,4412.04
110326,10,54.6,41.91,26.59,33.81,454.1,2,4413.04
110351,10,54.15,42.03,25.42,34.03,446.98,2,4414.04
110376,10,53.52,42.36,24.2,34.53,443.94,2,4415.04
110401,10,52.91,42.83,23.01,35.55,445.49,2,4416.04
110426,10,52.47,43.31,21.82,36.84,449.88,2,4417.04
110451,10,52.09,43.64,20.72,38.11,455.25,2,4418.04
110476,10,51.72,43.88,19.7,39.46,458.4,2,4419.04
110501,10,51.39,44.1,19.83,40.62,466.38,2,4420.04
110526,10,51.19,44.36,20.26,41.45,471.62,2,4421.04
110551,10,51.15,44.64,20.5,42.05,473.21,2,4422.04
110576,10,51.18,44.91,20.45,42.29,471.29,2,4423.04
110601,10,51.32,45.23,20.3,42.58,470.1,2,4424.04
110626,10,51.38,45.51,20.17,43.03,470.66,2,4425.04
110651,10,51.42,45.67,19.68,42.92,464.4,2,4426.04
110676,10,51.37,45.87,19.17,42.77,456.36,2,4427.04
110701,10,51.3,46.07,18.84,42.81,451.49,2,4428.04
110726,10,51.24,46.23,18.8,42.8,456.36,2,4429.04
110751,10,51.22,46.29,19.19,43.08,498.36,2,4430.04
110776,10,51.22,46.31,19.75,43.37,542.47,2,4431.04
110801,10,51.21,46.38,20.32,43.26,587.55,2,4432.04
110826,10,51.15,46.5,21.15,43.02,637.54,2,4433.04
110851,10,51.09,46.55,22.3,42.75,682.36,2,4434.04
110876,10,50.97,46.62,23.21,42.74,712.87,2,4435.04
110901,10,50.79,46.72,23.75,42.61,721.72,2,4436.04
110926,10,50.63,46.82,23.73,42.31,711.53,2,4437.04
110951,10,50.63,46.77,23.41,42.18,690.82,2,4438.04
110976,10,50.75,46.44,23.15,42.57,666.63,2,4439.04
111001,10,50.86,46.09,23.59,42.67,683.56,2,4440.04
111026,10,50.84,45.64,25.35,42.63,701.43,2,4441.04
111051,10,50.8,45.06,26.15,42.16,695.46,2,4442.04
111076,10,50.81,44.54,26.33,40.78,674.86,2,4443.04
111101,10,50.92,44.01,26.41,39.39,655.94,2,4444.04
111126,10,51.11,43.54,26.42,37.95,635.22,2,4445.04
111151,10,51.33,43.13,26.17,36.43,607.76,2,4446.04
111176,10,51.62,42.74,25.55,34.99,573.27,2,4447.04
111201,10,51.94,42.36,24.86,33.68,540.89,2,4448.04
111226,10,52.26,41.89,24.28,32.43,516.94,2,4449.04
111251,10,52.56,41.48,24.1,31.08,501.79,2,4450.04
111276,10,52.77,41.17,24.23,30.3,490.09,2,4451.04
111301,10,52.81,40.98,24.39,29.51,476.28,2,4452.04
111326,10,52.73,40.97,24.59,29.01,457.99,2,4453.04
111351,10,52.6,41.07,24.74,28.85,436.54,2,4454.04
111376,10,52.4,41.18,24.69,29.08,427.07,2,4455.04
111401,10,52.17,41.21,24.97,29.44,433.59,2,4456.04
111426,10,51.95,41.16,25.35,29.42,443.58,2,4457.04
111451,10,51.72,41.18,25.72,29.32,454.22,2,4458.04
111476,10,51.45,41.28,26.21,29.92,465.16,2,4459.04
111501,10,51.15,41.29,26.27,30.71,473.27,2,4460.04
111526,10,50.92,41.31,26.21,31.59,488.04,2,4461.04
111551,10,50.71,41.34,26.1,32.83,506.12,2,4462.04
111576,10,50.51,41.45,25.92,34.06,518.84,2,4463.04
111601,10,50.35,41.74,25.97,34.79,530.73,2,4464.04
111626,10,50.2,42.11,26.05,35.11,538.48,2,4465.04
111651,10,50.12,42.43,26.05,35.24,539.07,2,4466.04
111676,10,50.13,42.68,25.91,35.28,531.02,2,4467.04
111701,10,50.19,42.86,25.86,34.95,521.75,2,4468.04
111726,10,50.23,42.94,26.16,34.43,525.1,2,4469.04
111751,10,50.17,43.05,26.51,34.03,534.59,2,4470.04
111776,10,50.05,43.2,26.7,33.79,546.38,2,4471.04
111801,10,49.93,43.4,26.81,33.38,556.8,2,4472.04
111826,10,49.9,43.59,26.71,32.72,563.73,2,4473.04
111851,10,49.97,43.65,26.55,31.95,570.64,2,4474.04
111876,10,50.06,43.72,26.57,31.41,583.81,2,4475.04
111901,10,50.17,43.81,26.54,31.23,596.03,2,4476.04
111926,10,50.29,43.87,26.58,32.8,601.61,2,4477.04
111951,10,50.4,43.91,26.49,34.35,603.23,2,4478.04
111976,10,50.47,43.86,26.4,35.83,608.62,2,4479.04
112001,10,50.53,43.85,26.53,36.98,618.21,2,4480.04
112026,10,50.56,43.87,26.57,37.57,616.01,2,4481.04
112051,10,50.55,43.78,26.65,37.88,610.26,2,4482.04
112076,10,50.56,43.52,26.76,38.0,602.67,2,4483.04
112101,10,50.58,43.24,26.76,38.02,596.53,2,4484.04
112126,10,50.59,43.08,26.78,37.83,595.27,2,4485.04
112151,10,50.5,43.07,26.79,37.58,599.65,2,4486.04
112176,10,50.34,43.11,26.65,37.48,602.24,2,4487.04
112201,10,50.14,43.1,26.47,37.32,600.0,2,4488.04
112226,10,49.96,42.99,26.29,37.3,599.07,2,4489.04
112251,10,49.77,42.9,26.16,37.33,597.33,2,4490.04
112276,10,49.56,42.92,25.76,37.16,588.76,2,4491.04
112301,10,49.3,42.92,25.18,36.42,567.9,2,4492.04
112326,10,49.0,42.92,25.03,35.21,536.78,2,4493.04
112351,10,48.74,42.92,24.72,33.98,504.2,2,4494.04
112376,10,48.59,42.9,24.29,32.81,476.33,2,4495.04
112401,10,48.51,42.84,23.84,31.7,451.66,2,4496.04
112426,10,48.4,42.76,23.49,30.5,432.25,2,4497.04
112451,10,48.33,42.73,23.19,29.24,416.54,2,4498.04
112476,10,48.29,42.64,23.33,27.95,403.36,2,4499.04
112501,10,48.25,42.47,23.85,26.55,388.47,2,4500.04
112526,10,48.3,42.31,24.14,26.15,375.98,2,4501.04
112551,10,48.43,42.13,24.42,26.3,370.47,2,4502.04
112576,10,48.57,41.99,24.56,26.54,363.9,2,4503.04
112601,10,48.72,41.91,24.55,26.89,364.36,2,4504.04
112626,10,48.87,41.72,24.52,27.64,384.68,2,4505.04
112651,10,49.02,41.55,24.37,28.38,401.89,2,4506.04
112676,10,49.16,41.39,24.01,29.1,418.7,2,4507.04
112701,10,49.18,41.1,23.55,29.82,433.33,2,4508.04
112726,10,49.11,40.91,22.8,30.42,439.24,2,4509.04
112751,10,48.99,40.71,22.04,31.17,443.0,2,4510.04
112776,10,48.78,40.38,22.78,32.32,470.59,2,4511.04
112801,10,48.55,40.01,23.08,33.89,505.45,2,4512.04
112826,10,48.41,39.67,22.99,35.51,538.66,2,4513.04
112851,10,48.38,39.41,22.87,37.1,571.43,2,4514.04
112876,10,48.54,39.14,23.09,38.14,589.29,2,4515.04
112901,10,48.87,38.95,23.04,38.74,586.65,2,4516.04
112926,10,49.18,38.96,22.51,39.18,575.02,2,4517.04
112951,10,49.32,39.2,21.56,39.23,566.92,2,4518.04
112976,10,49.34,39.47,20.68,38.93,556.33,2,4519.04
113001,10,49.44,39.65,19.94,38.43,540.7,2,4520.04
113026,10,49.68,39.65,19.34,37.86,526.29,2,4521.04
113051,10,50.06,39.43,18.66,37.47,518.95,2,4522.04
113076,10,50.56,39.09,18.14,37.08,520.1,2,4523.04
113101,10,51.06,38.73,18.23,36.45,527.45,2,4524.04
113126,10,51.48,38.42,18.3,35.81,530.27,2,4525.04
113151,10,51.84,38.14,18.43,35.59,531.88,2,4526.04
113176,10,52.14,37.94,18.4,36.2,536.64,2,4527.04
113201,10,52.31,37.84,18.06,36.51,537.05,2,4528.04
113226,10,52.42,37.72,17.67,36.55,533.06,2,4529.04
113251,10,52.46,37.59,17.07,36.55,521.2,2,4530.04
113276,10,52.38,37.56,17.11,37.06,517.72,2,4531.04
113301,10,52.07,37.62,17.9,37.63,538.97,2,4532.04
113326,10,51.09,37.69,19.84,38.38,583.46,2,4533.04
113351,10,49.49,37.48,23.72,39.23,664.27,2,4534.04
113376,10,47.71,36.47,28.32,39.92,754.39,2,4535.04
113401,10,46.77,35.2,32.8,39.82,787.78,2,4536.04
113426,10,47.47,33.87,34.92,39.45,774.15,2,4537.04
113451,10,48.91,32.1,34.19,38.97,764.46,2,4538.04
113476,10,50.24,30.82,32.71,39.84,784.12,2,4539.04
113501,10,51.13,30.64,32.28,43.5,856.46,2,4540.04
113526,10,51.72,30.95,32.85,48.51,928.3,2,4541.04
113551,10,52.14,31.79,32.19,53.34,1001.89,2,4542.04
113576,10,52.68,32.78,32.04,57.2,1101.05,2,4543.04
113601,10,53.26,32.89,31.48,60.53,1206.77,2,4544.04
113626,10,53.24,31.95,31.28,62.54,1249.57,2,4545.04
113651,10,52.63,30.83,30.69,62.81,1244.2,2,4546.04
113676,10,51.47,29.7,30.39,61.91,1232.74,2,4547.04
113701,10,49.75,28.5,30.25,60.86,1222.4,2,4548.04
113726,10,47.92,27.57,30.04,60.63,1187.73,2,4549.04
113751,10,45.87,27.41,29.03,61.59,1165.76,2,4550.04
113776,10,43.5,28.08,28.35,61.83,1152.69,2,4551.04
113801,10,40.88,28.59,29.14,61.33,1165.74,2,4552.04
113826,10,38.04,28.97,31.59,60.26,1222.59,2,4553.04
113851,10,35.32,29.54,35.82,56.48,1236.15,2,4554.04
113876,10,33.58,30.33,39.14,50.51,1181.78,2,4555.04
113901,10,33.52,31.68,40.23,46.4,1110.07,2,4556.04
113926,10,34.4,33.57,39.73,45.65,1070.09,2,4557.04
113951,10,35.08,35.75,38.67,45.74,1125.09,2,4558.04
113976,10,34.77,37.65,38.26,43.7,1170.19,2,4559.04
114001,10,33.01,38.97,38.85,43.56,1209.18,2,4560.04
114026,10,30.2,39.48,39.99,44.11,1242.01,2,4561.04
114051,10,27.43,39.55,41.25,40.48,1183.88,2,4562.04
114076,10,25.37,39.47,43.4,34.42,1088.94,2,4563.04
114101,10,23.56,39.34,46.84,28.47,1045.01,2,4564.04
114126,10,21.83,39.32,50.89,25.33,1009.08,2,4565.04
114151,10,20.61,39.38,52.02,24.9,989.27,2,4566.04
114176,10,20.01,39.47,48.86,25.78,929.6,2,4567.04
114201,10,19.82,39.57,44.36,26.42,830.99,2,4568.04
114226,10,19.67,39.62,42.03,27.18,728.7,2,4569.04
114251,10,19.29,39.57,38.62,27.67,622.98,2,4570.04
114276,10,18.54,39.31,34.58,26.9,530.79,2,4571.04
114301,10,17.54,38.92,32.14,29.85,522.27,2,4572.04
114326,10,16.39,38.46,29.57,32.25,555.79,2,4573.04
114351,10,15.3,38.01,27.51,34.22,581.96,2,4574.04
114376,10,14.43,37.67,27.66,36.28,606.77,2,4575.04
114401,10,13.78,37.29,28.89,37.24,608.05,2,4576.04
114426,10,13.3,36.93,28.45,37.56,602.24,2,4577.04
114451,10,12.84,36.51,27.66,37.35,610.38,2,4578.04
114476,10,12.39,36.18,26.9,37.2,629.62,2,4579.04
114501,10,12.02,35.97,27.75,37.46,639.69,2,4580.04
114526,10,11.86,36.0,28.25,37.21,640.08,2,4581.04
114551,10,11.64,36.02,28.89,36.97,643.22,2,4582.04
114576,10,11.3,36.17,29.35,36.77,644.85,2,4583.04
114601,10,11.11,36.84,28.95,34.67,614.18,2,4584.04
114626,10,11.03,37.86,28.02,32.63,560.68,2,4585.04
114651,10,10.65,38.7,27.98,34.59,594.89,2,4586.04
114676,10,10.96,38.91,27.69,35.82,624.69,2,4587.04
114701,10,12.59,38.57,29.46,36.1,648.94,2,4588.04
114726,10,14.98,37.9,31.59,36.92,659.8,2,4589.04
114751,10,18.1,37.2,32.0,35.96,591.47,2,4590.04
114776,10,21.31,36.54,31.46,34.47,542.33,2,4591.04
114801,10,24.13,36.41,30.12,34.05,520.82,2,4592.04
114826,10,26.44,36.48,28.02,37.02,538.42,2,4593.04
114851,10,28.31,36.38,25.57,42.14,569.24,2,4594.04
114876,10,29.65,36.56,24.39,46.14,624.57,2,4595.04
114901,10,30.5,37.12,24.96,46.44,719.67,2,4596.04
114926,10,30.86,37.85,26.83,45.17,821.95,2,4597.04
114951,10,31.04,38.46,29.99,43.88,924.0,2,4598.04
114976,10,30.59,38.77,32.67,42.12,995.02,2,4599.04
115001,10,29.32,38.69,36.61,40.25,1054.93,2,4600.04
115026,10,28.02,38.42,41.18,37.64,1040.35,2,4601.04
115051,10,27.14,38.36,43.36,34.23,975.97,2,4602.04
115076,10,26.29,38.49,43.04,31.57,919.23,2,4603.04
115101,10,25.1,38.61,42.19,33.9,893.72,2,4604.04
115126,10,23.75,38.44,41.31,35.25,900.99,2,4605.04
115151,10,22.91,37.57,40.27,37.29,890.07,2,4606.04
115176,10,22.99,36.32,38.64,39.4,903.62,2,4607.04
115201,10,23.32,34.93,37.93,39.9,919.07,2,4608.04
115226,10,23.59,33.93,37.26,39.08,908.86,2,4609.04
115251,10,24.01,33.11,35.86,38.52,897.6,2,4610.04
115276,10,24.55,32.22,34.3,38.75,888.46,2,4611.04
115301,10,24.92,31.23,32.12,41.02,880.27,2,4612.04
115326,10,24.84,30.39,32.09,42.57,911.97,2,4613.04
115351,10,24.65,30.15,32.83,42.48,945.4,2,4614.04
115376,10,24.97,30.52,33.43,41.43,972.6,2,4615.04
115401,10,25.75,31.21,34.43,42.06,1004.16,2,4616.04
115426,10,26.76,32.06,34.95,42.83,1022.65,2,4617.04
115451,10,27.99,32.98,34.88,42.97,1032.34,2,4618.04
115476,10,29.37,33.85,34.39,42.42,1009.13,2,4619.04
115501,10,30.77,34.58,33.78,41.5,965.52,2,4620.04
115526,10,32.16,35.31,33.18,40.56,920.74,2,4621.04
115551,10,33.61,36.03,32.75,39.6,885.09,2,4622.04
115576,10,34.98,36.7,32.36,38.45,863.13,2,4623.04
115601,10,36.18,37.09,32.05,38.29,845.82,2,4624.04
115626,10,37.29,37.27,31.66,39.67,839.94,2,4625.04
115651,10,38.45,37.51,30.29,40.56,818.39,2,4626.04
115676,10,39.51,38.08,30.75,40.92,831.72,2,4627.04
115701,10,40.64,38.19,30.68,40.83,834.59,2,4628.04
115726,10,41.62,38.08,30.65,40.51,843.16,2,4629.04
115751,10,42.51,37.88,31.24,39.9,841.72,2,4630.04
115776,10,43.54,37.58,32.35,38.68,832.77,2,4631.04
115801,10,44.9,37.28,33.26,36.98,817.58,2,4632.04
115826,10,46.8,37.17,34.23,35.23,811.59,2,4633.04
115851,10,49.37,37.16,34.67,32.84,805.17,2,4634.04
115876,10,52.53,37.38,36.23,30.19,809.05,2,4635.04
115901,10,55.6,37.75,38.25,29.67,833.5,2,4636.04
115926,10,57.65,38.07,38.45,31.69,835.55,2,4637.04
115951,10,58.54,38.5,37.45,35.55,844.56,2,4638.04
115976,10,58.58,39.41,36.17,40.74,885.26,2,4639.04
116001,10,58.14,40.93,34.99,45.09,949.06,2,4640.04
116026,10,57.98,42.54,33.38,47.87,955.44,2,4641.04
116051,10,58.69,43.33,33.0,46.67,873.71,2,4642.04
116076,10,60.34,42.81,31.15,42.81,777.84,2,4643.04
116101,10,62.64,41.62,29.61,38.49,706.65,2,4644.04
116126,10,65.13,40.09,29.32,34.36,637.42,2,4645.04
116151,10,67.12,37.98,29.51,31.69,589.75,2,4646.04
116176,10,68.28,35.27,29.83,33.29,599.52,2,4647.04
116201,10,68.87,32.13,29.73,35.56,645.07,2,4648.04
116226,10,69.47,28.96,29.68,38.63,669.18,2,4649.04
116251,10,70.12,26.24,29.6,41.31,664.64,2,4650.04
116276,10,70.15,24.48,28.95,41.83,665.98,2,4651.04
116301,10,69.83,23.68,28.3,40.51,658.72,2,4652.04
116326,10,70.7,23.29,28.25,40.95,645.86,2,4653.04
116351,10,73.04,23.62,29.25,39.81,617.16,2,4654.04
116376,10,75.03,24.85,30.35,37.16,559.62,2,4655.04
116401,10,76.11,26.51,31.24,34.82,517.15,2,4656.04
116426,10,75.95,28.66,30.23,34.87,556.89,2,4657.04
116451,10,74.54,30.72,28.92,36.25,641.74,2,4658.04
116476,10,72.12,32.08,29.42,37.56,729.99,2,4659.04
116501,10,68.72,32.77,31.82,38.35,827.3,2,4660.04
116526,10,64.55,33.01,36.89,38.46,933.66,2,4661.04
116551,10,59.84,33.06,42.53,38.05,1061.73,2,4662.04
116576,10,54.97,33.18,47.07,37.6,1188.35,2,4663.04
116601,10,50.37,33.47,49.61,37.29,1288.91,2,4664.04
116626,10,46.57,34.09,50.21,36.84,1350.47,2,4665.04
116651,10,44.21,34.65,50.62,37.02,1389.35,2,4666.04
116676,10,43.19,34.89,53.13,38.06,1442.93,2,4667.04
116701,10,43.26,35.37,55.13,38.97,1510.95,2,4668.04
116726,10,44.25,36.21,55.84,39.06,1564.47,2,4669.04
116751,10,45.87,37.04,55.01,38.36,1566.3,2,4670.04
116776,10,47.69,37.86,53.12,37.41,1509.35,2,4671.04
116801,10,49.21,38.63,50.58,37.01,1436.73,2,4672.04
116826,10,50.57,39.34,47.73,37.17,1372.45,2,4673.04
116851,10,51.9,40.4,44.81,37.65,1319.52,2,4674.04
116876,10,53.01,41.68,42.35,38.13,1261.39,2,4675.04
116901,10,53.9,42.82,41.62,38.29,1185.17,2,4676.04
116926,10,54.91,44.06,40.74,38.07,1119.97,2,4677.04
116951,10,55.88,45.34,40.03,39.29,1096.76,2,4678.04
116976,10,56.08,46.44,39.09,39.92,1045.15,2,4679.04
117001,10,55.32,47.0,37.57,39.61,1010.98,2,4680.04
117026,10,53.85,46.9,36.48,39.23,987.32,2,4681.04
117051,10,51.81,46.28,37.08,38.49,991.36,2,4682.04
117076,10,49.38,45.34,38.32,38.13,984.3,2,4683.04
117101,10,46.97,44.16,39.11,39.53,976.85,2,4684.04
117126,10,45.19,42.4,38.51,41.46,987.85,2,4685.04
117151,10,44.3,40.07,36.27,42.85,976.95,2,4686.04
117176,10,44.07,37.54,33.81,43.83,965.67,2,4687.04
117201,10,44.19,34.97,31.78,44.64,951.22,2,4688.04
117226,10,44.31,32.68,30.14,44.59,932.87,2,4689.04
117251,10,44.26,30.96,28.97,42.62,844.23,2,4690.04
117276,10,44.8,29.72,27.68,40.89,738.14,2,4691.04
117301,10,46.35,28.95,26.41,40.25,686.73,2,4692.04
117326,10,48.59,28.83,24.74,39.69,634.2,2,4693.04
117351,10,50.67,28.61,22.53,39.91,590.38,2,4694.04
117376,10,52.0,27.64,22.71,41.87,593.79,2,4695.04
117401,10,52.23,26.73,23.76,43.88,640.63,2,4696.04
117426,10,51.72,26.74,24.1,45.25,662.0,2,4697.04
117451,10,51.02,27.43,24.39,46.35,675.45,2,4698.04
117476,10,50.25,28.18,25.11,46.8,731.6,2,4699.04
117501,10,49.36,29.09,26.57,47.04,801.64,2,4700.04
117526,10,48.56,30.39,27.79,47.43,836.95,2,4701.04
117551,10,47.98,31.88,27.14,47.9,834.55,2,4702.04
117576,10,47.68,33.82,26.08,48.62,856.75,2,4703.04
117601,10,47.61,36.2,25.94,49.68,870.25,2,4704.04
117626,10,47.27,38.38,26.95,50.23,887.31,2,4705.04
117651,10,46.78,40.31,29.46,49.31,923.08,2,4706.04
117676,10,46.87,42.31,31.76,47.56,970.41,2,4707.04
117701,10,46.89,44.16,31.35,46.41,932.37,2,4708.04
117726,10,45.9,45.26,29.59,44.81,872.22,2,4709.04
117751,10,44.5,45.62,28.99,43.56,815.96,2,4710.04
117776,10,43.24,45.47,30.07,43.16,816.87,2,4711.04
117801,10,41.82,44.81,33.43,43.19,879.2,2,4712.04
117826,10,40.36,43.35,36.81,43.8,988.8,2,4713.04
117851,10,39.45,41.01,37.49,44.87,1078.04,2,4714.04
117876,10,39.57,38.31,35.86,46.05,1099.88,2,4715.04
117901,10,40.71,35.74,33.45,46.61,1067.48,2,4716.04
117926,10,42.64,33.49,31.28,46.0,1011.95,2,4717.04
117951,10,45.06,31.59,30.3,44.36,951.0,2,4718.04
117976,10,47.5,30.02,29.81,42.43,890.34,2,4719.04
118001,10,49.67,28.87,28.65,41.59,828.05,2,4720.04
118026,10,51.72,28.61,27.32,41.68,735.49,2,4721.04
118051,10,53.79,29.32,27.96,42.27,715.47,2,4722.04
118076,10,56.45,30.3,29.49,42.07,730.22,2,4723.04
118101,10,59.83,31.14,31.38,40.42,734.49,2,4724.04
118126,10,63.47,32.05,32.72,38.31,723.32,2,4725.04
118151,10,67.26,32.99,34.37,36.93,728.71,2,4726.04
118176,10,71.12,33.76,36.81,35.87,752.25,2,4727.04
118201,10,74.9,34.44,39.96,33.53,756.72,2,4728.04
118226,10,78.25,35.22,43.58,29.66,715.39,2,4729.04
118251,10,80.2,36.0,44.58,26.13,638.53,2,4730.04
118276,10,80.36,36.65,41.71,26.31,619.35,2,4731.04
118301,10,79.67,36.97,37.29,28.27,641.02,2,4732.04
118326,10,78.88,36.78,33.31,29.16,645.33,2,4733.04
118351,10,78.29,36.24,29.79,29.15,632.65,2,4734.04
118376,10,77.94,36.06,26.72,29.1,600.2,2,4735.04
118401,10,77.66,36.76,23.07,30.8,567.82,2,4736.04
118426,10,77.29,38.16,20.66,33.22,570.94,2,4737.04
118451,10,76.98,39.7,19.68,36.16,579.7,2,4738.04
118476,10,76.68,41.12,19.78,38.55,589.82,2,4739.04
118501,10,75.91,42.33,19.88,38.69,576.82,2,4740.04
118526,10,74.85,43.37,19.96,38.17,541.98,2,4741.04
118551,10,73.84,44.45,20.3,41.21,547.08,2,4742.04
118576,10,72.88,45.51,21.73,43.4,625.39,2,4743.04
118601,10,71.54,46.2,25.66,42.19,702.14,2,4744.04
118626,10,69.58,46.59,29.88,41.27,769.92,2,4745.04
118651,10,67.44,47.06,31.84,41.52,809.9,2,4746.04
118676,10,65.83,47.8,30.24,41.53,808.89,2,4747.04
118701,10,64.53,48.16,30.52,41.59,768.0,2,4748.04
118726,10,63.27,47.59,29.46,41.18,690.03,2,4749.04
118751,10,62.52,45.89,26.33,40.73,596.35,2,4750.04
118776,10,62.73,43.51,22.88,40.63,515.7,2,4751.04
118801,10,63.74,41.11,20.5,41.0,466.29,2,4752.04
118826,10,65.82,39.1,20.9,41.07,488.57,2,4753.04
118851,10,69.18,37.91,25.56,37.71,553.54,2,4754.04
118876,10,73.27,37.42,31.8,31.53,597.6,2,4755.04
118901,10,77.42,37.07,37.76,29.51,638.61,2,4756.04
118926,10,80.63,36.75,41.89,29.69,690.52,2,4757.04
118951,10,82.17,36.58,44.97,29.61,716.94,2,4758.04
118976,10,82.38,36.58,46.12,29.49,747.66,2,4759.04
119001,10,81.97,36.57,46.77,29.45,769.76,2,4760.04
119026,10,81.23,36.59,47.59,29.38,787.42,2,4761.04
119051,10,80.38,36.5,48.62,29.46,821.92,2,4762.04
119076,10,79.49,36.37,49.8,30.37,858.08,2,4763.04
119101,10,78.58,36.22,51.02,31.13,892.47,2,4764.04
119126,10,77.67,36.03,52.16,31.61,925.48,2,4765.04
119151,10,76.68,36.02,52.79,32.28,971.76,2,4766.04
119176,10,75.68,36.09,53.74,33.24,1036.58,2,4767.04
119201,10,74.65,36.25,54.48,34.97,1107.33,2,4768.04
119226,10,73.66,36.49,55.47,36.66,1178.12,2,4769.04
119251,10,72.59,36.94,55.25,38.46,1242.56,2,4770.04
119276,10,71.53,37.41,53.99,40.43,1291.07,2,4771.04
119301,10,70.61,37.78,52.69,42.49,1331.34,2,4772.04
119326,10,69.72,38.18,51.28,44.19,1363.34,2,4773.04
119351,10,68.85,38.57,49.72,47.53,1423.94,2,4774.04
119376,10,68.1,38.9,48.25,50.55,1484.09,2,4775.04
119401,10,67.54,38.9,46.76,50.56,1486.49,2,4776.04
119426,10,67.07,38.54,45.24,51.3,1485.24,2,4777.04
119451,10,66.64,38.24,43.7,52.5,1503.99,2,4778.04
119476,10,66.29,37.88,42.7,53.2,1507.85,2,4779.04
119501,10,66.08,37.37,42.41,53.5,1494.33,2,4780.04
119526,10,66.04,36.92,42.2,52.98,1480.41,2,4781.04
119551,10,66.19,36.54,42.2,52.29,1506.99,2,4782.04
119576,10,66.5,36.14,42.25,51.7,1573.4,2,4783.04
119601,10,66.85,35.82,42.26,51.02,1673.51,2,4784.04
119626,10,67.27,35.57,43.3,50.83,1773.42,2,4785.04
119651,10,67.72,35.41,44.86,52.44,1870.13,2,4786.04
119676,10,68.05,35.42,45.87,54.71,1958.98,2,4787.04
119701,10,68.24,35.6,46.57,56.61,2016.04,2,4788.04
119726,10,68.34,35.8,46.78,58.3,2050.32,2,4789.04
119751,10,68.32,36.16,46.45,59.71,2059.24,2,4790.04
119776,10,68.18,37.0,45.78,60.2,2025.34,2,4791.04
119801,10,67.96,38.16,44.42,60.42,1952.27,2,4792.04
119826,10,67.71,39.26,43.04,60.68,1865.43,2,4793.04
119851,10,67.26,40.08,42.26,60.95,1803.3,2,4794.04
119876,10,66.49,40.9,42.06,61.01,1770.85,2,4795.04
119901,10,65.36,42.13,42.55,59.59,1733.07,2,4796.04
119926,10,64.16,43.29,42.39,56.62,1652.31,2,4797.04
119951,10,62.68,43.76,40.41,53.85,1558.93,2,4798.04
119976,10,60.49,43.33,39.18,52.77,1441.49,2,4799.04
120001,10,58.17,42.02,38.31,51.63,1345.01,2,4800.04
120026,10,56.18,40.11,37.05,53.22,1295.32,2,4801.04
120051,10,54.25,37.97,35.13,56.85,1287.91,2,4802.04
120076,10,52.37,35.78,33.74,59.69,1298.35,2,4803.04
120101,10,50.69,33.83,33.11,58.58,1276.06,2,4804.04
120126,10,49.07,32.28,33.29,53.23,1235.81,2,4805.04
120151,10,47.2,31.18,33.58,49.85,1221.8,2,4806.04
120176,10,45.1,30.79,32.89,52.07,1254.42,2,4807.04
120201,10,42.69,31.23,32.16,54.28,1305.54,2,4808.04
120226,10,40.08,32.22,32.31,53.25,1363.35,2,4809.04
120251,10,37.45,33.33,38.0,49.22,1418.33,2,4810.04
120276,10,35.16,34.54,44.73,49.63,1479.95,2,4811.04
120301,10,33.62,35.52,50.04,50.7,1527.14,2,4812.04
120326,10,32.94,36.16,52.08,51.77,1516.11,2,4813.04
120351,10,32.87,36.56,51.78,51.71,1463.72,2,4814.04
120376,10,33.14,36.71,50.57,51.11,1405.81,2,4815.04
120401,10,33.63,36.83,49.11,50.96,1353.95,2,4816.04
120426,10,34.24,36.85,47.84,50.89,1317.69,2,4817.04
120451,10,34.96,36.81,46.53,50.44,1289.16,2,4818.04
120476,10,35.83,36.93,44.81,49.65,1234.08,2,4819.04
120501,10,36.68,37.11,42.73,48.52,1167.23,2,4820.04
120526,10,37.51,37.24,40.46,47.32,1100.8,2,4821.04
120551,10,38.37,37.29,38.33,46.37,1033.64,2,4822.04
120576,10,39.18,37.13,36.75,45.82,979.04,2,4823.04
120601,10,39.95,36.94,35.48,44.89,926.58,2,4824.04
120626,10,40.68,36.86,34.11,43.32,873.24,2,4825.04
120651,10,41.38,36.81,32.75,41.23,823.26,2,4826.04
120676,10,42.13,36.71,31.38,39.44,783.8,2,4827.04
120701,10,42.94,36.56,29.97,38.34,759.16,2,4828.04
120726,10,43.77,36.47,29.34,37.83,730.36,2,4829.04
120751,10,44.55,36.36,29.2,38.39,719.6,2,4830.04
120776,10,45.24,36.27,28.99,38.51,715.07,2,4831.04
120801,10,45.85,36.22,28.73,38.55,715.43,2,4832.04
120826,10,46.32,36.22,28.34,38.48,708.23,2,4833.04
120851,10,46.72,36.25,27.51,38.27,688.16,2,4834.04
120876,10,47.07,36.19,26.27,37.91,675.83,2,4835.04
120901,10,47.39,36.16,24.77,37.42,654.33,2,4836.04
120926,10,47.75,36.24,23.32,37.1,631.89,2,4837.04
120951,10,48.12,36.2,23.24,36.77,615.23,2,4838.04
120976,10,48.5,36.11,23.27,36.67,604.37,2,4839.04
121001,10,48.94,36.15,23.2,36.83,596.45,2,4840.04
121026,10,49.38,36.21,22.85,37.08,585.4,2,4841.04
121051,10,49.81,36.46,22.15,37.27,568.97,2,4842.04
121076,10,50.13,37.01,20.94,37.26,541.5,2,4843.04
121101,10,50.43,37.69,19.44,37.27,512.86,2,4844.04
121126,10,50.78,38.29,18.72,37.26,491.47,2,4845.04
121151,10,51.17,38.85,18.34,37.07,476.54,2,4846.04
121176,10,51.57,39.34,17.78,36.76,460.27,2,4847.04
121201,10,51.92,39.64,17.14,36.29,448.65,2,4848.04
121226,10,52.21,39.81,17.12,35.28,444.16,2,4849.04
121251,10,52.55,39.83,16.91,35.57,432.88,2,4850.04
121276,10,52.98,39.7,16.45,35.62,415.32,2,4851.04
121301,10,53.41,39.54,15.84,35.61,397.98,2,4852.04
121326,10,53.86,39.44,15.34,35.57,384.95,2,4853.04
121351,10,54.33,39.48,14.92,35.25,374.77,2,4854.04
121376,10,54.77,39.5,14.65,34.12,363.65,2,4855.04
121401,10,55.18,39.47,14.96,32.34,352.79,2,4856.04
121426,10,55.62,39.58,16.35,31.14,349.05,2,4857.04
121451,10,56.13,39.81,17.57,30.87,348.15,2,4858.04
121476,10,56.67,40.01,18.47,30.7,352.0,2,4859.04
121501,10,57.17,40.04,19.11,30.6,361.88,2,4860.04
121526,10,57.62,39.96,19.61,30.92,375.64,2,4861.04
121551,10,58.0,39.89,20.19,31.43,394.04,2,4862.04
121576,10,58.31,39.74,20.94,32.13,409.98,2,4863.04
121601,10,58.55,39.42,21.7,32.82,416.99,2,4864.04
121626,10,58.72,38.9,21.82,33.55,416.47,2,4865.04
121651,10,58.81,38.24,21.58,34.31,418.2,2,4866.04
121676,10,58.84,37.46,21.55,34.84,426.77,2,4867.04
121701,10,58.88,36.76,21.7,35.45,442.99,2,4868.04
121726,10,59.32,36.45,22.3,36.17,474.45,2,4869.04
121751,10,60.38,36.74,23.32,35.68,489.07,2,4870.04
121776,10,61.39,37.63,24.29,34.4,487.73,2,4871.04
121801,10,61.94,38.87,25.31,34.41,512.5,2,4872.04
121826,10,61.16,39.94,27.62,34.83,580.12,2,4873.04
121851,10,58.3,40.01,31.59,34.99,649.82,2,4874.04
121876,10,54.24,39.43,35.83,35.67,730.52,2,4875.04
121901,10,49.96,38.64,39.34,37.13,815.28,2,4876.04
121926,10,46.16,37.39,42.78,38.94,908.6,2,4877.04
121951,10,43.76,35.46,45.55,40.29,1015.59,2,4878.04
121976,10,43.85,33.8,47.79,40.45,1081.9,2,4879.04
122001,10,46.15,33.59,49.59,39.61,1118.14,2,4880.04
122026,10,49.14,34.33,51.24,37.4,1085.06,2,4881.04
122051,10,51.79,35.12,52.11,33.82,984.19,2,4882.04
122076,10,53.71,36.43,51.1,31.2,861.11,2,4883.04
122101,10,55.04,36.79,47.48,28.64,706.9,2,4884.04
122126,10,56.01,36.28,42.75,25.67,581.01,2,4885.04
122151,10,57.3,35.41,39.37,23.67,536.56,2,4886.04
122176,10,59.72,34.12,38.48,22.56,561.2,2,4887.04
122201,10,62.26,32.63,39.2,24.0,624.1,2,4888.04
122226,10,63.72,31.02,39.09,27.53,684.75,2,4889.04
122251,10,63.84,29.59,36.08,31.04,725.82,2,4890.04
122276,10,63.03,28.78,31.78,34.32,721.21,2,4891.04
122301,10,62.31,28.84,28.26,36.58,646.82,2,4892.04
122326,10,61.86,29.14,26.13,38.09,573.21,2,4893.04
122351,10,61.48,29.79,25.08,39.17,558.25,2,4894.04
122376,10,61.25,31.42,24.38,39.69,559.08,2,4895.04
122401,10,61.39,33.82,23.7,40.32,575.8,2,4896.04
122426,10,62.07,36.35,23.31,40.78,612.45,2,4897.04
122451,10,62.94,38.61,23.39,42.02,676.52,2,4898.04
122476,10,63.53,40.4,23.8,42.96,733.06,2,4899.04
122501,10,63.67,41.55,23.88,41.93,725.28,2,4900.04
122526,10,63.52,41.76,23.95,40.45,688.11,2,4901.04
122551,10,63.6,40.88,24.99,39.87,717.87,2,4902.04
122576,10,63.68,39.1,25.97,40.28,775.74,2,4903.04
122601,10,63.54,36.69,25.07,41.01,788.31,2,4904.04
122626,10,63.69,34.16,23.62,41.3,766.07,2,4905.04
122651,10,64.09,31.66,22.51,42.16,748.25,2,4906.04
122676,10,64.76,28.87,22.57,44.98,787.75,2,4907.04
122701,10,65.48,26.23,23.21,47.32,821.61,2,4908.04
122726,10,65.53,24.57,23.52,46.06,793.66,2,4909.04
122751,10,65.5,23.99,23.66,43.2,741.96,2,4910.04
122776,10,66.47,23.96,24.54,40.56,714.89,2,4911.04
122801,10,68.47,24.02,26.03,38.57,721.15,2,4912.04
122826,10,71.23,24.38,28.12,36.86,763.55,2,4913.04
122851,10,73.96,25.35,29.55,34.35,761.74,2,4914.04
122876,10,76.14,26.65,31.84,30.69,707.46,2,4915.04
122901,10,77.95,27.93,34.33,27.91,667.54,2,4916.04
122926,10,79.33,29.08,37.22,27.57,679.22,2,4917.04
122951,10,79.88,30.18,39.74,27.57,718.55,2,4918.04
122976,10,79.48,31.27,40.46,28.83,770.88,2,4919.04
123001,10,78.63,32.13,40.45,32.92,835.11,2,4920.04
123026,10,77.49,32.88,40.41,36.98,930.34,2,4921.04
123051,10,76.16,33.58,40.19,40.11,1058.8,2,4922.04
123076,10,74.76,34.31,39.72,44.46,1192.22,2,4923.04
123101,10,73.25,34.99,39.29,47.3,1301.36,2,4924.04
123126,10,71.48,35.46,38.84,47.74,1309.73,2,4925.04
123151,10,69.9,36.32,38.3,48.52,1303.72,2,4926.04
123176,10,69.0,37.7,37.72,51.76,1331.43,2,4927.04
123201,10,68.94,39.1,37.7,53.43,1346.23,2,4928.04
123226,10,69.21,40.34,37.91,52.59,1321.0,2,4929.04
123251,10,69.67,41.48,37.9,50.74,1247.31,2,4930.04
123276,10,70.14,42.64,37.4,48.33,1148.71,2,4931.04
123301,10,70.45,43.88,36.07,45.99,1058.03,2,4932.04
123326,10,70.7,45.12,34.33,43.65,988.32,2,4933.04
123351,10,70.99,46.47,33.2,42.03,927.8,2,4934.04
123376,10,71.08,47.97,32.72,41.25,910.53,2,4935.04
123401,10,70.72,49.11,31.87,41.01,890.63,2,4936.04
123426,10,69.84,49.85,30.72,40.52,867.44,2,4937.04
123451,10,68.39,50.5,30.28,39.83,867.07,2,4938.04
123476,10,66.19,50.47,30.6,39.69,872.69,2,4939.04
123501,10,63.1,49.62,30.98,40.19,873.91,2,4940.04
123526,10,59.44,48.31,31.67,40.99,885.82,2,4941.04
123551,10,55.87,46.48,34.23,42.23,934.65,2,4942.04
123576,10,52.67,44.17,37.0,43.99,1017.24,2,4943.04
123601,10,49.71,41.85,37.94,45.54,1091.27,2,4944.04
123626,10,47.12,40.19,37.5,46.49,1128.8,2,4945.04
123651,10,45.19,39.12,36.54,46.8,1156.33,2,4946.04
123676,10,43.73,38.07,36.42,46.86,1148.44,2,4947.04
123701,10,43.02,36.6,35.99,46.51,1110.08,2,4948.04
123726,10,43.2,34.97,33.69,45.72,1039.1,2,4949.04
123751,10,43.38,33.56,30.32,44.96,932.21,2,4950.04
123776,10,43.42,32.24,27.97,44.28,824.5,2,4951.04
123801,10,43.97,30.69,26.82,43.55,737.62,2,4952.04
123826,10,45.11,28.93,25.61,42.49,641.64,2,4953.04
123851,10,46.38,27.76,23.57,41.33,553.95,2,4954.04
123876,10,47.71,27.69,21.01,39.23,505.92,2,4955.04
123901,10,49.25,28.4,25.65,37.27,544.21,2,4956.04
123926,10,51.28,29.0,31.25,37.23,641.83,2,4957.04
123951,10,53.62,28.95,37.14,38.51,775.08,2,4958.04
123976,10,56.12,28.35,42.68,40.48,927.27,2,4959.04
124001,10,58.85,27.55,46.94,42.14,1056.14,2,4960.04
124026,10,61.51,26.87,49.08,43.42,1132.52,2,4961.04
124051,10,63.9,26.71,49.23,43.97,1149.52,2,4962.04
124076,10,65.62,27.04,47.0,42.93,1085.21,2,4963.04
124101,10,66.38,27.72,42.3,40.55,955.83,2,4964.04
124126,10,66.66,28.4,36.56,38.1,815.98,2,4965.04
124151,10,66.56,28.88,31.76,36.47,708.84,2,4966.04
124176,10,66.28,29.51,29.2,35.82,637.18,2,4967.04
124201,10,65.47,30.16,27.81,37.24,633.38,2,4968.04
124226,10,64.49,31.22,27.19,40.28,666.21,2,4969.04
124251,10,64.03,32.52,27.05,42.74,726.39,2,4970.04
124276,10,63.98,33.92,31.27,43.82,858.93,2,4971.04
124301,10,63.95,35.21,34.37,43.98,1004.6,2,4972.04
124326,10,64.05,35.99,36.26,48.07,1109.82,2,4973.04
124351,10,64.09,36.2,37.41,51.79,1185.04,2,4974.04
124376,10,63.59,35.9,37.2,54.64,1245.52,2,4975.04
124401,10,62.73,35.3,36.36,56.16,1280.44,2,4976.04
124426,10,61.55,34.64,35.85,55.65,1288.24,2,4977.04
124451,10,59.68,33.75,35.97,54.64,1285.68,2,4978.04
124476,10,57.07,32.66,36.61,53.53,1282.68,2,4979.04
124501,10,53.97,31.75,37.42,50.82,1265.57,2,4980.04
124526,10,50.76,31.06,38.15,48.97,1258.96,2,4981.04
124551,10,47.49,30.68,38.16,48.76,1268.26,2,4982.04
124576,10,44.03,30.33,37.65,49.23,1290.84,2,4983.04
124601,10,40.42,29.72,37.87,49.64,1321.27,2,4984.04
124626,10,36.93,29.45,41.24,47.07,1323.37,2,4985.04
124651,10,33.9,29.72,43.52,40.53,1252.16,2,4986.04
124676,10,31.38,30.17,44.74,32.46,1164.22,2,4987.04
124701,10,29.36,30.39,45.59,26.15,1043.44,2,4988.04
124726,10,27.84,30.51,47.54,22.7,922.95,2,4989.04
124751,10,26.68,30.49,49.25,21.11,835.02,2,4990.04
124776,10,26.2,30.33,48.97,21.21,805.63,2,4991.04
124801,10,26.45,30.45,48.16,21.81,800.53,2,4992.04
124826,10,27.01,30.68,47.09,22.32,795.46,2,4993.04
124851,10,27.78,30.97,46.11,22.37,797.56,2,4994.04
124876,10,28.69,31.27,45.1,21.82,791.85,2,4995.04
124901,10,29.64,31.37,44.64,22.08,799.95,2,4996.04
124926,10,30.69,31.37,43.74,22.84,805.64,2,4997.04
124951,10,31.81,31.38,42.55,24.05,814.75,2,4998.04
124976,10,32.94,31.35,41.58,25.41,829.08,2,4999.04
125001,10,34.08,31.41,40.64,26.71,840.65,2,5000.04
125026,10,35.15,31.59,40.18,28.3,856.27,2,5001.04
125051,10,36.21,31.85,39.95,30.11,876.81,2,5002.04
125076,10,37.3,32.23,39.59,31.89,903.99,2,5003.04
125101,10,38.39,32.7,38.93,33.51,924.76,2,5004.04
125126,10,39.48,33.22,37.95,34.93,935.63,2,5005.04
125151,10,40.52,33.68,36.8,36.52,943.8,2,5006.04
125176,10,41.53,34.14,35.63,37.73,946.29,2,5007.04
125201,10,42.5,34.66,34.8,37.76,938.84,2,5008.04
125226,10,43.39,35.15,33.57,37.57,931.14,2,5009.04
125251,10,44.19,35.6,32.46,37.31,917.15,2,5010.04
125276,10,44.93,36.03,31.2,37.14,896.08,2,5011.04
125301,10,45.74,36.08,29.56,37.32,867.78,2,5012.04
125326,10,46.52,35.81,28.49,37.31,841.12,2,5013.04
125351,10,47.31,35.42,27.55,37.41,814.34,2,5014.04
125376,10,48.15,35.02,26.8,37.01,785.87,2,5015.04
125401,10,49.0,34.56,26.55,36.45,754.58,2,5016.04
125426,10,49.84,33.93,26.43,36.11,722.96,2,5017.04
125451,10,50.66,33.14,25.93,35.71,692.16,2,5018.04
125476,10,51.46,32.35,25.24,35.19,661.15,2,5019.04
125501,10,52.27,31.57,24.69,35.19,639.49,2,5020.04
125526,10,53.12,30.76,24.02,35.57,619.49,2,5021.04
125551,10,54.0,30.01,23.36,35.7,597.68,2,5022.04
125576,10,54.97,29.33,23.13,35.64,580.25,2,5023.04
125601,10,56.23,28.5,23.17,35.49,575.79,2,5024.04
125626,10,57.87,27.23,23.61,35.16,598.88,2,5025.04
125651,10,59.77,25.56,25.62,36.12,661.85,2,5026.04
125676,10,61.64,24.07,27.63,38.17,738.56,2,5027.04
125701,10,62.62,22.9,28.78,40.83,794.31,2,5028.04
125726,10,62.18,21.99,29.22,43.64,850.94,2,5029.04
125751,10,60.79,21.05,29.09,46.69,908.48,2,5030.04
125776,10,59.46,20.32,27.93,48.16,912.9,2,5031.04
125801,10,58.8,19.96,27.44,48.23,865.37,2,5032.04
125826,10,58.74,19.76,25.6,46.54,791.49,2,5033.04
125851,10,58.39,19.76,23.84,44.08,709.66,2,5034.04
125876,10,57.04,20.37,25.08,42.38,727.42,2,5035.04
125901,10,55.2,21.34,28.64,41.78,730.87,2,5036.04
125926,10,53.62,22.12,30.06,40.94,673.59,2,5037.04
125951,10,52.28,22.66,29.15,40.54,650.4,2,5038.04
125976,10,51.39,23.04,27.37,40.58,617.3,2,5039.04
126001,10,51.17,23.47,25.63,40.64,600.19,2,5040.04
126026,10,51.41,23.92,24.92,40.52,587.46,2,5041.04
126051,10,51.81,24.37,24.44,40.56,577.68,2,5042.04
126076,10,52.19,24.7,24.15,39.85,571.38,2,5043.04
126101,10,52.52,25.02,23.98,39.13,572.81,2,5044.04
126126,10,52.85,25.44,23.75,38.75,572.77,2,5045.04
126151,10,53.23,25.89,23.41,38.52,572.89,2,5046.04
126176,10,53.66,26.25,23.03,38.46,570.49,2,5047.04
126201,10,54.08,26.57,22.81,38.96,564.94,2,5048.04
126226,10,54.43,26.9,22.71,39.25,556.29,2,5049.04
126251,10,54.75,27.21,22.46,39.04,548.28,2,5050.04
126276,10,55.11,27.38,22.91,38.65,546.21,2,5051.04
126301,10,55.52,27.44,23.2,38.15,539.9,2,5052.04
126326,10,56.0,27.47,23.42,37.92,538.61,2,5053.04
126351,10,56.52,27.5,24.01,37.67,547.3,2,5054.04
126376,10,57.03,27.57,24.71,36.97,556.22,2,5055.04
126401,10,57.48,27.61,25.21,36.15,563.43,2,5056.04
126426,10,57.84,27.6,25.27,35.75,565.4,2,5057.04
126451,10,58.11,27.59,25.06,35.41,561.4,2,5058.04
126476,10,58.34,27.57,24.9,34.78,550.77,2,5059.04
126501,10,58.57,27.53,25.12,34.31,543.25,2,5060.04
126526,10,58.76,27.54,25.32,34.36,547.6,2,5061.04
126551,10,58.85,27.64,25.46,34.98,564.75,2,5062.04
126576,10,58.87,27.83,25.64,36.09,584.42,2,5063.04
126601,10,58.93,28.16,25.5,37.49,606.26,2,5064.04
126626,10,59.1,28.6,25.47,38.85,622.47,2,5065.04
126651,10,59.23,29.02,25.13,40.14,634.75,2,5066.04
126676,10,59.27,29.32,24.64,41.25,644.05,2,5067.04
126701,10,59.31,29.54,24.6,42.09,658.65,2,5068.04
126726,10,59.42,29.68,25.0,42.68,677.36,2,5069.04
126751,10,59.54,29.79,25.64,42.74,695.32,2,5070.04
126776,10,59.65,29.89,26.05,42.57,708.68,2,5071.04
126801,10,59.44,30.15,27.03,42.94,738.59,2,5072.04
126826,10,58.43,31.0,29.17,43.23,803.89,2,5073.04
126851,10,56.92,33.01,29.61,44.45,859.92,2,5074.04
126876,10,55.62,35.96,27.99,45.87,876.16,2,5075.04
126901,10,54.99,39.33,25.49,45.75,872.05,2,5076.04
126926,10,55.13,42.7,26.47,44.51,850.91,2,5077.04
126951,10,54.94,45.46,27.68,43.44,821.84,2,5078.04
126976,10,54.04,46.6,27.61,41.16,742.11,2,5079.04
127001,10,53.66,46.18,25.83,39.78,665.57,2,5080.04
127026,10,53.55,45.05,24.93,38.43,628.02,2,5081.04
127051,10,52.32,43.93,26.21,38.13,650.56,2,5082.04
127076,10,50.68,42.79,26.74,38.98,708.41,2,5083.04
127101,10,49.66,41.06,26.48,39.08,759.23,2,5084.04
127126,10,48.81,39.05,27.58,38.16,824.38,2,5085.04
127151,10,47.02,37.0,29.75,39.66,898.17,2,5086.04
127176,10,44.41,35.02,32.16,43.33,969.03,2,5087.04
127201,10,41.47,33.32,34.45,46.6,1055.77,2,5088.04
127226,10,38.48,32.18,36.02,46.37,1085.76,2,5089.04
127251,10,35.89,31.68,36.26,42.91,1055.37,2,5090.04
127276,10,34.17,31.39,35.49,38.61,1027.85,2,5091.04
127301,10,32.95,30.53,34.4,39.31,1019.71,2,5092.04
127326,10,31.43,29.27,34.04,43.22,1023.06,2,5093.04
127351,10,29.66,28.13,34.57,45.08,1040.85,2,5094.04
127376,10,28.11,27.17,35.02,45.24,1038.17,2,5095.04
127401,10,27.14,26.68,35.37,44.98,1038.98,2,5096.04
127426,10,26.89,26.31,36.44,44.85,1008.48,2,5097.04
127451,10,26.8,25.91,36.5,45.06,957.82,2,5098.04
127476,10,26.25,25.76,34.93,44.52,913.01,2,5099.04
127501,10,25.56,26.16,33.43,42.27,839.16,2,5100.04
127526,10,25.04,26.79,34.01,41.13,811.63,2,5101.04
127551,10,24.37,27.53,34.32,41.2,790.63,2,5102.04
127576,10,24.13,28.19,35.75,40.66,776.75,2,5103.04
127601,10,25.37,28.71,37.31,39.98,797.31,2,5104.04
127626,10,28.08,29.11,38.49,38.95,866.57,2,5105.04
127651,10,31.4,29.64,39.73,37.68,919.45,2,5106.04
127676,10,34.96,29.79,41.03,37.44,973.5,2,5107.04
127701,10,37.87,29.46,41.72,38.93,1008.58,2,5108.04
127726,10,39.59,28.87,41.07,41.81,1034.08,2,5109.04
127751,10,40.14,28.25,38.86,44.94,1037.9,2,5110.04
127776,10,39.76,27.83,35.44,47.38,1005.78,2,5111.04
127801,10,38.71,28.15,32.22,47.47,954.82,2,5112.04
127826,10,36.99,29.04,31.75,45.55,930.68,2,5113.04
127851,10,34.63,30.45,33.4,43.71,967.99,2,5114.04
127876,10,32.34,31.89,37.55,41.59,1027.42,2,5115.04
127901,10,30.86,33.39,40.0,38.28,1026.41,2,5116.04
127926,10,30.02,35.09,39.86,35.36,994.64,2,5117.04
127951,10,29.54,37.28,39.34,36.07,1040.14,2,5118.04
127976,10,29.93,40.03,39.14,39.54,1152.33,2,5119.04
128001,10,31.6,42.42,38.71,42.36,1240.47,2,5120.04
128026,10,34.63,43.95,38.49,43.65,1262.73,2,5121.04
128051,10,38.71,44.64,38.89,43.54,1256.58,2,5122.04
128076,10,43.49,44.75,39.57,42.54,1246.6,2,5123.04
128101,10,48.69,44.51,41.3,41.27,1254.26,2,5124.04
128126,10,54.16,43.98,43.76,39.97,1292.33,2,5125.04
128151,10,59.68,43.41,46.54,38.48,1311.99,2,5126.04
128176,10,64.98,42.91,49.43,36.95,1285.9,2,5127.04
128201,10,69.68,42.38,51.81,35.45,1212.49,2,5128.04
128226,10,73.17,42.07,52.01,33.89,1070.92,2,5129.04
128251,10,74.95,41.27,48.48,32.02,949.29,2,5130.04
128276,10,75.92,40.41,44.28,29.99,803.13,2,5131.04
128301,10,77.03,39.44,42.2,27.46,665.35,2,5132.04
128326,10,77.88,39.06,40.65,27.41,619.97,2,5133.04
128351,10,77.75,39.49,38.67,28.01,602.03,2,5134.04
128376,10,77.25,40.16,37.02,29.2,586.64,2,5135.04
128401,10,76.58,40.63,35.61,30.05,568.42,2,5136.04
128426,10,75.78,40.84,34.03,30.27,544.9,2,5137.04
128451,10,74.9,40.94,31.97,30.31,519.78,2,5138.04
128476,10,74.16,40.98,31.15,30.34,509.54,2,5139.04
128501,10,73.45,40.99,30.76,30.46,518.13,2,5140.04
128526,10,72.73,40.93,30.16,30.6,526.64,2,5141.04
128551,10,72.08,40.81,29.45,30.39,538.32,2,5142.04
128576,10,71.32,40.68,29.16,30.16,560.65,2,5143.04
128601,10,70.47,40.6,29.9,30.16,588.16,2,5144.04
128626,10,69.65,40.49,29.79,30.21,606.57,2,5145.04
128651,10,68.91,40.39,28.54,30.19,602.8,2,5146.04
128676,10,68.26,40.51,28.75,29.93,583.9,2,5147.04
128701,10,67.67,40.65,29.43,29.42,568.47,2,5148.04
128726,10,67.17,40.46,29.22,28.67,560.73,2,5149.04
128751,10,66.74,40.03,28.55,27.86,556.82,2,5150.04
128776,10,66.25,39.66,27.81,27.36,554.13,2,5151.04
128801,10,65.71,39.42,27.12,29.12,544.83,2,5152.04
128826,10,65.13,39.24,26.38,30.7,551.62,2,5153.04
128851,10,64.52,39.1,25.47,32.02,580.17,2,5154.04
128876,10,63.87,39.08,26.74,33.44,621.55,2,5155.04
128901,10,63.18,39.18,28.55,34.96,684.42,2,5156.04
128926,10,62.54,39.39,30.54,36.37,755.7,2,5157.04
128951,10,61.95,39.63,32.26,38.3,837.2,2,5158.04
128976,10,61.32,39.85,33.73,40.44,918.87,2,5159.04
129001,10,60.61,40.09,34.78,42.47,1001.37,2,5160.04
129026,10,59.85,40.35,35.28,44.11,1074.98,2,5161.04
129051,10,59.11,40.49,35.88,45.43,1139.22,2,5162.04
129076,10,58.38,40.47,36.7,47.74,1209.61,2,5163.04
129101,10,57.75,40.42,37.3,49.92,1269.89,2,5164.04
129126,10,57.25,40.34,37.81,51.89,1320.47,2,5165.04
129151,10,56.83,40.24,38.14,53.39,1363.74,2,5166.04
129176,10,56.44,40.14,38.18,54.76,1397.92,2,5167.04
129201,10,56.11,40.02,37.79,56.06,1428.01,2,5168.04
129226,10,55.85,39.95,37.09,57.23,1454.42,2,5169.04
129251,10,55.44,40.04,36.37,58.26,1469.67,2,5170.04
129276,10,54.61,40.45,35.47,58.41,1451.81,2,5171.04
129301,10,53.15,41.2,34.64,58.29,1421.87,2,5172.04
129326,10,51.25,42.09,33.23,58.37,1375.89,2,5173.04
129351,10,49.21,42.77,31.74,58.33,1300.33,2,5174.04
129376,10,47.45,43.59,31.7,58.01,1222.62,2,5175.04
129401,10,46.47,44.66,34.67,57.33,1254.43,2,5176.04
129426,10,46.52,45.35,36.94,57.32,1320.27,2,5177.04
129451,10,47.27,45.3,37.36,57.57,1387.41,2,5178.04
129476,10,48.22,44.5,38.64,57.78,1445.13,2,5179.04
129501,10,49.11,43.39,40.64,58.94,1512.51,2,5180.04
129526,10,49.73,42.49,41.78,60.66,1550.43,2,5181.04
129551,10,49.97,42.03,41.71,61.82,1539.16,2,5182.04
129576,10,49.66,42.16,40.7,62.25,1532.37,2,5183.04
129601,10,48.93,42.87,44.04,62.37,1617.76,2,5184.04
129626,10,47.95,43.8,45.63,61.86,1647.08,2,5185.04
129651,10,46.44,44.58,41.19,59.93,1514.26,2,5186.04
129676,10,44.08,45.32,34.91,56.97,1367.33,2,5187.04
129701,10,41.11,46.07,33.8,54.62,1280.32,2,5188.04
129726,10,38.2,46.1,36.92,51.99,1266.0,2,5189.04
129751,10,35.48,44.93,37.49,48.94,1207.26,2,5190.04
129776,10,32.94,43.46,37.61,46.35,1145.54,2,5191.04
129801,10,30.8,42.45,39.56,43.68,1115.44,2,5192.04
129826,10,30.09,41.87,39.43,41.3,1054.86,2,5193.04
129851,10,31.11,41.79,38.31,39.37,990.82,2,5194.04
129876,10,32.58,41.94,38.08,37.49,919.32,2,5195.04
129901,10,33.78,42.05,36.34,36.91,836.8,2,5196.04
129926,10,34.91,42.02,35.36,37.52,808.0,2,5197.04
129951,10,35.9,41.64,33.94,38.98,785.48,2,5198.04
129976,10,36.28,40.98,32.22,41.69,796.71,2,5199.04
130001,10,35.77,40.06,31.2,44.2,836.19,2,5200.04
130026,10,34.53,38.96,32.31,45.72,878.85,2,5201.04
130051,10,32.82,38.08,34.7,46.05,881.36,2,5202.04
130076,10,30.98,37.5,37.06,43.98,853.79,2,5203.04
130101,10,29.35,36.87,40.55,40.78,815.65,2,5204.04
130126,10,28.33,36.05,41.82,38.06,781.41,2,5205.04
130151,10,27.59,35.44,42.16,35.11,748.05,2,5206.04
130176,10,27.28,35.43,41.7,30.73,702.54,2,5207.04
130201,10,27.29,35.46,40.4,26.82,625.35,2,5208.04
130226,10,27.09,35.43,39.3,26.53,625.64,2,5209.04
130251,10,26.71,35.59,38.57,26.57,678.95,2,5210.04
130276,10,26.32,35.88,39.98,26.9,755.92,2,5211.04
130301,10,25.53,36.32,40.81,28.05,829.66,2,5212.04
130326,10,23.69,36.56,43.1,27.99,913.48,2,5213.04
130351,10,21.24,36.72,48.6,28.34,1013.84,2,5214.04
130376,10,20.1,36.18,52.11,27.42,1096.35,2,5215.04
130401,10,20.59,34.95,54.67,30.88,1270.28,2,5216.04
130426,10,22.12,33.41,55.77,33.72,1435.91,2,5217.04
130451,10,24.31,31.88,54.86,35.62,1515.74,2,5218.04
130476,10,27.06,30.7,53.09,37.61,1532.24,2,5219.04
130501,10,29.94,29.96,51.74,39.13,1503.59,2,5220.04
130526,10,32.85,29.67,50.89,38.86,1426.16,2,5221.04
130551,10,36.19,29.68,50.06,37.25,1323.43,2,5222.04
130576,10,39.98,30.02,49.47,35.06,1212.47,2,5223.04
130601,10,44.05,30.74,49.19,32.05,1091.86,2,5224.04
130626,10,48.28,31.77,50.07,27.53,961.93,2,5225.04
130651,10,52.72,33.02,50.94,26.56,896.31,2,5226.04
130676,10,57.42,34.28,53.05,26.13,857.85,2,5227.04
130701,10,62.33,35.12,56.54,28.21,860.57,2,5228.04
130726,10,66.9,35.78,58.89,30.53,881.26,2,5229.04
130751,10,70.23,36.0,58.88,31.27,860.29,2,5230.04
130776,10,72.17,35.74,55.29,29.04,792.98,2,5231.04
130801,10,73.34,35.61,50.31,26.08,696.91,2,5232.04
130826,10,73.94,35.64,45.62,23.59,631.58,2,5233.04
130851,10,74.5,35.55,42.04,21.83,588.21,2,5234.04
130876,10,75.39,35.62,40.27,20.05,532.25,2,5235.04
130901,10,76.65,36.14,39.18,19.26,503.38,2,5236.04
130926,10,78.52,36.86,39.03,20.56,514.31,2,5237.04
130951,10,80.76,37.61,39.11,23.11,551.24,2,5238.04
130976,10,82.81,38.46,39.81,25.77,621.76,2,5239.04
131001,10,84.21,39.31,39.51,27.73,689.46,2,5240.04
131026,10,84.99,40.05,37.93,29.22,724.39,2,5241.04
131051,10,85.57,40.78,36.51,30.57,737.59,2,5242.04
131076,10,86.18,41.39,35.57,31.68,734.43,2,5243.04
131101,10,86.29,42.15,33.83,33.06,715.44,2,5244.04
131126,10,85.28,43.28,31.68,34.62,718.99,2,5245.04
131151,10,83.21,44.15,29.72,35.89,734.32,2,5246.04
131176,10,80.71,44.61,27.82,36.81,744.03,2,5247.04
131201,10,78.1,44.67,26.38,37.75,749.25,2,5248.04
131226,10,75.43,44.44,26.0,38.52,788.09,2,5249.04
131251,10,72.77,44.05,28.03,39.8,838.67,2,5250.04
131276,10,70.6,43.08,29.58,40.53,862.97,2,5251.04
131301,10,69.49,41.38,29.21,41.08,858.65,2,5252.04
131326,10,69.61,39.43,28.66,41.95,866.05,2,5253.04
131351,10,70.51,37.67,28.11,42.9,877.89,2,5254.04
131376,10,71.58,36.2,27.26,43.13,866.92,2,5255.04
131401,10,72.54,34.62,25.92,43.75,841.4,2,5256.04
131426,10,73.03,32.58,24.97,45.07,810.75,2,5257.04
131451,10,72.94,30.55,23.78,45.44,756.42,2,5258.04
131476,10,72.89,29.18,21.97,44.74,672.28,2,5259.04
131501,10,73.4,28.58,20.51,43.9,594.95,2,5260.04
131526,10,74.26,28.76,20.77,43.05,563.48,2,5261.04
131551,10,75.31,29.33,22.69,42.26,581.38,2,5262.04
131576,10,75.88,30.01,25.16,41.7,612.25,2,5263.04
131601,10,75.1,30.7,25.56,41.16,601.11,2,5264.04
131626,10,73.58,31.21,23.26,40.93,560.5,2,5265.04
131651,10,72.02,31.44,23.19,41.26,527.14,2,5266.04
131676,10,70.6,31.03,23.43,42.04,545.94,2,5267.04
131701,10,69.52,30.03,23.59,43.02,596.25,2,5268.04
131726,10,69.03,28.88,24.16,43.71,644.62,2,5269.04
131751,10,69.12,27.5,24.74,44.48,679.65,2,5270.04
131776,10,69.2,26.02,24.81,45.45,680.41,2,5271.04
131801,10,68.82,24.81,25.0,45.29,628.17,2,5272.04
131826,10,68.03,24.0,24.95,44.88,530.58,2,5273.04
131851,10,67.06,23.25,24.64,45.15,492.88,2,5274.04
131876,10,65.72,22.61,24.92,45.71,528.76,2,5275.04
131901,10,63.79,22.45,26.39,46.2,595.66,2,5276.04
131926,10,61.42,23.07,28.9,46.4,683.15,2,5277.04
131951,10,58.82,24.39,31.66,46.22,767.78,2,5278.04
131976,10,56.17,26.32,33.2,46.11,887.38,2,5279.04
132001,10,53.86,29.07,32.63,46.4,990.71,2,5280.04
132026,10,51.82,32.43,32.35,46.87,1062.69,2,5281.04
132051,10,49.93,35.82,32.79,47.34,1090.16,2,5282.04
132076,10,48.45,38.8,30.76,47.03,1054.71,2,5283.04
132101,10,47.95,41.22,27.71,46.93,970.81,2,5284.04
132126,10,49.06,42.99,25.83,47.07,894.51,2,5285.04
132151,10,51.09,43.72,25.55,44.31,845.87,2,5286.04
132176,10,52.85,43.51,26.62,43.65,810.23,2,5287.04
132201,10,54.17,42.65,27.22,43.64,769.14,2,5288.04
132226,10,55.44,40.99,26.87,45.18,751.54,2,5289.04
132251,10,56.87,38.86,25.45,47.29,740.13,2,5290.04
132276,10,58.34,36.66,24.1,48.84,725.48,2,5291.04
132301,10,59.35,34.77,23.57,49.68,741.64,2,5292.04
132326,10,59.69,33.67,22.91,49.92,766.48,2,5293.04
132351,10,59.77,33.11,22.36,49.56,787.95,2,5294.04
132376,10,59.82,33.02,22.07,48.65,805.58,2,5295.04
132401,10,59.8,33.81,21.87,47.54,805.22,2,5296.04
132426,10,59.66,34.95,21.59,47.07,766.37,2,5297.04
132451,10,59.91,35.72,21.48,47.73,697.68,2,5298.04
132476,10,61.42,36.23,22.34,46.89,655.0,2,5299.04
132501,10,64.36,36.64,25.34,42.49,668.34,2,5300.04
132526,10,68.14,36.46,30.04,35.94,698.38,2,5301.04
132551,10,71.87,35.6,33.95,31.25,712.77,2,5302.04
132576,10,74.98,34.33,36.11,29.87,717.45,2,5303.04
132601,10,77.61,32.85,37.55,30.85,733.27,2,5304.04
132626,10,80.08,31.5,38.9,33.23,777.63,2,5305.04
132651,10,82.42,30.67,39.95,33.58,814.8,2,5306.04
132676,10,84.11,30.43,40.88,30.75,806.87,2,5307.04
132701,10,85.02,30.3,41.21,27.58,803.19,2,5308.04
132726,10,85.49,30.57,40.72,25.67,796.31,2,5309.04
132751,10,85.73,31.09,41.11,24.84,782.99,2,5310.04
132776,10,85.14,31.09,41.51,26.12,784.35,2,5311.04
132801,10,83.36,31.28,40.84,27.99,831.2,2,5312.04
132826,10,81.0,31.54,40.54,29.92,900.47,2,5313.04
132851,10,78.73,32.22,39.11,31.49,927.03,2,5314.04
132876,10,76.96,33.11,38.98,33.6,922.26,2,5315.04
132901,10,75.73,33.81,38.93,33.93,864.66,2,5316.04
132926,10,74.73,34.32,38.34,32.69,800.82,2,5317.04
132951,10,73.74,34.76,37.65,32.28,760.97,2,5318.04
132976,10,72.71,35.1,37.11,33.73,749.9,2,5319.04
133001,10,71.7,35.34,36.72,35.23,755.8,2,5320.04
133026,10,70.64,35.62,36.34,36.27,774.51,2,5321.04
133051,10,69.6,35.83,35.94,37.78,801.95,2,5322.04
133076,10,68.51,35.94,35.51,39.34,835.05,2,5323.04
133101,10,67.47,36.08,34.83,40.19,852.23,2,5324.04
133126,10,66.56,36.21,34.29,40.39,852.0,2,5325.04
133151,10,65.68,36.29,33.92,40.17,846.86,2,5326.04
133176,10,64.86,36.38,33.46,40.59,855.75,2,5327.04
133201,10,63.99,36.33,32.95,41.86,861.35,2,5328.04
133226,10,63.05,36.18,32.39,43.58,869.47,2,5329.04
133251,10,61.96,36.11,31.78,45.93,898.95,2,5330.04
133276,10,60.53,36.14,31.21,48.33,954.81,2,5331.04
133301,10,58.7,35.97,30.97,50.86,1019.38,2,5332.04
133326,10,56.63,35.62,31.43,53.78,1103.93,2,5333.04
133351,10,54.44,34.99,32.39,56.21,1198.15,2,5334.04
133376,10,52.15,34.09,33.61,57.11,1277.97,2,5335.04
133401,10,49.99,33.19,34.26,57.19,1334.62,2,5336.04
133426,10,48.08,32.43,33.78,57.86,1360.71,2,5337.04
133451,10,46.24,31.91,32.75,58.27,1345.08,2,5338.04
133476,10,44.52,31.68,32.74,58.16,1287.43,2,5339.04
133501,10,43.07,31.7,32.88,58.18,1224.03,2,5340.04
133526,10,41.91,32.19,32.86,58.36,1190.39,2,5341.04
133551,10,41.01,33.15,31.87,59.07,1168.64,2,5342.04
133576,10,40.28,34.32,30.9,59.81,1134.76,2,5343.04
133601,10,39.52,35.4,30.51,59.53,1082.69,2,5344.04
133626,10,38.71,36.08,29.05,58.71,1008.57,2,5345.04
133651,10,37.66,36.26,30.89,58.11,978.14,2,5346.04
133676,10,36.07,35.88,35.79,57.76,1023.23,2,5347.04
133701,10,34.53,35.16,38.92,57.44,1091.22,2,5348.04
133726,10,33.32,34.14,39.45,57.64,1130.05,2,5349.04
133751,10,32.25,33.08,37.98,57.53,1135.42,2,5350.04
133776,10,31.45,31.84,34.29,56.82,1150.24,2,5351.04
133801,10,30.94,30.43,35.1,55.06,1136.37,2,5352.04
133826,10,30.71,29.19,33.6,52.85,1077.1,2,5353.04
133851,10,30.74,28.39,31.6,50.93,993.7,2,5354.04
133876,10,30.75,28.12,31.02,48.84,974.09,2,5355.04
133901,10,30.17,28.25,33.99,46.96,1004.83,2,5356.04
133926,10,29.4,29.07,35.0,47.4,1042.76,2,5357.04
133951,10,29.05,30.61,36.08,49.2,1062.08,2,5358.04
133976,10,28.92,32.39,36.58,50.02,1060.6,2,5359.04
134001,10,28.8,34.2,36.27,49.36,1056.52,2,5360.04
134026,10,28.6,35.99,35.28,48.11,1042.78,2,5361.04
134051,10,28.15,37.33,34.6,45.7,990.37,2,5362.04
134076,10,27.62,38.01,35.2,43.6,957.57,2,5363.04
134101,10,27.55,38.3,36.0,42.38,944.45,2,5364.04
134126,10,27.86,38.46,35.95,41.9,924.96,2,5365.04
134151,10,28.31,38.66,35.63,42.04,920.24,2,5366.04
134176,10,28.88,38.92,35.01,42.19,919.69,2,5367.04
134201,10,29.57,39.12,34.14,41.68,903.88,2,5368.04
134226,10,30.42,39.24,33.42,41.02,884.99,2,5369.04
134251,10,31.43,39.29,32.81,40.52,869.78,2,5370.04
134276,10,32.52,39.26,32.41,39.95,854.84,2,5371.04
134301,10,33.64,39.18,31.98,39.44,836.13,2,5372.04
134326,10,34.81,39.1,31.43,39.2,819.66,2,5373.04
134351,10,36.02,38.97,30.75,39.0,802.34,2,5374.04
134376,10,37.18,38.77,30.1,38.77,784.75,2,5375.04
134401,10,38.35,38.56,29.53,38.67,769.49,2,5376.04
134426,10,39.56,38.28,28.7,38.7,750.87,2,5377.04
134451,10,40.75,37.95,27.51,39.32,743.15,2,5378.04
134476,10,41.91,37.55,26.24,40.19,740.1,2,5379.04
134501,10,43.08,37.2,25.29,40.78,737.58,2,5380.04
134526,10,44.27,36.98,24.71,40.98,729.98,2,5381.04
134551,10,45.42,36.91,25.28,41.12,725.38,2,5382.04
134576,10,46.49,36.92,25.77,41.19,726.68,2,5383.04
134601,10,47.35,36.95,26.33,41.28,741.69,2,5384.04
134626,10,48.04,37.03,26.99,41.28,763.99,2,5385.04
134651,10,48.79,36.97,27.33,40.9,774.82,2,5386.04
134676,10,49.72,36.82,27.3,40.37,778.4,2,5387.04
134701,10,50.79,36.81,27.03,39.69,763.92,2,5388.04
134726,10,51.95,36.94,26.53,39.18,739.92,2,5389.04
134751,10,53.15,37.18,25.93,38.61,711.95,2,5390.04
134776,10,54.27,37.45,25.35,37.82,683.98,2,5391.04
134801,10,55.39,37.78,25.09,36.91,668.63,2,5392.04
134826,10,56.81,38.32,25.81,35.96,674.05,2,5393.04
134851,10,58.43,39.28,27.44,35.1,695.44,2,5394.04
134876,10,59.74,40.69,29.23,35.75,748.87,2,5395.04
134901,10,60.71,42.0,30.52,37.09,796.71,2,5396.04
134926,10,61.17,42.73,30.86,37.77,803.86,2,5397.04
134951,10,60.75,43.19,30.75,39.48,819.87,2,5398.04
134976,10,59.59,43.37,30.54,42.08,850.65,2,5399.04
135001,10,58.16,43.22,30.35,44.55,883.1,2,5400.04
135026,10,56.76,42.83,30.16,46.56,921.18,2,5401.04
135051,10,55.59,42.33,30.22,49.03,974.86,2,5402.04
135076,10,54.77,41.97,30.35,51.92,1041.99,2,5403.04
135101,10,54.18,41.68,30.56,53.94,1086.99,2,5404.04
135126,10,53.72,41.39,31.17,55.42,1123.53,2,5405.04
135151,10,53.32,41.17,31.82,56.62,1177.42,2,5406.04
135176,10,52.92,41.49,31.94,57.27,1235.63,2,5407.04
135201,10,52.6,42.57,31.95,57.69,1288.27,2,5408.04
135226,10,52.42,43.87,32.44,57.56,1314.66,2,5409.04
135251,10,51.99,44.9,33.09,57.06,1333.86,2,5410.04
135276,10,50.56,45.46,34.01,56.13,1396.98,2,5411.04
135301,10,48.1,45.81,35.45,54.92,1499.27,2,5412.04
135326,10,44.82,46.11,38.51,52.59,1568.35,2,5413.04
135351,10,40.94,46.31,41.06,48.57,1572.16,2,5414.04
135376,10,37.06,46.33,42.95,45.64,1559.05,2,5415.04
135401,10,33.7,46.25,45.6,43.49,1516.53,2,5416.04
135426,10,31.42,46.12,44.33,42.67,1400.72,2,5417.04
135451,10,30.03,46.05,41.99,43.21,1266.48,2,5418.04
135476,10,28.92,45.71,40.01,43.89,1170.63,2,5419.04
135501,10,27.88,44.98,40.5,43.36,1150.15,2,5420.04
135526,10,27.17,44.22,41.08,42.06,1126.51,2,5421.04
135551,10,26.82,43.19,40.58,41.74,1097.37,2,5422.04
135576,10,26.96,41.57,39.7,42.78,1114.76,2,5423.04
135601,10,28.37,39.77,38.77,42.9,1139.36,2,5424.04
135626,10,31.05,38.29,39.81,41.13,1148.34,2,5425.04
135651,10,34.56,37.02,40.99,38.61,1118.09,2,5426.04
135676,10,38.42,35.67,42.59,35.66,1055.9,2,5427.04
135701,10,42.27,34.13,44.53,33.23,1022.05,2,5428.04
135726,10,46.14,32.67,46.48,31.71,995.69,2,5429.04
135751,10,49.66,31.73,47.55,32.56,947.37,2,5430.04
135776,10,52.53,31.64,46.94,30.66,876.23,2,5431.04
135801,10,55.39,32.22,45.86,28.04,845.89,2,5432.04
135826,10,58.82,33.16,46.47,25.81,881.62,2,5433.04
135851,10,62.74,34.32,47.04,24.11,931.44,2,5434.04
135876,10,66.8,35.58,46.81,23.2,944.25,2,5435.04
135901,10,70.63,36.71,47.11,19.98,884.05,2,5436.04
135926,10,73.5,37.12,44.12,20.48,772.65,2,5437.04
135951,10,75.4,36.73,43.91,21.46,674.25,2,5438.04
135976,10,76.89,36.34,44.35,22.56,618.54,2,5439.04
136001,10,78.01,36.48,45.18,23.66,631.0,2,5440.04
136026,10,78.33,37.07,45.08,24.75,682.22,2,5441.04
136051,10,78.01,37.8,44.47,27.21,814.43,2,5442.04
136076,10,77.43,38.45,43.83,31.13,937.87,2,5443.04
136101,10,76.74,39.1,42.81,34.41,1037.59,2,5444.04
136126,10,75.95,39.5,40.91,38.05,1119.91,2,5445.04
136151,10,75.03,39.47,38.52,42.05,1182.75,2,5446.04
136176,10,73.96,39.39,36.92,44.99,1227.13,2,5447.04
136201,10,72.79,39.41,35.63,46.39,1257.82,2,5448.04
136226,10,71.27,39.7,35.12,46.35,1268.18,2,5449.04
136251,10,69.06,40.2,35.77,45.97,1308.44,2,5450.04
136276,10,66.13,40.85,38.33,47.5,1370.38,2,5451.04
136301,10,62.68,41.39,39.59,48.24,1386.61,2,5452.04
136326,10,59.1,41.88,39.33,49.89,1362.32,2,5453.04
136351,10,55.88,42.56,38.62,50.67,1317.31,2,5454.04
136376,10,53.26,43.37,38.31,50.72,1294.97,2,5455.04
136401,10,50.99,44.03,37.41,49.32,1319.05,2,5456.04
136426,10,48.48,44.03,36.91,48.1,1305.92,2,5457.04
136451,10,45.45,43.47,36.97,45.97,1258.58,2,5458.04
136476,10,42.35,42.75,37.74,44.65,1184.21,2,5459.04
136501,10,39.61,42.08,38.1,44.01,1178.56,2,5460.04
136526,10,37.33,41.52,40.29,44.02,1195.51,2,5461.04
136551,10,35.9,41.26,42.45,43.57,1144.67,2,5462.04
136576,10,35.74,41.19,42.43,42.78,1038.0,2,5463.04
136601,10,36.85,40.61,41.58,41.55,992.86,2,5464.04
136626,10,38.39,39.68,40.8,39.72,948.89,2,5465.04
136651,10,39.33,38.92,39.49,37.91,895.45,2,5466.04
136676,10,39.95,38.58,36.94,36.1,822.61,2,5467.04
136701,10,40.82,38.64,33.45,34.35,741.52,2,5468.04
136726,10,41.85,38.84,29.2,32.29,640.64,2,5469.04
136751,10,42.73,38.71,25.6,29.87,520.01,2,5470.04
136776,10,43.56,37.8,24.62,28.4,485.44,2,5471.04
136801,10,44.7,36.13,24.28,29.55,518.0,2,5472.04
136826,10,45.79,34.13,24.21,33.03,585.77,2,5473.04
136851,10,46.47,32.5,25.43,35.91,684.51,2,5474.04
136876,10,46.42,31.24,27.92,36.86,788.07,2,5475.04
136901,10,45.78,30.69,30.07,38.44,856.76,2,5476.04
136926,10,44.6,30.74,32.48,39.94,914.72,2,5477.04
136951,10,42.97,31.39,35.04,40.77,961.98,2,5478.04
136976,10,41.18,32.52,36.46,41.51,1049.54,2,5479.04
137001,10,39.56,33.7,37.54,42.34,1187.27,2,5480.04
137026,10,38.38,33.85,38.7,42.4,1306.12,2,5481.04
137051,10,37.56,33.04,39.61,42.0,1370.24,2,5482.04
137076,10,36.84,32.06,41.83,41.8,1412.11,2,5483.04
137101,10,36.37,31.21,43.89,42.0,1434.15,2,5484.04
137126,10,36.63,30.89,43.33,42.32,1381.37,2,5485.04
137151,10,37.56,31.36,41.34,43.96,1301.82,2,5486.04
137176,10,38.85,32.22,39.55,45.92,1224.7,2,5487.04
137201,10,40.26,33.3,38.45,47.6,1215.64,2,5488.04
137226,10,41.79,34.73,37.89,48.75,1217.86,2,5489.04
137251,10,43.46,36.2,37.04,49.35,1221.66,2,5490.04
137276,10,44.94,37.36,35.97,49.69,1208.64,2,5491.04
137301,10,46.17,38.01,35.01,49.43,1160.14,2,5492.04
137326,10,47.26,38.36,34.21,48.72,1108.21,2,5493.04
137351,10,48.24,38.57,33.52,47.51,1079.12,2,5494.04
137376,10,49.12,38.66,33.6,46.04,1050.34,2,5495.04
137401,10,49.86,38.63,33.63,44.57,1027.1,2,5496.04
137426,10,50.53,38.53,33.53,43.22,1007.36,2,5497.04
137451,10,51.25,38.52,33.3,42.04,981.94,2,5498.04
137476,10,51.94,38.69,32.73,41.51,958.14,2,5499.04
137501,10,52.53,38.92,31.65,41.3,932.84,2,5500.04
137526,10,53.09,39.21,30.4,41.08,897.81,2,5501.04
137551,10,53.64,39.51,29.79,41.32,865.23,2,5502.04
137576,10,54.12,39.81,29.22,41.51,837.92,2,5503.04
137601,10,54.58,40.05,28.58,41.31,817.17,2,5504.04
137626,10,55.11,40.21,28.04,41.3,799.44,2,5505.04
137651,10,55.62,40.34,27.75,41.36,780.87,2,5506.04
137676,10,56.03,40.39,27.49,41.25,764.45,2,5507.04
137701,10,56.37,40.36,27.49,41.06,755.89,2,5508.04
137726,10,56.7,40.34,27.57,40.79,756.34,2,5509.04
137751,10,56.99,40.32,28.12,40.72,758.23,2,5510.04
137776,10,57.22,40.35,28.62,40.98,771.15,2,5511.04
137801,10,57.43,40.48,28.78,41.75,785.74,2,5512.04
137826,10,57.63,40.66,28.75,42.51,794.42,2,5513.04
137851,10,57.83,40.83,28.64,43.26,800.56,2,5514.04
137876,10,58.02,40.94,28.56,44.17,809.81,2,5515.04
137901,10,58.17,41.0,28.55,45.26,822.6,2,5516.04
137926,10,58.32,41.0,28.54,45.98,830.15,2,5517.04
137951,10,58.46,40.98,28.47,46.32,829.58,2,5518.04
137976,10,58.49,40.82,28.45,46.47,833.35,2,5519.04
138001,10,58.44,40.61,28.39,46.6,839.37,2,5520.04
138026,10,58.35,40.47,28.36,46.52,848.52,2,5521.04
138051,10,58.26,40.29,28.4,46.64,859.33,2,5522.04
138076,10,58.2,40.08,28.57,46.97,860.66,2,5523.04
138101,10,58.09,39.92,28.67,47.08,849.14,2,5524.04
138126,10,57.97,39.72,28.36,47.34,832.91,2,5525.04
138151,10,57.86,39.51,27.7,47.44,810.94,2,5526.04
138176,10,57.8,39.29,27.04,47.46,799.79,2,5527.04
138201,10,57.8,39.09,27.3,47.74,793.43,2,5528.04
138226,10,57.9,38.98,27.04,48.01,782.84,2,5529.04
138251,10,58.13,38.83,26.29,48.14,754.47,2,5530.04
138276,10,58.41,38.68,25.54,48.13,716.67,2,5531.04
138301,10,58.71,38.59,24.68,47.99,677.59,2,5532.04
138326,10,58.99,38.54,23.59,47.78,641.02,2,5533.04
138351,10,59.18,38.57,22.83,47.63,621.95,2,5534.04
138376,10,59.24,38.62,22.64,47.28,630.34,2,5535.04
138401,10,59.29,38.63,22.58,46.72,637.97,2,5536.04
138426,10,59.38,38.51,22.36,46.13,636.6,2,5537.04
138451,10,59.53,38.34,22.22,45.32,632.03,2,5538.04
138476,10,59.72,38.17,22.16,44.67,628.72,2,5539.04
138501,10,59.95,38.05,22.36,44.59,656.36,2,5540.04
138526,10,60.08,38.2,23.05,45.28,726.64,2,5541.04
138551,10,59.78,38.44,23.75,45.91,795.75,2,5542.04
138576,10,58.76,38.23,24.07,45.75,849.45,2,5543.04
138601,10,57.42,37.06,25.73,45.38,881.73,2,5544.04
138626,10,56.12,34.89,27.24,45.18,881.53,2,5545.04
138651,10,55.02,32.46,28.18,44.44,851.21,2,5546.04
138676,10,54.58,30.17,28.01,43.3,810.92,2,5547.04
138701,10,54.88,28.41,27.85,41.98,742.63,2,5548.04
138726,10,55.44,27.81,27.55,40.58,673.46,2,5549.04
138751,10,56.05,28.5,26.97,38.52,622.77,2,5550.04
138776,10,56.76,30.08,25.44,38.07,613.12,2,5551.04
138801,10,57.48,32.34,23.46,39.12,638.2,2,5552.04
138826,10,58.27,34.67,23.09,39.88,657.81,2,5553.04
138851,10,58.99,36.09,21.97,40.8,635.38,2,5554.04
138876,10,59.22,36.57,20.57,41.22,578.62,2,5555.04
138901,10,58.91,36.61,19.1,41.97,524.92,2,5556.04
138926,10,57.98,36.09,18.63,43.1,509.74,2,5557.04
138951,10,56.58,34.75,20.28,44.01,565.84,2,5558.04
138976,10,55.31,32.43,22.2,44.12,611.89,2,5559.04
139001,10,54.25,29.55,23.42,44.57,627.42,2,5560.04
139026,10,53.07,26.78,23.03,45.29,639.25,2,5561.04
139051,10,51.93,24.84,24.04,45.22,650.66,2,5562.04
139076,10,51.01,23.8,24.48,45.12,643.07,2,5563.04
139101,10,50.41,22.79,24.85,44.87,614.85,2,5564.04
139126,10,50.51,21.74,24.54,44.21,598.65,2,5565.04
139151,10,50.69,21.36,23.97,43.11,612.99,2,5566.04
139176,10,50.8,21.62,24.12,42.54,626.91,2,5567.04
139201,10,51.4,22.08,24.14,41.82,617.94,2,5568.04
139226,10,52.39,22.6,23.97,40.7,589.95,2,5569.04
139251,10,53.66,23.15,23.68,39.63,568.25,2,5570.04
139276,10,55.04,23.81,23.46,39.06,558.83,2,5571.04
139301,10,56.27,24.61,23.32,38.87,553.77,2,5572.04
139326,10,57.31,25.48,23.11,38.87,545.09,2,5573.04
139351,10,58.21,26.21,22.89,38.71,538.52,2,5574.04
139376,10,58.94,26.64,22.61,38.23,529.63,2,5575.04
139401,10,59.53,26.89,22.36,37.79,526.58,2,5576.04
139426,10,59.93,27.02,21.92,37.81,532.34,2,5577.04
139451,10,60.11,27.05,21.73,38.64,560.64,2,5578.04
139476,10,60.15,26.91,22.52,39.89,601.61,2,5579.04
139501,10,60.2,26.9,23.4,40.82,632.11,2,5580.04
139526,10,60.34,26.96,23.82,41.62,647.98,2,5581.04
139551,10,60.36,27.07,24.01,42.3,654.73,2,5582.04
139576,10,60.0,27.22,24.35,42.7,661.29,2,5583.04
139601,10,59.12,27.38,24.39,43.13,683.41,2,5584.04
139626,10,57.7,27.96,24.49,43.48,726.78,2,5585.04
139651,10,56.03,29.45,24.9,43.82,788.83,2,5586.04
139676,10,54.24,31.46,26.67,44.14,872.21,2,5587.04
139701,10,52.2,32.34,29.27,43.89,922.65,2,5588.04
139726,10,50.33,31.46,30.57,42.9,902.95,2,5589.04
139751,10,48.92,29.42,30.69,42.54,907.11,2,5590.04
139776,10,47.64,26.68,30.44,43.32,932.07,2,5591.04
139801,10,46.38,23.92,29.56,44.33,902.22,2,5592.04
139826,10,45.31,21.77,28.32,44.66,832.9,2,5593.04
139851,10,45.13,20.33,27.28,44.28,779.13,2,5594.04
139876,10,45.72,19.87,26.92,43.93,762.34,2,5595.04
139901,10,46.01,20.24,27.22,45.02,785.89,2,5596.04
139926,10,45.43,21.33,28.09,47.02,825.99,2,5597.04
139951,10,43.65,22.69,30.61,47.99,885.85,2,5598.04
139976,10,40.81,23.98,35.33,47.15,990.54,2,5599.04
140001,10,37.97,25.51,40.35,46.06,1128.5,2,5600.04
140026,10,35.66,27.44,43.28,46.32,1238.13,2,5601.04
140051,10,33.59,29.32,43.83,46.12,1282.34,2,5602.04
140076,10,31.42,30.55,43.18,42.73,1232.97,2,5603.04
140101,10,29.2,31.41,47.18,39.02,1182.03,2,5604.04
140126,10,27.82,32.36,51.93,38.53,1199.75,2,5605.04
140151,10,27.69,33.15,53.01,38.46,1210.16,2,5606.04
140176,10,28.08,33.65,52.47,37.18,1165.92,2,5607.04
140201,10,28.93,34.1,49.53,36.6,1088.92,2,5608.04
140226,10,30.04,34.58,45.18,36.89,1036.73,2,5609.04
140251,10,31.21,35.02,41.08,36.88,981.79,2,5610.04
140276,10,32.45,35.32,37.16,36.8,929.39,2,5611.04
140301,10,33.78,35.59,34.24,37.1,876.53,2,5612.04
140326,10,35.06,35.83,33.58,37.16,822.48,2,5613.04
140351,10,36.33,35.98,32.84,37.11,771.61,2,5614.04
140376,10,37.55,36.21,31.87,37.27,752.13,2,5615.04
140401,10,38.63,36.45,30.8,37.76,782.55,2,5616.04
140426,10,39.49,36.6,30.54,38.94,831.56,2,5617.04
140451,10,40.19,36.62,31.54,40.62,897.43,2,5618.04
140476,10,40.82,36.12,33.43,41.82,950.8,2,5619.04
140501,10,41.47,34.79,34.38,42.33,978.86,2,5620.04
140526,10,41.92,33.04,34.58,42.36,999.01,2,5621.04
140551,10,41.86,31.32,35.1,42.41,1013.32,2,5622.04
140576,10,41.7,29.33,35.71,43.4,1019.02,2,5623.04
140601,10,42.14,27.0,35.39,44.16,981.69,2,5624.04
140626,10,43.43,24.76,34.24,44.18,916.11,2,5625.04
140651,10,45.78,22.82,35.86,43.29,924.81,2,5626.04
140676,10,48.87,21.35,39.81,42.64,1023.94,2,5627.04
140701,10,51.36,20.44,42.74,44.22,1142.46,2,5628.04
140726,10,52.37,19.79,42.31,46.85,1204.5,2,5629.04
140751,10,52.49,19.54,40.01,48.16,1222.17,2,5630.04
140776,10,52.22,20.15,37.76,48.84,1217.31,2,5631.04
140801,10,51.49,21.21,36.24,50.1,1227.2,2,5632.04
140826,10,50.15,22.34,35.51,51.92,1273.3,2,5633.04
140851,10,48.37,23.65,35.36,53.74,1344.83,2,5634.04
140876,10,46.41,25.19,35.24,55.22,1396.64,2,5635.04
140901,10,44.47,26.77,35.14,56.12,1387.78,2,5636.04
140926,10,42.67,28.06,33.97,56.32,1332.96,2,5637.04
140951,10,41.25,28.93,31.87,56.18,1281.39,2,5638.04
140976,10,40.1,29.47,30.69,55.45,1234.72,2,5639.04
141001,10,39.03,29.83,29.65,54.23,1198.35,2,5640.04
141026,10,37.99,30.12,28.42,52.82,1131.26,2,5641.04
141051,10,36.97,30.29,28.31,51.24,1048.83,2,5642.04
141076,10,35.9,30.35,28.0,49.96,960.55,2,5643.04
141101,10,34.68,30.46,27.51,48.7,861.62,2,5644.04
141126,10,33.38,30.71,26.91,46.98,769.09,2,5645.04
141151,10,32.12,31.01,26.51,45.4,696.54,2,5646.04
141176,10,31.13,31.23,27.1,44.58,670.08,2,5647.04
141201,10,30.28,31.18,28.53,44.44,676.07,2,5648.04
141226,10,29.36,31.04,30.21,44.08,726.0,2,5649.04
141251,10,28.2,30.89,33.07,43.29,782.13,2,5650.04
141276,10,26.81,30.66,34.64,42.19,809.68,2,5651.04
141301,10,25.47,30.47,35.31,40.04,817.03,2,5652.04
141326,10,24.37,30.25,35.72,37.18,807.44,2,5653.04
141351,10,23.61,29.64,36.19,34.36,782.97,2,5654.04
141376,10,23.0,28.51,37.32,32.32,780.52,2,5655.04
141401,10,22.78,27.24,38.28,34.31,819.31,2,5656.04
141426,10,23.18,26.24,37.79,37.53,853.52,2,5657.04
141451,10,23.82,25.56,36.65,38.76,845.32,2,5658.04
141476,10,24.19,24.93,35.83,39.41,842.89,2,5659.04
141501,10,24.16,24.76,34.94,39.52,845.41,2,5660.04
141526,10,24.2,25.11,34.55,38.95,834.11,2,5661.04
141551,10,24.6,25.54,34.21,38.06,830.36,2,5662.04
141576,10,25.29,25.86,33.98,37.97,854.28,2,5663.04
141601,10,26.2,26.35,34.19,37.84,868.28,2,5664.04
141626,10,27.23,26.89,34.72,37.63,873.26,2,5665.04
141651,10,28.39,27.35,34.95,38.39,886.76,2,5666.04
141676,10,29.66,27.81,35.16,39.77,916.11,2,5667.04
141701,10,30.99,28.27,35.53,41.26,958.66,2,5668.04
141726,10,32.34,28.73,35.84,42.25,981.38,2,5669.04
141751,10,33.58,29.19,36.09,43.16,988.97,2,5670.04
141776,10,34.62,29.73,36.2,44.13,982.87,2,5671.04
141801,10,35.52,30.35,36.02,44.91,972.11,2,5672.04
141826,10,36.38,31.03,35.33,45.48,993.69,2,5673.04
141851,10,37.32,31.68,34.26,45.93,1042.36,2,5674.04
141876,10,38.31,32.15,33.02,46.15,1074.07,2,5675.04
141901,10,39.34,32.41,31.72,46.08,1082.45,2,5676.04
141926,10,40.43,32.55,30.72,46.52,1068.43,2,5677.04
141951,10,41.55,32.64,29.99,46.92,1036.72,2,5678.04
141976,10,42.69,32.7,29.59,47.16,997.77,2,5679.04
142001,10,43.82,32.71,29.01,47.31,960.23,2,5680.04
142026,10,44.87,32.73,28.16,47.39,924.7,2,5681.04
142051,10,45.91,32.67,27.17,47.02,886.02,2,5682.04
142076,10,47.0,32.53,26.39,46.27,852.18,2,5683.04
142101,10,48.18,32.38,26.26,45.03,815.43,2,5684.04
142126,10,49.44,32.21,25.89,43.69,764.55,2,5685.04
142151,10,50.81,32.01,25.18,42.42,701.28,2,5686.04
142176,10,52.23,31.85,24.33,41.0,636.12,2,5687.04
142201,10,53.59,31.79,23.07,39.93,590.63,2,5688.04
142226,10,54.82,31.79,21.17,39.7,554.16,2,5689.04
142251,10,55.97,31.76,19.5,39.72,532.59,2,5690.04
142276,10,57.14,32.01,19.12,39.8,546.66,2,5691.04
142301,10,58.29,33.32,19.66,42.78,612.88,2,5692.04
142326,10,58.92,35.63,21.0,46.2,712.16,2,5693.04
142351,10,59.0,38.12,23.08,48.71,825.44,2,5694.04
142376,10,59.05,40.22,24.98,50.91,946.15,2,5695.04
142401,10,58.94,42.01,26.62,53.38,1069.75,2,5696.04
142426,10,58.21,43.52,28.76,55.05,1181.72,2,5697.04
142451,10,57.16,44.7,30.23,55.98,1276.45,2,5698.04
142476,10,56.14,45.54,31.53,55.72,1339.77,2,5699.04
142501,10,55.12,46.05,33.87,53.64,1380.46,2,5700.04
142526,10,54.21,46.63,36.67,52.36,1428.7,2,5701.04
142551,10,53.45,46.97,37.11,52.39,1429.25,2,5702.04
142576,10,52.83,46.56,36.33,52.73,1388.43,2,5703.04
142601,10,52.48,45.77,36.03,53.24,1353.12,2,5704.04
142626,10,52.29,44.93,36.16,54.34,1341.91,2,5705.04
142651,10,52.0,43.83,35.91,55.37,1351.39,2,5706.04
142676,10,51.41,42.19,35.78,56.59,1365.78,2,5707.04
142701,10,50.11,40.22,35.12,58.08,1347.91,2,5708.04
142726,10,48.07,38.27,33.49,59.25,1317.03,2,5709.04
142751,10,45.64,36.47,31.91,59.07,1289.19,2,5710.04
142776,10,43.08,34.74,31.33,58.13,1291.88,2,5711.04
142801,10,40.38,33.12,31.57,57.06,1294.66,2,5712.04
142826,10,37.84,31.72,32.34,55.4,1302.02,2,5713.04
142851,10,35.76,30.45,33.34,53.82,1287.51,2,5714.04
142876,10,34.03,29.46,34.0,51.78,1241.04,2,5715.04
142901,10,32.59,28.91,33.92,48.15,1149.99,2,5716.04
142926,10,31.38,28.91,32.97,44.72,1062.93,2,5717.04
142951,10,30.94,29.08,35.65,42.98,1008.82,2,5718.04
142976,10,31.85,29.02,37.58,43.17,987.41,2,5719.04
143001,10,33.38,29.02,38.03,45.07,1017.0,2,5720.04
143026,10,34.85,29.12,36.95,48.73,1064.4,2,5721.04
143051,10,35.95,29.15,34.25,52.96,1085.89,2,5722.04
143076,10,36.64,29.32,31.46,57.09,1083.57,2,5723.04
143101,10,37.2,29.88,29.68,60.52,1093.78,2,5724.04
143126,10,37.77,30.82,28.28,62.63,1094.89,2,5725.04
143151,10,38.16,31.84,27.73,63.61,1082.89,2,5726.04
143176,10,38.08,32.46,27.2,63.47,1040.66,2,5727.04
143201,10,37.28,32.35,26.9,62.21,999.0,2,5728.04
143226,10,35.76,31.68,27.33,60.67,999.67,2,5729.04
143251,10,33.68,30.87,30.43,57.79,1015.9,2,5730.04
143276,10,31.98,30.15,32.64,52.96,974.71,2,5731.04
143301,10,31.9,29.48,32.69,48.64,913.93,2,5732.04
143326,10,33.75,28.61,33.31,46.31,907.66,2,5733.04
143351,10,37.01,27.91,34.63,44.6,886.26,2,5734.04
143376,10,41.0,27.85,36.95,42.81,885.42,2,5735.04
143401,10,45.19,28.79,39.04,41.23,944.67,2,5736.04
143426,10,49.43,30.35,40.45,40.06,1007.14,2,5737.04
143451,10,53.81,31.89,42.0,38.95,1043.19,2,5738.04
143476,10,58.49,33.12,44.23,37.42,1054.02,2,5739.04
143501,10,63.37,34.0,45.75,35.52,1041.19,2,5740.04
143526,10,68.3,34.76,46.0,35.06,992.06,2,5741.04
143551,10,73.05,35.53,44.53,35.59,883.1,2,5742.04
143576,10,77.38,36.26,42.05,33.76,715.87,2,5743.04
143601,10,81.22,36.87,40.93,29.54,577.01,2,5744.04
143626,10,84.45,37.34,42.56,25.15,554.2,2,5745.04
143651,10,86.42,37.92,43.16,22.68,523.05,2,5746.04
143676,10,87.46,38.44,41.64,21.26,479.64,2,5747.04
143701,10,88.05,38.86,39.38,21.21,450.56,2,5748.04
143726,10,88.44,39.29,37.68,21.55,449.8,2,5749.04
143751,10,88.75,39.73,36.43,22.22,460.3,2,5750.04
143776,10,88.98,40.25,34.93,23.44,470.11,2,5751.04
143801,10,89.23,40.87,33.09,25.03,479.53,2,5752.04
143826,10,89.51,41.55,31.12,26.33,473.73,2,5753.04
143851,10,89.82,42.28,29.3,27.69,470.19,2,5754.04
143876,10,90.18,43.01,27.81,28.93,470.54,2,5755.04
143901,10,90.43,43.74,26.83,29.89,469.77,2,5756.04
143926,10,90.54,44.45,25.56,30.49,461.16,2,5757.04
143951,10,90.56,45.15,24.06,31.16,450.15,2,5758.04
143976,10,90.47,45.91,22.56,32.05,436.57,2,5759.04
144001,10,90.28,46.66,21.24,32.44,419.92,2,5760.04
144026,10,90.05,47.4,19.97,32.74,406.1,2,5761.04
144051,10,89.87,48.16,19.08,33.61,405.67,2,5762.04
144076,10,89.75,48.73,18.86,34.1,410.86,2,5763.04
144101,10,89.7,49.08,19.16,33.73,415.29,2,5764.04
144126,10,89.57,49.27,19.42,33.51,410.7,2,5765.04
144151,10,89.25,49.46,19.4,33.7,402.25,2,5766.04
144176,10,88.71,49.72,19.39,33.93,399.3,2,5767.04
144201,10,88.19,49.89,19.92,33.81,408.68,2,5768.04
144226,10,87.83,49.83,20.89,33.67,413.51,2,5769.04
144251,10,87.47,49.76,21.49,33.34,404.09,2,5770.04
144276,10,87.19,49.72,21.72,32.89,391.12,2,5771.04
144301,10,87.06,49.6,21.8,32.7,378.32,2,5772.04
144326,10,86.97,49.49,21.85,32.55,368.95,2,5773.04
144351,10,86.86,49.4,21.96,32.45,362.77,2,5774.04
144376,10,86.8,49.23,22.03,32.35,356.9,2,5775.04
144401,10,86.73,49.08,21.99,32.45,351.05,2,5776.04
144426,10,86.52,49.14,21.62,32.35,331.04,2,5777.04
144451,10,86.26,49.16,21.36,32.31,323.37,2,5778.04
144476,10,86.12,49.06,21.37,32.31,320.14,2,5779.04
144501,10,85.92,48.95,21.3,32.25,321.65,2,5780.04
144526,10,85.74,48.76,21.06,32.17,323.4,2,5781.04
144551,10,85.57,48.58,20.97,32.12,327.8,2,5782.04
144576,10,85.3,48.32,21.17,32.22,338.63,2,5783.04
144601,10,84.95,48.06,21.6,32.35,353.47,2,5784.04
144626,10,84.61,47.75,22.15,32.39,364.52,2,5785.04
144651,10,84.32,47.34,22.73,32.27,361.52,2,5786.04
144676,10,84.0,46.97,23.2,32.41,350.5,2,5787.04
144701,10,83.65,46.79,23.59,31.65,344.55,2,5788.04
144726,10,83.36,46.59,23.89,31.95,345.66,2,5789.04
144751,10,83.11,46.39,24.18,32.04,345.2,2,5790.04
144776,10,82.93,46.2,24.47,32.1,354.16,2,5791.04
144801,10,82.86,46.03,24.74,32.15,374.08,2,5792.04
144826,10,82.87,45.9,24.84,32.2,396.78,2,5793.04
144851,10,83.0,45.59,24.77,32.25,394.92,2,5794.04
144876,10,83.12,45.39,25.55,32.19,417.45,2,5795.04
144901,10,83.35,45.33,26.6,32.12,440.24,2,5796.04
144926,10,83.5,45.22,26.84,32.09,450.6,2,5797.04
144951,10,83.54,44.97,27.02,32.02,450.18,2,5798.04
144976,10,83.43,44.75,26.87,32.06,440.6,2,5799.04
145001,10,83.29,44.57,27.02,32.14,427.14,2,5800.04
