frame,n_outfield,centroid_x,centroid_y,length,width,hull_area,period,time_s
1,10,42.49,39.01,25.53,34.96,611.01,1,0.04
26,10,42.42,41.19,24.37,35.42,604.53,1,1.04
51,10,41.99,43.22,22.37,35.22,580.29,1,2.04
76,10,41.75,43.37,20.34,34.44,520.59,1,3.04
101,10,41.64,41.47,19.11,34.11,462.37,1,4.04
126,10,40.81,38.18,19.14,34.62,473.88,1,5.04
151,10,38.84,34.62,21.24,35.08,535.08,1,6.04
176,10,36.34,31.5,22.8,35.47,578.54,1,7.04
201,10,34.14,28.76,24.5,37.27,591.79,1,8.04
226,10,32.57,26.22,25.38,38.65,615.73,1,9.04
251,10,32.24,24.21,25.43,38.53,632.43,1,10.04
276,10,33.81,23.09,24.46,38.26,613.16,1,11.04
301,10,36.34,22.69,22.56,36.64,565.21,1,12.04
326,10,38.58,22.44,20.17,35.26,558.21,1,13.04
351,10,39.48,22.35,23.06,35.54,650.79,1,14.04
376,10,38.41,22.58,26.88,36.03,734.4,1,15.04
401,10,37.52,22.94,27.64,35.19,746.92,1,16.04
426,10,39.03,23.7,26.64,33.29,685.27,1,17.04
451,10,42.07,24.49,26.13,31.26,611.1,1,18.04
476,10,44.02,25.1,25.56,30.25,541.28,1,19.04
501,10,43.85,25.64,24.7,29.75,488.33,1,20.04
526,10,43.62,26.1,22.44,29.42,444.06,1,21.04
551,10,44.57,26.4,19.5,28.35,413.17,1,22.04
576,10,46.4,26.54,23.31,26.24,449.62,1,23.04
601,10,49.05,27.26,27.37,24.57,532.63,1,24.04
626,10,52.21,28.78,29.4,26.31,588.84,1,25.04
651,10,54.33,31.28,30.12,27.75,631.22,1,26.04
676,10,53.92,34.29,32.54,29.11,673.22,1,27.04
701,10,51.79,36.44,34.19,30.29,699.96,1,28.04
726,10,49.16,37.87,35.73,30.85,738.17,1,29.04
751,10,47.59,38.93,36.15,30.87,764.4,1,30.04
776,10,47.79,39.39,34.43,29.55,710.42,1,31.04
801,10,47.91,38.79,31.81,27.7,633.2,1,32.04
826,10,47.04,37.26,29.66,27.17,572.32,1,33.04
851,10,44.98,35.38,28.84,28.32,513.39,1,34.04
876,10,42.11,33.39,29.81,29.51,512.31,1,35.04
901,10,39.08,31.29,31.74,30.28,594.15,1,36.04
926,10,36.13,29.31,33.57,33.67,701.31,1,37.04
951,10,33.27,27.69,36.12,37.49,840.3,1,38.04
976,10,31.41,26.35,37.11,39.19,943.04,1,39.04
1001,10,31.58,25.66,35.03,38.07,897.0,1,40.04
1026,10,32.93,25.61,32.64,35.81,788.01,1,41.04
1051,10,34.13,25.49,30.48,34.78,710.68,1,42.04
1076,10,34.48,25.02,28.9,34.73,659.82,1,43.04
1101,10,33.91,24.34,27.67,34.01,607.86,1,44.04
1126,10,32.77,23.71,27.67,33.0,588.1,1,45.04
1151,10,31.97,23.18,27.84,33.4,628.58,1,46.04
1176,10,32.87,23.16,28.56,34.46,706.76,1,47.04
1201,10,35.78,23.91,30.69,35.97,819.68,1,48.04
1226,10,39.94,25.3,34.0,37.47,952.1,1,49.04
1251,10,44.61,26.89,36.74,38.11,1056.12,1,50.04
1276,10,49.5,28.61,37.95,36.93,1087.28,1,51.04
1301,10,54.49,30.19,38.64,34.98,1087.83,1,52.04
1326,10,59.53,31.24,40.71,34.43,1110.01,1,53.04
1351,10,64.44,32.42,43.93,34.09,1171.17,1,54.04
1376,10,69.11,33.95,46.87,33.79,1247.52,1,55.04
1401,10,73.05,35.62,48.7,35.9,1316.6,1,56.04
1426,10,75.85,37.13,51.92,37.86,1329.57,1,57.04
1451,10,77.57,38.0,53.54,37.88,1251.69,1,58.04
1476,10,78.6,38.26,53.21,36.27,1123.71,1,59.04
1501,10,79.3,38.26,52.07,34.32,1017.22,1,60.04
1526,10,79.78,38.22,50.18,32.99,927.87,1,61.04
1551,10,80.1,38.2,47.81,32.57,865.4,1,62.04
1576,10,80.42,38.25,45.93,33.19,828.96,1,63.04
1601,10,80.8,38.42,44.07,34.37,802.97,1,64.04
1626,10,81.15,38.49,41.64,34.49,759.95,1,65.04
1651,10,81.43,38.4,38.66,33.1,696.0,1,66.04
1676,10,81.7,38.28,36.56,31.06,643.34,1,67.04
1701,10,81.97,38.21,34.93,29.54,608.47,1,68.04
1726,10,82.19,38.1,33.39,29.3,569.84,1,69.04
1751,10,82.48,38.04,31.84,30.42,531.72,1,70.04
1776,10,82.86,37.97,30.22,31.47,494.38,1,71.04
1801,10,83.24,37.88,31.35,32.48,477.81,1,72.04
1826,10,83.51,37.83,33.03,33.23,478.97,1,73.04
1851,10,83.69,37.84,35.11,34.05,513.88,1,74.04
1876,10,83.88,37.81,37.52,34.95,562.71,1,75.04
1901,10,84.15,37.8,39.71,36.67,617.6,1,76.04
1926,10,84.5,37.75,41.23,39.09,689.2,1,77.04
1951,10,84.85,37.69,42.42,40.21,734.19,1,78.04
1976,10,85.1,37.59,44.05,40.98,774.08,1,79.04
2001,10,85.19,37.51,45.74,41.67,808.99,1,80.04
2026,10,85.21,37.57,46.75,40.81,833.92,1,81.04
2051,10,85.22,37.89,47.26,38.13,826.28,1,82.04
2076,10,85.45,38.48,47.68,37.75,787.95,1,83.04
2101,10,86.0,39.12,47.72,37.99,794.43,1,84.04
2126,10,86.88,39.62,46.78,38.82,853.19,1,85.04
2151,10,87.6,39.79,42.89,39.04,868.74,1,86.04
2176,10,87.87,39.83,37.7,38.55,792.41,1,87.04
2201,10,87.96,39.78,35.33,36.99,719.54,1,88.04
2226,10,88.01,39.74,32.92,33.97,681.47,1,89.04
2251,10,87.91,39.69,31.25,32.05,632.86,1,90.04
2276,10,88.06,39.42,29.85,32.06,602.24,1,91.04
2301,10,88.39,39.56,32.35,32.7,665.48,1,92.04
2326,10,88.79,40.43,36.81,31.53,732.42,1,93.04
2351,10,89.96,42.46,39.49,27.15,721.2,1,94.04
2376,9,90.66,44.21,38.09,22.87,565.76,1,95.04
2401,9,92.31,44.9,36.74,19.06,382.63,1,96.04
2426,10,94.89,46.74,33.72,16.44,333.78,1,97.04
2451,10,96.27,47.67,29.26,15.9,285.3,1,98.04
2476,10,97.34,48.08,24.48,15.38,230.7,1,99.04
2501,10,97.95,47.94,20.85,14.86,162.18,1,100.04
2526,10,98.21,48.04,21.86,14.35,136.24,1,101.04
2551,10,98.46,48.3,23.31,13.86,146.77,1,102.04
2576,10,98.58,48.39,24.77,13.37,157.22,1,103.04
2601,10,98.59,48.33,26.11,12.89,163.29,1,104.04
2626,10,98.36,48.49,27.39,12.5,183.07,1,105.04
2651,10,97.77,48.44,27.9,12.96,191.49,1,106.04
2676,10,96.87,48.19,29.21,12.97,195.95,1,107.04
2701,10,96.06,47.88,31.33,12.96,200.28,1,108.04
2726,10,95.16,47.82,32.54,14.12,215.59,1,109.04
2751,10,94.19,47.62,32.74,14.81,231.37,1,110.04
2776,10,92.93,46.72,32.2,14.76,231.26,1,111.04
2801,10,91.67,46.43,32.15,14.44,216.8,1,112.04
2826,10,90.2,46.15,32.21,13.3,190.33,1,113.04
2851,10,88.24,45.7,30.92,13.06,192.7,1,114.04
2876,10,86.27,45.3,30.57,13.1,190.94,1,115.04
2901,10,84.26,44.38,30.22,13.4,196.53,1,116.04
2926,10,82.3,43.47,29.92,13.56,201.78,1,117.04
2951,10,81.84,43.54,29.64,13.64,236.24,1,118.04
2976,10,79.96,42.92,29.23,13.88,250.2,1,119.04
3001,10,78.1,42.37,28.76,14.04,260.56,1,120.04
3026,10,76.27,41.75,28.24,13.97,269.53,1,121.04
3051,10,74.44,41.12,28.19,14.65,284.19,1,122.04
3076,10,72.65,40.63,30.49,15.81,308.69,1,123.04
3101,10,70.88,40.16,32.82,16.82,349.64,1,124.04
3126,10,69.14,39.63,34.9,17.95,404.42,1,125.04
3151,10,67.45,39.13,36.6,19.26,460.75,1,126.04
3176,10,65.97,38.7,38.12,20.28,512.81,1,127.04
3201,10,64.19,38.3,39.53,21.13,563.38,1,128.04
3226,10,62.45,37.89,40.59,21.91,618.81,1,129.04
3251,10,60.74,37.57,41.1,22.86,665.93,1,130.04
3276,10,59.0,37.31,41.12,23.86,704.65,1,131.04
3301,10,57.31,37.03,40.54,24.76,732.43,1,132.04
3326,10,55.76,36.74,39.33,25.46,748.88,1,133.04
3351,10,54.32,36.51,37.66,25.84,755.34,1,134.04
3376,10,52.9,36.39,35.67,26.48,743.99,1,135.04
3401,10,51.57,36.25,33.47,26.74,718.02,1,136.04
3426,10,50.33,36.0,31.2,26.72,686.46,1,137.04
3451,10,49.14,35.66,29.0,27.11,654.21,1,138.04
3476,10,48.01,35.34,27.24,28.05,624.84,1,139.04
3501,10,46.99,35.07,25.84,29.1,601.26,1,140.04
3526,10,46.17,34.82,24.09,29.82,568.39,1,141.04
3551,10,45.6,34.53,22.22,30.49,528.96,1,142.04
3576,10,45.18,34.25,20.45,31.48,493.31,1,143.04
3601,10,44.86,34.01,18.63,32.36,468.63,1,144.04
3626,10,44.52,33.79,17.07,33.26,450.2,1,145.04
3651,10,44.24,33.62,15.67,34.15,438.69,1,146.04
3676,10,44.08,33.61,14.62,34.88,431.12,1,147.04
3701,10,43.97,33.7,16.0,35.61,466.23,1,148.04
3726,10,43.8,33.62,18.6,36.37,528.73,1,149.04
3751,10,43.65,34.03,21.51,37.92,567.92,1,150.04
3776,10,44.04,34.21,23.76,38.69,610.22,1,151.04
3801,10,44.67,32.48,24.94,38.23,651.22,1,152.04
3826,10,44.86,29.7,25.57,38.27,687.84,1,153.04
3851,10,44.86,26.61,26.01,39.65,712.52,1,154.04
3876,10,46.15,24.25,26.06,39.46,721.46,1,155.04
3901,10,49.18,23.52,27.92,37.18,730.56,1,156.04
3926,10,52.82,23.81,30.74,36.13,780.56,1,157.04
3951,10,56.03,25.01,31.97,36.48,859.15,1,158.04
3976,10,58.46,27.04,32.24,37.18,936.45,1,159.04
4001,10,60.21,29.02,34.45,38.95,1023.35,1,160.04
4026,10,61.34,30.27,37.97,41.73,1116.03,1,161.04
4051,10,61.57,30.45,40.63,43.33,1199.64,1,162.04
4076,10,61.22,29.72,41.89,42.96,1256.51,1,163.04
4101,10,60.57,28.56,41.63,41.86,1256.62,1,164.04
4126,10,59.59,26.95,41.1,41.28,1226.11,1,165.04
4151,10,58.48,25.17,38.86,40.78,1194.19,1,166.04
4176,10,57.29,23.74,37.35,43.11,1170.96,1,167.04
4201,10,56.15,22.71,36.57,45.33,1181.92,1,168.04
4226,10,55.01,21.82,36.03,46.26,1223.81,1,169.04
4251,10,53.92,20.96,35.4,45.69,1271.61,1,170.04
4276,10,53.05,20.13,34.48,44.26,1297.32,1,171.04
4301,10,52.44,19.21,34.18,44.86,1294.17,1,172.04
4326,10,51.98,18.21,33.69,45.07,1280.61,1,173.04
4351,10,51.67,17.24,34.23,44.61,1257.11,1,174.04
4376,10,51.59,16.59,34.29,44.03,1221.78,1,175.04
4401,10,51.68,16.37,34.07,43.31,1170.13,1,176.04
4426,10,51.81,16.93,34.57,42.04,1109.92,1,177.04
4451,10,52.28,18.23,32.99,40.37,1037.38,1,178.04
4476,10,52.86,19.4,32.63,38.38,951.08,1,179.04
4501,10,52.9,19.73,30.64,39.39,877.84,1,180.04
4526,10,51.98,19.65,28.27,39.49,845.7,1,181.04
4551,10,50.3,19.71,27.87,39.42,875.94,1,182.04
4576,10,48.05,19.93,29.85,40.01,968.05,1,183.04
4601,10,45.84,19.85,31.42,41.95,1092.33,1,184.04
4626,10,44.37,18.87,32.15,46.93,1214.79,1,185.04
4651,10,44.78,17.91,33.96,48.3,1260.57,1,186.04
4676,10,47.07,17.48,34.25,46.55,1204.44,1,187.04
4701,10,49.44,17.18,31.8,44.12,1071.1,1,188.04
4726,10,50.33,16.86,28.91,42.18,941.34,1,189.04
4751,10,49.09,17.01,28.44,40.74,880.84,1,190.04
4776,10,47.88,17.05,27.45,40.36,835.83,1,191.04
4801,10,47.78,16.87,26.13,40.11,776.35,1,192.04
4826,10,48.12,16.67,25.65,39.37,730.45,1,193.04
4851,10,48.3,16.46,26.22,38.18,706.03,1,194.04
4876,10,48.41,16.25,27.09,36.63,685.26,1,195.04
4901,10,48.63,16.13,28.01,35.13,670.68,1,196.04
4926,10,48.94,16.04,28.84,33.35,656.56,1,197.04
4951,10,49.07,15.95,28.91,31.51,633.6,1,198.04
4976,10,49.0,15.87,28.37,30.08,604.44,1,199.04
5001,10,48.89,15.7,27.98,29.01,587.77,1,200.04
5026,10,48.77,15.43,28.53,28.03,579.3,1,201.04
5051,10,48.93,15.27,29.35,27.45,588.25,1,202.04
5076,10,49.2,15.31,28.17,26.98,577.42,1,203.04
5101,10,48.6,15.66,27.46,27.15,608.16,1,204.04
5126,10,46.15,16.25,32.13,27.33,697.22,1,205.04
5151,10,42.56,16.73,36.83,28.11,798.82,1,206.04
5176,10,39.4,17.04,39.31,29.15,855.57,1,207.04
5201,10,37.93,17.33,38.84,29.62,849.67,1,208.04
5226,10,37.48,17.53,35.35,32.15,811.59,1,209.04
5251,10,36.6,17.64,32.2,33.73,766.47,1,210.04
5276,10,35.25,17.57,30.84,33.96,742.91,1,211.04
5301,10,34.08,17.18,30.06,33.52,780.52,1,212.04
5326,10,34.15,16.59,30.33,36.74,834.42,1,213.04
5351,10,36.17,16.54,31.53,38.14,851.03,1,214.04
5376,10,39.76,16.98,32.06,36.98,820.91,1,215.04
5401,10,43.7,17.28,32.59,34.32,785.21,1,216.04
5426,10,47.08,17.87,32.05,31.55,733.36,1,217.04
5451,10,49.18,19.34,32.33,28.59,650.84,1,218.04
5476,10,48.82,21.86,33.19,27.18,644.16,1,219.04
5501,10,45.84,24.72,35.67,26.95,695.62,1,220.04
5526,10,41.54,27.02,39.5,27.34,776.2,1,221.04
5551,10,37.6,28.65,42.69,28.62,860.3,1,222.04
5576,10,34.22,29.38,44.26,29.08,901.27,1,223.04
5601,10,31.02,29.69,44.53,27.77,891.41,1,224.04
5626,10,28.38,29.77,45.26,27.17,878.19,1,225.04
5651,10,26.85,29.72,46.03,27.36,879.98,1,226.04
5676,10,26.91,29.92,43.45,30.17,909.47,1,227.04
5701,10,28.67,30.31,40.21,37.09,998.92,1,228.04
5726,10,31.94,31.25,38.18,43.58,1089.63,1,229.04
5751,10,36.11,32.69,36.48,47.71,1155.44,1,230.04
5776,10,40.79,34.13,35.26,49.37,1195.53,1,231.04
5801,10,45.85,35.37,34.97,48.49,1205.59,1,232.04
5826,10,51.28,36.24,35.44,46.15,1204.17,1,233.04
5851,10,56.87,36.68,36.74,42.12,1194.07,1,234.04
5876,10,62.39,36.92,39.15,36.73,1175.82,1,235.04
5901,10,67.35,36.89,41.96,31.66,1107.6,1,236.04
5926,10,71.14,36.43,44.19,28.94,1070.04,1,237.04
5951,10,73.49,35.92,48.8,28.07,1125.41,1,238.04
5976,10,74.49,35.28,52.71,28.41,1258.73,1,239.04
6001,10,74.5,34.72,55.14,31.32,1407.25,1,240.04
6026,10,73.8,34.33,54.93,34.31,1475.82,1,241.04
6051,10,72.72,34.05,52.35,35.79,1434.39,1,242.04
6076,10,71.62,33.82,49.65,36.58,1371.16,1,243.04
6101,10,70.55,33.64,46.94,37.3,1310.92,1,244.04
6126,10,69.53,33.51,44.2,38.04,1267.39,1,245.04
6151,10,68.57,33.31,41.49,38.63,1230.26,1,246.04
6176,10,67.63,32.98,40.13,39.11,1195.75,1,247.04
6201,10,66.68,32.62,38.78,39.55,1159.97,1,248.04
6226,10,65.76,32.32,37.33,39.79,1115.96,1,249.04
6251,10,64.87,32.12,35.75,39.96,1060.93,1,250.04
6276,10,64.06,32.04,34.12,40.08,1016.01,1,251.04
6301,10,63.5,32.01,32.57,40.18,999.27,1,252.04
6326,10,63.17,32.04,32.39,39.98,999.83,1,253.04
6351,10,63.07,32.24,33.33,39.84,1039.5,1,254.04
6376,10,63.06,32.53,35.46,39.49,1089.11,1,255.04
6401,10,62.99,32.84,37.13,38.99,1122.78,1,256.04
6426,10,62.92,33.27,38.62,38.87,1155.81,1,257.04
6451,10,62.95,33.82,39.71,38.99,1189.3,1,258.04
6476,10,62.98,34.32,40.13,39.17,1209.07,1,259.04
6501,10,62.95,34.65,40.0,39.26,1206.91,1,260.04
6526,10,62.92,34.87,39.89,39.31,1202.12,1,261.04
6551,10,62.86,35.06,39.94,38.94,1196.96,1,262.04
6576,10,62.77,35.07,39.65,37.9,1174.62,1,263.04
6601,10,62.67,35.07,39.18,37.48,1158.94,1,264.04
6626,10,62.48,35.29,39.28,37.67,1160.79,1,265.04
6651,10,62.15,35.62,39.86,37.65,1161.68,1,266.04
6676,10,61.62,36.36,39.97,37.52,1152.84,1,267.04
6701,10,60.34,37.71,39.95,36.71,1126.79,1,268.04
6726,10,58.17,39.68,39.27,36.25,1097.12,1,269.04
6751,10,55.65,42.21,37.91,37.81,1095.8,1,270.04
6776,10,53.66,44.6,35.88,39.2,1072.25,1,271.04
6801,10,52.59,46.12,33.03,37.95,950.36,1,272.04
6826,10,52.35,46.57,29.21,35.27,783.45,1,273.04
6851,10,52.41,46.54,26.33,33.46,662.79,1,274.04
6876,10,52.0,45.98,25.16,34.5,603.74,1,275.04
6901,10,50.47,44.61,25.79,33.97,585.99,1,276.04
6926,10,48.2,42.36,27.46,33.35,626.05,1,277.04
6951,10,45.57,39.58,29.14,35.07,707.73,1,278.04
6976,10,41.83,37.04,31.67,37.86,789.35,1,279.04
7001,10,37.08,35.17,35.53,40.11,910.99,1,280.04
7026,10,32.28,34.06,40.74,41.49,1065.06,1,281.04
7051,10,27.99,33.87,45.66,41.56,1194.92,1,282.04
7076,10,24.74,34.57,47.88,40.19,1302.88,1,283.04
7101,10,22.8,36.04,49.61,37.27,1375.01,1,284.04
7126,10,22.05,37.82,48.36,41.8,1409.2,1,285.04
7151,10,22.32,39.29,44.22,45.35,1397.34,1,286.04
7176,10,22.93,40.43,38.96,46.24,1273.27,1,287.04
7201,10,23.63,41.39,35.57,45.36,1152.3,1,288.04
7226,10,24.71,42.1,33.79,43.12,1080.19,1,289.04
7251,10,26.02,42.78,32.06,40.23,978.27,1,290.04
7276,10,26.46,43.73,31.23,39.17,907.34,1,291.04
7301,10,26.04,44.64,30.97,40.18,852.82,1,292.04
7326,10,25.79,45.1,29.93,39.63,773.31,1,293.04
7351,10,26.23,45.24,27.7,37.13,703.96,1,294.04
7376,10,27.16,45.2,24.98,36.08,625.29,1,295.04
7401,10,27.89,45.39,23.07,34.67,572.54,1,296.04
7426,10,27.59,45.76,22.65,34.11,561.07,1,297.04
7451,10,26.07,45.34,23.62,32.6,553.18,1,298.04
7476,10,24.01,44.45,25.88,30.54,541.48,1,299.04
7501,10,22.79,43.7,26.51,27.93,492.39,1,300.04
7526,10,22.74,43.05,24.55,27.33,429.5,1,301.04
7551,10,22.98,42.81,22.69,26.69,392.08,1,302.04
7576,10,23.2,43.01,21.76,27.15,403.98,1,303.04
7601,10,22.79,43.14,22.04,30.96,450.27,1,304.04
7626,10,22.29,42.66,23.01,32.95,471.66,1,305.04
7651,10,22.53,41.8,23.04,33.24,455.05,1,306.04
7676,10,22.67,41.25,23.01,33.8,458.71,1,307.04
7701,10,22.05,41.42,23.26,32.64,466.44,1,308.04
7726,10,21.14,41.55,23.56,28.64,436.57,1,309.04
7751,10,20.48,41.36,24.11,25.17,401.38,1,310.04
7776,10,20.23,40.79,25.44,23.94,369.29,1,311.04
7801,10,20.5,40.01,27.52,23.8,382.07,1,312.04
7826,10,21.3,39.22,29.71,24.97,430.64,1,313.04
7851,10,22.43,38.38,32.07,26.59,502.86,1,314.04
7876,10,23.71,37.45,34.11,28.26,587.2,1,315.04
7901,10,25.09,36.54,35.42,29.79,678.58,1,316.04
7926,10,26.64,35.67,36.15,31.31,766.45,1,317.04
7951,10,28.31,34.88,36.46,33.07,850.31,1,318.04
7976,10,29.99,34.14,36.93,35.39,926.46,1,319.04
8001,10,31.62,33.47,38.06,38.03,988.86,1,320.04
8026,10,33.17,32.9,39.2,40.48,1035.31,1,321.04
8051,10,34.66,32.38,40.04,42.53,1070.04,1,322.04
8076,10,36.09,31.94,40.45,44.54,1110.16,1,323.04
8101,10,37.49,31.7,40.2,46.94,1159.08,1,324.04
8126,10,38.85,31.53,39.5,48.9,1184.64,1,325.04
8151,10,40.14,31.37,38.52,50.18,1181.64,1,326.04
8176,10,41.4,31.33,37.5,51.08,1171.81,1,327.04
8201,10,42.63,31.38,36.51,51.69,1186.45,1,328.04
8226,10,43.76,31.55,35.36,52.19,1203.68,1,329.04
8251,10,44.69,31.72,33.9,51.93,1188.04,1,330.04
8276,10,45.48,31.91,32.2,51.91,1164.65,1,331.04
8301,10,46.26,32.06,30.44,52.01,1130.03,1,332.04
8326,10,47.06,32.08,28.81,52.88,1083.97,1,333.04
8351,10,47.89,31.96,27.41,52.97,1021.86,1,334.04
8376,10,48.71,31.96,26.09,52.15,949.58,1,335.04
8401,10,49.55,31.92,25.08,50.96,881.75,1,336.04
8426,10,50.37,31.69,24.42,50.25,835.95,1,337.04
8451,10,51.15,31.38,23.91,50.33,814.37,1,338.04
8476,10,51.88,31.07,23.32,50.3,799.14,1,339.04
8501,10,52.49,31.01,22.57,49.24,779.04,1,340.04
8526,10,53.22,31.61,22.22,46.8,765.86,1,341.04
8551,10,54.18,32.54,22.68,43.3,757.55,1,342.04
8576,10,54.82,33.56,23.82,40.27,738.86,1,343.04
8601,10,55.03,34.4,24.77,38.81,716.32,1,344.04
8626,10,55.35,35.08,25.43,37.11,692.87,1,345.04
8651,10,56.18,35.89,26.5,34.86,718.78,1,346.04
8676,10,57.65,36.63,29.53,32.89,770.1,1,347.04
8701,10,59.07,37.29,33.15,31.06,785.39,1,348.04
8726,10,59.94,38.3,33.38,29.9,768.43,1,349.04
8751,10,60.73,39.34,32.1,31.39,784.77,1,350.04
8776,10,62.03,40.65,32.36,35.84,879.46,1,351.04
8801,10,63.94,42.16,33.5,41.7,1040.46,1,352.04
8826,10,65.82,43.2,35.19,45.94,1175.65,1,353.04
8851,10,66.8,43.97,36.02,46.33,1196.28,1,354.04
8876,10,67.06,45.03,35.44,45.83,1158.02,1,355.04
8901,10,66.69,46.45,34.19,45.55,1108.44,1,356.04
8926,10,65.31,47.76,33.32,44.99,1069.24,1,357.04
8951,10,62.81,48.57,35.29,44.66,1075.56,1,358.04
8976,10,59.27,49.17,41.72,45.9,1164.89,1,359.04
9001,10,54.76,49.59,47.36,45.88,1317.12,1,360.04
9026,10,50.21,50.13,55.55,46.59,1544.56,1,361.04
9051,10,45.73,50.43,61.31,46.18,1743.65,1,362.04
9076,10,41.79,50.02,66.67,46.82,1974.54,1,363.04
9101,10,38.27,49.61,69.42,48.76,2182.97,1,364.04
9126,10,35.04,49.51,69.29,48.8,2191.03,1,365.04
9151,10,32.33,49.16,65.27,46.45,1983.09,1,366.04
9176,10,29.99,48.75,59.55,44.7,1733.83,1,367.04
9201,10,27.9,48.19,53.58,43.31,1523.12,1,368.04
9226,10,26.06,47.5,49.17,40.35,1317.68,1,369.04
9251,10,24.65,46.82,45.41,38.55,1166.1,1,370.04
9276,10,23.49,45.94,41.74,35.94,1000.64,1,371.04
9301,10,22.26,44.82,40.56,32.17,794.17,1,372.04
9326,10,21.46,44.15,38.58,30.78,662.76,1,373.04
9351,10,21.98,43.55,34.39,29.66,571.07,1,374.04
9376,10,24.21,42.51,31.9,29.41,518.32,1,375.04
9401,10,27.93,41.41,32.56,30.14,558.3,1,376.04
9426,10,32.48,40.72,34.47,30.38,613.7,1,377.04
9451,10,37.62,40.38,36.28,34.05,695.89,1,378.04
9476,10,43.23,39.97,38.73,35.17,802.42,1,379.04
9501,10,49.06,39.34,41.87,34.21,897.24,1,380.04
9526,10,54.84,38.59,44.86,32.14,969.43,1,381.04
9551,10,60.4,37.75,46.85,28.88,996.78,1,382.04
9576,10,65.49,37.13,47.47,25.86,977.2,1,383.04
9601,10,69.88,36.79,47.99,26.17,1011.56,1,384.04
9626,10,73.27,36.69,53.86,27.3,1077.26,1,385.04
9651,10,75.36,36.84,57.74,27.99,1124.83,1,386.04
9676,10,76.4,37.28,59.41,27.62,1175.22,1,387.04
9701,10,77.02,37.72,59.5,26.61,1172.19,1,388.04
9726,10,77.42,37.95,57.82,25.38,1116.55,1,389.04
9751,10,77.77,38.05,55.27,23.92,1036.05,1,390.04
9776,10,78.12,38.05,53.17,22.5,956.22,1,391.04
9801,10,78.34,37.84,50.75,21.09,876.79,1,392.04
9826,10,78.42,37.59,48.05,20.04,816.27,1,393.04
9851,10,78.51,37.46,45.8,19.12,753.86,1,394.04
9876,10,78.64,37.42,43.77,18.46,705.33,1,395.04
9901,10,78.83,37.38,41.77,19.64,688.07,1,396.04
9926,10,79.04,37.34,39.82,20.86,665.31,1,397.04
9951,10,79.3,37.33,37.98,22.0,635.09,1,398.04
9976,10,79.63,37.29,36.02,23.4,602.69,1,399.04
10001,10,80.02,37.26,34.14,25.13,572.48,1,400.04
10026,10,80.43,37.23,33.57,26.94,556.36,1,401.04
10051,10,80.83,37.19,34.52,28.55,545.56,1,402.04
10076,10,81.28,37.24,35.66,29.94,530.4,1,403.04
10101,10,81.75,37.37,36.73,31.06,521.3,1,404.04
10126,10,82.19,37.48,38.2,32.55,534.6,1,405.04
10151,10,82.65,37.53,39.96,34.13,551.12,1,406.04
10176,10,83.14,37.53,41.36,35.26,555.6,1,407.04
10201,10,83.77,37.59,42.36,35.69,565.02,1,408.04
10226,10,84.46,37.79,43.08,36.03,583.56,1,409.04
10251,10,85.05,38.01,42.96,36.86,601.19,1,410.04
10276,10,85.6,38.23,41.9,37.56,605.26,1,411.04
10301,10,86.16,38.38,40.64,37.61,602.12,1,412.04
10326,10,86.67,38.38,39.9,37.88,598.85,1,413.04
10351,10,87.18,38.27,39.93,38.47,590.68,1,414.04
10376,10,87.66,38.14,40.08,39.05,620.58,1,415.04
10401,10,88.0,38.05,37.88,39.13,660.9,1,416.04
10426,10,88.14,37.91,33.59,37.98,662.41,1,417.04
10451,10,88.22,37.62,33.37,35.45,710.75,1,418.04
10476,10,88.08,37.7,32.79,35.93,720.95,1,419.04
10501,10,87.57,38.09,31.95,36.15,701.01,1,420.04
10526,10,87.04,37.94,30.84,36.15,701.12,1,421.04
10551,10,86.64,37.54,31.38,36.71,736.1,1,422.04
10576,10,86.31,37.28,31.98,36.42,732.82,1,423.04
10601,10,85.38,36.27,31.36,39.3,709.46,1,424.04
10626,10,84.46,35.36,30.43,40.41,702.91,1,425.04
10651,10,84.06,34.7,35.02,40.51,788.51,1,426.04
10676,10,83.48,34.27,36.18,39.07,770.69,1,427.04
10701,10,82.53,34.31,32.71,36.76,634.8,1,428.04
10726,10,81.75,34.46,28.5,35.28,518.85,1,429.04
10751,10,81.47,34.58,28.16,35.33,516.03,1,430.04
10776,10,81.17,34.79,29.9,35.16,542.82,1,431.04
10801,10,79.9,34.07,29.01,33.72,512.74,1,432.04
10826,10,78.15,32.99,27.65,33.64,485.15,1,433.04
10851,10,76.13,32.18,28.8,35.36,495.97,1,434.04
10876,10,74.1,31.74,29.89,36.96,524.05,1,435.04
10901,10,72.02,31.74,31.07,37.79,574.44,1,436.04
10926,10,69.76,31.86,31.8,37.83,607.79,1,437.04
10951,10,67.38,32.11,32.08,37.54,636.46,1,438.04
10976,10,64.83,32.7,33.31,37.31,727.25,1,439.04
11001,10,62.08,33.84,35.99,37.17,863.91,1,440.04
11026,10,59.33,35.29,37.1,36.67,972.09,1,441.04
11051,10,57.04,36.44,36.97,36.33,1038.8,1,442.04
11076,10,55.26,37.04,36.98,36.8,1071.94,1,443.04
11101,10,53.87,37.16,37.4,37.29,1097.35,1,444.04
11126,10,52.73,37.08,37.33,37.48,1109.47,1,445.04
11151,10,51.71,36.98,36.57,37.48,1096.39,1,446.04
11176,10,50.79,36.85,35.41,37.22,1057.23,1,447.04
11201,10,50.01,36.7,34.31,36.56,999.26,1,448.04
11226,10,49.39,36.46,33.36,35.86,942.5,1,449.04
11251,10,48.86,36.08,32.63,35.05,893.72,1,450.04
11276,10,48.38,35.57,31.99,34.54,857.47,1,451.04
11301,10,47.94,35.01,31.16,34.67,835.32,1,452.04
11326,10,47.61,34.49,30.05,35.08,810.8,1,453.04
11351,10,47.44,34.13,28.7,35.31,780.11,1,454.04
11376,10,47.4,33.91,27.32,36.22,758.01,1,455.04
11401,10,47.47,33.73,25.9,36.93,738.39,1,456.04
11426,10,47.53,33.42,24.68,37.34,715.33,1,457.04
11451,10,47.51,32.85,23.55,37.37,689.79,1,458.04
11476,10,47.4,32.03,23.61,37.23,675.32,1,459.04
11501,10,47.35,31.23,23.72,36.94,658.31,1,460.04
11526,10,47.58,30.7,24.05,37.12,647.24,1,461.04
11551,10,48.07,30.56,24.68,38.25,652.3,1,462.04
11576,10,48.64,30.56,25.36,39.47,668.64,1,463.04
11601,10,49.08,30.18,26.37,40.02,689.76,1,464.04
11626,10,49.27,29.3,27.49,39.93,727.3,1,465.04
11651,10,49.11,27.97,28.41,39.57,765.38,1,466.04
11676,10,48.49,26.33,28.35,39.21,784.69,1,467.04
11701,10,47.77,24.5,28.12,39.43,813.83,1,468.04
11726,10,47.7,22.99,27.57,38.2,809.29,1,469.04
11751,10,47.92,22.47,26.37,35.13,738.02,1,470.04
11776,10,47.3,23.09,25.42,33.23,658.51,1,471.04
11801,10,46.16,24.76,25.36,30.82,599.31,1,472.04
11826,10,44.82,26.34,26.1,31.62,552.44,1,473.04
11851,10,42.73,27.47,28.02,31.95,575.07,1,474.04
11876,10,40.06,29.34,29.14,32.7,601.12,1,475.04
11901,10,37.23,31.77,29.81,35.11,638.64,1,476.04
11926,10,34.24,33.93,30.29,37.83,694.12,1,477.04
11951,10,30.86,35.31,31.39,37.44,743.3,1,478.04
11976,10,27.22,36.3,34.11,35.85,788.49,1,479.04
12001,10,23.49,37.28,37.49,35.1,865.91,1,480.04
12026,10,20.13,37.61,42.06,33.71,952.07,1,481.04
12051,10,17.82,36.86,46.06,32.05,988.3,1,482.04
12076,10,16.51,35.99,46.73,29.89,938.58,1,483.04
12101,10,15.8,35.33,45.16,26.52,805.94,1,484.04
12126,10,15.32,34.97,42.09,22.89,674.14,1,485.04
12151,10,14.98,34.76,37.92,21.05,578.71,1,486.04
12176,10,14.65,34.68,33.28,19.81,494.34,1,487.04
12201,10,14.26,34.61,28.21,18.63,405.13,1,488.04
12226,10,13.81,34.4,23.7,17.23,312.83,1,489.04
12251,10,13.01,34.36,23.26,15.63,239.97,1,490.04
12276,10,12.24,34.28,21.15,14.46,166.64,1,491.04
12301,10,11.61,34.2,18.28,12.85,112.56,1,492.04
12326,10,11.04,34.21,14.77,12.27,89.53,1,493.04
12351,10,10.83,34.04,11.92,11.42,85.89,1,494.04
12376,10,10.55,34.14,12.75,13.27,97.25,1,495.04
12401,10,10.35,34.32,14.26,14.97,113.82,1,496.04
12426,10,10.22,34.44,15.11,16.21,125.49,1,497.04
12451,10,9.99,34.43,15.43,16.63,132.01,1,498.04
12476,10,9.59,34.29,15.06,16.28,129.64,1,499.04
12501,10,9.08,34.17,14.73,15.61,124.29,1,500.04
12526,10,8.6,34.07,14.9,14.67,114.5,1,501.04
12551,10,8.09,34.17,15.27,13.85,118.04,1,502.04
12576,10,7.6,34.31,15.38,13.16,120.67,1,503.04
12601,10,7.23,34.21,15.14,13.61,120.19,1,504.04
12626,10,6.91,33.94,15.04,13.91,122.47,1,505.04
12651,10,6.8,33.13,15.21,14.16,118.88,1,506.04
12676,10,6.17,32.84,15.41,16.02,143.15,1,507.04
12701,10,5.61,33.25,16.91,18.32,182.41,1,508.04
12726,10,5.77,33.95,18.81,21.73,226.73,1,509.04
12751,10,6.71,34.55,18.38,24.05,242.84,1,510.04
12776,10,8.19,34.46,18.05,24.51,260.61,1,511.04
12801,10,9.93,34.2,19.46,24.69,296.36,1,512.04
12826,10,11.8,33.97,21.09,26.28,353.97,1,513.04
12851,10,13.74,33.7,22.33,28.05,426.49,1,514.04
12876,10,15.81,33.42,23.48,29.16,498.63,1,515.04
12901,10,17.98,33.17,24.59,29.69,567.29,1,516.04
12926,10,20.23,32.95,25.62,31.07,635.5,1,517.04
12951,10,22.42,32.81,27.19,32.55,707.09,1,518.04
12976,10,24.62,32.56,28.87,33.56,775.06,1,519.04
13001,10,26.8,32.27,30.28,34.88,885.13,1,520.04
13026,10,28.89,32.19,31.35,36.21,995.44,1,521.04
13051,10,30.81,32.18,32.37,37.18,1111.71,1,522.04
13076,10,32.47,32.11,33.89,39.21,1222.69,1,523.04
13101,10,33.85,32.0,35.23,42.53,1327.5,1,524.04
13126,10,35.0,31.88,36.37,45.67,1446.22,1,525.04
13151,10,35.93,31.79,37.58,49.07,1571.01,1,526.04
13176,10,36.7,31.69,38.78,52.23,1699.66,1,527.04
13201,10,37.39,31.68,39.4,54.77,1824.69,1,528.04
13226,10,37.98,31.82,40.49,56.92,1943.79,1,529.04
13251,10,38.47,31.95,41.61,58.91,2047.06,1,530.04
13276,10,38.98,31.92,42.2,60.61,2124.19,1,531.04
13301,10,39.51,31.79,42.36,61.34,2152.06,1,532.04
13326,10,40.21,31.59,41.14,61.08,2096.14,1,533.04
13351,10,41.28,31.3,38.65,59.81,1957.96,1,534.04
13376,10,42.61,31.0,36.5,58.6,1775.68,1,535.04
13401,10,44.04,30.69,34.45,56.6,1584.62,1,536.04
13426,10,45.42,30.47,32.5,54.38,1412.74,1,537.04
13451,10,46.76,30.44,30.75,52.22,1274.88,1,538.04
13476,10,48.08,30.66,29.23,50.04,1161.7,1,539.04
13501,10,49.36,30.96,27.86,47.9,1071.73,1,540.04
13526,10,50.52,31.28,27.32,45.92,1001.09,1,541.04
13551,10,51.57,31.5,26.89,44.98,950.49,1,542.04
13576,10,52.27,30.89,26.47,44.42,904.45,1,543.04
13601,10,52.13,29.4,27.73,42.8,889.75,1,544.04
13626,10,51.13,27.97,29.34,39.75,913.48,1,545.04
13651,10,49.67,27.02,30.81,38.66,935.04,1,546.04
13676,10,48.47,26.41,31.28,39.28,954.49,1,547.04
13701,10,48.3,25.48,30.54,41.32,977.83,1,548.04
13726,10,49.35,24.4,30.13,43.65,1025.94,1,549.04
13751,10,51.01,23.78,30.35,44.92,1058.98,1,550.04
13776,10,53.48,23.77,31.64,45.13,1090.96,1,551.04
13801,10,56.72,24.72,34.44,43.01,1150.6,1,552.04
13826,10,60.4,26.33,38.19,40.19,1215.92,1,553.04
13851,10,63.97,27.76,42.25,37.17,1242.03,1,554.04
13876,10,66.9,29.0,44.38,33.38,1191.48,1,555.04
13901,10,69.18,30.58,44.97,31.34,1122.09,1,556.04
13926,10,70.85,32.26,45.7,30.57,1084.96,1,557.04
13951,10,71.92,33.46,45.21,29.44,1044.24,1,558.04
13976,10,72.7,34.31,44.42,28.83,1006.58,1,559.04
14001,10,73.44,35.19,43.54,29.28,984.45,1,560.04
14026,10,74.18,36.06,42.72,30.6,975.67,1,561.04
14051,10,74.91,36.93,41.99,32.02,967.97,1,562.04
14076,10,75.56,37.81,40.95,33.4,953.42,1,563.04
14101,10,76.17,38.67,40.36,34.61,944.67,1,564.04
14126,10,76.76,39.5,40.36,35.6,943.0,1,565.04
14151,10,77.28,40.24,40.23,36.47,939.46,1,566.04
14176,10,77.79,40.96,39.99,37.23,937.81,1,567.04
14201,10,78.26,41.7,40.0,38.22,943.76,1,568.04
14226,10,78.6,42.49,39.64,39.4,948.01,1,569.04
14251,10,78.85,43.19,39.07,40.53,950.78,1,570.04
14276,10,79.13,43.68,38.97,41.69,974.88,1,571.04
14301,10,79.36,44.05,39.53,43.07,1014.17,1,572.04
14326,10,79.55,44.38,40.48,44.09,1057.42,1,573.04
14351,10,79.77,44.74,41.38,44.42,1088.04,1,574.04
14376,10,80.11,45.28,42.86,44.78,1104.65,1,575.04
14401,10,80.44,46.01,43.72,44.98,1102.97,1,576.04
14426,10,80.51,46.66,42.47,45.06,1076.33,1,577.04
14451,10,80.67,47.18,40.69,45.01,1060.78,1,578.04
14476,10,80.94,47.64,39.42,44.9,1061.56,1,579.04
14501,10,81.2,48.03,40.85,43.92,1049.72,1,580.04
14526,10,81.42,48.52,42.49,43.03,1029.71,1,581.04
14551,10,81.52,49.12,43.3,42.98,1021.69,1,582.04
14576,10,81.5,49.74,42.62,42.72,975.67,1,583.04
14601,10,81.24,50.21,40.75,41.19,884.19,1,584.04
14626,10,80.57,50.24,37.9,40.33,837.35,1,585.04
14651,10,79.44,49.68,37.09,40.62,855.92,1,586.04
14676,10,78.8,48.17,38.78,40.52,867.4,1,587.04
14701,10,79.31,45.84,42.09,39.0,916.68,1,588.04
14726,10,80.19,43.57,43.64,36.06,913.74,1,589.04
14751,10,80.88,41.89,42.51,31.85,867.61,1,590.04
14776,10,80.22,41.28,42.7,28.42,839.05,1,591.04
14801,10,78.11,41.4,43.58,27.14,807.07,1,592.04
14826,10,76.22,41.51,42.97,27.63,818.3,1,593.04
14851,10,75.1,42.22,41.48,30.21,932.57,1,594.04
14876,10,74.04,43.49,40.91,33.0,1017.63,1,595.04
14901,10,72.75,44.87,37.25,35.5,999.41,1,596.04
14926,10,70.89,46.22,33.57,37.09,927.68,1,597.04
14951,10,68.16,47.55,32.03,37.01,899.19,1,598.04
14976,10,64.96,48.73,32.89,37.58,939.45,1,599.04
15001,10,61.49,49.43,35.58,38.31,1043.34,1,600.04
15026,10,57.82,49.38,39.41,39.59,1199.66,1,601.04
15051,10,54.24,48.67,42.76,43.35,1422.39,1,602.04
15076,10,50.94,47.32,44.68,47.62,1643.89,1,603.04
15101,10,48.13,45.48,46.1,50.41,1772.36,1,604.04
15126,10,45.77,43.54,45.44,51.81,1768.7,1,605.04
15151,10,44.24,41.3,42.78,53.13,1660.5,1,606.04
15176,10,44.1,38.92,38.87,54.56,1528.45,1,607.04
15201,10,45.14,36.42,34.65,53.78,1395.77,1,608.04
15226,10,46.62,33.84,32.51,51.45,1309.68,1,609.04
15251,10,47.74,31.02,31.96,49.43,1274.48,1,610.04
15276,10,48.0,28.35,29.82,52.15,1254.01,1,611.04
15301,10,48.34,26.22,28.57,54.37,1219.27,1,612.04
15326,10,49.45,24.67,29.09,53.86,1188.7,1,613.04
15351,10,51.25,23.54,29.65,52.66,1150.45,1,614.04
15376,10,53.79,22.77,29.24,51.54,1123.04,1,615.04
15401,10,56.9,22.65,30.15,49.84,1143.64,1,616.04
15426,10,60.16,22.92,32.24,49.01,1204.72,1,617.04
15451,10,63.16,23.47,34.91,46.8,1212.32,1,618.04
15476,10,65.65,24.2,36.17,42.1,1173.1,1,619.04
15501,10,67.33,24.96,40.31,35.98,1147.06,1,620.04
15526,10,67.71,25.7,43.62,32.95,1101.83,1,621.04
15551,10,66.66,26.49,44.6,30.14,1023.39,1,622.04
15576,10,64.85,27.9,43.43,30.04,939.11,1,623.04
15601,10,62.8,29.66,41.52,31.19,888.81,1,624.04
15626,10,60.81,31.22,39.64,32.54,873.58,1,625.04
15651,10,58.74,32.37,38.26,34.21,876.29,1,626.04
15676,10,56.36,33.03,37.77,36.35,912.56,1,627.04
15701,10,53.86,33.31,37.78,38.41,956.57,1,628.04
15726,10,51.69,33.4,37.29,38.7,963.56,1,629.04
15751,10,50.26,33.32,35.66,37.96,917.97,1,630.04
15776,10,49.46,33.25,33.58,38.42,876.8,1,631.04
15801,10,48.89,33.34,31.78,40.04,878.24,1,632.04
15826,10,48.35,33.49,30.37,42.24,906.97,1,633.04
15851,10,47.86,33.6,29.48,44.68,964.34,1,634.04
15876,10,47.57,33.6,29.14,46.98,1025.49,1,635.04
15901,10,47.46,33.7,28.99,49.13,1075.92,1,636.04
15926,10,47.43,33.64,28.83,51.03,1120.3,1,637.04
15951,10,47.86,33.03,28.6,52.03,1153.33,1,638.04
15976,10,49.2,32.01,29.36,52.93,1191.56,1,639.04
16001,10,51.24,31.05,30.47,55.03,1221.04,1,640.04
16026,10,53.52,30.06,32.08,56.29,1254.38,1,641.04
16051,10,55.55,28.85,33.42,56.72,1282.11,1,642.04
16076,10,56.76,27.79,32.84,56.05,1253.74,1,643.04
16101,10,56.89,26.98,31.88,54.99,1244.6,1,644.04
16126,10,55.96,26.66,32.24,54.45,1339.27,1,645.04
16151,10,54.42,27.02,32.54,55.55,1438.29,1,646.04
16176,10,52.7,27.64,34.31,56.93,1493.37,1,647.04
16201,10,50.76,28.0,35.14,58.11,1545.36,1,648.04
16226,10,48.74,28.13,34.39,59.34,1537.36,1,649.04
16251,10,47.51,28.38,32.01,60.15,1467.33,1,650.04
16276,10,47.54,29.14,30.69,60.53,1376.36,1,651.04
16301,10,48.35,30.5,30.33,60.64,1289.78,1,652.04
16326,10,49.45,32.1,30.3,60.47,1209.94,1,653.04
16351,10,50.98,33.79,30.31,59.77,1165.67,1,654.04
16376,10,53.63,35.44,30.72,58.46,1157.73,1,655.04
16401,10,57.47,36.56,31.88,56.24,1138.33,1,656.04
16426,10,61.97,37.42,33.55,53.18,1138.25,1,657.04
16451,9,68.97,39.62,36.11,48.43,1100.46,1,658.04
16476,10,71.36,39.29,39.88,42.22,1113.72,1,659.04
16501,10,74.92,39.51,43.96,37.39,1122.11,1,660.04
16526,10,77.1,39.22,48.73,32.7,1065.7,1,661.04
16551,10,77.92,39.04,50.27,31.46,1003.75,1,662.04
16576,10,78.07,38.93,49.38,32.36,963.62,1,663.04
16601,10,78.06,38.78,47.76,33.57,932.67,1,664.04
16626,10,78.13,38.69,46.38,35.28,912.82,1,665.04
16651,10,78.3,38.67,45.24,37.2,890.74,1,666.04
16676,10,78.54,38.75,44.48,39.55,873.49,1,667.04
16701,10,78.84,38.81,43.68,41.35,857.67,1,668.04
16726,10,79.18,38.8,42.82,42.34,835.95,1,669.04
16751,10,79.63,38.76,41.79,42.9,810.42,1,670.04
16776,10,80.17,38.69,39.98,43.14,786.12,1,671.04
16801,10,80.85,38.62,39.88,43.53,776.18,1,672.04
16826,10,81.67,38.59,40.65,44.32,784.6,1,673.04
16851,10,82.44,38.4,40.43,42.85,757.92,1,674.04
16876,10,83.33,38.39,40.17,41.19,731.22,1,675.04
16901,10,84.19,38.38,40.48,41.66,745.22,1,676.04
16926,10,85.03,38.5,40.49,42.36,758.9,1,677.04
16951,10,85.62,38.38,38.87,41.12,749.1,1,678.04
16976,10,86.02,38.29,36.0,39.06,719.29,1,679.04
17001,10,86.52,38.35,35.92,38.52,766.42,1,680.04
17026,10,87.05,38.45,37.02,38.04,832.59,1,681.04
17051,10,87.55,38.61,37.49,38.19,878.03,1,682.04
17076,10,87.99,38.95,37.44,38.62,883.2,1,683.04
17101,10,88.4,39.34,37.67,38.66,869.17,1,684.04
17126,10,88.79,39.53,39.25,38.97,876.02,1,685.04
17151,10,89.23,39.61,40.79,39.06,896.6,1,686.04
17176,10,89.63,39.68,41.13,38.64,898.44,1,687.04
17201,10,90.06,39.93,40.62,38.79,888.52,1,688.04
17226,10,90.55,40.19,39.88,39.84,876.95,1,689.04
17251,10,90.97,40.52,38.68,40.68,842.03,1,690.04
17276,10,91.49,40.64,36.41,40.56,786.49,1,691.04
17301,10,91.91,40.65,35.39,40.71,757.51,1,692.04
17326,10,91.46,40.02,35.61,42.5,835.64,1,693.04
17351,10,90.54,38.88,35.14,45.58,913.26,1,694.04
17376,10,89.93,37.87,35.69,45.98,939.25,1,695.04
17401,10,89.61,37.18,37.36,43.9,906.45,1,696.04
17426,10,89.45,36.82,38.18,40.52,838.14,1,697.04
17451,10,89.4,36.63,38.01,36.69,748.77,1,698.04
17476,10,89.42,36.48,36.98,33.02,667.52,1,699.04
17501,10,89.67,36.41,35.45,29.49,575.79,1,700.04
17526,10,90.1,36.27,33.97,26.04,472.69,1,701.04
17551,10,90.57,36.07,32.67,22.92,385.75,1,702.04
17576,10,91.05,35.94,31.48,20.23,324.61,1,703.04
17601,10,91.34,35.82,32.03,17.57,285.69,1,704.04
17626,10,91.52,35.7,33.43,15.61,266.39,1,705.04
17651,10,91.61,35.77,34.9,14.6,263.93,1,706.04
17676,10,91.59,35.81,36.1,13.86,261.1,1,707.04
17701,10,91.09,35.78,36.97,13.12,257.83,1,708.04
17726,10,90.62,35.85,37.7,15.27,296.64,1,709.04
17751,10,90.19,35.61,39.53,17.72,354.53,1,710.04
17776,10,89.72,35.33,41.26,20.23,415.11,1,711.04
17801,10,89.26,35.1,42.92,22.77,486.77,1,712.04
17826,10,88.74,34.89,43.67,25.24,550.69,1,713.04
17851,10,88.21,34.73,43.43,28.92,610.41,1,714.04
17876,10,87.66,34.48,43.04,32.55,670.84,1,715.04
17901,10,87.2,34.08,43.56,35.89,745.42,1,716.04
17926,10,86.83,33.74,44.26,38.86,820.48,1,717.04
17951,10,86.42,33.36,44.91,41.73,896.5,1,718.04
17976,10,86.08,33.08,45.71,44.55,973.26,1,719.04
18001,10,85.63,32.86,46.53,45.67,1008.76,1,720.04
18026,10,85.29,32.74,47.15,45.98,1029.51,1,721.04
18051,10,85.1,32.5,46.82,46.08,1046.62,1,722.04
18076,10,84.75,32.06,46.14,46.07,1051.89,1,723.04
18101,10,84.49,31.86,45.43,45.65,1050.52,1,724.04
18126,10,84.33,31.66,45.25,45.01,1035.37,1,725.04
18151,10,84.36,31.47,44.84,44.4,1023.59,1,726.04
18176,10,84.84,31.15,44.56,43.83,1022.14,1,727.04
18201,10,86.04,30.41,44.22,43.51,1021.82,1,728.04
18226,10,87.18,29.97,43.47,43.79,1008.52,1,729.04
18251,10,87.61,30.87,42.97,44.36,1001.48,1,730.04
18276,10,87.42,31.76,41.8,43.82,962.27,1,731.04
18301,10,86.92,31.76,44.14,44.4,1012.4,1,732.04
18326,10,85.64,31.46,45.88,44.44,1035.95,1,733.04
18351,10,83.66,31.15,46.2,43.1,1019.68,1,734.04
18376,10,81.3,30.89,45.59,40.82,966.4,1,735.04
18401,10,78.67,31.01,44.63,37.69,891.37,1,736.04
18426,10,75.89,31.34,43.14,34.5,821.12,1,737.04
18451,10,73.1,31.71,41.06,31.42,801.25,1,738.04
18476,10,70.43,32.02,38.92,29.25,767.74,1,739.04
18501,10,68.03,32.12,36.84,32.45,779.42,1,740.04
18526,10,66.14,32.08,35.1,35.05,822.23,1,741.04
18551,10,64.84,31.93,33.82,36.78,885.47,1,742.04
18576,10,63.87,31.22,33.2,37.85,939.3,1,743.04
18601,10,63.05,29.9,34.15,38.36,988.44,1,744.04
18626,10,62.41,28.3,36.49,38.19,1029.73,1,745.04
18651,10,61.51,26.62,36.88,37.47,1021.37,1,746.04
18676,10,59.97,25.13,34.8,36.35,939.37,1,747.04
18701,10,58.13,23.92,31.36,34.29,817.03,1,748.04
18726,10,56.26,22.7,27.67,32.98,717.56,1,749.04
18751,10,54.47,21.16,26.12,35.4,708.63,1,750.04
18776,10,53.7,19.77,26.49,37.78,740.53,1,751.04
18801,10,54.61,19.51,28.49,37.01,748.34,1,752.04
18826,10,56.33,19.49,29.86,36.84,776.74,1,753.04
18851,10,57.73,18.36,29.97,38.19,835.65,1,754.04
18876,10,59.56,17.72,32.06,38.61,901.18,1,755.04
18901,10,62.17,18.36,35.73,37.82,973.72,1,756.04
18926,10,64.4,19.17,40.09,36.65,1041.75,1,757.04
18951,10,65.03,19.69,42.53,35.13,1058.84,1,758.04
18976,10,63.59,19.83,42.43,33.85,1017.98,1,759.04
19001,10,61.16,19.67,41.51,32.77,961.27,1,760.04
19026,10,58.87,19.54,39.54,30.8,877.56,1,761.04
19051,10,57.29,20.17,36.64,28.44,777.83,1,762.04
19076,10,56.36,21.69,33.94,27.32,707.88,1,763.04
19101,10,55.58,23.8,31.72,28.31,700.85,1,764.04
19126,10,54.5,26.31,30.01,31.29,745.35,1,765.04
19151,10,52.91,28.8,29.19,34.34,797.68,1,766.04
19176,10,50.77,30.8,28.95,35.04,816.84,1,767.04
19201,10,48.27,32.44,28.74,33.88,814.64,1,768.04
19226,10,45.61,34.3,28.93,34.77,839.53,1,769.04
19251,10,42.79,36.38,29.06,37.73,877.14,1,770.04
19276,10,40.43,38.23,28.61,39.71,882.84,1,771.04
19301,10,39.19,39.54,27.07,39.45,824.17,1,772.04
19326,10,38.78,40.04,25.06,38.44,739.9,1,773.04
19351,10,38.66,39.76,23.19,37.45,655.96,1,774.04
19376,10,38.19,39.08,22.09,34.8,545.22,1,775.04
19401,10,36.61,38.54,21.26,30.45,428.52,1,776.04
19426,10,33.69,38.48,22.99,28.65,404.8,1,777.04
19451,10,29.86,38.63,28.87,27.12,458.56,1,778.04
19476,10,26.01,38.72,36.16,25.43,517.81,1,779.04
19501,10,22.82,38.66,41.37,23.68,602.22,1,780.04
19526,10,20.68,38.83,42.28,25.41,663.97,1,781.04
19551,10,19.82,39.35,40.43,26.39,684.63,1,782.04
19576,10,20.34,39.95,37.31,26.87,671.71,1,783.04
19601,10,21.91,40.57,32.64,28.08,655.08,1,784.04
19626,10,23.85,41.46,27.56,29.86,636.18,1,785.04
19651,10,25.75,42.73,25.02,33.33,634.39,1,786.04
19676,10,27.46,43.89,24.67,38.27,668.12,1,787.04
19701,10,28.79,44.33,24.63,40.79,706.08,1,788.04
19726,10,29.99,44.58,24.74,41.73,729.47,1,789.04
19751,10,31.03,44.81,26.09,42.43,762.21,1,790.04
19776,10,32.05,45.04,27.26,43.08,798.2,1,791.04
19801,10,33.11,45.22,27.73,43.63,827.09,1,792.04
19826,10,34.08,45.44,28.42,43.76,857.74,1,793.04
19851,10,35.03,45.6,29.2,43.78,888.43,1,794.04
19876,10,35.99,45.74,29.82,44.03,920.94,1,795.04
19901,10,36.97,45.84,30.14,44.39,950.25,1,796.04
19926,10,37.95,45.83,30.43,45.39,979.75,1,797.04
19951,10,38.82,45.87,30.95,47.51,1015.54,1,798.04
19976,10,39.59,45.88,31.43,48.31,1039.92,1,799.04
20001,10,40.23,45.87,32.36,48.83,1073.39,1,800.04
20026,10,40.63,46.08,34.52,50.01,1148.9,1,801.04
20051,10,40.87,46.33,36.26,50.38,1203.49,1,802.04
20076,10,41.06,46.61,36.35,50.35,1215.41,1,803.04
20101,10,41.18,47.01,34.88,50.53,1182.46,1,804.04
20126,10,41.22,47.56,32.96,50.32,1118.47,1,805.04
20151,10,41.43,48.08,31.32,49.55,1042.32,1,806.04
20176,10,42.09,48.23,29.59,47.63,945.4,1,807.04
20201,10,42.74,47.66,27.04,44.93,800.4,1,808.04
20226,10,42.89,46.68,24.43,42.48,678.56,1,809.04
20251,10,42.15,46.24,23.94,39.41,642.01,1,810.04
20276,10,40.62,46.25,24.9,36.59,649.33,1,811.04
20301,10,38.87,46.56,25.97,34.6,670.19,1,812.04
20326,10,36.7,46.88,27.59,33.61,712.52,1,813.04
20351,10,34.01,46.82,29.53,33.59,742.8,1,814.04
20376,10,31.29,46.58,31.15,34.09,788.55,1,815.04
20401,10,29.26,46.4,32.31,34.63,828.88,1,816.04
20426,10,28.65,46.45,32.22,37.5,892.42,1,817.04
20451,10,29.53,46.41,32.21,40.69,920.23,1,818.04
20476,10,31.1,45.82,31.08,42.06,879.52,1,819.04
20501,10,32.91,44.83,27.96,43.1,818.79,1,820.04
20526,10,34.87,43.07,23.04,44.49,782.32,1,821.04
20551,10,36.57,40.45,24.66,46.34,888.6,1,822.04
20576,10,38.15,37.32,26.7,48.08,1025.98,1,823.04
20601,10,40.51,34.32,29.17,50.12,1181.46,1,824.04
20626,10,43.65,31.8,31.56,52.34,1319.12,1,825.04
20651,10,46.96,29.69,33.68,53.08,1353.42,1,826.04
20676,10,49.68,28.18,35.39,50.71,1277.06,1,827.04
20701,10,51.54,27.08,35.84,46.35,1161.39,1,828.04
20726,10,52.63,25.78,35.68,42.72,1156.66,1,829.04
20751,10,53.03,23.88,35.68,42.46,1206.87,1,830.04
20776,10,52.95,22.33,35.69,43.32,1215.43,1,831.04
20801,10,52.61,22.11,34.75,40.61,1126.0,1,832.04
20826,10,52.21,22.93,32.9,37.55,973.22,1,833.04
20851,10,51.6,23.84,29.64,35.38,819.47,1,834.04
20876,10,50.6,24.55,26.27,33.31,684.53,1,835.04
20901,10,49.39,25.29,23.79,31.55,587.11,1,836.04
20926,10,48.25,26.82,22.34,30.81,551.87,1,837.04
20951,10,46.9,29.18,22.78,31.11,572.77,1,838.04
20976,10,45.15,31.82,23.74,32.78,617.86,1,839.04
21001,10,43.12,34.17,24.53,33.93,660.37,1,840.04
21026,10,41.04,36.01,25.19,34.53,694.04,1,841.04
21051,10,39.32,37.73,25.65,35.4,717.22,1,842.04
21076,10,38.34,39.38,25.42,36.49,727.67,1,843.04
21101,10,38.06,40.43,24.6,37.32,723.0,1,844.04
21126,10,38.14,40.71,23.96,37.73,715.2,1,845.04
21151,10,37.8,40.66,23.44,35.69,658.19,1,846.04
21176,10,36.8,40.63,23.3,35.43,598.16,1,847.04
21201,10,35.71,41.03,23.42,35.64,593.55,1,848.04
21226,10,34.82,41.57,23.44,36.29,594.31,1,849.04
21251,10,34.06,41.42,23.27,34.94,579.24,1,850.04
21276,10,33.24,41.04,22.97,32.53,560.44,1,851.04
21301,10,32.69,40.6,22.22,31.86,536.4,1,852.04
21326,10,32.73,40.22,20.92,32.13,518.94,1,853.04
21351,10,32.94,40.02,19.9,32.27,506.59,1,854.04
21376,10,32.89,40.02,19.19,31.79,486.83,1,855.04
21401,10,32.04,40.23,19.62,30.18,471.56,1,856.04
21426,10,30.71,40.12,20.7,28.42,449.75,1,857.04
21451,10,29.85,39.62,21.59,27.92,456.87,1,858.04
21476,10,30.11,39.36,22.26,28.82,495.38,1,859.04
21501,10,31.51,39.14,21.85,29.46,521.93,1,860.04
21526,10,32.89,38.57,20.88,30.29,512.06,1,861.04
21551,10,33.96,37.74,19.97,31.78,505.55,1,862.04
21576,10,34.75,36.71,20.39,33.74,504.26,1,863.04
21601,10,35.13,34.98,19.9,35.72,502.53,1,864.04
21626,10,34.97,32.54,19.27,37.45,515.42,1,865.04
21651,10,34.42,30.1,19.3,39.24,537.95,1,866.04
21676,10,33.83,28.44,20.08,40.04,547.91,1,867.04
21701,10,33.43,27.88,21.6,38.87,565.04,1,868.04
21726,10,33.69,28.19,22.55,37.26,579.58,1,869.04
21751,10,34.62,29.17,22.14,36.53,583.27,1,870.04
21776,10,35.62,30.32,20.91,36.32,583.78,1,871.04
21801,10,36.37,30.69,20.51,36.95,579.24,1,872.04
21826,10,36.57,29.77,20.68,38.62,584.82,1,873.04
21851,10,35.66,28.13,22.18,40.1,632.88,1,874.04
21876,10,33.52,26.56,24.85,42.4,697.08,1,875.04
21901,10,30.81,25.36,27.99,43.72,802.45,1,876.04
21926,10,28.49,24.85,32.57,42.25,900.97,1,877.04
21951,10,27.54,24.99,37.77,40.05,983.58,1,878.04
21976,10,27.69,25.44,41.88,38.99,1051.51,1,879.04
22001,10,28.42,25.93,44.01,39.41,1109.49,1,880.04
22026,10,29.46,26.39,44.37,40.51,1147.43,1,881.04
22051,10,30.59,26.82,44.43,41.56,1182.77,1,882.04
22076,10,31.74,27.24,44.35,42.68,1214.8,1,883.04
22101,10,32.88,27.69,44.02,43.72,1241.82,1,884.04
22126,10,34.03,28.08,44.23,44.56,1269.26,1,885.04
22151,10,35.17,28.41,44.47,45.21,1296.43,1,886.04
22176,10,36.34,28.68,44.62,45.87,1319.88,1,887.04
22201,10,37.52,28.8,44.58,46.54,1336.94,1,888.04
22226,10,38.72,28.83,44.39,47.18,1354.71,1,889.04
22251,10,39.93,28.9,44.14,47.55,1372.78,1,890.04
22276,10,41.12,29.0,43.87,47.66,1385.8,1,891.04
22301,10,42.2,29.19,43.3,48.02,1395.81,1,892.04
22326,10,43.22,29.47,42.12,48.78,1388.46,1,893.04
22351,10,44.3,29.72,40.44,49.17,1355.37,1,894.04
22376,10,45.42,29.96,38.49,49.5,1305.72,1,895.04
22401,10,46.51,30.21,36.26,49.99,1242.91,1,896.04
22426,10,47.54,30.5,33.73,50.62,1181.08,1,897.04
22451,10,48.59,30.89,30.97,51.25,1113.82,1,898.04
22476,10,49.67,31.21,28.28,51.02,1044.06,1,899.04
22501,10,50.77,31.46,25.51,50.18,978.5,1,900.04
22526,10,51.63,31.98,24.39,49.02,937.77,1,901.04
22551,10,52.44,32.4,23.53,47.38,897.75,1,902.04
22576,10,53.17,32.68,23.11,45.63,855.74,1,903.04
22601,10,53.65,32.25,23.34,44.51,815.56,1,904.04
22626,10,53.51,30.52,24.48,44.43,851.26,1,905.04
22651,10,52.98,28.16,26.12,45.23,921.48,1,906.04
22676,10,52.4,25.82,27.79,46.39,995.28,1,907.04
22701,10,52.01,24.14,28.5,46.48,1014.8,1,908.04
22726,10,52.23,24.07,26.59,44.31,951.01,1,909.04
22751,10,53.1,25.26,26.93,42.55,938.75,1,910.04
22776,10,53.74,26.46,26.48,41.0,897.78,1,911.04
22801,10,53.61,27.08,25.18,39.33,846.14,1,912.04
22826,10,53.38,27.25,27.44,37.63,809.28,1,913.04
22851,10,52.89,27.77,28.64,36.1,777.06,1,914.04
22876,10,51.54,29.29,28.17,34.26,731.09,1,915.04
22901,10,49.79,31.34,26.73,33.0,680.07,1,916.04
22926,10,48.38,33.01,24.35,34.08,633.37,1,917.04
22951,10,47.14,33.79,21.85,35.0,585.51,1,918.04
22976,10,45.76,34.0,21.19,34.45,555.14,1,919.04
23001,10,44.54,34.24,22.29,34.56,547.69,1,920.04
23026,10,43.36,35.6,23.54,35.73,562.8,1,921.04
23051,10,42.03,37.85,24.4,35.67,601.3,1,922.04
23076,10,40.73,39.77,24.74,35.19,626.54,1,923.04
23101,10,39.68,40.64,24.37,34.9,594.11,1,924.04
23126,10,38.77,40.31,23.56,33.57,534.84,1,925.04
23151,10,38.12,38.69,22.48,32.31,507.64,1,926.04
23176,10,37.69,36.44,20.99,31.94,518.93,1,927.04
23201,10,37.08,33.89,19.98,32.45,542.58,1,928.04
23226,10,36.24,31.18,19.85,33.68,577.42,1,929.04
23251,10,35.18,28.5,19.91,36.21,619.02,1,930.04
23276,10,33.99,26.09,21.28,38.19,666.48,1,931.04
23301,10,33.28,24.87,22.68,37.49,677.76,1,932.04
23326,10,33.46,24.9,22.6,34.58,640.22,1,933.04
23351,10,34.56,25.17,22.38,33.56,617.49,1,934.04
23376,10,35.76,26.22,22.19,33.57,599.61,1,935.04
23401,10,36.34,28.19,20.97,33.19,579.78,1,936.04
23426,10,36.28,30.26,20.0,33.2,567.58,1,937.04
23451,10,35.92,31.82,20.26,34.59,573.35,1,938.04
23476,10,35.71,32.2,20.24,35.26,567.71,1,939.04
23501,10,35.63,32.68,20.54,35.3,573.2,1,940.04
23526,10,35.48,34.33,21.82,35.72,600.79,1,941.04
23551,10,35.32,36.21,23.09,35.87,618.35,1,942.04
23576,10,34.69,38.04,23.17,34.92,606.34,1,943.04
23601,10,32.82,40.03,21.69,34.73,617.2,1,944.04
23626,10,29.94,41.58,22.76,35.41,652.6,1,945.04
23651,10,26.79,42.69,25.18,36.0,705.84,1,946.04
23676,10,24.57,43.09,26.5,34.21,720.5,1,947.04
23701,10,24.15,42.33,25.77,30.39,629.84,1,948.04
23726,10,24.54,40.88,23.92,27.9,538.68,1,949.04
23751,10,24.75,39.46,21.9,28.76,469.85,1,950.04
23776,10,24.67,38.76,19.74,29.16,420.65,1,951.04
23801,10,25.15,38.72,17.67,28.44,387.47,1,952.04
23826,10,26.01,38.75,16.65,27.26,354.09,1,953.04
23851,10,26.63,38.52,15.84,26.79,306.63,1,954.04
23876,10,27.09,37.94,15.34,27.59,275.79,1,955.04
23901,10,28.31,37.14,14.98,28.82,302.09,1,956.04
23926,10,29.84,36.5,16.5,29.94,385.56,1,957.04
23951,10,30.27,36.5,18.48,30.96,431.9,1,958.04
23976,10,29.57,37.42,19.44,31.69,426.41,1,959.04
24001,10,28.49,38.25,19.44,31.36,417.61,1,960.04
24026,10,27.19,38.04,20.35,29.66,411.81,1,961.04
24051,10,25.69,37.13,21.7,29.56,443.98,1,962.04
24076,10,24.54,36.28,23.82,31.38,515.87,1,963.04
24101,10,24.09,35.85,25.88,34.33,606.54,1,964.04
24126,10,24.55,35.67,26.02,36.64,652.82,1,965.04
24151,10,26.0,35.77,24.76,36.8,630.17,1,966.04
24176,10,27.94,35.41,23.13,35.54,597.6,1,967.04
24201,10,29.63,34.27,22.24,33.67,564.2,1,968.04
24226,10,30.34,33.11,21.17,30.32,527.13,1,969.04
24251,10,30.0,32.67,20.46,27.44,486.43,1,970.04
24276,10,29.19,32.23,19.75,27.3,464.69,1,971.04
24301,10,28.16,31.2,19.31,29.2,449.86,1,972.04
24326,10,26.8,30.62,20.15,31.04,456.34,1,973.04
24351,10,25.23,31.55,20.76,32.84,501.6,1,974.04
24376,10,23.94,33.69,20.43,35.43,545.79,1,975.04
24401,10,22.87,36.06,20.64,37.63,584.72,1,976.04
24426,10,21.04,37.76,21.83,37.28,648.71,1,977.04
24451,10,18.56,38.56,25.29,34.74,697.93,1,978.04
24476,10,16.61,39.18,26.98,34.91,727.19,1,979.04
24501,10,16.03,39.92,27.41,36.76,737.1,1,980.04
24526,10,16.89,40.74,28.34,38.64,748.57,1,981.04
24551,10,18.84,41.47,28.34,40.26,761.0,1,982.04
24576,10,21.07,41.97,28.38,42.29,800.57,1,983.04
24601,10,23.0,42.4,29.13,44.61,856.08,1,984.04
24626,10,24.64,42.7,30.18,46.0,933.67,1,985.04
24651,10,26.0,43.0,31.67,46.64,999.71,1,986.04
24676,10,27.15,43.46,33.15,47.32,1058.29,1,987.04
24701,10,28.15,43.96,34.22,47.58,1110.05,1,988.04
24726,10,28.87,44.53,35.06,47.52,1149.01,1,989.04
24751,10,29.37,45.17,35.62,47.28,1185.35,1,990.04
24776,10,29.7,45.72,36.01,48.68,1211.9,1,991.04
24801,10,29.88,46.44,36.31,49.71,1250.8,1,992.04
24826,10,29.98,46.98,36.26,49.97,1262.03,1,993.04
24851,10,29.94,47.44,36.0,50.09,1251.66,1,994.04
24876,10,29.83,48.13,35.43,51.99,1250.25,1,995.04
24901,10,29.68,48.79,34.32,52.82,1227.84,1,996.04
24926,10,29.49,49.18,32.75,52.27,1170.65,1,997.04
24951,10,29.54,49.44,31.12,52.38,1114.72,1,998.04
24976,10,29.75,50.09,29.61,51.91,1053.65,1,999.04
25001,10,29.77,50.75,27.81,50.46,982.99,1,1000.04
25026,10,29.81,50.77,25.59,48.88,922.1,1,1001.04
25051,10,30.36,49.79,24.24,47.35,873.24,1,1002.04
25076,10,31.89,47.77,24.55,48.83,850.49,1,1003.04
25101,10,34.19,45.43,25.82,50.22,859.48,1,1004.04
25126,10,36.17,43.37,26.09,51.44,871.32,1,1005.04
25151,10,37.68,41.95,24.95,52.87,867.62,1,1006.04
25176,10,38.97,40.9,24.3,54.13,855.28,1,1007.04
25201,10,40.18,40.02,24.35,55.3,876.68,1,1008.04
25226,10,41.39,39.3,24.33,56.41,895.9,1,1009.04
25251,10,42.6,38.69,24.38,57.39,915.36,1,1010.04
25276,10,43.7,38.14,25.48,58.23,975.42,1,1011.04
25301,10,44.58,37.61,27.21,58.85,1039.57,1,1012.04
25326,10,45.23,37.0,28.76,59.48,1095.09,1,1013.04
25351,10,45.84,36.36,30.22,60.05,1148.09,1,1014.04
25376,10,46.4,35.98,31.68,60.58,1204.06,1,1015.04
25401,10,46.88,35.76,32.94,61.41,1263.81,1,1016.04
25426,10,47.26,35.45,33.68,62.27,1316.06,1,1017.04
25451,10,47.54,35.02,33.77,62.94,1350.84,1,1018.04
25476,10,47.79,34.55,33.63,63.22,1366.41,1,1019.04
25501,10,48.11,34.03,33.47,63.5,1356.8,1,1020.04
25526,10,48.72,33.35,33.22,63.01,1332.97,1,1021.04
25551,10,49.56,32.73,32.57,60.78,1285.49,1,1022.04
25576,10,50.4,32.13,32.29,60.46,1211.08,1,1023.04
25601,10,51.04,31.16,32.73,59.51,1159.49,1,1024.04
25626,10,52.34,29.99,33.02,59.99,1172.79,1,1025.04
25651,10,55.35,29.32,33.99,59.77,1264.82,1,1026.04
25676,10,59.88,29.2,37.26,56.03,1338.56,1,1027.04
25701,10,65.09,29.22,41.25,51.29,1427.61,1,1028.04
25726,10,69.85,29.04,45.05,48.14,1545.15,1,1029.04
25751,10,73.22,28.43,47.09,46.04,1599.91,1,1030.04
25776,10,75.15,27.89,47.18,44.69,1516.3,1,1031.04
25801,10,76.1,27.63,45.82,42.34,1345.37,1,1032.04
25826,10,76.64,27.55,44.15,40.02,1170.69,1,1033.04
25851,10,77.03,27.55,42.1,37.8,1021.29,1,1034.04
25876,10,77.38,27.69,39.8,35.66,904.6,1,1035.04
25901,10,77.65,27.9,37.38,33.72,798.16,1,1036.04
25926,10,77.81,27.96,37.0,31.67,733.22,1,1037.04
25951,10,77.96,27.96,37.86,29.72,724.45,1,1038.04
25976,10,78.12,27.93,38.94,28.93,713.87,1,1039.04
26001,10,78.23,27.85,39.31,29.17,710.52,1,1040.04
26026,10,78.34,27.77,39.47,30.65,714.15,1,1041.04
26051,10,78.61,27.7,39.95,32.06,723.62,1,1042.04
26076,10,79.03,27.63,39.93,33.13,721.47,1,1043.04
26101,10,79.47,27.68,39.5,34.01,724.6,1,1044.04
26126,10,79.89,27.83,39.8,34.74,733.24,1,1045.04
26151,10,80.23,28.07,39.72,35.51,732.76,1,1046.04
26176,10,80.56,28.25,39.77,36.08,745.34,1,1047.04
26201,10,80.92,28.46,39.07,36.67,754.25,1,1048.04
26226,10,81.37,28.67,38.58,38.35,766.79,1,1049.04
26251,10,81.75,28.91,38.85,39.95,801.06,1,1050.04
26276,10,82.14,29.23,39.66,41.38,842.35,1,1051.04
26301,10,82.65,29.58,41.29,42.09,895.01,1,1052.04
26326,10,83.16,29.75,41.72,42.28,906.33,1,1053.04
26351,10,83.74,29.81,41.38,42.21,903.18,1,1054.04
26376,10,84.32,29.98,41.19,41.42,899.41,1,1055.04
26401,10,84.71,30.06,39.87,40.55,816.83,1,1056.04
26426,10,85.29,30.22,39.36,39.94,788.99,1,1057.04
26451,10,85.92,30.25,38.96,39.67,787.04,1,1058.04
26476,10,86.55,30.39,38.66,39.55,803.01,1,1059.04
26501,10,87.09,30.45,38.35,39.62,814.39,1,1060.04
26526,10,87.67,30.27,38.46,40.14,824.31,1,1061.04
26551,10,88.54,30.21,39.85,41.09,863.87,1,1062.04
26576,10,89.08,30.13,37.45,41.61,806.03,1,1063.04
26601,10,89.9,29.68,37.42,40.95,790.27,1,1064.04
26626,10,90.02,29.17,39.68,39.81,820.69,1,1065.04
26651,10,89.37,28.88,42.43,38.69,838.9,1,1066.04
26676,10,88.19,28.86,44.78,36.67,834.99,1,1067.04
26701,10,86.6,29.24,46.69,34.31,817.33,1,1068.04
26726,10,84.57,29.83,47.74,31.68,775.88,1,1069.04
26751,10,82.15,30.34,47.77,29.0,726.79,1,1070.04
26776,10,79.61,30.9,46.78,29.12,737.42,1,1071.04
26801,10,77.04,31.36,45.37,28.95,748.17,1,1072.04
26826,10,74.61,31.83,43.81,29.83,745.21,1,1073.04
26851,10,72.3,32.25,42.06,31.91,734.08,1,1074.04
26876,10,70.22,32.53,40.27,33.33,719.08,1,1075.04
26901,10,68.44,32.74,38.69,34.43,704.19,1,1076.04
26926,10,66.98,32.96,37.55,35.32,744.63,1,1077.04
26951,10,65.76,33.14,36.62,36.13,813.74,1,1078.04
26976,10,64.75,33.23,35.87,36.78,885.34,1,1079.04
27001,10,63.81,33.25,35.21,37.23,948.73,1,1080.04
27026,10,63.03,33.29,34.49,37.47,997.78,1,1081.04
27051,10,62.48,33.47,34.26,37.67,1038.3,1,1082.04
27076,10,62.12,33.69,35.19,37.95,1082.33,1,1083.04
27101,10,61.99,33.99,36.49,37.92,1117.54,1,1084.04
27126,10,62.03,34.1,37.62,37.47,1125.12,1,1085.04
27151,10,62.09,33.9,38.25,37.23,1136.11,1,1086.04
27176,10,62.23,33.78,38.68,37.4,1166.87,1,1087.04
27201,10,62.48,34.08,38.85,38.25,1201.1,1,1088.04
27226,10,62.45,34.77,38.71,39.39,1221.22,1,1089.04
27251,10,61.74,35.83,37.98,40.0,1227.47,1,1090.04
27276,10,60.04,37.22,38.28,39.49,1214.83,1,1091.04
27301,10,57.54,38.64,39.24,37.19,1147.32,1,1092.04
27326,10,54.7,40.07,40.51,34.46,1073.54,1,1093.04
27351,10,51.84,41.06,41.17,32.93,1011.21,1,1094.04
27376,10,48.85,40.86,40.6,32.72,965.18,1,1095.04
27401,10,45.64,39.31,39.07,32.02,914.22,1,1096.04
27426,10,42.4,36.87,37.54,30.2,900.65,1,1097.04
27451,10,38.76,34.24,36.99,32.33,941.59,1,1098.04
27476,10,34.85,31.92,37.81,34.51,1007.84,1,1099.04
27501,10,31.22,29.85,39.21,36.02,1065.75,1,1100.04
27526,10,28.75,28.12,39.44,35.69,1048.6,1,1101.04
27551,10,28.16,27.02,36.25,34.19,928.17,1,1102.04
27576,10,28.32,26.41,32.2,33.34,782.68,1,1103.04
27601,10,28.09,25.83,29.01,32.88,663.88,1,1104.04
27626,10,27.22,25.24,26.38,31.63,585.27,1,1105.04
27651,10,26.25,25.03,25.13,30.62,541.76,1,1106.04
27676,10,25.62,25.47,24.23,30.48,508.69,1,1107.04
27701,10,25.01,25.92,23.02,30.37,483.74,1,1108.04
27726,10,23.92,25.88,22.05,30.31,495.86,1,1109.04
27751,10,22.77,25.64,21.9,31.29,521.33,1,1110.04
27776,10,22.98,25.24,23.85,34.27,577.61,1,1111.04
27801,10,24.59,24.83,26.04,36.66,630.04,1,1112.04
27826,10,27.14,24.41,29.45,38.44,715.31,1,1113.04
27851,10,30.58,24.34,33.41,39.5,832.97,1,1114.04
27876,10,34.71,24.84,36.08,39.11,944.46,1,1115.04
27901,10,39.37,25.6,37.16,36.37,1013.22,1,1116.04
27926,10,44.21,26.46,37.2,36.59,1099.2,1,1117.04
27951,10,49.15,27.61,38.08,38.7,1215.61,1,1118.04
27976,10,53.99,28.94,40.74,38.0,1273.77,1,1119.04
28001,10,58.64,30.24,43.1,35.77,1259.06,1,1120.04
28026,10,63.23,31.21,43.98,34.4,1218.27,1,1121.04
28051,10,67.71,32.18,44.5,33.96,1191.95,1,1122.04
28076,10,71.92,33.35,45.87,33.41,1199.03,1,1123.04
28101,10,75.26,34.4,48.78,33.85,1249.69,1,1124.04
28126,10,76.92,34.96,51.17,34.92,1303.07,1,1125.04
28151,10,76.8,34.83,51.04,35.47,1313.81,1,1126.04
28176,10,75.75,34.15,49.57,36.19,1302.53,1,1127.04
28201,10,74.26,33.38,47.72,37.56,1294.97,1,1128.04
28226,10,72.64,32.73,45.42,38.68,1276.73,1,1129.04
28251,10,71.13,32.3,42.98,39.03,1238.4,1,1130.04
28276,10,69.71,31.96,40.67,39.26,1197.19,1,1131.04
28301,10,68.3,31.67,38.41,39.78,1160.49,1,1132.04
28326,10,66.98,31.49,37.58,40.22,1126.94,1,1133.04
28351,10,65.71,31.04,37.19,40.8,1136.44,1,1134.04
28376,10,64.13,30.19,37.38,42.03,1156.91,1,1135.04
28401,10,61.89,28.97,37.52,43.27,1159.2,1,1136.04
28426,10,59.07,27.61,37.1,43.79,1149.88,1,1137.04
28451,10,55.94,26.48,36.31,44.11,1127.61,1,1138.04
28476,10,52.66,25.63,35.54,44.57,1105.87,1,1139.04
28501,10,49.3,24.95,35.0,44.32,1078.74,1,1140.04
28526,10,45.69,24.42,34.8,43.23,1048.46,1,1141.04
28551,10,41.63,24.21,36.84,40.6,1030.66,1,1142.04
28576,10,37.18,24.13,41.07,36.77,1048.4,1,1143.04
28601,10,33.17,23.91,44.4,34.92,1116.95,1,1144.04
28626,10,30.25,23.57,45.43,34.71,1148.89,1,1145.04
28651,10,28.25,23.32,44.81,33.53,1118.9,1,1146.04
28676,10,26.77,23.07,43.49,32.69,1064.52,1,1147.04
28701,10,25.5,22.81,42.16,31.48,1007.13,1,1148.04
28726,10,24.29,22.7,41.31,31.03,956.17,1,1149.04
28751,10,23.12,22.83,40.15,31.09,919.52,1,1150.04
28776,10,22.3,22.76,38.41,31.61,885.81,1,1151.04
28801,10,21.82,22.55,35.88,32.92,851.95,1,1152.04
28826,10,21.63,22.22,32.35,34.38,786.02,1,1153.04
28851,10,21.74,21.99,28.16,35.07,678.89,1,1154.04
28876,10,22.1,22.08,23.58,35.14,556.7,1,1155.04
28901,10,22.41,22.34,19.17,33.83,446.1,1,1156.04
28926,10,22.18,22.34,17.28,32.08,383.85,1,1157.04
28951,10,21.68,21.9,16.81,32.07,379.32,1,1158.04
28976,10,21.03,21.2,17.11,32.85,393.2,1,1159.04
29001,10,19.98,20.65,17.6,33.57,394.36,1,1160.04
29026,10,19.19,20.67,18.41,33.82,397.3,1,1161.04
29051,10,18.82,21.28,19.94,30.43,394.57,1,1162.04
29076,10,18.61,22.63,19.95,26.13,388.85,1,1163.04
29101,10,19.68,23.9,18.33,25.25,338.21,1,1164.04
29126,10,21.78,25.2,17.32,25.28,306.85,1,1165.04
29151,10,24.32,26.19,18.76,28.64,367.77,1,1166.04
29176,10,26.37,27.02,22.88,32.99,494.51,1,1167.04
29201,10,27.68,28.04,27.47,40.15,696.8,1,1168.04
29226,10,28.85,29.42,30.76,46.23,916.02,1,1169.04
29251,10,30.29,31.25,32.72,51.11,1058.02,1,1170.04
29276,10,31.96,33.17,33.39,54.23,1099.75,1,1171.04
29301,10,33.33,34.55,33.35,54.32,1139.91,1,1172.04
29326,10,33.11,35.66,34.13,53.02,1184.02,1,1173.04
29351,10,31.02,36.75,36.13,51.69,1238.84,1,1174.04
29376,10,28.59,37.55,37.8,48.63,1215.6,1,1175.04
29401,10,27.14,37.84,37.02,44.4,1107.32,1,1176.04
29426,10,26.58,37.34,34.46,43.05,952.38,1,1177.04
29451,10,25.91,36.63,32.69,41.68,839.77,1,1178.04
29476,10,24.56,36.81,31.41,40.04,767.43,1,1179.04
29501,10,22.36,37.36,31.56,38.07,738.86,1,1180.04
29526,10,19.48,37.39,33.28,38.27,732.43,1,1181.04
29551,10,17.23,37.24,35.19,40.45,742.2,1,1182.04
29576,10,16.36,37.34,36.42,41.91,765.05,1,1183.04
29601,10,16.42,37.41,38.16,42.82,791.08,1,1184.04
29626,10,17.07,37.31,39.62,43.36,830.0,1,1185.04
29651,10,17.98,37.19,40.02,43.75,850.71,1,1186.04
29676,10,18.96,37.14,39.13,44.04,853.81,1,1187.04
29701,10,20.0,37.02,37.5,44.24,852.41,1,1188.04
29726,10,21.09,36.88,35.92,44.54,861.08,1,1189.04
29751,10,22.22,36.7,34.58,44.95,874.21,1,1190.04
29776,10,23.37,36.56,33.44,45.74,893.85,1,1191.04
29801,10,24.6,36.42,32.65,46.91,926.61,1,1192.04
29826,10,25.85,36.32,32.15,47.93,965.14,1,1193.04
29851,10,27.05,36.34,32.5,48.53,1005.72,1,1194.04
29876,10,28.27,36.46,33.33,48.46,1042.89,1,1195.04
29901,10,29.55,36.65,33.63,47.89,1072.72,1,1196.04
29926,10,30.88,36.74,33.54,48.76,1093.2,1,1197.04
29951,10,32.07,36.81,33.67,49.9,1103.63,1,1198.04
29976,10,33.17,36.98,34.06,51.12,1113.78,1,1199.04
30001,10,34.24,37.15,34.17,51.99,1112.41,1,1200.04
30026,10,35.22,37.57,34.2,52.58,1142.61,1,1201.04
30051,10,36.19,37.76,34.28,53.01,1173.37,1,1202.04
30076,10,37.12,37.81,33.78,53.27,1212.41,1,1203.04
30101,10,37.93,37.74,32.81,53.19,1236.93,1,1204.04
30126,10,38.64,37.54,32.26,52.82,1252.67,1,1205.04
30151,10,39.18,37.13,33.02,52.42,1265.02,1,1206.04
30176,10,39.74,36.78,33.39,52.35,1276.62,1,1207.04
30201,10,40.57,36.53,33.02,52.82,1264.48,1,1208.04
30226,10,41.55,36.36,31.88,52.95,1229.45,1,1209.04
30251,10,42.4,36.17,30.58,52.68,1185.46,1,1210.04
30276,10,43.26,35.97,29.55,52.76,1141.67,1,1211.04
30301,10,44.3,35.87,28.88,53.06,1110.51,1,1212.04
30326,10,45.43,35.91,28.08,52.95,1083.26,1,1213.04
30351,10,46.54,36.07,26.41,52.34,1034.96,1,1214.04
30376,10,47.69,36.28,25.29,51.15,967.03,1,1215.04
30401,10,49.27,36.83,25.39,48.89,923.56,1,1216.04
30426,10,51.5,37.64,27.24,44.83,906.64,1,1217.04
30451,10,54.12,38.14,30.29,41.47,879.1,1,1218.04
30476,10,56.26,37.98,31.86,39.64,832.26,1,1219.04
30501,10,57.34,37.35,30.94,37.26,744.75,1,1220.04
30526,10,57.62,36.8,29.69,35.51,667.2,1,1221.04
30551,10,57.89,35.57,28.7,35.89,630.49,1,1222.04
30576,10,58.7,33.54,29.27,38.98,670.54,1,1223.04
30601,10,59.74,31.49,30.82,42.87,768.32,1,1224.04
30626,10,61.09,29.72,32.32,46.79,888.51,1,1225.04
30651,10,62.8,28.23,33.45,50.01,988.5,1,1226.04
30676,10,64.25,27.06,33.37,50.73,1011.8,1,1227.04
30701,10,65.22,26.21,33.11,49.38,995.12,1,1228.04
30726,10,65.82,25.48,33.4,48.78,1037.35,1,1229.04
30751,10,66.19,25.06,33.16,51.42,1094.65,1,1230.04
30776,10,66.85,25.61,31.9,52.64,1098.0,1,1231.04
30801,10,68.59,26.68,31.7,51.74,1095.15,1,1232.04
30826,10,70.75,27.38,34.35,48.77,1136.31,1,1233.04
30851,10,71.61,28.08,35.13,44.78,1131.64,1,1234.04
30876,10,70.8,28.48,35.9,40.78,1086.39,1,1235.04
30901,10,68.86,28.33,36.03,37.08,1026.95,1,1236.04
30926,10,67.17,28.3,35.72,37.25,1018.49,1,1237.04
30951,10,66.33,28.51,34.91,40.23,1071.64,1,1238.04
30976,10,65.77,28.66,33.89,43.74,1123.04,1,1239.04
31001,10,65.54,29.11,32.54,47.3,1132.8,1,1240.04
31026,10,66.07,30.35,31.83,49.67,1084.22,1,1241.04
31051,10,67.45,32.16,30.37,51.4,993.74,1,1242.04
31076,10,69.31,33.7,29.34,52.69,912.56,1,1243.04
31101,10,71.44,34.79,29.89,52.55,876.81,1,1244.04
31126,10,73.76,35.62,32.14,49.83,856.87,1,1245.04
31151,10,76.01,36.02,34.35,44.93,873.3,1,1246.04
31176,10,77.58,36.16,35.28,40.28,853.54,1,1247.04
31201,10,78.07,36.13,35.54,37.99,819.6,1,1248.04
31226,10,77.84,36.12,35.35,37.61,811.86,1,1249.04
31251,10,77.12,36.19,35.26,38.2,826.67,1,1250.04
31276,10,75.97,36.18,34.97,39.12,836.73,1,1251.04
31301,10,74.56,36.07,34.53,39.68,834.09,1,1252.04
31326,10,73.1,35.99,34.03,40.16,831.12,1,1253.04
31351,10,71.71,35.95,33.23,40.44,828.37,1,1254.04
31376,10,70.4,35.87,31.95,40.77,828.8,1,1255.04
31401,10,69.23,35.71,30.75,41.24,840.87,1,1256.04
31426,10,68.24,35.59,30.04,41.5,862.17,1,1257.04
31451,10,67.39,35.39,29.55,41.31,879.86,1,1258.04
31476,10,66.67,35.24,29.6,40.79,893.02,1,1259.04
31501,10,66.02,35.22,29.92,40.45,934.56,1,1260.04
31526,10,65.38,35.02,31.44,40.48,976.55,1,1261.04
31551,10,64.71,34.61,32.74,40.66,1018.57,1,1262.04
31576,10,64.1,33.86,33.5,41.05,1064.11,1,1263.04
31601,10,63.34,32.46,34.12,41.33,1096.78,1,1264.04
31626,10,62.27,30.51,34.39,40.88,1092.81,1,1265.04
31651,10,60.92,28.35,33.8,39.73,1056.32,1,1266.04
31676,10,59.25,26.31,32.32,38.14,982.17,1,1267.04
31701,10,57.18,24.56,30.47,35.89,867.9,1,1268.04
31726,10,55.09,23.51,27.7,34.29,729.54,1,1269.04
31751,10,53.95,23.4,26.46,33.41,640.21,1,1270.04
31776,10,54.68,23.59,28.94,33.4,664.7,1,1271.04
31801,10,56.93,23.65,33.44,35.0,796.06,1,1272.04
31826,10,59.12,23.67,35.99,36.56,914.5,1,1273.04
31851,10,59.83,22.7,34.15,37.26,911.58,1,1274.04
31876,10,59.67,20.66,31.91,38.24,869.68,1,1275.04
31901,10,59.0,18.09,29.83,39.41,854.78,1,1276.04
31926,10,58.29,16.24,28.98,41.27,860.11,1,1277.04
31951,10,58.55,15.98,29.0,42.13,896.72,1,1278.04
31976,10,58.82,16.4,29.53,42.54,910.8,1,1279.04
32001,10,58.5,16.68,30.67,42.51,912.17,1,1280.04
32026,10,57.83,16.86,32.25,41.76,898.02,1,1281.04
32051,10,57.0,17.04,33.53,39.89,878.35,1,1282.04
32076,10,56.05,17.26,34.19,37.53,857.08,1,1283.04
32101,10,55.07,17.57,34.46,36.62,842.25,1,1284.04
32126,10,54.15,18.05,34.35,35.71,829.76,1,1285.04
32151,10,53.31,18.58,33.55,34.16,809.07,1,1286.04
32176,10,52.61,19.2,32.46,32.42,773.07,1,1287.04
32201,10,52.0,19.84,30.93,31.75,732.91,1,1288.04
32226,10,51.4,20.33,29.26,31.41,696.15,1,1289.04
32251,10,50.85,20.63,27.87,31.73,660.58,1,1290.04
32276,10,50.37,20.79,26.78,32.34,631.73,1,1291.04
32301,10,50.01,20.95,25.69,32.96,622.84,1,1292.04
32326,10,49.8,21.22,24.2,34.67,626.49,1,1293.04
32351,10,49.74,21.86,22.74,35.9,625.31,1,1294.04
32376,10,49.62,23.21,22.05,36.11,622.19,1,1295.04
32401,10,49.26,25.18,21.94,36.39,634.72,1,1296.04
32426,10,48.69,27.31,22.14,37.19,665.07,1,1297.04
32451,10,47.87,29.45,22.57,38.79,711.68,1,1298.04
32476,10,46.66,31.68,23.32,40.85,765.11,1,1299.04
32501,10,45.03,34.01,24.52,42.9,817.77,1,1300.04
32526,10,43.2,36.19,25.92,43.23,850.29,1,1301.04
32551,10,41.49,38.05,27.15,41.62,851.91,1,1302.04
32576,10,40.0,39.47,28.15,38.65,813.96,1,1303.04
32601,10,39.09,40.43,28.95,35.45,763.79,1,1304.04
32626,10,39.25,40.53,28.31,33.46,724.62,1,1305.04
32651,10,40.08,39.2,25.65,32.58,668.65,1,1306.04
32676,10,40.63,37.2,23.31,32.86,619.0,1,1307.04
32701,10,40.77,35.59,21.77,33.3,596.21,1,1308.04
32726,10,40.74,34.81,20.28,33.9,569.04,1,1309.04
32751,10,40.64,33.96,18.59,34.75,539.64,1,1310.04
32776,10,40.21,32.05,18.49,35.15,525.28,1,1311.04
32801,10,39.24,29.48,19.74,35.44,556.44,1,1312.04
32826,10,38.32,27.1,21.24,35.91,611.29,1,1313.04
32851,10,37.86,25.55,22.95,36.89,702.19,1,1314.04
32876,10,37.07,24.8,27.62,37.15,814.23,1,1315.04
32901,10,35.6,24.28,33.98,36.49,936.68,1,1316.04
32926,10,34.28,23.95,40.3,36.13,1063.41,1,1317.04
32951,10,33.57,23.96,44.87,36.68,1189.28,1,1318.04
32976,10,33.48,24.24,46.91,39.24,1310.1,1,1319.04
33001,10,33.89,24.71,47.26,41.45,1400.65,1,1320.04
33026,10,34.59,25.27,47.1,43.3,1462.35,1,1321.04
33051,10,35.41,25.8,47.04,44.75,1523.96,1,1322.04
33076,10,36.23,26.28,46.9,46.06,1587.22,1,1323.04
33101,10,37.04,26.8,46.5,47.13,1642.31,1,1324.04
33126,10,37.81,27.51,45.93,48.29,1727.33,1,1325.04
33151,10,38.55,28.32,45.21,50.19,1820.58,1,1326.04
33176,10,39.27,29.07,44.32,52.65,1895.98,1,1327.04
33201,10,39.87,29.7,43.45,54.67,1957.21,1,1328.04
33226,10,40.17,30.36,44.65,56.53,2047.54,1,1329.04
33251,10,40.09,31.07,48.21,58.25,2194.8,1,1330.04
33276,10,39.73,31.72,51.82,59.82,2350.0,1,1331.04
33301,10,39.29,32.19,54.17,61.4,2473.72,1,1332.04
33326,10,38.89,32.52,54.89,62.51,2543.29,1,1333.04
33351,10,38.51,32.79,54.37,63.52,2561.02,1,1334.04
33376,10,38.32,32.89,53.51,64.26,2538.2,1,1335.04
33401,10,38.51,32.95,52.29,64.16,2458.76,1,1336.04
33426,10,39.17,32.86,49.88,63.79,2324.9,1,1337.04
33451,10,40.21,32.5,46.38,63.18,2166.63,1,1338.04
33476,10,41.55,31.89,42.55,62.06,1986.16,1,1339.04
33501,10,43.04,31.25,38.63,60.47,1792.59,1,1340.04
33526,10,44.57,30.68,34.93,58.04,1600.39,1,1341.04
33551,10,46.04,30.18,31.63,54.82,1411.5,1,1342.04
33576,10,47.39,29.83,28.82,51.28,1241.81,1,1343.04
33601,10,48.59,29.51,26.63,49.11,1105.5,1,1344.04
33626,10,49.6,29.26,25.32,46.82,1003.75,1,1345.04
33651,10,50.54,28.97,24.66,44.3,934.1,1,1346.04
33676,10,51.3,28.15,24.45,42.12,887.71,1,1347.04
33701,10,51.68,26.95,24.89,40.85,846.71,1,1348.04
33726,10,51.9,25.91,25.76,40.23,832.43,1,1349.04
33751,10,52.07,24.79,26.4,41.04,850.82,1,1350.04
33776,10,52.36,23.57,26.62,43.6,863.14,1,1351.04
33801,10,53.23,22.73,26.79,45.54,897.5,1,1352.04
33826,10,54.56,22.18,27.1,47.2,935.37,1,1353.04
33851,10,55.63,21.93,27.41,48.36,965.82,1,1354.04
33876,10,55.42,22.05,28.2,46.88,958.53,1,1355.04
33901,10,53.95,21.96,29.54,43.35,942.18,1,1356.04
33926,10,52.14,21.32,30.32,43.31,969.89,1,1357.04
33951,10,50.26,20.77,30.51,41.67,963.9,1,1358.04
33976,10,48.31,20.22,30.42,40.25,922.13,1,1359.04
34001,10,46.51,19.63,30.39,38.28,887.38,1,1360.04
34026,10,44.91,19.03,30.15,36.25,852.89,1,1361.04
34051,10,43.63,18.45,29.72,34.37,815.88,1,1362.04
34076,10,42.76,17.85,29.39,32.73,786.68,1,1363.04
34101,10,42.09,17.44,29.47,32.06,767.83,1,1364.04
34126,10,41.55,17.36,29.86,31.97,749.71,1,1365.04
34151,10,41.26,17.37,30.44,32.3,737.13,1,1366.04
34176,10,41.46,17.49,30.24,32.92,730.34,1,1367.04
34201,10,42.43,18.28,28.66,33.57,710.84,1,1368.04
34226,10,43.79,19.78,26.48,34.31,690.11,1,1369.04
34251,10,44.89,21.97,25.54,35.11,691.51,1,1370.04
34276,10,45.41,24.95,25.59,35.88,739.88,1,1371.04
34301,10,45.43,28.36,26.46,37.09,794.03,1,1372.04
34326,10,45.21,32.08,26.92,38.93,833.2,1,1373.04
34351,10,45.08,35.56,26.43,40.38,840.9,1,1374.04
34376,10,45.45,37.94,25.86,40.57,799.96,1,1375.04
34401,10,45.7,38.65,25.5,40.13,765.59,1,1376.04
34426,10,44.79,37.6,27.36,39.34,765.89,1,1377.04
34451,10,42.81,35.62,28.0,38.68,812.0,1,1378.04
34476,10,39.83,33.36,29.28,40.19,887.76,1,1379.04
34501,10,36.43,30.93,31.79,42.67,990.5,1,1380.04
34526,10,32.74,28.7,34.76,44.64,1096.03,1,1381.04
34551,10,28.61,27.18,37.46,43.08,1152.67,1,1382.04
34576,10,24.48,26.44,39.92,40.06,1142.98,1,1383.04
34601,10,21.22,26.29,41.88,36.19,1064.31,1,1384.04
34626,10,19.45,26.38,42.1,31.51,934.05,1,1385.04
34651,10,18.47,26.67,42.66,26.69,824.5,1,1386.04
34676,10,17.85,27.3,42.82,22.81,750.01,1,1387.04
34701,10,17.83,28.16,41.21,23.07,708.94,1,1388.04
34726,10,18.61,28.9,39.25,26.46,749.39,1,1389.04
34751,10,20.14,29.54,38.1,31.56,847.06,1,1390.04
34776,10,22.02,30.03,38.2,35.09,949.68,1,1391.04
34801,10,23.96,30.22,38.56,36.83,1038.81,1,1392.04
34826,10,25.77,30.34,38.67,39.31,1114.01,1,1393.04
34851,10,27.44,30.72,38.56,42.1,1166.11,1,1394.04
34876,10,28.79,31.58,37.53,45.72,1185.77,1,1395.04
34901,10,29.68,32.81,35.69,49.91,1186.07,1,1396.04
34926,10,30.25,34.53,34.8,53.52,1214.8,1,1397.04
34951,10,31.05,36.67,35.35,55.96,1284.93,1,1398.04
34976,10,32.55,38.83,35.95,57.8,1360.2,1,1399.04
35001,10,34.54,40.63,34.86,58.71,1402.56,1,1400.04
35026,10,36.81,41.35,31.75,58.15,1361.17,1,1401.04
35051,10,38.76,41.02,27.67,56.92,1217.27,1,1402.04
35076,10,39.56,40.37,23.74,52.31,979.08,1,1403.04
35101,10,39.35,39.85,20.68,46.15,765.45,1,1404.04
35126,10,37.7,39.77,21.77,40.43,639.73,1,1405.04
35151,10,34.69,39.94,23.97,34.72,572.29,1,1406.04
35176,10,31.45,40.15,25.77,29.23,511.59,1,1407.04
35201,10,28.84,40.67,26.65,25.41,500.83,1,1408.04
35226,10,26.88,41.28,26.88,26.79,542.75,1,1409.04
35251,10,25.35,42.55,26.67,31.71,601.76,1,1410.04
35276,10,24.73,42.9,26.34,34.14,600.75,1,1411.04
35301,10,25.2,43.16,25.08,35.85,587.84,1,1412.04
35326,10,26.53,43.38,23.54,36.99,568.46,1,1413.04
35351,10,28.17,42.89,22.11,36.79,543.55,1,1414.04
35376,10,29.65,41.58,20.72,36.37,500.36,1,1415.04
35401,10,30.71,40.04,19.86,36.41,479.51,1,1416.04
35426,10,31.13,38.76,19.72,35.78,472.66,1,1417.04
35451,10,31.28,37.23,20.14,34.65,472.5,1,1418.04
35476,10,31.24,34.88,19.65,34.79,485.63,1,1419.04
35501,10,30.77,32.06,19.41,36.94,520.59,1,1420.04
35526,10,29.84,29.07,19.94,40.37,578.76,1,1421.04
35551,10,28.5,26.46,20.9,43.32,626.02,1,1422.04
35576,10,27.5,24.72,21.96,43.01,647.06,1,1423.04
35601,10,26.72,23.76,24.23,39.63,625.53,1,1424.04
35626,10,25.06,23.26,27.73,36.22,637.58,1,1425.04
35651,10,22.78,22.9,33.42,34.45,733.58,1,1426.04
35676,10,21.08,22.75,39.38,34.41,833.47,1,1427.04
35701,10,20.63,22.62,42.29,35.27,918.65,1,1428.04
35726,10,21.1,22.64,42.63,36.41,986.35,1,1429.04
35751,10,21.99,22.84,42.9,37.54,1036.22,1,1430.04
35776,10,23.08,23.14,43.29,38.42,1070.11,1,1431.04
35801,10,24.28,23.41,43.46,39.16,1094.66,1,1432.04
35826,10,25.53,23.71,43.35,39.63,1117.86,1,1433.04
35851,10,26.74,24.07,43.27,39.94,1149.84,1,1434.04
35876,10,27.91,24.54,43.17,40.34,1184.78,1,1435.04
35901,10,29.07,24.96,42.94,40.84,1213.38,1,1436.04
35926,10,30.21,25.35,42.81,41.21,1242.22,1,1437.04
35951,10,31.35,25.8,42.65,41.48,1271.28,1,1438.04
35976,10,32.53,26.26,42.15,41.82,1285.16,1,1439.04
36001,10,33.75,26.67,41.32,42.29,1283.42,1,1440.04
36026,10,34.94,27.01,40.2,42.71,1272.78,1,1441.04
36051,10,36.1,27.36,39.07,43.69,1268.96,1,1442.04
36076,10,37.22,27.64,37.91,44.73,1293.78,1,1443.04
36101,10,38.37,27.89,36.59,46.1,1307.1,1,1444.04
36126,10,39.58,28.14,35.16,47.53,1309.04,1,1445.04
36151,10,40.76,28.39,33.98,48.86,1304.65,1,1446.04
36176,10,41.91,28.7,33.47,49.67,1292.67,1,1447.04
36201,10,42.98,29.01,32.88,49.58,1270.81,1,1448.04
36226,10,44.0,29.34,32.16,48.84,1236.99,1,1449.04
36251,10,45.06,29.57,31.32,47.67,1186.95,1,1450.04
36276,10,46.42,30.19,30.54,45.08,1117.89,1,1451.04
36301,10,48.08,31.62,30.15,43.03,1022.4,1,1452.04
36326,10,49.74,33.63,30.08,40.74,925.06,1,1453.04
36351,10,51.04,35.76,30.07,38.9,846.79,1,1454.04
36376,10,51.87,37.89,29.73,38.21,816.57,1,1455.04
36401,10,52.76,40.04,29.21,39.1,849.9,1,1456.04
36426,10,53.89,41.82,29.09,43.77,918.68,1,1457.04
36451,10,54.74,43.16,29.0,47.3,981.66,1,1458.04
36476,10,54.93,44.07,28.07,48.81,1009.09,1,1459.04
36501,10,54.68,44.69,27.02,49.9,1039.7,1,1460.04
36526,10,54.16,45.14,26.89,51.0,1078.25,1,1461.04
36551,10,53.21,45.36,28.92,51.78,1142.31,1,1462.04
36576,10,51.38,45.01,31.69,52.89,1269.22,1,1463.04
36601,10,48.79,43.81,33.66,54.04,1422.31,1,1464.04
36626,10,46.23,42.02,34.98,56.16,1552.32,1,1465.04
36651,10,44.39,39.84,36.38,58.47,1624.09,1,1466.04
36676,10,43.05,37.57,36.23,60.47,1605.9,1,1467.04
36701,10,41.95,35.54,35.13,61.93,1586.14,1,1468.04
36726,10,42.04,33.47,33.75,62.79,1530.01,1,1469.04
36751,10,43.35,31.55,33.03,63.37,1453.64,1,1470.04
36776,10,44.67,29.9,32.85,63.19,1373.96,1,1471.04
36801,10,45.21,28.36,32.47,61.8,1301.26,1,1472.04
36826,10,44.94,26.9,31.54,59.24,1224.1,1,1473.04
36851,10,44.3,25.56,30.28,55.82,1132.91,1,1474.04
36876,10,43.58,24.32,28.98,53.43,1065.23,1,1475.04
36901,10,43.18,23.29,27.77,51.28,994.91,1,1476.04
36926,10,43.24,22.74,26.98,48.31,924.5,1,1477.04
36951,10,43.48,22.76,26.37,44.83,851.75,1,1478.04
36976,10,43.74,23.54,25.51,41.67,784.88,1,1479.04
37001,10,43.97,25.2,24.2,39.21,723.25,1,1480.04
37026,10,43.98,27.4,23.65,37.86,680.98,1,1481.04
37051,10,43.64,30.01,24.09,37.58,678.43,1,1482.04
37076,10,42.87,33.02,25.66,37.8,700.66,1,1483.04
37101,10,41.78,36.07,27.1,38.19,711.79,1,1484.04
37126,10,40.65,39.07,26.66,38.92,701.54,1,1485.04
37151,10,39.17,41.81,25.3,40.56,690.46,1,1486.04
37176,10,37.36,43.89,24.81,41.64,681.85,1,1487.04
37201,10,36.12,45.43,23.26,40.97,631.21,1,1488.04
37226,10,35.23,46.55,20.91,38.98,549.22,1,1489.04
37251,10,33.54,47.01,21.2,35.65,511.51,1,1490.04
37276,10,30.76,46.73,23.35,32.24,516.94,1,1491.04
37301,10,27.42,46.03,26.64,30.19,520.9,1,1492.04
37326,10,24.18,45.29,29.54,26.49,506.31,1,1493.04
37351,10,21.86,44.95,30.46,22.98,495.52,1,1494.04
37376,10,20.74,44.82,29.87,24.26,507.9,1,1495.04
37401,10,20.23,44.8,29.89,27.6,565.39,1,1496.04
37426,10,19.76,44.76,30.42,29.18,621.14,1,1497.04
37451,10,19.71,44.59,31.07,30.73,669.21,1,1498.04
37476,10,20.28,44.43,31.7,32.99,721.53,1,1499.04
37501,10,21.13,44.19,32.06,34.94,767.63,1,1500.04
37526,10,22.11,43.84,32.67,36.29,802.26,1,1501.04
37551,10,23.2,43.5,32.88,37.2,824.68,1,1502.04
37576,10,24.3,43.22,32.75,38.14,837.1,1,1503.04
37601,10,25.43,42.97,32.45,39.57,856.63,1,1504.04
37626,10,26.61,42.72,31.94,40.88,876.08,1,1505.04
37651,10,27.81,42.45,31.45,42.0,893.68,1,1506.04
37676,10,28.97,42.28,31.06,43.07,913.99,1,1507.04
37701,10,30.09,42.12,30.66,44.06,943.96,1,1508.04
37726,10,31.19,41.81,30.96,45.1,978.44,1,1509.04
37751,10,32.27,41.3,32.12,46.17,1022.74,1,1510.04
37776,10,33.35,40.79,33.05,47.23,1070.96,1,1511.04
37801,10,34.44,40.42,33.82,48.5,1108.89,1,1512.04
37826,10,35.53,40.08,34.35,49.6,1132.12,1,1513.04
37851,10,36.6,39.74,34.35,50.58,1149.27,1,1514.04
37876,10,37.65,39.39,34.03,51.11,1160.79,1,1515.04
37901,10,38.7,39.06,33.56,50.97,1157.86,1,1516.04
37926,10,39.77,38.84,33.11,50.44,1149.42,1,1517.04
37951,10,40.78,38.65,32.63,50.76,1135.58,1,1518.04
37976,10,41.78,38.52,32.06,51.23,1119.64,1,1519.04
38001,10,42.8,38.41,31.2,52.08,1092.46,1,1520.04
38026,10,43.82,38.36,29.92,52.72,1048.48,1,1521.04
38051,10,44.82,38.35,28.21,52.12,982.61,1,1522.04
38076,10,45.81,38.45,26.22,50.49,902.85,1,1523.04
38101,10,46.82,38.67,24.16,48.82,826.65,1,1524.04
38126,10,47.87,38.77,22.21,47.12,759.37,1,1525.04
38151,10,49.03,38.7,21.41,45.22,720.51,1,1526.04
38176,10,50.52,38.62,22.52,43.08,721.95,1,1527.04
38201,10,52.49,38.68,24.87,40.37,748.41,1,1528.04
38226,10,54.59,39.01,26.82,36.98,758.39,1,1529.04
38251,10,56.26,39.28,26.86,34.82,724.17,1,1530.04
38276,10,56.95,39.53,24.71,34.41,654.07,1,1531.04
38301,10,56.76,40.11,21.43,33.61,569.28,1,1532.04
38326,10,56.5,40.44,20.85,33.54,558.65,1,1533.04
38351,10,56.95,40.38,20.75,35.11,586.05,1,1534.04
38376,10,57.81,40.4,22.1,37.9,637.27,1,1535.04
38401,10,58.42,39.81,23.45,41.49,683.26,1,1536.04
38426,10,59.02,38.09,25.39,44.78,739.41,1,1537.04
38451,10,60.07,35.81,27.73,47.54,819.24,1,1538.04
38476,10,60.62,33.57,29.57,49.25,930.42,1,1539.04
38501,10,59.66,31.73,30.99,50.28,1074.09,1,1540.04
38526,10,57.97,30.46,31.95,50.91,1188.71,1,1541.04
38551,10,56.87,29.54,32.72,50.93,1234.14,1,1542.04
38576,10,56.54,29.0,32.28,50.49,1227.57,1,1543.04
38601,10,56.47,28.64,32.16,49.58,1205.65,1,1544.04
38626,10,56.51,28.32,32.53,47.97,1172.63,1,1545.04
38651,10,56.68,27.95,33.03,45.96,1132.04,1,1546.04
38676,10,56.91,27.52,33.57,44.5,1108.95,1,1547.04
38701,10,57.15,27.06,34.01,43.93,1110.52,1,1548.04
38726,10,57.38,26.68,34.44,43.63,1122.27,1,1549.04
38751,10,57.62,26.28,35.09,43.27,1138.67,1,1550.04
38776,10,57.89,25.86,36.05,43.34,1168.9,1,1551.04
38801,10,58.17,25.49,37.02,44.21,1205.8,1,1552.04
38826,10,58.48,25.18,37.83,45.51,1246.61,1,1553.04
38851,10,58.78,24.87,38.25,46.96,1285.31,1,1554.04
38876,10,59.15,24.64,38.52,48.59,1330.92,1,1555.04
38901,10,59.53,24.49,39.17,50.49,1401.4,1,1556.04
38926,10,59.81,24.31,39.91,52.54,1477.07,1,1557.04
38951,10,60.03,24.17,40.29,54.26,1529.94,1,1558.04
38976,10,60.19,24.04,40.37,55.39,1557.28,1,1559.04
39001,10,60.28,23.89,40.35,55.88,1558.86,1,1560.04
39026,10,60.36,23.73,40.08,56.1,1537.38,1,1561.04
39051,10,60.45,23.62,39.66,56.76,1512.37,1,1562.04
39076,10,60.51,23.52,39.23,58.26,1505.69,1,1563.04
39101,10,60.56,23.42,38.86,59.72,1507.72,1,1564.04
39126,10,60.56,23.34,38.59,61.11,1512.58,1,1565.04
39151,10,60.46,23.27,38.43,62.72,1525.12,1,1566.04
39176,10,60.27,23.14,37.99,64.36,1532.76,1,1567.04
39201,10,60.06,22.96,37.06,66.22,1531.43,1,1568.04
39226,10,59.79,22.61,36.14,67.69,1507.75,1,1569.04
39251,10,59.41,21.98,35.72,68.47,1475.41,1,1570.04
39276,10,58.99,21.27,35.22,68.69,1443.04,1,1571.04
39301,10,58.56,20.52,34.55,68.53,1405.53,1,1572.04
39326,10,58.13,19.74,33.78,67.73,1349.22,1,1573.04
39351,10,57.69,19.02,32.94,66.97,1290.35,1,1574.04
39376,10,57.17,18.24,32.06,65.94,1234.25,1,1575.04
39401,10,56.58,17.54,31.06,65.25,1182.55,1,1576.04
39426,10,56.0,16.99,30.06,64.87,1129.99,1,1577.04
39451,10,55.43,16.43,29.99,64.6,1085.42,1,1578.04
39476,10,54.89,15.86,29.99,64.7,1048.68,1,1579.04
39501,10,54.4,15.33,29.96,64.32,1012.33,1,1580.04
39526,10,53.9,14.95,29.93,63.91,978.03,1,1581.04
39551,10,53.35,14.64,29.89,63.69,942.77,1,1582.04
39576,10,52.83,14.3,29.7,63.38,903.22,1,1583.04
39601,10,52.34,13.96,29.49,63.09,863.13,1,1584.04
39626,10,51.9,13.69,29.28,62.76,824.36,1,1585.04
39651,10,51.48,13.5,29.05,62.52,789.14,1,1586.04
39676,10,51.16,13.25,28.82,62.68,758.16,1,1587.04
39701,10,50.87,13.3,28.65,62.06,724.46,1,1588.04
39726,10,50.67,13.4,28.77,61.31,714.46,1,1589.04
39751,10,50.15,13.81,28.99,61.2,720.23,1,1590.04
39776,10,50.09,13.8,29.03,61.3,724.32,1,1591.04
39801,10,49.91,13.81,29.06,61.27,729.06,1,1592.04
39826,10,49.75,13.93,29.21,61.29,730.47,1,1593.04
39851,10,49.66,13.96,29.26,61.12,723.89,1,1594.04
39876,10,49.57,14.03,28.97,61.44,726.85,1,1595.04
39901,10,49.43,14.25,28.79,61.83,731.27,1,1596.04
39926,10,49.4,14.63,29.04,62.87,742.23,1,1597.04
39951,10,49.43,15.05,29.72,63.87,763.53,1,1598.04
39976,10,49.54,15.51,30.67,64.04,773.84,1,1599.04
40001,10,49.68,15.92,31.32,63.43,776.35,1,1600.04
40026,10,49.75,16.31,31.36,61.98,768.88,1,1601.04
40051,10,49.8,16.67,30.94,60.89,762.02,1,1602.04
40076,10,49.85,16.93,30.33,59.78,756.41,1,1603.04
40101,10,49.88,17.21,29.69,58.82,751.29,1,1604.04
40126,10,49.91,17.5,29.06,57.68,728.87,1,1605.04
40151,10,49.98,17.75,28.58,56.69,712.14,1,1606.04
40176,10,50.07,17.98,28.18,55.92,706.22,1,1607.04
40201,10,50.15,18.29,27.6,55.12,693.58,1,1608.04
40226,10,50.25,18.62,27.0,54.44,683.3,1,1609.04
40251,10,50.35,18.84,26.46,53.97,664.56,1,1610.04
40276,10,50.47,19.13,26.07,53.87,655.54,1,1611.04
40301,10,50.61,19.48,25.86,53.82,657.82,1,1612.04
40326,10,50.76,19.75,25.76,53.63,656.93,1,1613.04
40351,10,50.94,19.91,25.47,53.65,655.22,1,1614.04
40376,10,51.05,19.97,25.09,53.6,656.36,1,1615.04
40401,10,51.07,19.86,24.51,53.48,661.39,1,1616.04
40426,10,51.06,19.68,23.52,53.31,656.9,1,1617.04
40451,10,51.04,19.4,22.48,53.15,640.73,1,1618.04
40476,10,51.03,19.28,21.77,52.99,635.65,1,1619.04
40501,10,51.02,19.25,21.18,52.76,628.16,1,1620.04
40526,10,51.08,19.23,20.67,52.51,603.53,1,1621.04
40551,10,51.29,19.3,20.28,52.33,588.34,1,1622.04
40576,10,51.5,19.41,19.95,52.28,581.49,1,1623.04
40601,10,51.65,19.41,19.21,52.47,565.05,1,1624.04
40626,10,51.73,19.35,18.26,52.04,540.32,1,1625.04
40651,10,51.7,19.32,17.37,51.58,523.02,1,1626.04
40676,10,51.67,19.17,16.54,51.01,508.04,1,1627.04
40701,10,51.67,18.92,15.78,50.37,489.01,1,1628.04
40726,10,51.74,18.67,15.98,49.55,464.28,1,1629.04
40751,10,51.86,18.52,16.21,48.61,439.95,1,1630.04
40776,10,51.98,18.5,16.14,48.0,420.52,1,1631.04
40801,10,52.14,18.55,16.48,47.39,414.0,1,1632.04
40826,10,52.3,18.65,16.58,46.5,405.36,1,1633.04
40851,10,52.45,18.87,16.2,45.69,384.22,1,1634.04
40876,10,52.6,19.04,16.33,45.14,376.62,1,1635.04
40901,10,52.59,19.19,16.25,44.81,367.72,1,1636.04
40926,10,52.62,19.3,16.14,44.39,353.1,1,1637.04
40951,10,52.76,19.33,16.37,43.81,339.78,1,1638.04
40976,10,52.75,19.41,16.5,43.55,337.75,1,1639.04
41001,10,52.62,19.53,16.51,43.45,337.34,1,1640.04
41026,10,52.58,19.65,16.38,43.32,334.43,1,1641.04
41051,10,52.56,19.74,16.26,43.35,334.84,1,1642.04
41076,10,52.5,19.77,16.3,43.6,338.14,1,1643.04
41101,10,52.44,19.82,16.37,43.82,347.46,1,1644.04
41126,10,52.4,19.76,16.43,43.48,352.26,1,1645.04
41151,10,52.36,19.74,16.51,42.81,359.14,1,1646.04
41176,10,52.34,19.75,16.53,42.68,366.6,1,1647.04
41201,10,52.36,19.71,16.39,42.61,357.87,1,1648.04
41226,10,52.31,19.69,16.38,42.89,353.55,1,1649.04
41251,10,52.29,19.66,16.62,43.02,359.96,1,1650.04
41276,10,52.32,19.59,16.65,43.09,358.21,1,1651.04
41301,10,52.32,19.51,16.5,42.9,354.56,1,1652.04
41326,10,52.28,19.44,16.25,42.74,346.17,1,1653.04
41351,10,52.3,19.36,16.36,42.61,336.77,1,1654.04
41376,10,52.37,19.38,16.35,42.56,328.32,1,1655.04
41401,10,52.41,19.29,16.26,42.32,324.05,1,1656.04
41426,10,52.47,19.23,16.22,42.31,321.11,1,1657.04
41451,10,52.53,19.26,16.14,42.18,317.63,1,1658.04
41476,10,52.6,19.26,16.14,42.25,318.63,1,1659.04
41501,10,52.66,19.29,16.18,42.87,327.14,1,1660.04
41526,10,52.69,19.24,16.22,43.06,332.75,1,1661.04
41551,10,52.66,19.19,16.39,42.77,338.77,1,1662.04
41576,10,52.64,19.19,16.63,42.28,343.35,1,1663.04
41601,10,52.61,19.16,16.57,42.02,336.65,1,1664.04
41626,10,52.55,19.15,16.57,42.12,336.72,1,1665.04
41651,10,52.45,19.13,16.72,41.99,341.67,1,1666.04
41676,10,52.28,19.18,16.71,41.86,340.05,1,1667.04
41701,10,52.15,19.22,16.56,41.92,338.13,1,1668.04
41726,10,52.12,19.19,16.47,42.31,341.59,1,1669.04
41751,10,52.03,19.41,17.08,42.24,362.54,1,1670.04
41776,10,52.02,19.45,17.22,42.03,374.56,1,1671.04
41801,10,52.0,19.43,17.79,41.68,393.56,1,1672.04
41826,10,51.87,19.48,18.23,41.58,403.76,1,1673.04
41851,10,51.63,19.35,18.17,41.39,398.89,1,1674.04
41876,10,51.66,19.33,18.3,42.59,433.19,1,1675.04
41901,10,51.62,19.15,18.62,42.4,450.22,1,1676.04
41926,10,51.67,18.83,19.12,42.59,480.08,1,1677.04
41951,10,51.79,18.56,19.68,43.22,523.77,1,1678.04
41976,10,51.96,18.4,20.06,43.96,566.52,1,1679.04
42001,10,52.19,18.25,20.69,44.63,604.42,1,1680.04
42026,10,52.44,18.07,21.22,45.39,654.17,1,1681.04
42051,10,52.7,17.95,21.99,46.35,713.64,1,1682.04
42076,10,53.0,17.95,22.88,47.39,778.48,1,1683.04
42101,10,53.22,17.87,23.11,48.29,838.83,1,1684.04
42126,10,53.54,18.03,24.79,50.06,924.57,1,1685.04
42151,10,53.67,18.3,24.86,50.84,965.12,1,1686.04
42176,10,53.77,18.58,24.8,51.54,999.36,1,1687.04
42201,10,53.89,18.99,24.65,52.44,1050.04,1,1688.04
42226,10,54.07,19.48,24.85,53.26,1093.05,1,1689.04
42251,10,54.34,19.97,25.54,53.98,1127.67,1,1690.04
42276,10,54.71,20.5,26.37,54.64,1158.59,1,1691.04
42301,10,55.15,21.04,27.31,55.2,1181.08,1,1692.04
42326,10,55.63,21.58,28.34,55.83,1199.85,1,1693.04
42351,10,56.12,22.05,29.51,56.56,1218.44,1,1694.04
42376,10,56.61,22.5,30.7,57.27,1234.33,1,1695.04
42401,10,57.07,22.89,32.0,58.2,1248.9,1,1696.04
42426,10,57.49,23.3,33.11,59.24,1264.08,1,1697.04
42451,10,57.84,23.69,33.59,60.01,1284.72,1,1698.04
42476,10,58.1,23.9,33.95,60.37,1323.36,1,1699.04
42501,10,57.96,23.87,34.62,60.23,1390.66,1,1700.04
42526,10,57.12,23.85,35.3,60.03,1477.63,1,1701.04
42551,10,55.7,24.09,36.2,60.14,1574.21,1,1702.04
42576,10,54.03,24.66,36.79,60.75,1652.19,1,1703.04
42601,10,52.39,25.23,37.5,61.66,1698.59,1,1704.04
42626,10,51.23,25.17,37.06,62.36,1741.82,1,1705.04
42651,10,50.67,24.64,35.2,62.49,1740.12,1,1706.04
42676,10,50.78,24.17,36.37,61.64,1742.22,1,1707.04
42701,10,52.12,23.72,39.26,59.7,1723.88,1,1708.04
42726,10,54.39,23.08,40.57,56.86,1645.81,1,1709.04
42751,10,56.39,22.13,40.74,53.75,1544.93,1,1710.04
42776,10,57.74,21.18,39.97,51.16,1453.74,1,1711.04
42801,10,58.66,20.46,39.08,49.26,1385.9,1,1712.04
42826,10,59.35,19.84,38.24,48.08,1335.46,1,1713.04
42851,10,59.98,19.32,37.61,47.07,1295.63,1,1714.04
42876,10,60.58,18.87,37.13,46.45,1272.33,1,1715.04
42901,10,61.14,18.45,36.67,46.12,1258.77,1,1716.04
42926,10,61.62,17.99,36.17,45.98,1248.38,1,1717.04
42951,10,62.01,17.55,35.65,45.92,1234.52,1,1718.04
42976,10,62.35,17.2,35.36,45.98,1220.44,1,1719.04
43001,10,62.71,16.87,35.25,46.05,1206.79,1,1720.04
43026,10,63.03,16.46,35.05,46.12,1199.5,1,1721.04
43051,10,63.31,16.04,34.65,46.1,1188.1,1,1722.04
43076,10,63.63,15.63,33.95,45.95,1159.97,1,1723.04
43101,10,63.89,15.18,33.14,45.25,1104.97,1,1724.04
43126,10,63.86,14.77,32.46,43.88,1027.24,1,1725.04
43151,10,63.44,14.75,31.75,42.57,951.14,1,1726.04
43176,10,62.49,15.21,31.12,42.1,891.79,1,1727.04
43201,10,60.98,16.28,31.42,42.67,904.09,1,1728.04
43226,10,59.16,17.82,32.35,44.23,965.9,1,1729.04
43251,10,57.44,18.98,32.44,46.2,1010.4,1,1730.04
43276,10,56.72,19.58,31.22,47.75,1007.91,1,1731.04
43301,10,57.58,19.82,31.92,47.19,1043.47,1,1732.04
43326,10,59.4,19.53,33.93,44.88,1094.01,1,1733.04
43351,10,60.61,19.15,33.26,42.48,1057.7,1,1734.04
43376,10,60.44,18.54,32.32,40.99,1002.93,1,1735.04
43401,10,58.89,17.69,33.76,40.34,1002.74,1,1736.04
43426,10,56.3,16.58,36.57,40.43,1041.32,1,1737.04
43451,10,53.49,15.71,36.49,40.37,1032.32,1,1738.04
43476,10,51.54,14.87,34.09,40.02,966.23,1,1739.04
43501,10,49.81,14.29,32.99,39.9,909.61,1,1740.04
43526,10,48.56,14.13,32.46,39.89,893.59,1,1741.04
43551,10,48.3,14.16,32.52,39.96,892.12,1,1742.04
43576,10,48.53,14.27,32.42,40.06,885.97,1,1743.04
43601,10,48.97,14.36,32.36,39.84,887.71,1,1744.04
43626,10,49.52,14.38,32.23,39.43,897.98,1,1745.04
43651,10,50.11,14.35,32.53,39.01,901.61,1,1746.04
43676,10,50.71,14.29,32.63,38.34,893.05,1,1747.04
43701,10,51.3,14.21,32.7,37.63,886.86,1,1748.04
43726,10,51.83,14.14,33.0,37.93,886.5,1,1749.04
43751,10,52.33,14.11,33.53,38.43,896.86,1,1750.04
43776,10,52.79,14.19,34.2,39.03,931.19,1,1751.04
43801,10,53.17,14.3,34.97,39.46,973.29,1,1752.04
43826,10,53.44,14.36,35.66,39.38,1005.29,1,1753.04
43851,10,53.68,14.39,36.17,38.8,1031.42,1,1754.04
43876,10,53.86,14.53,36.48,38.83,1054.86,1,1755.04
43901,10,53.93,14.86,36.85,39.5,1088.8,1,1756.04
43926,10,53.93,15.27,37.26,40.1,1123.77,1,1757.04
43951,10,53.87,15.78,37.65,40.88,1162.81,1,1758.04
43976,10,53.77,16.3,37.89,41.97,1202.37,1,1759.04
44001,10,53.6,16.8,38.01,43.2,1238.83,1,1760.04
44026,10,53.33,17.12,37.94,44.56,1265.5,1,1761.04
44051,10,53.03,17.38,38.16,45.98,1294.52,1,1762.04
44076,10,52.79,17.65,38.87,47.33,1326.62,1,1763.04
44101,10,52.58,17.89,39.57,48.52,1372.07,1,1764.04
44126,10,52.39,18.16,39.91,49.73,1415.94,1,1765.04
44151,10,52.24,18.43,39.47,50.89,1430.45,1,1766.04
44176,10,52.12,18.69,38.26,52.2,1422.69,1,1767.04
44201,10,52.0,18.96,36.64,53.31,1401.86,1,1768.04
44226,10,51.85,19.23,34.94,54.17,1378.79,1,1769.04
44251,10,51.88,19.44,34.72,54.3,1363.57,1,1770.04
44276,10,52.39,19.59,34.67,52.58,1346.25,1,1771.04
44301,10,53.6,20.15,36.7,51.04,1350.82,1,1772.04
44326,10,55.84,21.28,41.7,48.84,1358.31,1,1773.04
44351,10,58.8,22.64,46.52,44.39,1309.11,1,1774.04
44376,10,61.67,24.18,50.1,44.81,1303.7,1,1775.04
44401,10,63.86,25.85,50.06,46.21,1273.76,1,1776.04
44426,10,65.58,27.52,46.99,47.83,1276.67,1,1777.04
44451,10,66.88,29.82,42.82,50.24,1323.22,1,1778.04
44476,10,67.43,32.44,40.52,52.75,1331.58,1,1779.04
44501,10,67.42,34.49,37.48,56.35,1282.4,1,1780.04
44526,10,67.32,35.9,34.32,60.88,1219.97,1,1781.04
44551,10,67.72,36.77,35.77,63.23,1238.92,1,1782.04
44576,10,68.42,37.28,38.17,64.05,1287.87,1,1783.04
44601,10,68.65,37.79,37.39,64.33,1246.86,1,1784.04
44626,10,68.27,38.43,34.79,64.43,1147.78,1,1785.04
44651,10,67.23,38.77,32.32,63.76,1081.53,1,1786.04
44676,10,65.48,38.79,32.14,62.03,1101.64,1,1787.04
44701,10,63.27,38.54,32.87,60.89,1158.13,1,1788.04
44726,10,60.79,37.74,33.59,60.65,1188.78,1,1789.04
44751,10,58.27,36.34,34.12,59.81,1175.24,1,1790.04
44776,10,55.91,34.46,33.72,58.1,1217.38,1,1791.04
44801,10,53.94,32.37,31.92,55.98,1281.47,1,1792.04
44826,10,52.37,30.43,30.48,56.29,1274.16,1,1793.04
44851,10,50.76,28.74,29.98,56.46,1282.11,1,1794.04
44876,10,49.16,27.28,31.44,56.68,1304.72,1,1795.04
44901,10,47.88,26.08,32.41,56.77,1335.73,1,1796.04
44926,10,46.93,25.17,32.37,56.78,1348.76,1,1797.04
44951,10,46.16,24.32,31.64,56.62,1339.72,1,1798.04
44976,10,45.42,23.5,30.97,56.81,1339.27,1,1799.04
45001,10,44.76,22.77,30.4,56.61,1334.51,1,1800.04
45026,10,44.21,22.07,29.74,56.0,1319.59,1,1801.04
45051,10,43.89,21.31,29.05,55.31,1296.22,1,1802.04
45076,10,43.8,20.49,28.55,54.78,1268.72,1,1803.04
45101,10,43.79,19.63,28.45,54.57,1237.29,1,1804.04
45126,10,43.58,18.75,28.81,54.12,1198.52,1,1805.04
45151,10,43.06,18.2,28.97,52.9,1158.29,1,1806.04
45176,10,42.47,18.24,29.95,52.57,1129.79,1,1807.04
45201,10,41.89,18.57,31.11,52.66,1144.76,1,1808.04
45226,10,41.53,18.84,31.38,52.61,1141.53,1,1809.04
45251,10,41.65,19.02,30.54,52.69,1127.37,1,1810.04
45276,10,42.1,19.2,29.58,52.96,1122.28,1,1811.04
45301,10,42.67,19.45,29.13,53.16,1139.93,1,1812.04
45326,10,43.23,19.75,29.76,53.47,1180.92,1,1813.04
45351,10,43.77,20.08,30.86,53.91,1219.59,1,1814.04
45376,10,44.31,20.39,31.84,54.56,1252.42,1,1815.04
45401,10,44.76,20.72,32.75,55.32,1291.48,1,1816.04
45426,10,45.13,21.07,33.49,56.22,1331.35,1,1817.04
45451,10,45.43,21.49,34.19,57.29,1370.64,1,1818.04
45476,10,45.6,21.94,35.35,58.36,1429.6,1,1819.04
45501,10,45.69,22.37,36.63,59.25,1498.23,1,1820.04
45526,10,45.8,22.77,37.14,59.36,1537.1,1,1821.04
45551,10,46.05,23.08,36.95,58.82,1527.79,1,1822.04
45576,10,46.44,23.3,36.56,58.49,1507.53,1,1823.04
45601,10,46.88,23.43,36.02,57.99,1478.01,1,1824.04
45626,10,47.24,23.52,35.23,57.33,1440.07,1,1825.04
45651,10,47.42,23.69,34.59,56.71,1403.42,1,1826.04
45676,10,47.31,23.76,34.13,56.17,1365.88,1,1827.04
45701,10,47.04,23.59,34.12,55.6,1339.5,1,1828.04
45726,10,46.98,23.36,34.24,55.07,1326.05,1,1829.04
45751,10,47.2,23.01,35.14,54.81,1352.2,1,1830.04
45776,10,47.42,22.69,36.68,55.2,1418.66,1,1831.04
45801,10,47.29,22.42,36.11,55.94,1436.15,1,1832.04
45826,10,47.46,22.04,36.31,56.35,1460.3,1,1833.04
45851,10,48.62,21.79,39.11,55.79,1526.58,1,1834.04
45876,10,50.64,21.69,41.37,54.6,1552.93,1,1835.04
45901,10,53.21,21.42,41.53,53.19,1502.38,1,1836.04
45926,10,55.9,20.97,40.73,51.55,1433.23,1,1837.04
45951,10,58.74,20.39,41.46,49.93,1400.39,1,1838.04
45976,10,61.69,19.49,44.84,48.15,1438.39,1,1839.04
46001,10,64.29,18.19,48.65,46.38,1491.73,1,1840.04
46026,10,66.08,16.78,49.8,45.2,1494.5,1,1841.04
46051,10,67.02,15.74,48.71,44.48,1450.05,1,1842.04
46076,10,67.6,15.2,47.56,43.87,1394.95,1,1843.04
46101,10,67.92,14.86,46.97,43.22,1350.73,1,1844.04
46126,10,67.98,14.66,46.59,42.8,1345.02,1,1845.04
46151,10,67.85,14.57,46.25,43.31,1339.2,1,1846.04
46176,10,67.49,14.64,46.17,43.63,1330.17,1,1847.04
46201,10,67.06,14.77,46.28,44.05,1325.78,1,1848.04
46226,10,66.61,14.83,46.09,44.57,1324.44,1,1849.04
46251,10,66.18,14.68,45.3,44.65,1309.59,1,1850.04
46276,10,65.97,14.57,44.42,44.06,1280.39,1,1851.04
46301,10,66.23,14.73,43.78,43.39,1254.56,1,1852.04
46326,10,66.97,14.9,42.95,42.74,1233.51,1,1853.04
46351,10,67.85,14.88,41.57,42.19,1201.49,1,1854.04
46376,10,68.68,14.7,39.86,41.83,1162.44,1,1855.04
46401,10,69.42,14.16,38.27,41.56,1144.57,1,1856.04
46426,10,70.2,13.55,41.05,41.65,1195.74,1,1857.04
46451,10,70.85,13.18,42.37,41.76,1224.79,1,1858.04
46476,10,70.87,13.15,38.32,41.88,1168.79,1,1859.04
46501,10,70.58,13.54,37.61,42.32,1161.51,1,1860.04
46526,10,69.68,13.96,36.65,42.77,1147.76,1,1861.04
46551,10,68.34,14.03,34.85,43.04,1114.42,1,1862.04
46576,10,66.61,13.77,33.72,42.67,1068.24,1,1863.04
46601,10,64.84,13.41,33.66,41.28,1002.95,1,1864.04
46626,10,63.26,13.0,34.02,39.53,928.13,1,1865.04
46651,10,61.96,12.7,33.76,37.89,857.22,1,1866.04
46676,10,60.83,12.62,33.18,36.87,800.81,1,1867.04
46701,10,59.79,12.68,32.45,36.34,759.7,1,1868.04
46726,10,58.89,12.84,31.47,35.6,719.43,1,1869.04
46751,10,58.05,13.17,30.59,35.25,689.77,1,1870.04
46776,10,57.16,13.65,29.99,35.08,674.01,1,1871.04
46801,10,56.24,14.14,29.53,34.74,656.22,1,1872.04
46826,10,55.33,14.58,29.04,34.19,634.27,1,1873.04
46851,10,54.41,15.01,28.6,33.64,611.78,1,1874.04
46876,10,53.61,15.09,28.14,33.25,591.27,1,1875.04
46901,10,52.93,14.82,27.75,32.98,576.45,1,1876.04
46926,10,52.35,14.57,27.7,32.9,578.46,1,1877.04
46951,10,51.97,14.44,28.35,33.0,595.89,1,1878.04
46976,10,51.8,14.42,29.59,33.19,620.21,1,1879.04
47001,10,51.75,14.41,30.8,33.16,650.1,1,1880.04
47026,10,51.75,14.27,31.55,32.53,668.25,1,1881.04
47051,10,51.83,14.16,31.57,31.5,658.43,1,1882.04
47076,10,52.23,14.2,31.29,30.01,629.62,1,1883.04
47101,10,52.73,14.11,30.58,29.23,604.55,1,1884.04
47126,10,53.07,13.92,30.49,28.4,593.82,1,1885.04
47151,10,53.39,14.12,30.55,27.59,587.79,1,1886.04
47176,10,53.92,15.36,30.04,27.97,582.2,1,1887.04
47201,10,54.2,17.79,29.35,28.95,561.86,1,1888.04
47226,10,53.75,21.12,28.73,30.46,572.72,1,1889.04
47251,10,52.36,24.71,27.92,31.99,589.46,1,1890.04
47276,10,50.02,28.19,27.35,33.37,613.21,1,1891.04
47301,10,46.91,31.27,28.6,35.06,665.86,1,1892.04
47326,10,43.53,33.86,30.68,36.11,725.22,1,1893.04
47351,10,40.2,36.52,31.69,36.07,757.66,1,1894.04
47376,10,36.83,39.01,32.93,34.75,773.56,1,1895.04
47401,10,33.31,40.79,33.93,34.75,769.79,1,1896.04
47426,10,30.35,41.81,34.11,35.64,753.97,1,1897.04
47451,10,29.16,42.27,32.52,35.48,709.08,1,1898.04
47476,10,29.17,42.21,29.64,34.25,608.8,1,1899.04
47501,10,29.31,41.5,26.93,33.43,522.55,1,1900.04
47526,10,29.44,39.86,24.45,33.26,482.01,1,1901.04
47551,10,29.44,37.19,22.44,33.16,474.3,1,1902.04
47576,10,29.35,34.2,21.32,32.31,488.98,1,1903.04
47601,10,29.4,31.61,20.9,34.91,517.65,1,1904.04
47626,10,29.41,30.45,21.66,36.34,564.17,1,1905.04
47651,10,28.72,31.34,22.93,36.51,611.96,1,1906.04
47676,10,27.52,33.59,23.69,36.69,640.62,1,1907.04
47701,10,26.33,35.91,24.44,36.86,662.66,1,1908.04
47726,10,25.88,37.73,24.58,37.64,675.48,1,1909.04
47751,10,26.67,39.06,23.33,38.0,653.53,1,1910.04
47776,10,28.14,40.17,21.75,36.76,615.37,1,1911.04
47801,10,29.71,40.7,21.3,34.44,581.25,1,1912.04
47826,10,31.38,39.92,22.12,33.08,562.77,1,1913.04
47851,10,33.29,38.12,24.26,33.34,575.3,1,1914.04
47876,10,35.01,35.92,25.61,34.49,599.81,1,1915.04
47901,10,35.93,33.14,24.77,35.23,614.91,1,1916.04
47926,10,35.83,30.15,24.08,38.03,644.88,1,1917.04
47951,10,35.37,27.65,22.93,40.08,665.03,1,1918.04
47976,10,35.81,26.55,22.94,39.59,666.51,1,1919.04
48001,10,37.89,26.99,24.68,37.91,663.45,1,1920.04
48026,10,40.84,28.15,27.0,36.63,676.71,1,1921.04
48051,10,43.83,29.99,28.8,35.96,703.57,1,1922.04
48076,10,46.33,32.58,29.79,35.51,734.25,1,1923.04
48101,10,48.21,35.56,30.65,35.15,771.41,1,1924.04
48126,10,49.34,38.73,31.99,34.85,811.43,1,1925.04
48151,10,50.01,41.32,32.0,36.27,803.44,1,1926.04
48176,10,50.92,42.99,31.03,37.86,776.9,1,1927.04
48201,10,51.74,44.39,30.52,39.63,798.55,1,1928.04
48226,10,51.56,45.36,30.59,39.47,810.46,1,1929.04
48251,10,49.59,45.76,32.4,38.3,823.32,1,1930.04
48276,10,46.36,45.74,35.13,38.83,891.79,1,1931.04
48301,10,42.88,45.78,37.7,39.66,977.77,1,1932.04
48326,10,39.52,45.94,40.16,39.08,1028.92,1,1933.04
48351,10,36.44,45.92,42.38,37.23,1036.96,1,1934.04
48376,10,33.73,45.91,43.14,35.41,1058.1,1,1935.04
48401,10,31.58,45.8,43.08,34.0,1062.11,1,1936.04
48426,10,30.19,45.69,42.54,34.32,1067.37,1,1937.04
48451,10,29.73,45.26,40.3,35.17,1030.49,1,1938.04
48476,10,29.44,44.43,37.27,35.09,953.49,1,1939.04
48501,10,28.19,43.81,35.31,34.86,902.86,1,1940.04
48526,10,25.59,43.74,35.12,34.64,906.82,1,1941.04
48551,10,23.1,43.76,35.65,32.43,895.28,1,1942.04
48576,10,22.58,43.53,35.01,28.35,820.85,1,1943.04
48601,10,23.85,42.86,32.97,29.17,806.22,1,1944.04
48626,10,25.63,41.99,32.98,31.15,834.14,1,1945.04
48651,10,27.26,41.12,33.08,32.72,860.63,1,1946.04
48676,10,28.86,40.05,33.06,35.29,921.08,1,1947.04
48701,10,31.31,39.04,33.46,37.2,1026.71,1,1948.04
48726,10,35.04,38.0,34.44,40.33,1161.35,1,1949.04
48751,10,39.28,36.71,35.37,43.63,1275.47,1,1950.04
48776,10,43.44,35.27,35.77,46.58,1343.79,1,1951.04
48801,10,47.6,33.75,35.72,47.9,1351.59,1,1952.04
48826,10,51.9,32.56,35.45,47.57,1352.84,1,1953.04
48851,10,56.19,31.63,35.24,46.48,1342.5,1,1954.04
48876,10,60.47,30.84,35.41,48.66,1314.39,1,1955.04
48901,10,64.7,30.35,36.3,50.29,1353.12,1,1956.04
48926,10,68.87,30.38,37.22,48.73,1359.71,1,1957.04
48951,10,72.84,30.59,39.15,44.33,1332.51,1,1958.04
48976,10,76.2,30.36,43.35,41.13,1334.37,1,1959.04
49001,10,78.18,29.62,45.93,39.86,1331.85,1,1960.04
49026,10,78.75,28.71,45.98,39.32,1306.89,1,1961.04
49051,10,78.56,28.05,45.31,39.23,1273.31,1,1962.04
49076,10,78.02,27.62,44.36,38.68,1225.9,1,1963.04
49101,10,77.34,27.29,43.48,38.0,1184.79,1,1964.04
49126,10,76.61,26.94,43.05,37.34,1148.97,1,1965.04
49151,10,75.86,26.4,43.22,37.64,1139.32,1,1966.04
49176,10,75.09,25.82,43.41,38.22,1139.82,1,1967.04
49201,10,74.32,25.36,43.8,38.2,1141.93,1,1968.04
49226,10,73.59,24.91,44.76,38.92,1159.31,1,1969.04
49251,10,72.87,24.45,46.23,40.18,1195.53,1,1970.04
49276,10,72.13,23.95,47.75,41.04,1232.86,1,1971.04
49301,10,71.42,23.52,48.9,41.72,1266.25,1,1972.04
49326,10,70.7,23.14,49.92,42.76,1304.33,1,1973.04
49351,10,69.85,22.87,50.12,43.66,1308.14,1,1974.04
49376,10,69.03,22.79,50.9,44.71,1322.32,1,1975.04
49401,10,68.17,22.8,51.76,45.12,1322.88,1,1976.04
49426,10,67.28,22.74,52.36,45.13,1300.68,1,1977.04
49451,10,66.45,22.73,53.01,44.94,1285.23,1,1978.04
49476,10,65.73,22.73,53.58,44.79,1270.43,1,1979.04
49501,10,65.14,22.65,53.89,44.73,1257.05,1,1980.04
49526,10,64.58,22.56,53.94,44.57,1244.16,1,1981.04
49551,10,64.01,22.56,53.36,44.23,1221.25,1,1982.04
49576,10,63.42,22.58,52.24,43.49,1193.19,1,1983.04
49601,10,62.88,22.64,51.12,42.19,1171.5,1,1984.04
49626,10,62.47,22.69,49.9,41.28,1162.18,1,1985.04
49651,10,62.13,22.74,48.61,40.81,1153.84,1,1986.04
49676,10,61.79,22.78,47.13,39.96,1138.06,1,1987.04
49701,10,61.44,22.79,45.91,39.42,1114.12,1,1988.04
49726,10,61.07,22.8,44.5,38.32,1085.66,1,1989.04
49751,10,60.72,22.79,42.74,37.02,1052.94,1,1990.04
49776,10,60.41,22.77,40.82,35.98,1026.16,1,1991.04
49801,10,60.13,22.74,39.15,35.15,1002.67,1,1992.04
49826,10,59.83,22.71,37.86,34.6,983.97,1,1993.04
49851,10,59.55,22.71,36.24,34.73,971.23,1,1994.04
49876,10,59.34,22.76,34.76,35.05,950.99,1,1995.04
49901,10,59.11,22.9,33.31,35.22,930.4,1,1996.04
49926,10,58.81,22.94,31.84,35.28,918.55,1,1997.04
49951,10,58.5,22.84,31.95,35.25,909.94,1,1998.04
49976,10,58.13,22.67,32.8,35.17,901.27,1,1999.04
50001,10,57.68,22.54,33.35,34.93,881.26,1,2000.04
50026,10,57.23,22.36,33.37,34.57,850.57,1,2001.04
50051,10,56.86,22.14,32.99,34.33,814.67,1,2002.04
50076,10,56.52,21.98,32.36,33.83,768.27,1,2003.04
50101,10,56.18,21.86,31.81,33.21,727.76,1,2004.04
50126,10,55.92,21.75,31.55,32.51,700.13,1,2005.04
50151,10,55.66,21.69,31.25,31.91,675.63,1,2006.04
50176,10,55.32,21.7,30.64,31.59,646.98,1,2007.04
50201,10,55.06,21.73,29.88,31.7,620.19,1,2008.04
50226,10,54.91,21.72,29.27,32.13,606.32,1,2009.04
50251,10,54.96,21.59,29.3,32.56,615.09,1,2010.04
50276,10,55.36,21.35,29.92,32.89,640.25,1,2011.04
50301,10,56.19,21.12,30.55,33.15,666.28,1,2012.04
50326,10,57.2,21.0,31.38,33.25,704.91,1,2013.04
50351,10,57.88,21.03,32.5,33.36,763.35,1,2014.04
50376,10,57.93,21.17,33.48,33.77,803.59,1,2015.04
50401,10,57.46,21.37,33.72,34.16,824.17,1,2016.04
50426,10,56.66,21.54,33.13,34.06,816.65,1,2017.04
50451,10,55.65,21.62,32.12,33.35,781.09,1,2018.04
50476,10,54.5,21.67,30.5,32.59,729.25,1,2019.04
50501,10,53.31,21.58,28.48,31.95,671.17,1,2020.04
50526,10,52.17,21.35,26.7,31.23,617.59,1,2021.04
50551,10,50.88,21.09,25.73,30.59,585.98,1,2022.04
50576,10,49.22,20.63,26.59,30.1,592.87,1,2023.04
50601,10,47.31,19.69,27.58,31.26,631.61,1,2024.04
50626,10,45.52,18.56,28.69,33.93,709.05,1,2025.04
50651,10,44.06,17.78,30.31,36.09,788.26,1,2026.04
50676,10,43.06,17.48,31.46,37.73,850.0,1,2027.04
50701,10,42.44,17.47,31.94,39.16,903.92,1,2028.04
50726,10,42.03,17.59,32.38,39.73,956.91,1,2029.04
50751,10,41.71,17.77,34.23,40.07,1017.84,1,2030.04
50776,10,41.48,17.93,36.12,41.33,1089.54,1,2031.04
50801,10,41.29,18.02,37.44,42.86,1170.43,1,2032.04
50826,10,41.21,18.08,37.93,44.3,1234.16,1,2033.04
50851,10,41.33,18.27,37.76,45.43,1268.85,1,2034.04
50876,10,41.62,18.43,37.02,46.39,1267.93,1,2035.04
50901,10,42.03,18.65,36.09,47.3,1219.32,1,2036.04
50926,10,42.28,19.04,35.21,47.97,1176.26,1,2037.04
50951,10,42.46,19.22,34.01,48.33,1136.93,1,2038.04
50976,10,42.64,19.11,32.45,48.49,1096.39,1,2039.04
51001,10,42.9,18.9,30.71,48.49,1055.99,1,2040.04
51026,10,43.26,18.59,29.22,48.51,1021.49,1,2041.04
51051,10,43.92,18.32,27.6,48.72,976.63,1,2042.04
51076,10,44.73,18.22,25.67,48.86,875.71,1,2043.04
51101,10,45.33,18.33,27.1,48.59,920.63,1,2044.04
51126,10,45.76,19.21,28.88,48.14,963.31,1,2045.04
51151,10,46.16,20.73,28.68,47.78,956.17,1,2046.04
51176,10,47.22,21.78,27.83,47.39,954.49,1,2047.04
51201,10,49.34,21.78,27.88,46.84,995.71,1,2048.04
51226,10,51.42,20.96,27.73,47.88,1030.3,1,2049.04
51251,10,52.67,20.12,27.84,47.19,1020.24,1,2050.04
51276,10,53.29,19.6,26.79,45.48,981.65,1,2051.04
51301,10,53.71,19.28,25.86,44.03,949.04,1,2052.04
51326,10,54.24,19.05,26.4,44.66,941.29,1,2053.04
51351,10,54.82,18.73,27.42,45.33,961.68,1,2054.04
51376,10,55.36,18.31,28.72,45.53,987.87,1,2055.04
51401,10,55.83,17.91,30.18,45.53,1016.09,1,2056.04
51426,10,56.23,17.62,31.62,45.8,1054.56,1,2057.04
51451,10,56.54,17.49,32.84,45.73,1090.46,1,2058.04
51476,10,56.65,17.43,33.73,45.57,1130.62,1,2059.04
51501,10,56.21,17.42,33.79,46.25,1176.47,1,2060.04
51526,10,55.41,17.46,34.13,47.21,1198.79,1,2061.04
51551,10,54.56,17.58,33.63,47.9,1200.19,1,2062.04
51576,10,53.44,18.33,33.31,48.63,1247.52,1,2063.04
51601,10,51.83,19.98,35.14,50.47,1366.37,1,2064.04
51626,10,50.14,22.26,38.03,52.91,1481.4,1,2065.04
51651,10,48.63,24.69,39.81,55.27,1562.22,1,2066.04
51676,10,47.2,27.03,39.66,57.27,1626.03,1,2067.04
51701,10,46.01,29.32,39.86,57.96,1675.5,1,2068.04
51726,10,44.73,31.22,40.08,55.95,1669.49,1,2069.04
51751,10,42.6,32.57,39.18,52.98,1565.24,1,2070.04
51776,10,40.73,33.08,36.97,49.83,1386.0,1,2071.04
51801,10,41.1,32.65,34.56,47.21,1232.2,1,2072.04
51826,10,43.65,31.81,33.88,46.44,1173.92,1,2073.04
51851,10,46.63,30.75,33.23,47.84,1153.31,1,2074.04
51876,10,49.23,29.39,32.65,49.37,1164.24,1,2075.04
51901,10,51.97,28.05,31.99,50.93,1173.97,1,2076.04
51926,10,54.97,27.09,31.83,51.54,1189.86,1,2077.04
51951,10,57.9,26.71,31.75,50.79,1180.46,1,2078.04
51976,10,60.57,26.47,32.06,49.37,1164.92,1,2079.04
52001,10,62.75,26.21,33.44,49.08,1211.85,1,2080.04
52026,10,64.36,26.0,34.24,50.25,1275.44,1,2081.04
52051,10,65.36,25.81,33.85,51.89,1310.74,1,2082.04
52076,10,65.78,26.0,33.43,53.51,1333.21,1,2083.04
52101,10,65.78,26.58,33.17,54.95,1341.72,1,2084.04
52126,10,65.91,27.78,32.85,56.49,1327.18,1,2085.04
52151,10,66.73,29.87,32.3,58.21,1308.36,1,2086.04
52176,10,68.02,32.31,31.58,59.44,1293.01,1,2087.04
52201,10,69.33,34.42,31.19,58.39,1252.94,1,2088.04
52226,10,70.41,36.05,31.37,55.8,1187.77,1,2089.04
52251,10,71.32,37.13,31.91,51.0,1115.96,1,2090.04
52276,10,72.29,37.8,34.22,44.91,1071.02,1,2091.04
52301,10,72.72,38.16,35.53,44.32,1046.24,1,2092.04
52326,10,72.09,38.37,33.48,46.77,1032.22,1,2093.04
52351,10,70.74,38.18,31.68,48.65,1003.25,1,2094.04
52376,10,69.58,37.39,29.98,49.18,957.72,1,2095.04
52401,10,69.01,36.72,28.38,48.97,934.44,1,2096.04
52426,10,68.79,36.27,26.41,48.9,916.04,1,2097.04
52451,10,68.72,36.08,24.82,48.7,895.69,1,2098.04
52476,10,68.76,36.02,24.14,48.18,860.56,1,2099.04
52501,9,67.83,34.23,23.42,47.71,723.95,1,2100.04
52526,10,68.99,36.62,22.56,49.06,811.14,1,2101.04
52551,10,69.19,36.83,21.42,50.84,782.66,1,2102.04
52576,10,69.37,37.03,20.08,52.08,751.44,1,2103.04
52601,10,69.47,37.12,18.84,53.05,708.79,1,2104.04
52626,10,69.57,37.2,17.85,53.87,668.77,1,2105.04
52651,10,69.68,37.39,17.44,54.12,634.84,1,2106.04
52676,10,69.68,37.7,17.86,53.85,609.97,1,2107.04
52701,10,69.51,38.13,18.31,53.47,591.65,1,2108.04
52726,10,69.32,38.52,18.53,52.93,578.93,1,2109.04
52751,10,69.17,38.8,18.71,52.28,583.25,1,2110.04
52776,10,68.94,38.83,19.37,51.75,621.0,1,2111.04
52801,10,68.6,38.73,20.47,50.94,667.56,1,2112.04
52826,10,68.27,38.67,21.7,50.07,712.37,1,2113.04
52851,10,68.03,38.62,22.98,49.65,756.06,1,2114.04
52876,10,67.75,38.5,24.35,48.7,782.33,1,2115.04
52901,10,67.49,38.47,25.67,47.6,798.15,1,2116.04
52926,10,67.31,38.51,26.9,46.76,815.55,1,2117.04
52951,10,67.2,38.42,28.16,46.1,853.88,1,2118.04
52976,10,67.09,38.28,29.41,46.06,880.64,1,2119.04
53001,10,67.01,38.15,30.4,46.86,909.7,1,2120.04
53026,10,67.05,37.92,30.26,47.6,920.61,1,2121.04
53051,10,67.21,37.79,29.16,48.04,900.99,1,2122.04
53076,10,67.4,37.75,28.58,48.85,890.16,1,2123.04
53101,10,67.63,37.65,28.61,49.86,880.68,1,2124.04
53126,10,67.9,37.57,28.28,50.92,884.23,1,2125.04
53151,10,68.12,37.62,27.53,52.21,881.55,1,2126.04
53176,10,68.3,37.75,26.57,53.67,869.44,1,2127.04
53201,10,68.49,37.84,25.41,55.29,850.0,1,2128.04
53226,10,68.76,37.88,24.52,56.93,837.94,1,2129.04
53251,10,69.15,37.88,24.43,58.16,842.62,1,2130.04
53276,10,69.61,37.83,24.74,59.2,850.86,1,2131.04
53301,10,70.04,37.51,25.9,60.25,861.75,1,2132.04
53326,10,70.78,37.18,27.97,60.74,908.67,1,2133.04
53351,10,71.99,36.89,29.21,59.18,1033.15,1,2134.04
53376,10,73.63,36.74,33.04,54.27,1104.45,1,2135.04
53401,10,74.99,36.53,35.25,46.86,1119.22,1,2136.04
53426,10,75.6,36.09,35.82,39.69,979.69,1,2137.04
53451,10,75.88,35.65,36.14,34.84,854.58,1,2138.04
53476,10,76.01,34.68,35.62,36.46,819.64,1,2139.04
53501,10,76.28,33.17,33.05,39.95,840.07,1,2140.04
53526,10,77.04,32.06,34.36,41.31,844.98,1,2141.04
53551,10,78.15,31.29,36.67,39.91,887.63,1,2142.04
53576,10,79.52,30.85,38.8,37.69,966.94,1,2143.04
53601,10,81.58,31.01,44.7,35.38,1009.25,1,2144.04
53626,10,83.78,31.48,48.96,33.02,1004.12,1,2145.04
53651,10,85.23,32.07,50.45,31.77,1005.35,1,2146.04
53676,10,85.95,32.9,50.75,32.8,1077.47,1,2147.04
53701,10,85.87,33.67,49.8,33.75,1138.05,1,2148.04
53726,10,85.38,34.03,47.05,34.05,1155.78,1,2149.04
53751,10,84.74,33.99,42.87,33.12,1122.53,1,2150.04
53776,10,84.24,33.24,42.1,36.32,1172.09,1,2151.04
53801,10,83.75,32.43,41.28,39.55,1230.95,1,2152.04
53826,10,83.0,31.55,40.47,41.3,1264.09,1,2153.04
53851,10,82.15,30.5,39.72,42.36,1295.15,1,2154.04
53876,10,81.25,29.38,39.15,44.55,1332.75,1,2155.04
53901,10,80.18,28.2,38.58,47.87,1364.71,1,2156.04
53926,10,79.15,27.17,38.07,50.3,1371.01,1,2157.04
53951,10,78.22,26.27,37.17,51.13,1340.94,1,2158.04
53976,10,77.38,25.43,35.83,50.47,1275.72,1,2159.04
54001,10,76.63,24.68,34.44,49.52,1206.38,1,2160.04
54026,10,75.99,23.97,33.45,48.67,1154.25,1,2161.04
54051,10,75.47,23.35,32.9,47.79,1113.47,1,2162.04
54076,10,75.06,22.91,32.71,46.81,1082.14,1,2163.04
54101,10,74.68,22.65,32.45,45.6,1046.95,1,2164.04
54126,10,74.31,22.52,31.79,44.31,1006.97,1,2165.04
54151,10,73.98,22.38,30.86,42.95,968.74,1,2166.04
54176,10,73.75,22.18,29.8,43.04,934.85,1,2167.04
54201,10,73.7,21.91,28.76,44.0,943.68,1,2168.04
54226,10,73.68,21.46,27.68,44.74,965.41,1,2169.04
54251,10,73.72,20.92,28.38,45.17,977.28,1,2170.04
54276,10,73.94,20.39,30.4,45.45,997.43,1,2171.04
54301,10,74.14,19.92,32.77,44.84,1013.24,1,2172.04
54326,10,73.9,19.59,32.52,43.85,1017.97,1,2173.04
54351,10,72.92,19.41,30.19,42.44,995.66,1,2174.04
54376,10,71.57,19.65,28.18,43.44,971.48,1,2175.04
54401,10,69.96,20.34,26.87,44.44,948.15,1,2176.04
54426,10,67.68,21.5,26.23,44.37,897.95,1,2177.04
54451,10,64.5,22.49,26.63,42.9,842.28,1,2178.04
54476,10,61.17,22.89,27.71,39.97,766.91,1,2179.04
54501,10,58.42,23.68,28.01,36.21,702.62,1,2180.04
54526,10,56.13,25.52,27.66,33.59,634.5,1,2181.04
54551,10,53.71,27.82,27.79,32.62,576.93,1,2182.04
54576,10,51.5,30.22,28.26,32.11,594.75,1,2183.04
54601,10,49.67,32.68,29.08,32.17,675.5,1,2184.04
54626,10,48.29,34.89,30.36,32.59,774.48,1,2185.04
54651,10,48.72,36.87,31.6,33.41,890.99,1,2186.04
54676,10,50.76,38.32,34.37,34.94,996.64,1,2187.04
54701,10,53.77,39.13,37.94,36.26,1086.47,1,2188.04
54726,10,57.51,39.61,41.41,37.66,1234.93,1,2189.04
54751,10,61.46,40.31,43.42,42.62,1368.49,1,2190.04
54776,10,65.04,41.18,43.45,46.54,1434.92,1,2191.04
54801,10,68.18,41.75,42.67,47.64,1420.13,1,2192.04
54826,10,70.71,42.2,41.0,47.92,1366.14,1,2193.04
54851,10,72.52,42.72,38.78,48.43,1334.1,1,2194.04
54876,10,73.43,43.05,37.91,49.07,1323.18,1,2195.04
54901,10,73.56,43.14,36.86,50.19,1308.91,1,2196.04
54926,10,73.35,42.98,35.78,51.31,1274.81,1,2197.04
54951,10,72.92,42.29,34.62,50.73,1210.17,1,2198.04
54976,10,72.43,41.52,33.33,50.9,1156.95,1,2199.04
55001,10,71.87,40.74,32.04,52.35,1115.43,1,2200.04
55026,10,71.39,39.18,30.91,52.78,1057.81,1,2201.04
55051,10,71.37,36.79,30.03,52.21,1015.35,1,2202.04
55076,10,71.71,34.29,29.32,53.09,1012.72,1,2203.04
55101,10,72.21,32.4,28.87,55.41,1062.04,1,2204.04
55126,10,73.01,30.85,29.87,53.97,1113.61,1,2205.04
55151,10,74.03,29.58,33.16,51.96,1197.3,1,2206.04
55176,10,75.16,28.65,37.46,50.39,1301.71,1,2207.04
55201,10,76.29,28.34,42.77,48.6,1411.26,1,2208.04
55226,10,76.86,27.8,44.97,45.85,1390.94,1,2209.04
55251,10,76.8,26.52,43.64,43.17,1315.78,1,2210.04
55276,10,76.32,24.92,41.17,41.05,1249.78,1,2211.04
55301,10,75.42,23.46,38.41,40.04,1173.43,1,2212.04
55326,10,74.38,21.83,36.19,40.83,1120.76,1,2213.04
55351,10,73.74,20.24,36.07,40.96,1114.68,1,2214.04
55376,10,72.62,19.35,36.15,39.81,1082.05,1,2215.04
55401,10,70.91,18.97,34.32,39.2,1011.03,1,2216.04
55426,10,69.23,18.96,31.2,38.64,938.03,1,2217.04
55451,10,67.71,19.39,29.5,38.13,901.85,1,2218.04
55476,10,66.56,19.8,28.6,38.41,876.52,1,2219.04
55501,10,65.58,20.15,28.76,39.55,871.01,1,2220.04
55526,10,64.47,20.64,30.13,41.44,912.9,1,2221.04
55551,10,63.22,21.57,31.59,43.51,1004.4,1,2222.04
55576,10,61.75,23.11,31.73,45.09,1104.87,1,2223.04
55601,10,59.99,24.33,30.34,47.67,1176.56,1,2224.04
55626,10,58.24,24.42,28.85,50.42,1186.24,1,2225.04
55651,10,56.84,23.75,28.38,52.25,1153.5,1,2226.04
55676,10,55.79,22.89,28.88,52.07,1125.95,1,2227.04
55701,10,54.83,22.9,29.51,51.57,1155.95,1,2228.04
55726,10,54.65,22.55,29.39,51.04,1135.03,1,2229.04
55751,10,55.45,22.16,29.1,50.69,1134.18,1,2230.04
55776,10,56.53,21.72,28.69,51.91,1141.56,1,2231.04
55801,10,57.55,21.67,27.83,52.66,1128.06,1,2232.04
55826,10,58.73,22.27,28.3,52.09,1097.55,1,2233.04
55851,10,60.46,23.25,30.33,50.48,1069.97,1,2234.04
55876,10,62.29,23.98,31.65,47.46,1062.94,1,2235.04
55901,10,63.64,24.19,30.65,44.75,1026.91,1,2236.04
55926,10,64.63,24.16,28.87,42.79,964.5,1,2237.04
55951,10,65.34,24.01,26.83,41.3,891.62,1,2238.04
55976,10,65.64,23.86,25.25,39.98,808.86,1,2239.04
56001,10,65.7,23.75,24.24,38.81,750.06,1,2240.04
56026,10,65.82,23.72,22.93,37.95,684.49,1,2241.04
56051,10,66.11,23.85,21.44,37.3,619.4,1,2242.04
56076,10,66.5,24.14,20.34,37.13,558.61,1,2243.04
56101,10,66.91,24.54,19.75,36.74,504.33,1,2244.04
56126,10,67.29,24.93,19.39,37.28,464.15,1,2245.04
56151,10,67.7,25.31,19.41,38.09,439.17,1,2246.04
56176,10,68.17,25.67,19.73,39.15,426.75,1,2247.04
56201,10,68.66,25.89,20.4,40.57,434.31,1,2248.04
56226,10,69.25,26.15,21.2,42.16,469.21,1,2249.04
56251,10,69.95,26.37,22.0,44.1,529.36,1,2250.04
56276,10,70.67,26.56,22.81,46.17,598.38,1,2251.04
56301,10,71.39,26.81,23.36,47.91,654.55,1,2252.04
56326,10,72.11,27.17,23.71,49.67,701.59,1,2253.04
56351,10,72.8,27.59,23.78,51.24,734.99,1,2254.04
56376,10,73.43,27.97,23.41,52.44,746.34,1,2255.04
56401,10,74.13,28.35,22.79,53.75,743.36,1,2256.04
56426,10,74.98,28.8,22.17,55.29,741.65,1,2257.04
56451,10,75.73,29.43,22.29,56.51,766.97,1,2258.04
56476,10,76.38,30.21,22.8,56.71,820.99,1,2259.04
56501,10,77.07,30.94,24.46,57.07,903.44,1,2260.04
56526,10,77.51,31.86,28.97,57.5,990.04,1,2261.04
56551,10,78.02,33.04,37.0,57.45,1112.41,1,2262.04
56576,10,78.49,34.43,42.87,56.9,1209.61,1,2263.04
56601,10,78.79,35.82,43.78,55.63,1256.55,1,2264.04
56626,10,78.65,37.12,39.57,53.98,1242.24,1,2265.04
56651,10,77.91,38.0,37.63,51.67,1141.32,1,2266.04
56676,10,76.93,38.34,35.15,48.68,1079.2,1,2267.04
56701,10,75.87,38.2,34.19,47.47,1011.01,1,2268.04
56726,10,75.19,37.79,33.65,45.15,953.86,1,2269.04
56751,10,75.43,37.26,34.49,40.82,933.67,1,2270.04
56776,10,76.86,37.22,36.68,38.36,1011.08,1,2271.04
56801,10,79.25,37.23,41.48,37.2,1154.12,1,2272.04
56826,10,81.47,37.18,48.23,36.38,1219.56,1,2273.04
56851,10,82.6,37.3,51.75,34.3,1191.06,1,2274.04
56876,10,82.93,37.42,52.03,32.5,1105.4,1,2275.04
56901,10,82.88,37.65,50.29,31.86,1017.94,1,2276.04
56926,10,82.72,37.83,47.68,31.75,941.69,1,2277.04
56951,10,82.65,37.89,45.23,32.49,888.93,1,2278.04
56976,10,82.79,37.74,42.62,32.4,824.29,1,2279.04
57001,10,83.18,37.64,42.22,32.7,774.0,1,2280.04
57026,10,83.72,37.65,42.1,33.48,738.5,1,2281.04
57051,10,84.34,37.73,42.03,34.54,728.93,1,2282.04
57076,10,85.05,37.84,42.12,36.05,728.81,1,2283.04
57101,10,85.84,37.97,42.31,38.1,737.73,1,2284.04
57126,10,86.62,38.03,41.93,39.71,737.54,1,2285.04
57151,10,87.35,37.99,41.18,41.26,758.54,1,2286.04
57176,10,88.14,38.03,40.71,42.72,783.76,1,2287.04
57201,10,88.78,38.04,40.08,43.03,789.4,1,2288.04
57226,10,89.28,38.18,39.59,43.35,800.31,1,2289.04
57251,10,89.76,38.48,38.57,42.63,801.55,1,2290.04
57276,10,90.17,38.81,36.86,41.72,793.94,1,2291.04
57301,10,90.62,39.09,35.92,41.41,786.45,1,2292.04
57326,10,91.11,39.26,35.38,41.66,776.36,1,2293.04
57351,10,91.54,39.35,35.91,41.15,791.87,1,2294.04
57376,10,91.89,39.38,36.77,42.36,832.21,1,2295.04
57401,10,92.29,39.42,37.8,42.69,882.59,1,2296.04
57426,10,92.7,39.56,38.32,42.26,905.64,1,2297.04
57451,10,92.98,39.69,37.87,42.16,918.47,1,2298.04
57476,10,93.15,39.81,37.2,42.76,904.91,1,2299.04
57501,10,93.32,40.22,35.49,43.58,857.41,1,2300.04
57526,10,93.6,40.65,34.43,44.74,819.9,1,2301.04
57551,10,93.79,40.17,34.88,46.43,846.23,1,2302.04
57576,10,93.85,38.71,34.95,48.27,950.14,1,2303.04
57601,10,93.64,36.88,35.19,48.84,1020.37,1,2304.04
57626,10,92.93,35.34,38.4,50.5,1082.95,1,2305.04
57651,10,91.82,34.1,40.31,52.3,1093.99,1,2306.04
57676,10,90.53,33.16,41.32,52.12,1111.65,1,2307.04
57701,10,89.47,32.91,42.95,53.07,1200.72,1,2308.04
57726,10,88.48,33.05,44.7,53.71,1280.73,1,2309.04
57751,10,87.49,33.17,45.9,52.44,1274.07,1,2310.04
57776,10,86.47,33.14,47.0,50.56,1240.91,1,2311.04
57801,10,85.44,32.96,47.96,48.53,1203.97,1,2312.04
57826,10,84.5,32.72,48.65,46.61,1165.28,1,2313.04
57851,10,83.62,32.43,49.19,44.39,1149.3,1,2314.04
57876,10,82.72,32.18,49.81,42.39,1135.68,1,2315.04
57901,10,81.74,31.94,50.11,40.64,1131.46,1,2316.04
57926,10,80.7,31.65,50.2,38.95,1118.0,1,2317.04
57951,10,79.74,31.41,50.58,36.82,1083.01,1,2318.04
57976,10,78.82,31.21,50.7,34.68,1034.55,1,2319.04
58001,10,77.94,31.21,50.91,34.73,1030.35,1,2320.04
58026,10,77.07,31.21,51.11,36.87,1108.17,1,2321.04
58051,10,76.17,30.87,51.14,35.5,1097.91,1,2322.04
58076,10,75.51,30.5,51.31,34.89,1103.15,1,2323.04
58101,10,74.76,30.3,51.21,35.35,1136.72,1,2324.04
58126,10,73.93,30.2,51.1,36.18,1169.0,1,2325.04
58151,10,73.02,30.2,51.2,37.47,1211.71,1,2326.04
58176,10,72.11,30.16,51.37,38.67,1248.3,1,2327.04
58201,10,71.24,30.05,51.28,39.61,1272.06,1,2328.04
58226,10,70.4,29.93,50.84,40.3,1280.74,1,2329.04
58251,10,69.57,29.79,50.1,40.52,1271.25,1,2330.04
58276,10,68.82,29.69,49.41,40.56,1254.55,1,2331.04
58301,10,68.11,29.62,48.87,40.53,1238.07,1,2332.04
58326,10,67.43,29.54,49.17,40.23,1221.39,1,2333.04
58351,10,66.77,29.5,49.74,39.96,1216.28,1,2334.04
58376,10,66.17,29.53,50.15,39.73,1216.76,1,2335.04
58401,10,65.62,29.64,50.37,39.5,1224.83,1,2336.04
58426,10,65.06,29.82,50.4,39.34,1227.99,1,2337.04
58451,10,64.56,30.0,50.25,39.27,1229.09,1,2338.04
58476,10,64.14,30.2,50.12,39.26,1231.54,1,2339.04
58501,10,63.77,30.51,49.55,39.12,1216.18,1,2340.04
58526,9,59.97,31.35,48.61,38.91,1145.29,1,2341.04
58551,10,62.92,30.95,48.53,38.68,1197.18,1,2342.04
58576,10,62.58,31.5,48.25,38.72,1162.32,1,2343.04
58601,10,62.29,32.1,47.28,39.13,1129.07,1,2344.04
58626,10,62.01,32.61,45.69,39.48,1116.25,1,2345.04
58651,10,61.75,33.0,44.04,40.05,1131.63,1,2346.04
58676,10,61.46,33.13,42.76,40.82,1162.43,1,2347.04
58701,10,61.13,33.2,41.26,41.5,1170.74,1,2348.04
58726,10,60.85,33.32,39.62,41.84,1161.88,1,2349.04
58751,10,60.62,33.4,39.96,41.78,1156.97,1,2350.04
58776,10,60.28,33.43,40.09,41.43,1154.08,1,2351.04
58801,10,59.73,33.35,39.95,40.98,1147.08,1,2352.04
58826,10,59.09,33.32,39.83,40.67,1140.74,1,2353.04
58851,10,58.59,33.36,39.93,40.52,1136.71,1,2354.04
58876,10,58.43,33.43,40.18,40.18,1126.77,1,2355.04
58901,10,58.67,33.52,40.9,39.49,1135.18,1,2356.04
58926,10,59.15,33.27,41.64,38.89,1182.22,1,2357.04
58951,10,59.57,33.28,42.32,38.48,1223.82,1,2358.04
58976,10,59.5,34.13,42.86,38.05,1233.37,1,2359.04
59001,10,58.87,35.16,42.9,37.03,1220.24,1,2360.04
59026,10,58.02,35.88,42.34,36.15,1193.41,1,2361.04
59051,10,57.01,36.25,41.15,36.28,1198.99,1,2362.04
59076,10,55.34,37.16,39.34,36.27,1160.46,1,2363.04
59101,10,53.07,38.81,37.19,36.21,1102.23,1,2364.04
59126,10,50.35,40.97,35.03,36.02,1026.9,1,2365.04
59151,10,47.61,43.09,33.16,34.77,949.62,1,2366.04
59176,10,45.39,44.36,31.54,34.07,890.55,1,2367.04
59201,10,43.8,44.85,31.3,36.37,898.98,1,2368.04
59226,10,43.4,44.5,31.17,39.14,934.04,1,2369.04
59251,10,44.01,44.03,30.67,41.95,968.37,1,2370.04
59276,10,44.13,44.09,31.6,44.54,1041.63,1,2371.04
59301,10,43.7,44.36,34.96,45.77,1176.9,1,2372.04
59326,10,43.06,44.62,38.93,46.99,1324.62,1,2373.04
59351,10,41.85,44.55,43.15,48.43,1488.09,1,2374.04
59376,10,39.83,43.71,45.95,50.52,1685.55,1,2375.04
59401,10,37.6,42.18,47.27,52.62,1873.27,1,2376.04
59426,10,35.68,40.17,46.98,54.82,2013.14,1,2377.04
59451,10,34.29,37.63,45.27,57.5,2092.91,1,2378.04
59476,10,33.35,34.96,44.07,59.98,2088.4,1,2379.04
59501,10,32.54,32.74,42.74,61.85,1952.75,1,2380.04
59526,10,32.22,30.96,40.94,62.33,1788.02,1,2381.04
59551,10,32.94,29.75,39.76,61.27,1662.61,1,2382.04
59576,10,34.79,29.44,37.32,59.77,1534.66,1,2383.04
59601,10,37.29,29.89,33.83,58.74,1433.31,1,2384.04
59626,10,39.27,30.97,30.86,58.86,1366.01,1,2385.04
59651,10,40.23,32.52,30.83,59.5,1328.79,1,2386.04
59676,10,40.93,34.42,30.18,60.1,1297.05,1,2387.04
59701,10,41.86,36.35,28.95,60.92,1286.44,1,2388.04
59726,10,42.74,37.94,29.43,61.45,1305.82,1,2389.04
59751,10,43.41,39.17,31.85,60.54,1371.03,1,2390.04
59776,10,44.43,40.15,34.04,58.45,1445.09,1,2391.04
59801,10,45.78,40.55,35.34,56.71,1482.45,1,2392.04
59826,10,47.23,40.29,34.79,56.6,1439.37,1,2393.04
59851,10,48.86,39.8,33.8,57.62,1378.67,1,2394.04
59876,10,50.33,39.24,32.79,59.1,1355.05,1,2395.04
59901,10,51.64,38.82,32.59,60.41,1339.91,1,2396.04
59926,10,53.12,38.61,32.61,59.61,1302.29,1,2397.04
59951,10,54.86,38.46,32.57,57.61,1265.72,1,2398.04
59976,10,57.15,38.24,33.66,55.91,1249.34,1,2399.04
60001,10,60.01,38.26,36.91,54.69,1298.25,1,2400.04
60026,10,63.33,38.64,41.21,52.49,1400.07,1,2401.04
60051,10,67.2,39.23,44.11,52.89,1471.51,1,2402.04
60076,10,71.37,39.99,45.3,51.92,1467.67,1,2403.04
60101,10,75.23,40.46,45.59,50.54,1464.11,1,2404.04
60126,10,77.81,40.09,47.9,50.51,1595.53,1,2405.04
60151,10,78.73,39.28,51.06,49.77,1719.6,1,2406.04
60176,10,78.33,38.52,52.44,49.02,1767.53,1,2407.04
60201,10,77.06,37.84,51.19,50.13,1723.87,1,2408.04
60226,10,75.48,37.22,48.6,50.0,1628.26,1,2409.04
60251,10,73.78,36.79,46.08,49.96,1568.25,1,2410.04
60276,10,71.98,36.36,43.68,50.07,1520.9,1,2411.04
60301,10,70.23,35.92,41.84,50.56,1500.17,1,2412.04
60326,10,68.56,35.43,40.21,50.73,1472.86,1,2413.04
60351,10,67.13,34.94,38.93,50.61,1439.64,1,2414.04
60376,10,65.91,34.69,38.16,50.19,1401.6,1,2415.04
60401,10,64.79,34.68,37.87,49.07,1360.46,1,2416.04
60426,10,63.72,34.87,38.23,47.21,1321.39,1,2417.04
60451,10,62.87,35.18,39.62,45.0,1308.69,1,2418.04
60476,10,62.23,35.43,40.48,42.89,1294.11,1,2419.04
60501,10,61.57,35.51,39.99,40.88,1247.5,1,2420.04
60526,10,60.99,35.5,39.9,39.22,1209.51,1,2421.04
60551,10,60.57,35.25,39.76,38.39,1186.63,1,2422.04
60576,10,60.21,35.01,39.61,38.1,1175.4,1,2423.04
60601,10,59.73,35.0,39.38,37.76,1164.99,1,2424.04
60626,10,59.02,35.11,38.49,37.76,1152.14,1,2425.04
60651,10,58.15,35.37,37.52,38.45,1159.98,1,2426.04
60676,10,57.23,35.81,36.76,39.12,1167.23,1,2427.04
60701,10,56.3,36.5,36.01,39.62,1157.55,1,2428.04
60726,10,55.4,37.47,35.44,40.17,1147.14,1,2429.04
60751,10,54.51,38.56,35.05,40.38,1130.78,1,2430.04
60776,10,53.52,39.62,34.33,39.49,1081.23,1,2431.04
60801,10,52.34,40.68,32.73,37.32,995.56,1,2432.04
60826,10,51.08,41.91,30.34,36.08,908.75,1,2433.04
60851,10,49.81,43.6,28.41,37.02,858.13,1,2434.04
60876,10,48.44,45.47,27.43,39.48,856.99,1,2435.04
60901,10,47.18,46.99,26.89,42.0,869.88,1,2436.04
60926,10,46.19,47.6,26.25,41.45,802.67,1,2437.04
60951,10,44.91,47.04,25.03,39.49,704.52,1,2438.04
60976,10,43.08,45.52,23.1,38.14,633.86,1,2439.04
61001,10,41.22,43.02,20.5,36.9,589.79,1,2440.04
61026,10,39.49,39.77,20.43,36.23,575.52,1,2441.04
61051,10,37.86,36.22,21.76,37.24,606.15,1,2442.04
61076,10,36.32,32.75,22.56,39.19,662.3,1,2443.04
61101,10,34.3,29.66,23.71,40.79,742.43,1,2444.04
61126,10,31.5,27.34,26.53,40.5,862.56,1,2445.04
61151,10,28.97,25.56,31.14,40.02,982.34,1,2446.04
61176,10,28.15,23.82,33.57,41.94,1068.49,1,2447.04
61201,10,28.79,22.59,33.46,43.96,1119.52,1,2448.04
61226,10,30.43,22.16,33.58,44.8,1152.44,1,2449.04
61251,10,32.91,22.59,34.76,45.98,1186.84,1,2450.04
61276,10,35.81,23.5,36.45,47.73,1241.58,1,2451.04
61301,10,38.79,24.49,40.08,49.27,1324.36,1,2452.04
61326,10,42.22,25.44,40.76,49.2,1354.56,1,2453.04
61351,10,46.44,26.4,38.72,47.2,1275.15,1,2454.04
61376,10,51.27,27.44,37.08,44.27,1222.72,1,2455.04
61401,10,56.11,28.43,38.7,41.29,1204.12,1,2456.04
61426,10,60.19,29.86,39.01,39.38,1154.03,1,2457.04
61451,10,63.4,31.78,38.84,40.47,1145.93,1,2458.04
61476,10,65.8,34.09,38.39,42.81,1181.96,1,2459.04
61501,10,67.66,36.31,37.95,46.49,1199.58,1,2460.04
61526,10,69.23,37.83,37.55,48.68,1156.11,1,2461.04
61551,10,70.16,38.89,37.49,48.24,1147.22,1,2462.04
61576,10,70.24,39.7,37.11,47.34,1108.39,1,2463.04
61601,10,70.26,40.16,36.11,47.18,1072.66,1,2464.04
61626,10,70.36,40.32,34.75,46.99,1019.46,1,2465.04
61651,10,70.46,40.31,33.22,45.99,969.84,1,2466.04
61676,10,70.62,40.22,31.62,44.91,932.19,1,2467.04
61701,10,70.83,40.11,29.97,44.71,895.57,1,2468.04
61726,10,71.2,39.96,28.94,44.84,856.42,1,2469.04
61751,10,71.63,39.74,28.1,44.57,810.44,1,2470.04
61776,10,72.05,39.56,27.12,44.32,762.0,1,2471.04
61801,10,72.46,39.57,25.89,44.27,717.45,1,2472.04
61826,10,72.94,39.68,24.54,44.18,670.48,1,2473.04
61851,10,73.46,39.75,23.31,44.57,624.32,1,2474.04
61876,10,74.0,39.83,22.69,45.39,599.99,1,2475.04
61901,10,74.52,39.89,22.38,46.28,594.02,1,2476.04
61926,10,74.97,39.87,22.12,46.65,598.75,1,2477.04
61951,10,75.31,39.88,22.1,46.1,609.35,1,2478.04
61976,10,75.62,39.93,22.3,44.49,615.66,1,2479.04
62001,10,75.96,39.99,22.67,43.39,626.32,1,2480.04
62026,10,76.26,39.89,23.0,42.72,635.84,1,2481.04
62051,10,76.95,40.02,23.28,45.07,701.74,1,2482.04
62076,10,77.52,39.88,23.75,44.99,728.98,1,2483.04
62101,10,78.17,39.81,24.65,44.47,764.19,1,2484.04
62126,10,78.82,39.78,25.33,43.5,790.69,1,2485.04
62151,10,79.42,39.73,25.76,42.26,805.46,1,2486.04
62176,10,79.95,39.67,26.0,41.12,815.92,1,2487.04
62201,10,80.33,39.62,25.71,40.3,819.67,1,2488.04
62226,10,80.63,39.6,25.09,39.85,816.4,1,2489.04
62251,10,80.76,39.61,24.62,40.23,821.85,1,2490.04
62276,10,80.89,39.4,24.61,41.54,848.49,1,2491.04
62301,10,81.07,39.07,24.64,43.1,864.39,1,2492.04
62326,10,81.2,38.71,24.74,44.03,863.62,1,2493.04
62351,10,81.38,38.34,24.72,43.83,849.89,1,2494.04
62376,10,81.56,38.04,24.37,43.58,836.86,1,2495.04
62401,10,81.69,37.77,24.29,43.74,828.94,1,2496.04
62426,10,81.75,37.61,24.0,44.36,816.97,1,2497.04
62451,10,81.81,37.42,23.17,44.92,790.92,1,2498.04
62476,10,81.85,37.13,22.76,45.24,768.59,1,2499.04
62501,10,81.82,36.86,22.42,45.33,745.29,1,2500.04
62526,10,81.74,36.53,22.4,45.2,717.34,1,2501.04
62551,10,81.75,36.23,22.52,44.78,686.41,1,2502.04
62576,10,81.88,36.1,22.94,43.53,671.85,1,2503.04
62601,10,81.89,36.16,23.56,42.24,657.98,1,2504.04
62626,10,82.02,36.16,23.93,41.04,632.88,1,2505.04
62651,10,82.14,36.15,24.24,39.91,603.36,1,2506.04
62676,10,82.56,36.65,25.19,38.06,587.56,1,2507.04
62701,10,83.71,37.46,28.65,36.98,658.6,1,2508.04
62726,10,84.24,38.02,32.47,38.66,794.91,1,2509.04
62751,10,82.96,37.38,33.04,41.79,887.27,1,2510.04
62776,10,81.28,35.99,31.46,45.57,934.5,1,2511.04
62801,10,80.13,34.76,31.17,48.85,971.46,1,2512.04
62826,10,79.06,34.01,33.16,50.04,1038.08,1,2513.04
62851,10,77.71,33.72,35.57,49.59,1100.67,1,2514.04
62876,10,76.12,33.64,36.93,48.33,1114.52,1,2515.04
62901,10,74.49,33.78,37.22,46.42,1088.3,1,2516.04
62926,10,72.85,33.94,36.77,44.12,1034.82,1,2517.04
62951,10,71.17,34.12,36.01,41.57,972.6,1,2518.04
62976,10,69.57,34.53,35.21,41.92,932.28,1,2519.04
63001,10,68.08,34.93,34.69,42.67,938.31,1,2520.04
63026,10,66.66,35.24,34.45,42.21,930.34,1,2521.04
63051,10,65.34,35.49,34.64,41.37,940.32,1,2522.04
63076,10,64.14,35.74,36.05,40.75,980.12,1,2523.04
63101,10,63.04,36.01,37.87,40.59,1036.24,1,2524.04
63126,10,62.11,36.01,39.16,40.59,1092.75,1,2525.04
63151,10,61.34,35.85,39.78,40.96,1141.69,1,2526.04
63176,10,60.75,35.72,40.11,41.31,1180.21,1,2527.04
63201,10,60.35,35.84,40.57,41.28,1209.34,1,2528.04
63226,10,60.21,36.09,40.53,41.14,1225.16,1,2529.04
63251,10,60.4,36.89,41.34,41.36,1255.62,1,2530.04
63276,10,60.61,38.54,42.15,41.73,1272.59,1,2531.04
63301,10,60.59,40.58,40.24,41.26,1204.06,1,2532.04
63326,10,60.14,42.5,38.21,39.43,1097.84,1,2533.04
63351,10,58.41,44.1,36.6,37.71,1024.88,1,2534.04
63376,10,56.26,43.84,34.5,36.7,910.12,1,2535.04
63401,10,54.01,42.42,33.6,36.52,869.57,1,2536.04
63426,10,52.04,41.14,31.95,36.08,772.54,1,2537.04
63451,10,50.51,40.57,30.22,34.05,663.4,1,2538.04
63476,10,49.3,40.06,29.18,30.31,574.09,1,2539.04
63501,10,48.54,40.01,28.51,27.2,548.36,1,2540.04
63526,10,49.1,39.79,29.27,28.8,590.55,1,2541.04
63551,10,50.32,39.03,30.88,29.63,651.06,1,2542.04
63576,10,51.06,38.42,34.26,29.87,726.48,1,2543.04
63601,10,51.16,38.06,36.3,29.41,744.83,1,2544.04
63626,10,50.74,37.89,36.33,28.36,713.27,1,2545.04
63651,10,49.97,37.88,34.9,27.68,668.68,1,2546.04
63676,10,48.89,37.93,32.66,28.06,666.1,1,2547.04
63701,10,47.51,38.11,29.7,28.91,704.91,1,2548.04
63726,10,45.86,38.56,29.12,31.1,771.26,1,2549.04
63751,10,43.38,38.86,29.95,33.66,769.54,1,2550.04
63776,10,40.1,39.43,32.12,34.22,777.73,1,2551.04
63801,10,36.29,40.06,34.48,33.96,778.04,1,2552.04
63826,10,32.37,40.88,36.94,33.08,772.5,1,2553.04
63851,10,28.57,41.61,38.81,30.99,755.79,1,2554.04
63876,10,24.91,42.01,40.22,31.04,760.98,1,2555.04
63901,10,21.62,42.01,40.9,34.13,825.67,1,2556.04
63926,10,19.66,41.72,40.12,34.96,823.81,1,2557.04
63951,10,19.1,41.24,38.83,33.36,786.21,1,2558.04
63976,10,19.36,41.09,37.99,34.24,787.17,1,2559.04
64001,10,20.1,41.54,37.24,36.25,829.53,1,2560.04
64026,10,21.15,42.18,36.17,37.39,874.57,1,2561.04
64051,10,22.34,42.89,34.04,37.61,855.05,1,2562.04
64076,10,23.67,43.51,32.0,37.27,795.81,1,2563.04
64101,10,25.74,43.65,29.93,36.67,745.84,1,2564.04
64126,10,28.48,43.29,27.41,37.19,689.18,1,2565.04
64151,10,31.29,42.97,25.31,37.49,645.35,1,2566.04
64176,10,33.5,43.06,24.38,37.21,641.6,1,2567.04
64201,10,34.38,43.74,24.56,36.14,665.74,1,2568.04
64226,10,34.9,44.3,24.99,33.78,654.19,1,2569.04
64251,10,36.11,44.64,24.48,32.9,634.01,1,2570.04
64276,10,37.16,45.36,24.48,34.14,636.47,1,2571.04
64301,10,37.29,46.19,25.06,34.09,630.66,1,2572.04
64326,10,36.25,46.64,25.94,32.58,623.8,1,2573.04
64351,10,34.96,46.2,27.52,32.67,642.65,1,2574.04
64376,10,34.41,44.91,28.42,34.1,685.42,1,2575.04
64401,10,34.49,43.33,28.46,34.16,726.16,1,2576.04
64426,10,35.08,41.91,29.93,36.42,758.97,1,2577.04
64451,10,36.64,40.26,31.81,39.03,837.61,1,2578.04
64476,10,39.44,38.21,33.33,42.02,1002.19,1,2579.04
64501,10,43.22,36.26,36.96,46.46,1200.67,1,2580.04
64526,10,47.4,34.46,40.87,49.27,1361.79,1,2581.04
64551,10,51.27,32.18,42.74,49.63,1432.14,1,2582.04
64576,10,54.85,30.24,44.42,48.52,1448.36,1,2583.04
64601,10,58.38,29.75,47.81,47.12,1407.92,1,2584.04
64626,10,61.33,29.64,50.48,46.5,1407.97,1,2585.04
64651,10,62.95,28.76,50.14,46.71,1491.67,1,2586.04
64676,10,63.25,27.51,47.18,47.36,1478.79,1,2587.04
64701,10,62.15,26.72,44.01,46.92,1380.18,1,2588.04
64726,10,59.38,26.44,42.93,44.83,1296.58,1,2589.04
64751,10,55.82,26.56,43.02,40.94,1202.37,1,2590.04
64776,10,52.19,26.98,42.54,36.25,1080.02,1,2591.04
64801,10,48.92,27.82,41.7,33.6,974.84,1,2592.04
64826,10,45.87,29.31,40.58,33.54,916.34,1,2593.04
64851,10,42.47,31.01,39.06,33.84,850.9,1,2594.04
64876,10,38.88,32.64,37.82,34.13,762.43,1,2595.04
64901,10,35.4,34.09,36.85,33.96,686.84,1,2596.04
64926,10,32.32,35.19,35.42,34.59,676.76,1,2597.04
64951,10,30.03,36.23,33.18,34.93,686.74,1,2598.04
64976,10,28.32,37.8,32.41,35.65,696.4,1,2599.04
65001,10,26.58,39.44,32.91,36.93,703.62,1,2600.04
65026,10,25.31,40.23,33.32,36.96,670.57,1,2601.04
65051,10,25.03,40.43,33.45,37.05,663.62,1,2602.04
65076,10,25.23,40.4,33.47,37.06,700.32,1,2603.04
65101,10,25.66,40.1,35.54,38.52,772.9,1,2604.04
65126,10,26.41,39.62,38.36,41.58,876.84,1,2605.04
65151,10,27.83,39.03,39.66,45.09,990.81,1,2606.04
65176,10,30.05,38.5,40.03,49.61,1114.06,1,2607.04
65201,10,33.19,38.0,39.9,53.17,1224.04,1,2608.04
65226,10,37.04,37.54,39.51,53.75,1292.81,1,2609.04
65251,10,41.19,37.04,39.07,51.89,1327.21,1,2610.04
65276,10,45.41,36.55,38.44,48.89,1318.69,1,2611.04
65301,10,49.58,36.28,38.04,46.56,1305.42,1,2612.04
65326,10,53.54,36.03,37.47,44.13,1276.52,1,2613.04
65351,10,57.27,35.57,36.56,41.36,1233.83,1,2614.04
65376,10,60.92,34.96,36.54,40.43,1211.7,1,2615.04
65401,10,64.29,34.47,37.04,40.67,1208.77,1,2616.04
65426,10,67.06,34.36,37.6,40.37,1254.19,1,2617.04
65451,10,69.38,34.82,39.55,40.52,1310.7,1,2618.04
65476,10,71.86,35.26,41.79,39.88,1330.11,1,2619.04
65501,10,74.43,35.44,42.76,38.56,1330.05,1,2620.04
65526,10,76.53,35.47,44.21,37.61,1315.49,1,2621.04
65551,10,78.07,35.32,45.07,37.36,1322.32,1,2622.04
65576,10,79.16,34.79,44.66,38.61,1331.72,1,2623.04
65601,10,79.82,33.85,45.83,42.12,1315.51,1,2624.04
65626,10,80.21,32.99,46.7,45.04,1230.72,1,2625.04
65651,10,80.23,32.3,44.69,46.05,1100.65,1,2626.04
65676,10,79.87,31.9,40.68,44.88,983.5,1,2627.04
65701,10,79.55,31.58,39.69,42.83,965.65,1,2628.04
65726,10,78.97,31.14,40.41,40.31,952.38,1,2629.04
65751,10,77.61,30.41,39.21,39.55,1000.02,1,2630.04
65776,10,75.54,29.37,37.53,41.12,1103.21,1,2631.04
65801,10,72.97,28.45,37.5,44.59,1207.09,1,2632.04
65826,10,70.16,27.58,38.9,48.35,1321.59,1,2633.04
65851,10,67.6,26.71,40.24,50.99,1405.28,1,2634.04
65876,10,65.64,26.21,40.6,51.16,1433.41,1,2635.04
65901,10,64.33,26.03,40.3,51.35,1449.66,1,2636.04
65926,10,63.31,26.02,41.07,51.84,1482.95,1,2637.04
65951,10,62.21,26.08,41.26,52.75,1546.88,1,2638.04
65976,10,61.0,26.32,43.04,55.04,1644.89,1,2639.04
66001,10,59.7,26.85,44.9,57.24,1736.57,1,2640.04
66026,10,58.45,27.6,44.6,58.87,1788.43,1,2641.04
66051,10,57.28,28.32,42.75,60.09,1801.33,1,2642.04
66076,10,56.05,28.79,41.14,60.99,1803.53,1,2643.04
66101,10,54.61,29.04,39.79,61.65,1803.63,1,2644.04
66126,10,52.95,29.04,41.19,62.55,1811.6,1,2645.04
66151,10,51.37,28.85,42.01,63.29,1819.89,1,2646.04
66176,10,50.1,28.5,41.92,63.15,1807.28,1,2647.04
66201,10,49.28,27.87,40.93,63.13,1745.74,1,2648.04
66226,10,48.77,27.21,39.13,62.43,1625.3,1,2649.04
66251,10,48.01,26.81,36.56,59.96,1468.93,1,2650.04
66276,10,46.9,26.56,34.11,57.52,1334.11,1,2651.04
66301,10,46.09,25.88,32.69,56.63,1269.41,1,2652.04
66326,10,45.92,24.91,31.53,56.51,1232.03,1,2653.04
66351,10,46.19,23.99,30.46,56.11,1187.75,1,2654.04
66376,10,46.65,23.12,29.66,55.66,1147.27,1,2655.04
66401,10,47.13,22.27,29.17,55.21,1111.1,1,2656.04
66426,10,47.49,21.52,28.99,54.69,1089.87,1,2657.04
66451,10,47.7,20.92,29.07,53.96,1085.07,1,2658.04
66476,10,47.77,20.39,29.43,53.26,1102.82,1,2659.04
66501,10,47.73,19.82,29.9,52.5,1133.19,1,2660.04
66526,10,47.65,19.25,30.68,51.63,1162.39,1,2661.04
66551,10,47.56,18.84,31.55,51.12,1192.74,1,2662.04
66576,10,47.74,18.47,32.59,50.64,1203.6,1,2663.04
66601,10,48.08,18.31,32.14,49.85,1145.81,1,2664.04
66626,10,48.32,18.37,29.54,49.13,1016.57,1,2665.04
66651,10,48.62,18.52,28.71,48.73,962.87,1,2666.04
66676,10,49.12,18.48,27.02,48.72,928.11,1,2667.04
66701,10,49.54,18.22,27.1,48.77,928.56,1,2668.04
66726,10,49.69,18.28,28.3,48.67,943.19,1,2669.04
66751,10,50.01,18.81,27.77,48.17,927.36,1,2670.04
66776,10,50.98,19.18,26.4,47.3,896.59,1,2671.04
66801,10,52.11,19.14,25.53,46.84,867.83,1,2672.04
66826,10,52.88,18.78,25.44,45.98,839.12,1,2673.04
66851,10,53.17,18.12,25.19,44.37,819.58,1,2674.04
66876,10,53.24,17.23,25.79,42.2,801.58,1,2675.04
66901,10,53.37,16.37,27.31,39.69,777.92,1,2676.04
66926,10,53.4,15.9,27.47,36.77,719.61,1,2677.04
66951,10,53.0,16.1,25.3,33.1,631.42,1,2678.04
66976,10,52.64,17.08,24.27,29.74,580.74,1,2679.04
67001,10,52.83,18.84,26.21,30.8,628.61,1,2680.04
67026,10,53.16,21.2,27.6,33.22,699.68,1,2681.04
67051,10,53.26,23.77,28.17,35.72,756.7,1,2682.04
67076,10,53.02,26.11,28.3,37.45,805.49,1,2683.04
67101,10,52.64,27.87,28.05,38.41,831.67,1,2684.04
67126,10,51.82,29.35,26.81,38.03,803.67,1,2685.04
67151,10,49.92,30.9,24.74,36.55,715.48,1,2686.04
67176,10,47.43,32.9,23.2,36.85,651.59,1,2687.04
67201,10,45.15,35.41,22.52,40.76,666.85,1,2688.04
67226,10,43.94,37.95,24.61,45.29,753.54,1,2689.04
67251,10,45.0,40.08,27.49,47.39,873.99,1,2690.04
67276,10,48.1,41.19,29.85,47.26,971.77,1,2691.04
67301,10,52.28,41.21,30.9,45.0,1018.29,1,2692.04
67326,10,57.1,40.81,33.14,45.39,1070.75,1,2693.04
67351,10,62.22,40.34,36.54,46.34,1174.58,1,2694.04
67376,10,67.15,39.74,41.82,45.1,1254.63,1,2695.04
67401,10,71.42,39.0,46.1,42.59,1257.68,1,2696.04
67426,10,75.0,38.19,47.31,39.44,1150.77,1,2697.04
67451,10,78.04,37.53,49.72,36.42,1068.94,1,2698.04
67476,10,80.32,37.29,49.87,34.39,1091.06,1,2699.04
67501,10,81.98,36.87,49.68,34.82,1178.16,1,2700.04
67526,10,83.32,36.18,53.97,36.64,1276.62,1,2701.04
67551,10,84.18,35.75,55.91,37.57,1308.3,1,2702.04
67576,10,84.51,35.22,55.34,38.52,1299.56,1,2703.04
67601,10,84.2,33.88,52.91,39.92,1277.32,1,2704.04
67626,10,83.69,32.27,49.07,39.1,1172.79,1,2705.04
67651,10,83.42,31.1,50.07,37.49,1078.52,1,2706.04
67676,10,83.14,30.58,52.75,36.5,1042.2,1,2707.04
67701,10,82.1,30.44,53.21,36.27,999.75,1,2708.04
67726,10,80.03,30.45,53.92,37.14,928.5,1,2709.04
67751,10,77.24,30.44,55.2,39.57,961.33,1,2710.04
67776,10,74.17,30.81,53.86,42.45,1030.49,1,2711.04
67801,10,71.23,31.83,52.77,45.67,1117.5,1,2712.04
67826,10,68.41,33.51,52.41,49.32,1239.31,1,2713.04
67851,10,65.76,35.56,51.84,52.39,1388.09,1,2714.04
67876,10,63.28,37.44,51.24,58.28,1555.36,1,2715.04
67901,10,60.91,38.73,49.81,61.49,1684.05,1,2716.04
67926,10,58.45,39.38,49.81,62.52,1786.76,1,2717.04
67951,10,55.69,39.47,51.3,63.57,1920.87,1,2718.04
67976,10,52.85,38.84,51.8,64.27,2033.68,1,2719.04
68001,10,50.29,37.77,50.48,64.64,2078.55,1,2720.04
68026,10,48.44,36.56,47.86,64.24,2055.35,1,2721.04
68051,10,47.86,35.24,46.59,62.94,1938.61,1,2722.04
68076,10,48.48,34.05,44.09,61.95,1782.59,1,2723.04
68101,10,49.4,33.06,41.61,61.01,1648.59,1,2724.04
68126,10,49.97,32.28,39.4,60.52,1548.59,1,2725.04
68151,10,50.24,32.07,37.38,60.08,1472.67,1,2726.04
68176,10,50.68,32.2,35.13,58.86,1386.56,1,2727.04
68201,10,50.58,32.13,32.89,56.27,1276.02,1,2728.04
68226,10,48.88,32.04,32.02,52.81,1173.92,1,2729.04
68251,10,46.26,32.5,32.78,48.5,1084.69,1,2730.04
68276,10,43.65,33.31,33.76,43.98,1002.22,1,2731.04
68301,10,41.43,34.19,34.06,40.52,918.98,1,2732.04
68326,10,39.7,35.19,33.74,37.23,836.84,1,2733.04
68351,10,38.36,36.31,32.82,35.44,776.27,1,2734.04
68376,10,37.33,36.93,31.18,35.43,730.4,1,2735.04
68401,10,36.31,37.09,28.91,35.87,681.56,1,2736.04
68426,10,35.16,37.14,27.37,35.88,648.19,1,2737.04
68451,10,34.75,37.0,26.39,34.84,634.54,1,2738.04
68476,10,35.6,36.69,25.84,33.64,628.78,1,2739.04
68501,10,37.03,35.94,25.72,33.32,639.86,1,2740.04
68526,10,38.33,34.95,26.27,34.13,667.93,1,2741.04
68551,10,39.31,34.21,27.26,35.83,722.32,1,2742.04
68576,10,40.07,34.07,27.82,38.19,784.48,1,2743.04
68601,10,40.94,34.77,29.41,41.12,890.85,1,2744.04
68626,10,41.97,35.92,30.67,44.43,997.67,1,2745.04
68651,10,42.74,36.98,31.77,47.02,1137.59,1,2746.04
68676,10,42.71,37.71,34.2,48.98,1243.53,1,2747.04
68701,10,41.82,38.0,37.16,50.28,1358.56,1,2748.04
68726,10,40.72,37.65,39.33,52.05,1476.55,1,2749.04
68751,10,40.17,36.71,39.52,54.38,1560.48,1,2750.04
68776,10,40.1,35.27,38.22,56.12,1603.4,1,2751.04
68801,10,40.31,33.45,36.58,57.59,1638.93,1,2752.04
68826,10,40.82,31.54,34.89,58.63,1633.45,1,2753.04
68851,10,41.08,29.84,33.26,60.46,1555.68,1,2754.04
68876,10,41.07,28.21,33.02,60.79,1485.7,1,2755.04
68901,10,41.51,26.91,34.75,59.91,1547.35,1,2756.04
68926,10,42.96,26.21,37.03,58.01,1657.74,1,2757.04
68951,10,45.48,25.95,42.07,55.31,1760.5,1,2758.04
68976,10,48.23,25.44,43.08,51.8,1735.49,1,2759.04
69001,10,50.27,24.34,38.22,48.1,1524.34,1,2760.04
69026,10,51.12,23.66,31.99,44.89,1247.96,1,2761.04
69051,10,50.99,23.66,26.98,42.21,1031.45,1,2762.04
69076,10,51.27,23.75,26.87,39.91,904.09,1,2763.04
69101,10,52.27,24.16,28.0,38.71,867.82,1,2764.04
69126,10,53.89,25.2,28.73,40.17,918.27,1,2765.04
69151,10,56.42,26.66,30.56,42.97,1026.39,1,2766.04
69176,10,59.62,28.13,33.97,45.07,1159.08,1,2767.04
69201,10,62.97,29.61,38.03,45.86,1256.58,1,2768.04
69226,10,66.19,31.1,42.33,45.75,1313.29,1,2769.04
69251,10,69.2,32.46,46.76,44.02,1337.94,1,2770.04
69276,10,71.91,33.64,50.07,41.58,1344.42,1,2771.04
69301,10,73.81,34.64,52.79,41.01,1388.04,1,2772.04
69326,10,74.52,35.31,53.74,41.12,1405.33,1,2773.04
69351,10,74.28,35.38,53.71,41.66,1395.31,1,2774.04
69376,10,73.39,34.96,52.33,43.08,1392.9,1,2775.04
69401,10,71.8,34.3,50.0,44.38,1391.54,1,2776.04
69426,10,69.76,33.61,49.23,45.22,1390.13,1,2777.04
69451,10,67.45,32.95,48.04,45.93,1388.18,1,2778.04
69476,10,65.05,32.46,46.6,47.38,1394.54,1,2779.04
69501,10,62.74,32.3,43.65,48.51,1368.14,1,2780.04
69526,10,60.62,32.48,39.32,45.89,1236.3,1,2781.04
69551,10,59.0,33.71,38.51,44.99,1132.95,1,2782.04
69576,10,57.8,34.95,37.4,41.95,1014.04,1,2783.04
69601,10,56.16,35.51,36.88,36.99,935.63,1,2784.04
69626,10,53.65,35.44,37.65,36.95,948.21,1,2785.04
69651,10,51.2,34.41,37.28,36.78,969.99,1,2786.04
69676,10,49.09,32.58,36.07,36.29,955.6,1,2787.04
69701,10,46.87,30.77,34.66,35.82,948.36,1,2788.04
69726,10,44.26,29.25,33.79,35.21,963.92,1,2789.04
69751,10,41.22,28.09,34.52,35.07,979.51,1,2790.04
69776,10,37.9,27.37,35.77,35.66,996.95,1,2791.04
69801,10,34.69,26.93,36.86,35.68,1012.61,1,2792.04
69826,10,31.6,26.52,37.86,36.21,1021.5,1,2793.04
69851,10,28.27,26.36,38.82,35.71,1010.33,1,2794.04
69876,10,24.66,26.54,41.14,34.53,996.45,1,2795.04
69901,10,20.96,26.94,44.44,33.05,982.75,1,2796.04
69926,10,18.21,27.46,48.01,31.29,943.26,1,2797.04
69951,10,16.99,28.11,49.02,31.0,938.51,1,2798.04
69976,10,16.85,28.72,48.38,31.41,965.97,1,2799.04
70001,10,17.23,29.22,47.06,32.72,1008.82,1,2800.04
70026,10,17.78,29.66,46.75,34.27,1056.39,1,2801.04
70051,10,18.88,29.92,46.65,36.15,1095.47,1,2802.04
70076,10,19.9,30.0,46.66,37.85,1123.79,1,2803.04
70101,10,20.94,29.98,46.52,39.31,1133.23,1,2804.04
70126,10,21.96,29.94,46.51,40.29,1136.27,1,2805.04
70151,10,23.02,29.89,46.74,40.8,1136.5,1,2806.04
70176,10,24.13,29.96,46.79,41.93,1149.52,1,2807.04
70201,10,25.31,30.09,46.89,43.03,1160.82,1,2808.04
70226,10,26.49,30.05,46.88,42.78,1144.8,1,2809.04
70251,10,27.65,30.02,46.78,42.76,1136.44,1,2810.04
70276,10,28.77,30.06,46.74,42.9,1126.27,1,2811.04
70301,10,29.91,30.18,46.61,43.37,1114.24,1,2812.04
70326,10,31.02,30.35,46.35,44.3,1111.2,1,2813.04
70351,10,31.98,30.56,45.69,45.63,1131.21,1,2814.04
70376,10,32.85,30.73,44.33,47.03,1149.95,1,2815.04
70401,10,33.8,30.91,42.73,48.26,1166.77,1,2816.04
70426,10,34.8,31.11,44.31,49.22,1183.61,1,2817.04
70451,10,35.79,31.29,45.74,50.01,1195.07,1,2818.04
70476,10,36.71,31.37,46.68,50.39,1205.51,1,2819.04
70501,10,37.25,31.15,46.36,49.87,1222.75,1,2820.04
70526,10,37.43,30.56,45.35,49.7,1228.09,1,2821.04
70551,10,37.71,29.7,44.55,49.6,1212.28,1,2822.04
70576,10,38.19,28.84,43.63,49.0,1192.6,1,2823.04
70601,10,38.75,28.02,42.52,48.27,1158.55,1,2824.04
70626,10,39.28,27.22,41.23,48.3,1116.65,1,2825.04
70651,10,39.78,26.35,39.71,48.3,1067.64,1,2826.04
70676,10,40.24,25.51,38.0,48.06,1015.98,1,2827.04
70701,10,40.66,24.67,36.16,47.88,965.85,1,2828.04
70726,10,41.04,23.75,34.31,47.95,920.19,1,2829.04
70751,10,41.42,22.79,32.57,48.0,881.53,1,2830.04
70776,10,41.81,21.89,30.78,47.44,834.1,1,2831.04
70801,10,42.06,21.17,28.87,45.44,759.08,1,2832.04
70826,10,42.41,20.28,26.95,44.32,707.5,1,2833.04
70851,10,42.74,19.3,25.19,43.04,655.28,1,2834.04
70876,10,43.07,18.42,23.74,41.9,608.98,1,2835.04
70901,10,43.46,17.64,22.44,40.47,568.47,1,2836.04
70926,10,43.9,16.86,21.18,38.88,531.1,1,2837.04
70951,10,44.36,15.99,19.95,37.51,498.08,1,2838.04
70976,10,44.84,15.04,19.41,36.62,467.41,1,2839.04
71001,10,45.32,14.14,18.78,35.8,440.93,1,2840.04
71026,10,45.75,13.29,18.35,35.73,422.45,1,2841.04
71051,10,46.17,12.46,18.29,36.04,417.23,1,2842.04
71076,10,46.55,11.71,18.23,35.4,415.39,1,2843.04
71101,10,47.01,11.02,18.2,34.06,412.31,1,2844.04
71126,10,47.41,10.44,18.12,32.78,402.15,1,2845.04
71151,10,47.48,9.94,17.95,31.5,367.16,1,2846.04
71176,10,47.65,9.36,17.75,30.11,346.33,1,2847.04
71201,10,47.83,8.84,17.54,28.76,331.29,1,2848.04
71226,10,48.0,8.28,17.33,27.45,319.43,1,2849.04
71251,10,48.16,7.67,17.11,26.11,306.2,1,2850.04
71276,10,50.76,34.4,68.6,54.24,1548.55,2,2851.04
71301,10,43.68,38.86,21.5,36.32,495.55,2,2852.04
71326,10,43.76,38.68,21.49,36.08,509.5,2,2853.04
71351,10,43.88,38.38,21.43,36.11,519.85,2,2854.04
71376,10,44.02,37.99,21.25,36.75,525.99,2,2855.04
71401,10,44.15,37.6,21.18,37.51,540.55,2,2856.04
71426,10,44.26,37.24,21.52,38.22,557.0,2,2857.04
71451,10,44.37,36.9,21.73,38.93,577.52,2,2858.04
71476,10,44.46,36.56,21.9,39.84,599.75,2,2859.04
71501,10,44.57,36.21,21.81,40.7,613.41,2,2860.04
71526,10,44.73,35.91,21.63,41.35,620.32,2,2861.04
71551,10,44.87,35.64,21.24,41.96,625.8,2,2862.04
71576,10,44.99,35.43,20.71,42.36,624.18,2,2863.04
71601,10,45.13,35.22,20.13,42.59,612.69,2,2864.04
71626,10,45.21,35.04,19.56,42.47,597.3,2,2865.04
71651,10,45.2,34.9,19.18,42.14,589.2,2,2866.04
71676,10,45.14,34.79,19.1,41.61,591.77,2,2867.04
71701,10,45.09,34.73,19.03,41.95,603.38,2,2868.04
71726,10,45.05,34.69,18.96,42.97,617.17,2,2869.04
71751,10,45.0,34.67,18.91,43.9,625.78,2,2870.04
71776,10,44.94,34.71,18.92,44.65,629.37,2,2871.04
71801,10,44.91,34.72,18.96,45.35,634.16,2,2872.04
71826,10,44.96,34.79,18.95,45.4,639.4,2,2873.04
71851,10,45.03,34.9,18.94,45.46,644.03,2,2874.04
71876,10,45.05,34.92,18.9,45.66,643.77,2,2875.04
71901,10,45.06,34.95,18.9,45.65,641.96,2,2876.04
71926,10,45.07,35.02,18.84,45.46,641.68,2,2877.04
71951,10,45.07,35.01,18.88,45.39,646.32,2,2878.04
71976,10,45.06,35.01,18.87,45.33,648.26,2,2879.04
72001,10,45.08,35.04,18.83,45.11,644.83,2,2880.04
72026,10,45.07,35.1,18.84,44.98,645.34,2,2881.04
72051,10,45.05,35.14,18.88,45.4,649.25,2,2882.04
72076,10,45.07,35.09,18.91,45.23,646.98,2,2883.04
72101,10,45.16,35.01,18.92,44.64,637.44,2,2884.04
72126,10,45.26,34.93,18.88,44.58,627.77,2,2885.04
72151,10,45.69,34.83,19.65,44.38,645.55,2,2886.04
72176,10,46.99,34.58,23.09,44.45,758.85,2,2887.04
72201,10,49.22,33.85,27.34,44.11,898.33,2,2888.04
72226,10,51.58,32.96,28.97,41.46,938.36,2,2889.04
72251,10,52.66,31.9,28.23,37.87,897.86,2,2890.04
72276,10,52.02,30.59,29.2,36.12,845.42,2,2891.04
72301,10,50.04,29.64,30.02,35.06,805.45,2,2892.04
72326,10,47.21,29.07,31.32,34.56,806.25,2,2893.04
72351,10,43.72,28.08,33.01,36.38,845.09,2,2894.04
72376,10,39.8,27.11,34.56,37.32,868.25,2,2895.04
72401,10,36.14,26.75,35.12,35.48,836.49,2,2896.04
72426,10,33.81,27.14,33.49,32.94,745.34,2,2897.04
72451,10,32.86,27.35,30.91,32.83,664.13,2,2898.04
72476,10,31.88,26.68,28.37,34.73,652.43,2,2899.04
72501,10,30.4,25.87,27.74,36.91,658.26,2,2900.04
72526,10,29.65,25.3,27.55,37.3,691.39,2,2901.04
72551,10,29.49,24.85,27.03,35.81,693.17,2,2902.04
72576,10,29.39,24.57,27.14,33.34,677.88,2,2903.04
72601,10,30.52,24.39,28.36,33.29,694.08,2,2904.04
72626,10,32.85,24.23,31.05,34.3,739.07,2,2905.04
72651,10,35.93,24.06,33.61,35.34,780.57,2,2906.04
72676,10,39.79,23.79,35.34,36.23,811.49,2,2907.04
72701,10,43.96,23.72,37.21,36.97,847.39,2,2908.04
72726,10,47.79,23.5,37.98,37.86,878.69,2,2909.04
72751,10,50.93,23.16,37.25,38.53,908.72,2,2910.04
72776,10,52.95,22.98,37.33,40.84,928.28,2,2911.04
72801,9,54.39,24.14,37.61,41.55,940.87,2,2912.04
72826,10,52.7,23.9,38.2,40.68,957.5,2,2913.04
72851,10,51.88,24.94,38.4,38.79,946.69,2,2914.04
72876,10,51.09,26.39,39.01,36.13,921.14,2,2915.04
72901,10,50.42,28.24,39.6,34.66,916.52,2,2916.04
72926,10,49.6,30.71,39.3,35.13,948.77,2,2917.04
72951,10,48.17,33.6,38.6,35.71,1013.33,2,2918.04
72976,10,46.09,36.37,37.95,36.24,1046.76,2,2919.04
73001,10,43.49,38.59,37.6,35.71,988.96,2,2920.04
73026,10,40.91,40.5,37.14,34.71,912.78,2,2921.04
73051,10,38.72,42.63,37.08,34.77,896.79,2,2922.04
73076,10,36.35,44.46,37.26,35.49,917.39,2,2923.04
73101,10,33.57,45.48,38.07,35.84,961.02,2,2924.04
73126,10,31.56,45.96,38.39,34.99,972.86,2,2925.04
73151,10,31.2,45.59,37.17,33.1,913.67,2,2926.04
73176,10,31.34,44.41,35.11,31.75,834.37,2,2927.04
73201,10,30.99,42.74,33.3,31.91,777.67,2,2928.04
73226,10,30.39,40.7,31.71,32.6,734.3,2,2929.04
73251,10,29.71,38.61,31.13,33.28,709.66,2,2930.04
73276,10,28.75,36.56,31.09,34.45,708.88,2,2931.04
73301,10,27.68,34.7,31.4,35.21,714.18,2,2932.04
73326,10,26.71,33.03,31.49,35.54,715.89,2,2933.04
73351,10,25.33,31.26,31.81,37.57,751.72,2,2934.04
73376,10,23.33,29.96,32.99,39.66,816.82,2,2935.04
73401,10,20.89,29.32,34.77,40.52,888.68,2,2936.04
73426,10,18.59,28.85,36.45,40.35,936.79,2,2937.04
73451,10,17.19,28.44,37.38,39.71,932.61,2,2938.04
73476,10,16.4,28.0,36.02,38.63,891.67,2,2939.04
73501,10,15.94,27.51,33.15,36.59,817.82,2,2940.04
73526,10,15.71,27.03,29.88,33.81,727.67,2,2941.04
73551,10,15.53,26.52,26.49,30.61,641.64,2,2942.04
73576,10,15.42,26.04,24.31,27.07,569.78,2,2943.04
73601,10,15.46,25.54,23.27,27.15,518.58,2,2944.04
73626,10,15.68,25.18,21.99,27.96,479.4,2,2945.04
73651,10,15.98,24.96,20.83,28.87,444.13,2,2946.04
73676,10,16.28,24.78,20.06,29.89,426.38,2,2947.04
73701,10,16.88,24.61,19.81,30.7,429.0,2,2948.04
73726,10,18.45,24.51,19.09,31.34,428.52,2,2949.04
73751,10,20.88,24.9,17.71,32.19,417.23,2,2950.04
73776,10,22.97,25.25,16.87,33.49,430.57,2,2951.04
73801,10,23.81,24.8,17.69,35.0,474.79,2,2952.04
73826,10,23.84,24.12,19.62,35.03,504.4,2,2953.04
73851,10,23.84,24.07,21.0,31.33,481.95,2,2954.04
73876,10,23.66,24.62,22.17,27.64,436.5,2,2955.04
73901,10,22.89,25.11,23.63,26.63,446.51,2,2956.04
73926,10,22.43,24.96,24.18,27.4,463.91,2,2957.04
73951,10,22.91,24.27,23.51,28.82,475.09,2,2958.04
73976,10,23.65,23.53,22.83,29.55,496.37,2,2959.04
74001,10,24.16,22.78,22.33,30.31,512.65,2,2960.04
74026,10,24.48,22.08,22.1,30.4,518.22,2,2961.04
74051,10,24.62,21.3,21.0,29.86,509.48,2,2962.04
74076,10,24.77,20.49,20.75,29.95,495.49,2,2963.04
74101,10,25.21,19.81,21.07,29.9,482.57,2,2964.04
74126,10,25.46,19.47,21.49,29.17,485.09,2,2965.04
74151,10,25.75,19.58,22.17,28.6,501.37,2,2966.04
74176,10,27.17,20.28,22.23,29.13,510.15,2,2967.04
74201,10,29.66,21.5,21.27,31.54,531.84,2,2968.04
74226,10,32.3,23.54,21.52,33.62,553.24,2,2969.04
74251,10,34.47,25.84,20.82,33.89,555.97,2,2970.04
74276,10,36.11,27.07,20.85,33.96,565.93,2,2971.04
74301,10,37.06,26.79,21.41,34.6,587.31,2,2972.04
74326,10,37.33,25.95,21.95,33.83,591.42,2,2973.04
74351,10,37.23,24.94,22.62,32.55,586.32,2,2974.04
74376,10,37.08,24.15,23.56,34.63,598.37,2,2975.04
74401,10,37.16,24.52,23.61,35.12,585.19,2,2976.04
74426,10,37.58,25.84,23.02,34.69,564.23,2,2977.04
74451,10,37.91,26.63,22.63,34.84,566.9,2,2978.04
74476,10,37.38,25.76,22.38,35.63,571.23,2,2979.04
74501,10,36.1,24.27,22.78,36.14,574.08,2,2980.04
74526,10,34.76,22.91,23.55,35.85,582.3,2,2981.04
74551,10,33.88,21.62,23.72,35.43,625.3,2,2982.04
74576,10,34.35,20.6,22.93,36.54,650.0,2,2983.04
74601,10,36.39,20.5,22.12,36.66,636.54,2,2984.04
74626,10,39.14,21.65,23.26,36.04,631.65,2,2985.04
74651,10,41.66,23.65,23.82,35.48,632.6,2,2986.04
74676,10,43.6,25.64,23.31,34.53,654.36,2,2987.04
74701,10,45.39,27.25,24.4,33.69,665.07,2,2988.04
74726,10,47.44,28.66,25.51,33.8,676.38,2,2989.04
74751,10,49.23,29.73,25.67,35.37,696.48,2,2990.04
74776,10,50.1,30.67,25.37,36.13,701.1,2,2991.04
74801,10,49.86,31.48,25.66,34.74,661.26,2,2992.04
74826,10,48.66,31.8,26.73,32.55,616.53,2,2993.04
74851,10,47.18,32.7,27.47,31.29,603.54,2,2994.04
74876,10,45.72,34.74,27.57,31.73,631.21,2,2995.04
74901,10,44.19,37.37,27.13,32.64,679.14,2,2996.04
74926,10,42.89,40.12,25.84,36.09,733.71,2,2997.04
74951,10,42.44,42.66,24.47,39.27,764.16,2,2998.04
74976,10,42.75,44.7,23.45,40.03,763.97,2,2999.04
75001,10,42.84,46.35,23.86,38.92,729.01,2,3000.04
75026,10,42.46,47.39,23.97,36.64,678.15,2,3001.04
75051,10,41.67,47.69,23.53,34.52,652.89,2,3002.04
75076,10,40.2,47.59,24.29,32.9,669.48,2,3003.04
75101,10,38.34,47.13,25.54,33.05,646.18,2,3004.04
75126,10,36.13,46.67,28.26,32.91,631.71,2,3005.04
75151,10,33.28,46.56,31.8,32.99,693.97,2,3006.04
75176,10,30.04,46.32,33.73,33.0,739.42,2,3007.04
75201,10,26.82,45.48,34.52,32.35,782.71,2,3008.04
75226,10,24.14,44.1,35.32,31.61,799.25,2,3009.04
75251,10,22.62,42.18,35.97,30.33,767.62,2,3010.04
75276,10,22.38,40.27,35.22,28.53,705.93,2,3011.04
75301,10,22.65,38.97,34.52,28.03,678.3,2,3012.04
75326,10,23.38,38.17,33.23,28.71,694.75,2,3013.04
75351,10,24.71,37.78,32.91,31.31,718.52,2,3014.04
75376,10,26.64,37.18,32.65,31.92,722.3,2,3015.04
75401,10,29.42,36.29,32.65,32.57,755.17,2,3016.04
75426,10,33.0,35.06,33.47,37.25,866.04,2,3017.04
75451,10,36.83,33.41,34.43,43.52,998.05,2,3018.04
75476,10,40.15,31.75,34.78,48.51,1081.1,2,3019.04
75501,10,42.36,30.08,34.82,51.92,1174.39,2,3020.04
75526,10,43.85,28.77,34.81,52.3,1251.57,2,3021.04
75551,10,45.11,28.06,34.31,50.54,1257.45,2,3022.04
75576,10,46.2,28.11,33.52,51.58,1229.8,2,3023.04
75601,10,47.0,28.88,32.85,52.25,1196.45,2,3024.04
75626,10,47.53,30.0,32.48,53.28,1181.36,2,3025.04
75651,10,48.11,31.34,32.27,54.98,1153.32,2,3026.04
75676,10,49.03,32.67,32.04,56.81,1112.32,2,3027.04
75701,10,50.61,33.9,31.49,58.28,1082.35,2,3028.04
75726,10,53.01,35.02,30.65,58.61,1066.05,2,3029.04
75751,10,55.86,36.16,30.36,57.49,1048.15,2,3030.04
75776,10,58.66,37.17,31.1,54.9,1029.91,2,3031.04
75801,10,61.11,37.8,32.38,51.2,996.21,2,3032.04
75826,10,63.31,38.21,33.65,48.96,1025.13,2,3033.04
75851,10,65.31,38.55,34.54,48.73,1145.69,2,3034.04
75876,10,66.6,38.69,37.58,49.43,1258.69,2,3035.04
75901,10,67.03,38.59,40.36,51.21,1327.43,2,3036.04
75926,10,66.95,38.25,39.74,53.42,1343.62,2,3037.04
75951,10,66.56,37.85,37.22,55.38,1328.73,2,3038.04
75976,10,66.03,37.35,34.41,56.71,1303.77,2,3039.04
76001,10,65.81,36.46,31.33,57.2,1239.14,2,3040.04
76026,10,65.98,35.48,30.22,57.0,1148.15,2,3041.04
76051,10,66.06,34.65,30.62,57.02,1121.87,2,3042.04
76076,10,65.97,33.85,31.12,58.37,1148.67,2,3043.04
76101,10,66.34,32.81,31.17,59.55,1162.42,2,3044.04
76126,10,67.4,31.6,31.11,60.35,1165.13,2,3045.04
76151,10,68.85,30.5,31.27,60.88,1146.66,2,3046.04
76176,10,70.1,29.6,31.68,60.55,1110.54,2,3047.04
76201,10,70.77,28.86,32.23,58.32,1066.0,2,3048.04
76226,10,71.28,28.35,33.15,58.27,1088.04,2,3049.04
76251,10,72.56,28.14,34.69,56.22,1159.08,2,3050.04
76276,10,75.11,27.99,37.38,51.58,1241.55,2,3051.04
76301,10,78.54,27.58,42.49,47.79,1332.43,2,3052.04
76326,10,81.6,27.1,45.16,45.66,1321.35,2,3053.04
76351,10,83.4,26.97,44.9,43.72,1262.95,2,3054.04
76376,10,84.07,27.32,42.63,41.61,1215.57,2,3055.04
76401,10,84.18,27.77,43.04,39.83,1113.09,2,3056.04
76426,10,84.21,28.08,42.77,38.09,991.35,2,3057.04
76451,10,84.26,28.3,41.85,36.13,868.58,2,3058.04
76476,10,84.44,28.47,40.55,34.19,771.19,2,3059.04
76501,10,84.72,28.64,39.27,32.53,701.42,2,3060.04
76526,10,85.03,28.82,37.65,32.3,679.86,2,3061.04
76551,10,85.36,28.95,35.8,31.87,657.95,2,3062.04
76576,10,85.73,29.01,34.74,30.92,641.64,2,3063.04
76601,10,86.15,29.06,34.82,29.54,622.61,2,3064.04
76626,10,86.58,29.04,34.87,29.3,614.06,2,3065.04
76651,10,87.03,28.86,34.79,30.53,620.68,2,3066.04
76676,10,87.45,28.6,34.45,31.43,634.03,2,3067.04
76701,10,87.6,28.81,34.1,32.17,646.48,2,3068.04
76726,10,88.05,28.2,34.05,32.95,659.28,2,3069.04
76751,10,88.34,27.71,34.11,34.0,674.54,2,3070.04
76776,10,88.58,27.27,34.4,35.03,686.19,2,3071.04
76801,10,88.87,26.83,35.25,36.08,706.02,2,3072.04
76826,10,89.15,26.61,36.44,36.7,737.38,2,3073.04
76851,10,89.31,26.48,37.1,36.99,767.06,2,3074.04
76876,10,89.36,26.33,37.14,37.55,785.17,2,3075.04
76901,10,89.38,26.25,36.56,37.83,778.51,2,3076.04
76926,10,89.45,26.22,36.23,37.51,766.16,2,3077.04
76951,10,89.65,26.11,36.18,36.6,759.54,2,3078.04
76976,10,89.97,26.01,36.4,36.75,749.29,2,3079.04
77001,10,90.5,25.83,36.4,36.61,752.66,2,3080.04
77026,10,91.23,25.47,37.06,36.13,742.08,2,3081.04
77051,10,91.54,24.94,36.2,35.69,700.5,2,3082.04
77076,10,90.95,24.69,36.29,37.09,741.1,2,3083.04
77101,10,89.33,25.1,39.64,35.93,755.95,2,3084.04
77126,10,87.1,25.77,41.58,32.73,701.93,2,3085.04
77151,10,84.54,26.63,42.63,29.45,637.42,2,3086.04
77176,10,81.8,27.58,43.02,27.27,618.4,2,3087.04
77201,10,78.99,28.48,42.88,26.08,665.01,2,3088.04
77226,10,76.28,29.27,42.1,27.43,735.09,2,3089.04
77251,10,73.57,29.97,40.98,28.06,786.58,2,3090.04
77276,10,71.34,30.55,39.84,28.44,826.32,2,3091.04
77301,10,69.58,31.23,38.59,29.14,865.62,2,3092.04
77326,10,68.24,32.12,37.31,30.8,929.66,2,3093.04
77351,10,67.14,33.19,36.51,34.06,1002.12,2,3094.04
77376,10,66.12,34.22,36.82,35.66,1050.84,2,3095.04
77401,10,65.25,34.85,36.79,35.74,1077.41,2,3096.04
77426,10,64.56,35.14,36.93,35.34,1099.08,2,3097.04
77451,10,63.94,35.35,37.5,34.93,1124.76,2,3098.04
77476,10,63.33,35.69,38.47,35.22,1172.46,2,3099.04
77501,10,62.76,36.37,39.24,35.93,1221.21,2,3100.04
77526,10,61.83,37.64,38.95,37.28,1250.54,2,3101.04
77551,10,60.21,39.42,37.94,39.15,1259.85,2,3102.04
77576,10,58.19,41.23,38.02,40.37,1236.5,2,3103.04
77601,10,56.24,42.72,37.16,40.48,1180.0,2,3104.04
77626,10,54.61,43.38,35.62,39.51,1085.06,2,3105.04
77651,10,52.84,43.13,35.05,39.6,1015.6,2,3106.04
77676,10,50.81,42.8,36.86,39.66,1052.74,2,3107.04
77701,10,48.99,42.51,40.26,40.32,1161.57,2,3108.04
77726,10,47.3,42.19,43.69,42.66,1308.22,2,3109.04
77751,10,45.71,41.93,46.65,45.73,1472.55,2,3110.04
77776,10,44.25,41.6,48.42,48.47,1618.06,2,3111.04
77801,10,42.94,40.97,48.33,51.23,1732.87,2,3112.04
77826,10,41.82,40.13,46.77,53.84,1809.57,2,3113.04
77851,10,40.93,39.15,44.94,56.03,1861.09,2,3114.04
77876,10,40.24,38.16,43.43,57.45,1894.04,2,3115.04
77901,10,39.63,37.36,42.08,57.21,1895.53,2,3116.04
77926,10,39.03,37.0,40.65,56.68,1870.66,2,3117.04
77951,10,38.42,37.12,39.49,57.57,1837.51,2,3118.04
77976,10,37.9,37.71,39.48,58.29,1791.31,2,3119.04
78001,10,37.47,38.52,39.87,58.03,1740.11,2,3120.04
78026,10,36.86,38.91,40.24,57.29,1719.32,2,3121.04
78051,10,36.11,38.49,40.45,56.59,1754.05,2,3122.04
78076,10,35.44,37.28,40.41,56.09,1760.79,2,3123.04
78101,10,35.36,35.84,39.12,55.68,1702.98,2,3124.04
78126,10,36.51,34.32,37.04,56.58,1607.72,2,3125.04
78151,10,38.91,32.69,35.35,58.43,1540.2,2,3126.04
78176,10,42.18,31.3,34.14,59.1,1494.21,2,3127.04
78201,10,46.09,30.42,33.02,56.62,1420.0,2,3128.04
78226,10,50.09,30.02,32.21,52.31,1342.38,2,3129.04
78251,10,53.47,29.94,31.12,52.18,1253.05,2,3130.04
78276,10,55.96,30.28,29.02,52.07,1143.19,2,3131.04
78301,10,56.89,31.04,27.22,52.32,1041.68,2,3132.04
78326,10,55.91,31.96,27.18,52.72,988.21,2,3133.04
78351,10,54.41,33.0,27.29,52.42,929.87,2,3134.04
78376,10,53.48,33.94,26.39,51.71,847.91,2,3135.04
78401,10,52.57,34.49,24.91,50.13,769.11,2,3136.04
78426,10,51.28,34.56,23.49,47.68,709.12,2,3137.04
78451,10,49.75,34.45,22.48,44.68,663.0,2,3138.04
78476,10,48.13,34.27,21.65,41.54,634.22,2,3139.04
78501,10,46.34,33.86,21.31,38.34,607.35,2,3140.04
78526,10,44.22,33.15,21.54,35.04,591.76,2,3141.04
78551,10,41.91,32.45,22.71,31.77,588.8,2,3142.04
78576,10,40.02,32.19,23.33,28.74,560.92,2,3143.04
78601,10,38.9,31.84,22.38,28.94,526.47,2,3144.04
78626,10,38.07,30.94,20.58,29.53,512.65,2,3145.04
78651,10,37.14,29.65,20.54,30.85,528.57,2,3146.04
78676,10,36.18,28.29,21.09,31.62,564.73,2,3147.04
78701,10,35.57,27.49,21.61,32.93,585.24,2,3148.04
78726,10,35.61,27.37,21.95,33.26,592.63,2,3149.04
78751,10,36.37,27.88,21.79,33.59,590.51,2,3150.04
78776,10,37.54,29.14,21.11,34.24,582.86,2,3151.04
78801,10,38.51,31.13,21.09,35.39,580.36,2,3152.04
78826,10,38.94,33.58,21.42,36.86,602.82,2,3153.04
78851,10,38.69,35.97,22.19,37.86,639.16,2,3154.04
78876,10,37.99,37.91,23.48,37.21,659.94,2,3155.04
78901,10,37.16,39.19,25.21,35.41,660.41,2,3156.04
78926,10,36.45,39.98,26.54,33.85,641.18,2,3157.04
78951,10,35.71,40.49,27.77,32.17,636.32,2,3158.04
78976,10,34.64,40.03,30.23,32.29,689.81,2,3159.04
79001,10,33.9,38.26,32.12,35.39,771.86,2,3160.04
79026,10,33.37,35.85,31.98,39.26,835.87,2,3161.04
79051,10,32.87,33.44,30.68,40.36,849.31,2,3162.04
79076,10,33.07,31.48,29.27,38.18,786.85,2,3163.04
79101,10,34.29,30.0,26.81,35.67,684.13,2,3164.04
79126,10,35.99,28.88,23.94,34.06,612.58,2,3165.04
79151,10,37.33,28.21,20.89,33.44,555.27,2,3166.04
79176,10,38.06,27.93,19.89,32.97,530.1,2,3167.04
79201,10,38.54,28.18,20.06,32.69,522.91,2,3168.04
79226,10,39.05,29.0,19.43,32.5,512.0,2,3169.04
79251,10,39.83,30.24,19.1,32.16,514.7,2,3170.04
79276,10,40.91,31.64,20.09,33.48,546.96,2,3171.04
79301,10,41.8,33.05,22.41,36.01,583.33,2,3172.04
79326,10,41.77,34.84,24.26,39.31,599.99,2,3173.04
79351,10,40.57,36.99,25.55,42.96,674.75,2,3174.04
79376,10,38.93,38.85,28.13,45.62,791.57,2,3175.04
79401,10,37.44,40.27,32.33,47.54,920.74,2,3176.04
79426,10,36.24,41.45,34.91,49.46,1036.14,2,3177.04
79451,10,35.26,42.51,36.42,50.61,1125.23,2,3178.04
79476,10,34.45,43.53,37.22,51.04,1179.02,2,3179.04
79501,10,33.68,44.39,37.04,51.46,1213.32,2,3180.04
79526,10,32.92,45.12,35.68,52.3,1249.96,2,3181.04
79551,10,32.14,45.77,34.66,50.94,1261.95,2,3182.04
79576,10,31.35,46.57,34.6,51.18,1269.18,2,3183.04
79601,10,30.64,47.31,35.09,51.33,1270.7,2,3184.04
79626,10,30.16,47.98,35.98,50.81,1271.67,2,3185.04
79651,10,29.82,48.48,36.4,49.99,1253.43,2,3186.04
79676,10,29.41,48.98,36.3,49.04,1235.64,2,3187.04
79701,10,28.76,49.49,36.3,47.6,1234.08,2,3188.04
79726,10,28.33,49.49,36.31,46.73,1223.24,2,3189.04
79751,10,28.72,48.77,34.56,46.45,1150.06,2,3190.04
79776,10,30.05,47.48,30.49,45.05,1004.64,2,3191.04
79801,10,31.57,45.65,26.42,42.51,861.56,2,3192.04
79826,10,33.19,43.45,24.69,43.85,759.26,2,3193.04
79851,10,34.75,41.14,24.84,46.59,849.79,2,3194.04
79876,10,35.75,38.36,29.23,49.45,1015.84,2,3195.04
79901,10,36.58,35.52,34.32,51.32,1196.49,2,3196.04
79926,10,37.15,33.19,37.58,52.66,1308.62,2,3197.04
79951,10,37.27,31.82,38.25,54.36,1350.91,2,3198.04
79976,10,36.98,31.2,37.24,56.37,1424.45,2,3199.04
80001,10,36.3,30.75,36.29,57.37,1567.76,2,3200.04
80026,10,35.27,29.82,37.2,57.99,1648.18,2,3201.04
80051,10,34.04,28.43,38.41,58.45,1628.5,2,3202.04
80076,10,33.04,27.24,38.59,57.72,1533.95,2,3203.04
80101,10,32.65,26.77,37.54,56.3,1420.52,2,3204.04
80126,10,33.49,26.87,35.41,55.35,1341.74,2,3205.04
80151,10,35.86,27.24,33.27,55.46,1314.78,2,3206.04
80176,10,39.3,27.49,32.19,55.07,1317.51,2,3207.04
80201,10,43.28,27.73,32.17,53.13,1324.92,2,3208.04
80226,10,47.57,28.36,33.19,49.8,1321.79,2,3209.04
80251,10,51.92,29.49,34.83,48.0,1277.19,2,3210.04
80276,10,56.32,30.75,36.07,46.94,1200.09,2,3211.04
80301,10,60.69,31.81,37.89,47.2,1131.44,2,3212.04
80326,10,64.95,32.52,39.16,47.72,1111.0,2,3213.04
80351,10,68.8,33.14,39.94,46.9,1097.69,2,3214.04
80376,10,71.88,33.71,39.67,44.17,1003.45,2,3215.04
80401,10,74.24,34.02,39.26,41.01,864.82,2,3216.04
80426,10,75.91,34.08,39.77,39.35,875.69,2,3217.04
80451,10,76.61,33.41,38.85,38.23,944.6,2,3218.04
80476,10,76.02,32.73,35.18,36.17,906.22,2,3219.04
80501,10,74.96,32.26,33.03,39.7,865.9,2,3220.04
80526,10,73.81,31.61,32.41,44.36,916.78,2,3221.04
80551,10,73.31,30.49,31.97,47.82,971.23,2,3222.04
80576,10,73.58,29.2,31.87,48.75,1020.15,2,3223.04
80601,10,74.33,28.04,32.36,46.36,1030.82,2,3224.04
80626,10,75.01,27.03,32.61,43.78,1012.9,2,3225.04
80651,10,75.28,26.13,31.96,44.34,1006.52,2,3226.04
80676,10,74.92,25.66,31.04,45.87,1020.76,2,3227.04
80701,10,74.07,25.55,30.87,47.3,1075.12,2,3228.04
80726,10,72.87,25.61,32.07,48.38,1149.34,2,3229.04
80751,10,71.22,26.12,34.02,48.63,1208.21,2,3230.04
80776,10,69.29,27.11,35.84,48.58,1289.17,2,3231.04
80801,10,67.29,28.04,36.99,49.55,1367.23,2,3232.04
80826,10,65.49,28.94,35.12,51.83,1373.07,2,3233.04
80851,10,64.21,30.34,34.3,54.16,1290.43,2,3234.04
80876,10,63.39,32.2,33.64,55.53,1191.35,2,3235.04
80901,10,63.0,34.01,32.24,56.74,1114.26,2,3236.04
80926,10,63.32,35.51,30.6,57.38,1069.98,2,3237.04
80951,10,64.25,36.4,29.16,56.99,1055.74,2,3238.04
80976,10,65.76,37.06,30.0,56.39,1082.3,2,3239.04
81001,10,67.85,37.64,31.99,55.34,1135.01,2,3240.04
81026,10,70.21,38.05,34.34,53.48,1180.89,2,3241.04
81051,10,72.34,38.34,36.37,48.4,1202.67,2,3242.04
81076,10,73.57,38.53,37.16,41.44,1097.37,2,3243.04
81101,10,74.13,38.9,36.96,37.49,983.0,2,3244.04
81126,10,74.64,39.71,37.47,39.05,1009.48,2,3245.04
81151,10,75.36,40.69,36.08,40.36,1025.82,2,3246.04
81176,10,76.39,41.58,36.28,39.82,1053.2,2,3247.04
81201,10,76.79,42.4,38.84,40.94,1115.84,2,3248.04
81226,10,76.04,43.18,38.96,43.28,1148.97,2,3249.04
81251,10,74.27,43.61,38.73,45.87,1216.58,2,3250.04
81276,10,71.89,43.57,38.55,48.07,1325.49,2,3251.04
81301,10,69.55,42.53,37.44,50.28,1397.56,2,3252.04
81326,10,67.7,40.31,35.4,52.75,1430.61,2,3253.04
81351,10,66.27,37.89,34.81,55.11,1436.2,2,3254.04
81376,10,65.13,35.68,35.67,58.52,1410.41,2,3255.04
81401,10,64.25,33.68,36.42,60.25,1382.86,2,3256.04
81426,10,63.4,32.25,36.98,60.34,1301.97,2,3257.04
81451,10,62.53,31.31,37.05,59.2,1233.48,2,3258.04
81476,10,62.31,30.15,36.56,57.86,1198.83,2,3259.04
81501,10,63.5,28.88,36.24,55.82,1228.2,2,3260.04
81526,10,66.28,28.21,37.34,50.02,1279.99,2,3261.04
81551,10,69.98,28.03,40.75,43.93,1324.59,2,3262.04
81576,10,73.77,27.81,44.5,38.11,1346.0,2,3263.04
81601,10,76.99,27.48,46.92,37.89,1352.05,2,3264.04
81626,10,79.3,27.2,47.82,38.07,1332.61,2,3265.04
81651,10,80.8,27.03,47.73,38.55,1334.9,2,3266.04
81676,10,81.85,26.97,47.27,39.24,1340.16,2,3267.04
81701,10,82.66,26.98,47.54,40.05,1332.87,2,3268.04
81726,10,83.28,27.12,48.67,40.44,1309.14,2,3269.04
81751,10,83.75,27.29,49.4,40.37,1272.97,2,3270.04
81776,10,84.19,27.38,49.45,40.04,1231.23,2,3271.04
81801,10,84.57,27.45,48.9,39.2,1184.64,2,3272.04
81826,10,84.9,27.35,48.35,38.23,1130.7,2,3273.04
81851,10,85.26,27.25,47.76,37.39,1084.56,2,3274.04
81876,10,85.7,27.21,47.28,36.11,1028.41,2,3275.04
81901,10,86.23,27.11,46.73,35.68,969.47,2,3276.04
81926,10,86.77,27.05,45.89,35.69,934.05,2,3277.04
81951,10,87.31,26.99,44.7,35.52,896.48,2,3278.04
81976,10,87.83,26.85,43.34,35.94,882.26,2,3279.04
82001,10,88.3,26.7,42.05,37.18,864.58,2,3280.04
82026,10,88.59,26.64,41.44,37.97,842.34,2,3281.04
82051,10,88.8,26.73,40.23,37.91,792.47,2,3282.04
82076,10,89.03,26.86,39.23,37.69,757.98,2,3283.04
82101,10,89.16,27.03,38.6,36.45,747.88,2,3284.04
82126,10,89.31,27.03,38.1,34.88,735.1,2,3285.04
82151,10,89.56,26.85,37.97,33.95,729.13,2,3286.04
82176,10,89.79,26.75,37.95,34.01,727.49,2,3287.04
82201,10,89.97,26.77,38.04,35.19,738.95,2,3288.04
82226,10,90.13,26.76,38.04,36.35,757.71,2,3289.04
82251,10,90.1,26.68,36.8,36.73,766.62,2,3290.04
82276,10,89.98,26.8,35.03,37.08,760.76,2,3291.04
82301,10,90.04,27.04,34.15,37.59,760.02,2,3292.04
82326,10,90.15,27.28,33.21,38.0,755.22,2,3293.04
82351,10,90.4,27.43,32.77,38.89,753.24,2,3294.04
82376,10,90.75,27.67,33.47,39.84,768.99,2,3295.04
82401,10,91.35,27.65,34.83,40.71,797.48,2,3296.04
82426,10,91.9,27.86,34.92,43.55,836.67,2,3297.04
82451,10,92.04,28.85,33.47,47.38,862.96,2,3298.04
82476,10,91.88,30.26,32.54,49.12,877.1,2,3299.04
82501,10,91.36,31.6,34.1,49.57,915.06,2,3300.04
82526,10,90.19,33.23,33.77,49.43,918.26,2,3301.04
82551,10,88.91,34.88,33.6,49.81,924.08,2,3302.04
82576,10,87.57,35.95,34.02,49.43,912.61,2,3303.04
82601,10,85.83,36.63,34.54,47.87,881.47,2,3304.04
82626,10,83.75,37.08,35.04,45.38,847.36,2,3305.04
82651,10,81.39,37.3,35.26,43.87,821.34,2,3306.04
82676,10,78.79,37.41,35.05,44.59,807.44,2,3307.04
82701,10,76.05,37.4,34.56,45.77,877.65,2,3308.04
82726,10,73.22,37.44,33.95,46.33,948.1,2,3309.04
82751,10,70.51,37.51,33.47,45.96,995.76,2,3310.04
82776,10,68.11,37.58,33.9,45.05,1012.66,2,3311.04
82801,10,66.04,37.67,34.16,43.88,1009.49,2,3312.04
82826,10,64.34,37.83,33.59,42.41,991.59,2,3313.04
82851,10,63.01,38.05,32.62,41.25,974.46,2,3314.04
82876,10,61.83,38.19,31.59,40.46,967.81,2,3315.04
82901,10,60.65,38.44,31.91,39.57,979.99,2,3316.04
82926,10,59.61,38.82,33.94,38.43,1013.74,2,3317.04
82951,10,58.65,39.17,35.86,36.95,1038.85,2,3318.04
82976,10,57.65,39.17,36.95,35.29,1063.61,2,3319.04
83001,10,56.9,38.37,38.76,35.56,1080.36,2,3320.04
83026,10,56.53,38.01,40.13,36.37,1101.2,2,3321.04
83051,10,56.2,38.74,39.06,37.51,1098.62,2,3322.04
83076,10,55.46,39.87,35.39,37.53,1016.4,2,3323.04
83101,10,54.09,40.82,30.47,35.95,902.59,2,3324.04
83126,10,52.59,41.77,28.43,35.79,848.18,2,3325.04
83151,10,51.06,42.52,28.43,36.0,813.38,2,3326.04
83176,10,49.01,42.56,29.2,34.0,726.08,2,3327.04
83201,10,46.42,42.43,30.39,32.1,656.12,2,3328.04
83226,10,43.34,42.65,31.8,30.69,640.0,2,3329.04
83251,10,40.0,43.04,33.52,31.02,668.83,2,3330.04
83276,10,36.95,43.36,35.33,31.54,736.19,2,3331.04
83301,10,34.96,43.66,36.07,32.22,781.76,2,3332.04
83326,10,34.17,43.59,35.15,32.22,778.06,2,3333.04
83351,10,33.86,42.74,33.29,30.76,736.04,2,3334.04
83376,10,33.3,41.38,31.99,28.57,684.53,2,3335.04
83401,10,32.51,39.82,31.05,26.81,656.72,2,3336.04
83426,10,31.71,37.92,29.96,27.43,664.48,2,3337.04
83451,10,31.08,35.83,29.08,28.79,683.83,2,3338.04
83476,10,30.44,33.74,28.76,31.7,711.96,2,3339.04
83501,10,29.38,31.89,28.92,35.42,756.06,2,3340.04
83526,10,27.88,30.39,29.18,38.77,816.66,2,3341.04
83551,10,26.88,29.47,29.24,38.82,815.42,2,3342.04
83576,10,26.62,29.09,29.49,35.96,777.86,2,3343.04
83601,10,26.72,28.66,29.31,33.27,728.92,2,3344.04
83626,10,27.0,27.97,27.94,35.28,701.68,2,3345.04
83651,10,27.37,27.46,27.22,36.37,684.43,2,3346.04
83676,10,28.28,27.65,26.4,35.97,686.86,2,3347.04
83701,10,29.86,28.18,24.58,35.12,698.29,2,3348.04
83726,10,31.99,28.56,23.67,35.17,686.72,2,3349.04
83751,10,34.48,29.25,23.21,34.48,634.63,2,3350.04
83776,10,36.45,30.58,21.83,32.99,554.13,2,3351.04
83801,10,36.95,31.69,20.46,32.28,488.87,2,3352.04
83826,10,36.1,32.11,21.21,31.29,477.35,2,3353.04
83851,10,34.55,32.59,22.23,30.65,490.57,2,3354.04
83876,10,32.7,33.69,23.98,29.18,498.76,2,3355.04
83901,10,30.53,35.23,25.73,30.29,502.06,2,3356.04
83926,10,27.69,36.71,28.45,34.68,596.11,2,3357.04
83951,10,24.01,37.82,32.35,37.03,722.66,2,3358.04
83976,10,20.8,38.57,35.34,35.53,777.01,2,3359.04
84001,10,19.29,39.24,35.5,32.07,739.61,2,3360.04
84026,10,19.59,39.9,34.5,28.98,701.98,2,3361.04
84051,10,20.65,40.52,34.23,27.6,709.09,2,3362.04
84076,10,21.66,41.22,33.55,29.76,726.56,2,3363.04
84101,10,22.65,41.75,32.45,31.84,734.37,2,3364.04
84126,10,23.62,42.05,31.04,32.71,726.69,2,3365.04
84151,10,24.54,42.28,29.26,33.33,707.46,2,3366.04
84176,10,25.41,42.44,27.96,33.96,684.52,2,3367.04
84201,10,26.39,42.54,27.94,34.78,667.01,2,3368.04
84226,10,27.52,42.43,28.12,35.87,655.85,2,3369.04
84251,10,28.68,42.21,28.45,37.17,655.95,2,3370.04
84276,10,29.84,42.04,28.75,38.68,669.08,2,3371.04
84301,10,31.03,41.88,28.71,40.25,685.27,2,3372.04
84326,10,32.22,41.72,28.57,41.78,708.85,2,3373.04
84351,10,33.37,41.56,28.4,43.25,738.04,2,3374.04
84376,10,34.43,41.31,28.19,44.51,765.71,2,3375.04
84401,10,35.44,40.91,27.84,45.76,790.76,2,3376.04
84426,10,36.43,40.52,27.48,47.25,813.39,2,3377.04
84451,10,37.35,40.45,27.25,48.63,834.01,2,3378.04
84476,10,38.17,40.87,25.88,50.25,817.96,2,3379.04
84501,10,38.87,41.77,22.0,51.75,785.39,2,3380.04
84526,10,39.65,42.63,20.73,52.57,766.92,2,3381.04
84551,10,40.58,42.94,21.75,52.99,843.85,2,3382.04
84576,10,41.78,42.47,26.22,53.37,945.13,2,3383.04
84601,10,42.88,41.04,29.0,54.28,1120.14,2,3384.04
84626,10,43.14,38.99,31.34,55.41,1275.14,2,3385.04
84651,10,42.59,37.09,32.75,56.27,1380.76,2,3386.04
84676,10,41.96,35.42,33.47,57.14,1466.77,2,3387.04
84701,10,41.68,33.82,34.31,57.97,1544.77,2,3388.04
84726,10,41.7,32.28,35.1,58.78,1595.98,2,3389.04
84751,10,41.66,30.96,36.08,59.12,1598.02,2,3390.04
84776,10,41.13,30.22,36.03,58.6,1560.56,2,3391.04
84801,10,40.09,30.2,35.05,56.95,1529.95,2,3392.04
84826,10,39.06,30.39,34.58,57.55,1514.08,2,3393.04
84851,10,38.85,30.43,34.9,57.07,1473.62,2,3394.04
84876,10,39.95,30.07,35.48,56.37,1448.55,2,3395.04
84901,10,42.05,29.22,36.34,55.33,1506.02,2,3396.04
84926,10,44.16,28.03,39.76,55.08,1599.61,2,3397.04
84951,10,45.46,26.84,39.85,55.93,1636.89,2,3398.04
84976,10,46.14,25.93,38.27,55.79,1604.7,2,3399.04
85001,10,46.61,25.25,37.08,55.45,1568.98,2,3400.04
85026,10,46.94,24.69,36.82,54.74,1539.53,2,3401.04
85051,10,47.12,24.2,36.31,54.24,1498.98,2,3402.04
85076,10,47.23,23.86,35.68,53.71,1440.05,2,3403.04
85101,10,47.27,23.54,34.94,52.84,1374.6,2,3404.04
85126,10,47.26,23.17,34.06,52.24,1315.71,2,3405.04
85151,10,47.28,22.77,33.27,52.09,1269.05,2,3406.04
85176,10,47.37,22.34,32.61,51.78,1229.11,2,3407.04
85201,10,47.53,21.77,32.02,51.24,1192.25,2,3408.04
85226,10,47.75,21.18,31.48,50.61,1178.52,2,3409.04
85251,10,47.95,20.83,30.92,50.02,1169.15,2,3410.04
85276,10,48.1,20.71,30.38,50.63,1156.23,2,3411.04
85301,10,48.28,20.7,29.88,50.73,1144.41,2,3412.04
85326,10,48.57,20.65,29.52,50.86,1138.64,2,3413.04
85351,10,48.86,20.43,29.24,50.25,1118.88,2,3414.04
85376,10,49.04,20.08,29.33,49.68,1092.71,2,3415.04
85401,10,49.19,19.63,29.34,49.61,1075.75,2,3416.04
85426,10,49.3,19.28,29.19,49.05,1054.49,2,3417.04
85451,10,49.33,19.07,28.84,47.65,1020.4,2,3418.04
85476,10,49.3,19.04,28.51,46.54,1001.41,2,3419.04
85501,10,49.22,18.96,28.37,46.2,999.47,2,3420.04
85526,10,49.1,18.83,28.31,44.96,984.66,2,3421.04
85551,10,49.04,18.73,28.17,43.18,956.57,2,3422.04
85576,10,49.04,18.42,27.93,42.96,944.97,2,3423.04
85601,10,49.14,18.23,27.71,43.0,931.48,2,3424.04
85626,10,49.27,18.06,27.67,42.53,912.48,2,3425.04
85651,10,49.35,18.09,27.76,41.76,893.7,2,3426.04
85676,10,49.38,18.4,28.04,40.19,867.09,2,3427.04
85701,10,49.38,18.75,28.59,41.07,893.15,2,3428.04
85726,10,49.39,19.03,29.15,42.32,927.0,2,3429.04
85751,10,49.5,18.97,29.4,43.52,948.54,2,3430.04
85776,10,49.65,18.78,29.36,44.2,957.37,2,3431.04
85801,10,49.88,18.64,29.05,44.14,940.93,2,3432.04
85826,10,50.3,18.66,28.61,43.37,892.15,2,3433.04
85851,10,50.74,18.7,28.21,42.75,847.18,2,3434.04
85876,10,51.0,18.62,27.98,42.28,829.72,2,3435.04
85901,10,51.13,18.52,27.95,42.09,809.71,2,3436.04
85926,10,50.98,18.71,28.12,42.05,808.42,2,3437.04
85951,10,50.43,19.12,28.72,42.69,837.57,2,3438.04
85976,10,49.5,19.52,28.88,44.31,872.96,2,3439.04
86001,10,48.86,19.69,28.63,44.67,882.48,2,3440.04
86026,10,48.99,20.06,28.69,43.99,870.76,2,3441.04
86051,10,49.08,20.99,27.82,43.28,825.3,2,3442.04
86076,10,48.42,21.49,26.6,43.39,792.88,2,3443.04
86101,10,46.7,21.58,26.75,43.85,805.15,2,3444.04
86126,10,44.31,22.02,27.17,43.46,816.68,2,3445.04
86151,10,41.91,23.12,26.94,41.23,791.12,2,3446.04
86176,10,39.6,24.71,26.04,38.76,752.48,2,3447.04
86201,10,37.53,26.73,25.49,37.89,737.64,2,3448.04
86226,10,35.7,29.15,26.3,39.92,772.35,2,3449.04
86251,10,33.54,31.83,26.77,41.8,826.66,2,3450.04
86276,10,31.01,34.57,27.91,44.49,895.54,2,3451.04
86301,10,28.81,36.85,29.07,47.06,960.52,2,3452.04
86326,10,27.77,37.96,28.93,46.88,947.58,2,3453.04
86351,10,28.18,37.64,26.29,43.39,827.35,2,3454.04
86376,10,29.11,36.38,23.95,38.7,705.68,2,3455.04
86401,10,30.2,34.53,23.2,34.12,632.24,2,3456.04
86426,10,30.73,32.59,22.54,32.47,580.9,2,3457.04
86451,10,29.96,30.86,20.51,31.01,532.76,2,3458.04
86476,10,28.46,29.75,21.08,30.42,492.17,2,3459.04
86501,10,26.91,28.67,21.97,31.97,500.48,2,3460.04
86526,10,25.19,27.18,22.98,34.71,560.71,2,3461.04
86551,10,23.39,25.92,24.54,36.52,629.29,2,3462.04
86576,10,22.5,25.19,24.66,36.03,638.62,2,3463.04
86601,10,22.88,24.71,24.23,33.96,600.38,2,3464.04
86626,10,23.86,24.33,23.56,30.78,547.96,2,3465.04
86651,10,24.81,24.31,21.82,27.29,482.93,2,3466.04
86676,10,25.41,25.06,19.89,25.2,438.47,2,3467.04
86701,10,25.77,26.43,18.72,26.27,403.08,2,3468.04
86726,10,25.68,28.42,19.5,27.81,424.01,2,3469.04
86751,10,24.44,30.79,22.23,32.44,482.97,2,3470.04
86776,10,22.49,33.11,25.08,38.41,588.74,2,3471.04
86801,10,20.42,35.36,26.65,42.27,693.55,2,3472.04
86826,10,18.44,37.16,28.34,42.1,747.54,2,3473.04
86851,10,16.83,38.38,30.79,39.83,770.07,2,3474.04
86876,10,15.9,39.42,32.05,38.64,778.58,2,3475.04
86901,10,15.28,40.12,32.78,37.84,772.42,2,3476.04
86926,10,14.75,40.59,32.86,37.67,757.49,2,3477.04
86951,10,14.29,40.73,32.31,37.0,729.2,2,3478.04
86976,10,13.76,40.42,31.35,34.47,677.48,2,3479.04
87001,10,13.19,39.94,29.92,31.17,589.18,2,3480.04
87026,10,12.59,39.42,28.07,26.47,467.11,2,3481.04
87051,10,12.01,38.92,25.98,21.88,347.67,2,3482.04
87076,10,11.4,38.32,23.67,17.45,243.12,2,3483.04
87101,10,10.79,37.73,21.16,15.55,188.91,2,3484.04
87126,10,10.13,37.18,18.51,15.01,156.39,2,3485.04
87151,10,9.54,36.65,16.08,13.78,125.24,2,3486.04
87176,10,9.21,36.04,14.9,12.22,101.21,2,3487.04
87201,10,9.12,35.45,14.02,13.15,81.95,2,3488.04
87226,10,9.12,34.92,13.25,13.77,90.8,2,3489.04
87251,10,9.17,34.51,13.13,13.85,102.6,2,3490.04
87276,10,9.05,34.14,13.94,13.66,109.59,2,3491.04
87301,10,8.57,33.87,14.67,13.43,116.03,2,3492.04
87326,10,8.12,33.94,14.96,13.2,119.19,2,3493.04
87351,10,7.8,33.92,14.52,12.89,115.11,2,3494.04
87376,10,7.36,33.61,13.72,12.44,106.47,2,3495.04
87401,10,7.09,33.56,13.41,12.48,102.39,2,3496.04
87426,10,7.16,34.28,13.1,13.08,96.57,2,3497.04
87451,10,6.71,35.61,12.66,14.33,111.41,2,3498.04
87476,10,5.74,36.52,14.45,16.81,166.93,2,3499.04
87501,10,5.39,37.15,16.61,19.37,224.21,2,3500.04
87526,10,5.77,37.67,16.98,21.14,253.39,2,3501.04
87551,10,6.36,37.85,17.15,23.29,272.62,2,3502.04
87576,10,7.14,37.91,17.97,25.25,294.02,2,3503.04
87601,10,8.12,37.91,18.8,26.77,308.36,2,3504.04
87626,10,9.14,37.8,19.66,27.96,326.78,2,3505.04
87651,10,10.23,37.76,20.38,28.79,342.48,2,3506.04
87676,10,11.46,37.76,21.18,29.06,351.55,2,3507.04
87701,10,12.79,37.71,21.83,28.84,352.51,2,3508.04
87726,10,14.24,37.52,22.66,27.12,337.36,2,3509.04
87751,10,15.77,37.11,23.55,26.58,319.65,2,3510.04
87776,10,17.21,36.66,24.1,26.81,331.53,2,3511.04
87801,10,18.36,36.2,23.87,27.17,356.37,2,3512.04
87826,10,19.28,35.82,22.69,27.4,361.65,2,3513.04
87851,10,20.14,35.76,21.32,27.27,356.62,2,3514.04
87876,10,21.12,35.94,20.3,26.89,354.66,2,3515.04
87901,10,22.4,36.16,20.15,27.22,355.99,2,3516.04
87926,10,23.77,36.39,20.35,27.95,354.08,2,3517.04
87951,10,25.18,36.88,19.82,28.84,335.02,2,3518.04
87976,10,26.57,37.18,19.66,29.97,331.47,2,3519.04
88001,10,28.0,37.06,20.06,31.11,357.6,2,3520.04
88026,10,29.49,36.81,20.91,31.99,395.64,2,3521.04
88051,10,31.05,36.5,22.33,32.81,443.25,2,3522.04
88076,10,32.64,36.18,23.95,33.56,493.07,2,3523.04
88101,10,34.13,35.98,24.56,34.24,523.17,2,3524.04
88126,10,35.49,35.88,24.04,35.04,529.11,2,3525.04
88151,10,36.76,35.81,22.94,36.05,525.91,2,3526.04
88176,10,37.96,35.73,21.96,37.13,517.39,2,3527.04
88201,10,39.1,35.63,21.18,38.24,507.72,2,3528.04
88226,10,40.18,35.64,20.35,39.33,494.22,2,3529.04
88251,10,41.21,35.68,19.47,40.47,478.76,2,3530.04
88276,10,42.14,35.63,18.82,41.58,469.62,2,3531.04
88301,10,42.91,35.55,18.36,42.24,467.59,2,3532.04
88326,10,43.43,35.55,18.11,42.81,470.88,2,3533.04
88351,10,43.82,35.58,17.94,43.37,474.91,2,3534.04
88376,10,44.16,35.62,17.58,43.68,475.38,2,3535.04
88401,10,44.41,35.65,17.16,43.53,469.46,2,3536.04
88426,10,44.59,35.6,16.73,44.21,475.92,2,3537.04
88451,10,44.77,35.53,16.08,44.8,483.82,2,3538.04
88476,10,44.93,35.39,15.62,45.46,491.52,2,3539.04
88501,10,45.0,35.31,15.43,45.97,501.97,2,3540.04
88526,10,45.08,35.4,15.47,46.47,517.56,2,3541.04
88551,10,45.15,35.69,15.5,47.05,530.77,2,3542.04
88576,10,45.15,35.88,15.58,47.86,544.66,2,3543.04
88601,10,45.14,35.76,15.58,48.63,558.09,2,3544.04
88626,10,45.12,35.82,15.52,49.1,563.02,2,3545.04
88651,10,45.13,35.74,15.49,49.21,557.8,2,3546.04
88676,10,45.22,35.69,15.48,48.79,547.61,2,3547.04
88701,10,45.37,35.61,15.46,48.28,535.87,2,3548.04
88726,10,45.51,35.45,15.47,48.39,529.96,2,3549.04
88751,10,45.63,35.2,15.46,48.45,526.41,2,3550.04
88776,10,45.82,34.92,15.54,48.02,522.85,2,3551.04
88801,10,46.26,34.59,16.25,47.2,538.64,2,3552.04
88826,10,47.09,34.11,18.64,46.38,604.21,2,3553.04
88851,10,48.27,33.57,22.0,46.1,713.27,2,3554.04
88876,10,49.41,33.26,25.42,45.49,828.13,2,3555.04
88901,10,50.24,32.9,28.4,45.36,928.41,2,3556.04
88926,10,51.0,32.11,29.93,46.77,996.89,2,3557.04
88951,10,51.65,31.46,29.94,48.07,1011.58,2,3558.04
88976,10,52.14,31.42,29.64,48.34,997.32,2,3559.04
89001,10,52.6,31.74,28.29,48.27,978.18,2,3560.04
89026,10,53.17,32.13,27.09,48.59,967.74,2,3561.04
89051,10,53.77,32.54,26.5,49.8,969.42,2,3562.04
89076,10,54.19,32.74,26.5,51.24,975.11,2,3563.04
89101,10,54.32,32.55,27.49,52.9,1000.73,2,3564.04
89126,10,54.33,32.34,28.56,54.47,1060.57,2,3565.04
89151,10,54.52,32.45,29.18,55.7,1118.47,2,3566.04
89176,10,54.8,32.76,29.72,56.55,1163.4,2,3567.04
89201,10,55.01,33.16,30.5,57.17,1206.82,2,3568.04
89226,10,55.15,33.44,30.9,57.73,1240.65,2,3569.04
89251,10,55.27,33.54,30.88,58.64,1271.43,2,3570.04
89276,10,55.58,33.48,30.98,59.85,1311.39,2,3571.04
89301,10,56.23,33.02,31.01,60.23,1338.29,2,3572.04
89326,10,57.37,31.95,30.2,59.62,1322.38,2,3573.04
89351,10,59.2,30.87,30.17,57.75,1263.21,2,3574.04
89376,10,61.33,30.11,31.01,56.43,1210.08,2,3575.04
89401,10,63.08,29.48,31.06,56.35,1189.44,2,3576.04
89426,10,64.47,28.67,30.61,56.45,1190.23,2,3577.04
89451,10,66.07,28.02,30.64,55.42,1200.5,2,3578.04
89476,10,68.36,27.66,31.89,52.93,1242.51,2,3579.04
89501,10,71.23,27.69,33.44,49.86,1282.31,2,3580.04
89526,10,74.09,28.16,33.78,46.27,1244.82,2,3581.04
89551,10,76.86,28.74,34.23,44.59,1166.47,2,3582.04
89576,10,79.23,29.18,35.18,43.36,1114.26,2,3583.04
89601,10,80.48,29.2,34.71,43.0,1077.89,2,3584.04
89626,10,80.86,28.67,33.09,43.01,1048.25,2,3585.04
89651,10,81.18,27.98,32.5,42.96,1030.02,2,3586.04
89676,10,81.72,27.39,32.53,42.3,1002.81,2,3587.04
89701,10,82.17,26.99,33.15,40.88,967.07,2,3588.04
89726,10,81.85,26.93,32.76,39.85,934.84,2,3589.04
89751,10,80.82,27.05,30.92,41.64,899.17,2,3590.04
89776,10,79.82,27.22,28.2,44.31,834.85,2,3591.04
89801,10,79.78,27.14,29.5,45.3,849.53,2,3592.04
89826,10,80.56,26.77,33.27,45.12,924.98,2,3593.04
89851,10,81.06,26.34,37.13,43.7,971.34,2,3594.04
89876,10,80.8,25.69,37.26,41.4,953.86,2,3595.04
89901,10,80.14,25.53,34.52,39.67,916.66,2,3596.04
89926,10,79.54,26.32,30.99,39.03,874.01,2,3597.04
89951,10,79.33,27.18,28.91,38.72,835.55,2,3598.04
89976,10,79.89,27.55,28.77,38.34,836.78,2,3599.04
90001,10,81.24,27.87,32.63,37.71,931.16,2,3600.04
90026,10,82.91,28.55,35.42,36.75,1002.16,2,3601.04
90051,10,84.42,29.19,37.53,36.03,1062.6,2,3602.04
90076,10,85.67,29.61,38.08,35.35,1057.11,2,3603.04
90101,10,86.57,30.41,36.4,33.9,990.79,2,3604.04
90126,10,87.6,31.75,34.71,31.38,903.87,2,3605.04
90151,10,88.63,33.84,33.0,28.41,788.75,2,3606.04
90176,10,89.83,36.16,33.02,25.5,680.89,2,3607.04
90201,10,90.66,38.83,34.23,23.32,640.53,2,3608.04
90226,10,91.19,41.9,34.86,25.42,629.53,2,3609.04
90251,10,91.58,45.27,35.01,27.44,607.59,2,3610.04
90276,10,91.94,48.73,35.45,28.79,608.75,2,3611.04
90301,10,92.44,51.97,36.09,28.61,605.1,2,3612.04
90326,10,92.95,54.94,36.31,27.03,569.94,2,3613.04
90351,10,93.35,57.47,36.85,25.09,525.17,2,3614.04
90376,10,93.64,59.57,37.51,22.44,471.35,2,3615.04
90401,10,93.85,61.52,38.14,20.3,433.75,2,3616.04
90426,10,93.95,62.96,38.56,17.57,378.84,2,3617.04
90451,10,93.92,64.04,38.35,14.45,306.53,2,3618.04
90476,10,93.67,65.12,37.7,12.02,235.34,2,3619.04
90501,10,93.73,65.78,37.67,9.35,181.39,2,3620.04
90526,10,93.85,65.95,37.91,6.58,123.69,2,3621.04
90551,10,94.02,65.89,37.34,6.37,106.37,2,3622.04
90576,10,93.97,65.78,35.52,6.5,102.21,2,3623.04
90601,10,93.84,65.44,32.91,6.39,99.04,2,3624.04
90626,10,93.7,64.94,30.08,6.63,102.78,2,3625.04
90651,10,93.29,64.46,27.03,7.22,99.7,2,3626.04
90676,10,92.68,63.88,23.98,7.23,87.84,2,3627.04
90701,10,92.0,63.39,20.25,7.57,78.6,2,3628.04
90726,10,91.11,62.87,16.18,8.19,71.24,2,3629.04
90751,10,90.17,62.29,12.72,8.6,62.65,2,3630.04
90776,10,89.13,61.76,13.7,9.36,69.82,2,3631.04
90801,10,88.04,61.24,15.34,10.36,82.59,2,3632.04
90826,10,86.9,60.62,16.73,11.36,96.91,2,3633.04
90851,10,85.73,59.86,18.7,12.37,118.64,2,3634.04
90876,10,84.58,58.92,20.71,13.37,140.89,2,3635.04
90901,10,83.23,58.06,21.77,14.38,160.49,2,3636.04
90926,10,81.72,57.54,23.03,15.3,179.6,2,3637.04
90951,10,80.19,57.13,24.37,16.21,204.14,2,3638.04
90976,10,78.64,56.68,26.14,17.12,231.84,2,3639.04
91001,10,77.05,56.07,27.67,17.93,264.02,2,3640.04
91026,10,75.44,55.59,29.51,18.8,293.27,2,3641.04
91051,10,73.54,54.87,30.4,19.65,314.1,2,3642.04
91076,10,71.58,54.09,31.2,20.36,337.39,2,3643.04
91101,10,69.61,53.22,31.91,21.1,361.77,2,3644.04
91126,10,67.7,52.31,32.85,21.75,384.06,2,3645.04
91151,10,65.89,51.38,33.62,22.28,402.29,2,3646.04
91176,10,64.15,50.42,34.08,22.93,418.53,2,3647.04
91201,10,62.45,49.38,34.44,23.65,433.45,2,3648.04
91226,10,60.74,48.28,34.75,24.32,448.22,2,3649.04
91251,10,59.07,47.23,34.88,24.83,461.13,2,3650.04
91276,10,57.43,46.23,34.77,25.37,473.29,2,3651.04
91301,10,55.73,45.2,34.56,26.05,493.97,2,3652.04
91326,10,54.07,44.18,34.19,26.62,523.41,2,3653.04
91351,10,52.58,43.23,33.34,27.79,550.98,2,3654.04
91376,10,51.27,42.39,31.99,29.66,572.56,2,3655.04
91401,10,50.06,41.6,30.39,31.41,583.06,2,3656.04
91426,10,48.89,40.65,28.7,32.99,585.08,2,3657.04
91451,10,47.67,39.8,26.89,34.52,577.93,2,3658.04
91476,10,46.44,39.17,25.0,35.97,561.89,2,3659.04
91501,10,45.32,38.33,23.27,36.93,554.5,2,3660.04
91526,10,44.42,37.53,21.99,37.31,521.55,2,3661.04
91551,10,43.83,36.82,20.09,37.47,496.9,2,3662.04
91576,10,43.27,36.25,17.98,37.25,472.18,2,3663.04
91601,10,42.77,35.82,16.32,36.75,444.07,2,3664.04
91626,10,42.36,35.51,16.03,36.07,419.72,2,3665.04
91651,10,42.16,35.16,15.69,35.54,421.67,2,3666.04
91676,10,42.09,34.87,15.08,35.35,423.56,2,3667.04
91701,10,42.22,34.66,14.44,35.34,428.73,2,3668.04
91726,10,42.6,34.54,14.86,35.52,449.39,2,3669.04
91751,10,43.05,34.36,17.17,35.81,485.18,2,3670.04
91776,10,42.96,34.35,19.38,35.06,508.25,2,3671.04
91801,10,42.14,35.32,21.22,33.69,527.41,2,3672.04
91826,10,41.44,37.37,23.47,34.32,592.01,2,3673.04
91851,10,41.22,40.19,25.05,37.54,680.71,2,3674.04
91876,10,42.16,42.6,26.11,38.56,733.32,2,3675.04
91901,10,44.93,43.49,29.39,37.42,765.19,2,3676.04
91926,10,48.12,43.34,31.37,36.34,753.67,2,3677.04
91951,10,50.75,42.38,30.62,35.69,685.36,2,3678.04
91976,10,53.36,41.06,29.11,36.37,701.89,2,3679.04
92001,10,56.36,40.34,30.0,37.16,777.76,2,3680.04
92026,10,60.11,40.08,34.63,37.33,919.15,2,3681.04
92051,10,64.73,39.71,39.99,37.27,1088.21,2,3682.04
92076,10,69.38,39.43,45.31,37.24,1271.78,2,3683.04
92101,10,73.04,39.93,48.65,37.08,1397.03,2,3684.04
92126,10,75.45,40.77,51.31,36.55,1435.19,2,3685.04
92151,10,76.78,41.41,52.32,36.02,1407.68,2,3686.04
92176,10,77.32,41.78,51.96,35.7,1368.86,2,3687.04
92201,10,77.25,42.06,51.81,35.43,1344.93,2,3688.04
92226,10,76.62,42.15,51.78,35.39,1317.58,2,3689.04
92251,10,75.64,41.96,51.4,35.49,1288.96,2,3690.04
92276,10,74.59,41.69,50.51,35.28,1249.97,2,3691.04
92301,10,73.6,41.32,49.25,35.1,1213.71,2,3692.04
92326,10,72.57,40.77,47.84,35.03,1182.99,2,3693.04
92351,10,71.52,40.1,47.03,34.81,1156.24,2,3694.04
92376,10,70.5,39.38,46.28,34.85,1144.82,2,3695.04
92401,10,69.49,38.68,45.06,34.83,1147.84,2,3696.04
92426,10,68.51,37.99,43.36,35.31,1153.41,2,3697.04
92451,10,67.53,37.36,41.57,35.93,1151.32,2,3698.04
92476,10,66.58,36.76,39.14,36.52,1127.65,2,3699.04
92501,10,65.7,36.16,36.96,37.38,1134.66,2,3700.04
92526,10,64.85,35.77,36.76,38.16,1175.58,2,3701.04
92551,10,64.01,36.09,37.46,39.95,1207.56,2,3702.04
92576,10,63.24,37.07,38.18,41.42,1242.49,2,3703.04
92601,10,62.18,38.45,38.65,41.98,1263.68,2,3704.04
92626,10,60.32,40.1,38.88,42.32,1237.88,2,3705.04
92651,10,57.76,42.13,38.77,43.25,1190.04,2,3706.04
92676,10,55.34,44.09,38.83,43.51,1144.73,2,3707.04
92701,10,53.84,45.38,38.07,43.57,1098.27,2,3708.04
92726,10,52.73,46.37,36.62,44.22,1075.63,2,3709.04
92751,10,50.78,47.23,36.69,43.34,1081.93,2,3710.04
92776,10,47.6,47.84,40.23,41.62,1138.35,2,3711.04
92801,10,43.69,48.05,46.2,41.39,1270.99,2,3712.04
92826,10,39.8,47.69,52.2,42.6,1454.98,2,3713.04
92851,10,36.39,46.98,56.88,43.86,1656.8,2,3714.04
92876,10,33.81,46.17,58.95,44.64,1798.79,2,3715.04
92901,10,32.46,45.35,58.7,44.98,1837.12,2,3716.04
92926,10,32.31,44.88,57.5,44.71,1795.15,2,3717.04
92951,10,32.74,44.82,56.85,44.79,1755.26,2,3718.04
92976,10,33.4,44.97,56.46,45.1,1727.53,2,3719.04
93001,10,34.18,45.15,55.89,45.42,1707.12,2,3720.04
93026,10,35.0,45.19,55.32,46.18,1703.51,2,3721.04
93051,10,35.84,45.27,54.79,46.88,1699.07,2,3722.04
93076,10,36.71,45.34,54.27,47.51,1714.68,2,3723.04
93101,10,37.6,45.3,53.85,48.32,1743.26,2,3724.04
93126,10,38.46,45.13,53.39,49.17,1778.19,2,3725.04
93151,10,39.21,44.81,52.6,50.0,1811.03,2,3726.04
93176,10,39.85,44.52,50.9,50.63,1817.09,2,3727.04
93201,10,40.54,44.3,48.75,50.9,1794.32,2,3728.04
93226,10,41.28,44.15,46.58,51.17,1762.83,2,3729.04
93251,10,42.05,43.98,44.27,52.03,1729.54,2,3730.04
93276,10,42.85,43.78,41.9,53.19,1688.77,2,3731.04
93301,10,43.6,43.5,39.56,54.12,1655.75,2,3732.04
93326,10,44.22,43.09,37.43,54.42,1600.84,2,3733.04
93351,10,44.69,42.57,35.53,54.25,1521.94,2,3734.04
93376,10,45.07,42.13,33.71,53.57,1434.54,2,3735.04
93401,10,45.34,41.67,32.09,53.86,1372.19,2,3736.04
93426,10,45.59,41.23,30.74,54.51,1321.66,2,3737.04
93451,10,46.0,40.82,30.32,55.07,1259.35,2,3738.04
93476,10,46.58,40.41,29.03,55.06,1179.18,2,3739.04
93501,10,47.35,40.14,27.0,53.88,1081.95,2,3740.04
93526,10,48.24,39.99,24.98,52.56,985.67,2,3741.04
93551,10,49.22,39.88,23.03,51.41,902.75,2,3742.04
93576,10,50.39,39.72,21.78,50.1,858.21,2,3743.04
93601,10,51.78,39.61,22.53,48.75,837.85,2,3744.04
93626,10,53.45,39.61,23.48,46.25,806.52,2,3745.04
93651,10,55.28,39.27,24.1,41.12,768.74,2,3746.04
93676,10,56.97,38.64,27.92,35.07,717.41,2,3747.04
93701,10,58.1,38.15,31.56,31.5,709.98,2,3748.04
93726,10,58.65,38.02,32.18,30.77,679.06,2,3749.04
93751,10,59.99,37.87,31.34,33.04,682.56,2,3750.04
93776,10,62.98,37.16,32.69,35.15,794.09,2,3751.04
93801,10,66.7,36.02,37.02,36.43,971.47,2,3752.04
93826,10,69.97,34.58,41.18,37.08,1109.26,2,3753.04
93851,10,71.56,33.39,45.99,37.28,1184.5,2,3754.04
93876,10,71.1,32.98,49.63,36.89,1212.33,2,3755.04
93901,10,69.32,33.35,49.62,37.08,1227.04,2,3756.04
93926,10,66.7,34.55,48.23,37.72,1230.43,2,3757.04
93951,10,63.25,36.31,47.48,37.28,1227.49,2,3758.04
93976,10,59.23,38.12,46.85,36.34,1226.51,2,3759.04
94001,10,54.91,39.85,46.57,37.71,1228.06,2,3760.04
94026,10,50.43,41.36,46.67,37.79,1206.45,2,3761.04
94051,10,46.11,42.56,46.55,36.96,1166.81,2,3762.04
94076,10,42.37,43.48,46.47,35.75,1110.96,2,3763.04
94101,10,39.39,44.03,45.83,33.96,1046.85,2,3764.04
94126,10,37.76,44.07,42.76,32.66,998.72,2,3765.04
94151,10,37.36,44.16,38.74,34.07,939.56,2,3766.04
94176,10,37.35,44.78,34.52,36.62,892.74,2,3767.04
94201,10,36.9,45.75,31.26,38.52,841.34,2,3768.04
94226,10,35.87,46.73,28.8,38.22,749.54,2,3769.04
94251,10,34.82,47.34,27.4,37.1,640.49,2,3770.04
94276,10,34.23,47.63,26.22,35.88,554.5,2,3771.04
94301,10,33.75,48.23,26.03,35.52,531.48,2,3772.04
94326,10,32.87,49.28,26.49,35.96,573.63,2,3773.04
94351,10,32.37,49.85,26.4,36.89,606.55,2,3774.04
94376,10,32.62,49.06,23.99,36.93,564.45,2,3775.04
94401,10,32.93,47.22,21.79,36.6,509.8,2,3776.04
94426,10,32.77,44.67,20.61,37.0,481.28,2,3777.04
94451,10,32.19,41.8,19.68,38.29,488.96,2,3778.04
94476,10,31.28,39.05,19.22,39.95,525.66,2,3779.04
94501,10,30.3,36.67,18.95,41.19,564.69,2,3780.04
94526,10,29.44,34.48,18.82,41.46,583.53,2,3781.04
94551,10,28.56,32.48,19.21,40.08,578.04,2,3782.04
94576,10,27.29,30.8,20.14,37.42,571.35,2,3783.04
94601,10,25.58,29.4,21.33,37.1,577.82,2,3784.04
94626,10,23.66,28.07,22.9,38.61,595.8,2,3785.04
94651,10,22.07,26.94,24.29,38.86,635.14,2,3786.04
94676,10,21.61,26.21,24.1,36.68,605.34,2,3787.04
94701,10,21.95,25.77,22.17,34.27,531.73,2,3788.04
94726,10,21.92,25.44,20.57,33.25,499.54,2,3789.04
94751,10,21.95,25.13,19.83,33.11,500.0,2,3790.04
94776,10,22.6,25.21,18.78,32.62,467.81,2,3791.04
94801,10,23.11,25.5,18.36,31.33,453.29,2,3792.04
94826,10,22.96,25.32,18.83,31.32,468.23,2,3793.04
94851,10,22.14,24.87,19.85,31.99,495.11,2,3794.04
94876,10,20.87,24.4,21.22,31.58,510.08,2,3795.04
94901,10,19.63,24.09,22.24,31.58,512.36,2,3796.04
94926,10,18.92,24.47,23.3,29.94,498.69,2,3797.04
94951,10,18.46,25.0,24.8,28.9,503.5,2,3798.04
94976,10,17.65,24.88,28.1,29.71,555.35,2,3799.04
95001,10,16.94,24.17,31.27,30.6,616.37,2,3800.04
95026,10,17.06,23.36,32.14,31.28,658.02,2,3801.04
95051,10,18.37,22.85,30.37,30.93,684.99,2,3802.04
95076,10,20.73,22.42,28.97,31.2,720.86,2,3803.04
95101,10,23.72,22.06,28.7,33.72,765.15,2,3804.04
95126,10,27.14,22.12,30.33,38.88,829.41,2,3805.04
95151,10,30.96,22.62,33.77,40.6,896.05,2,3806.04
95176,10,34.94,23.23,37.86,40.54,962.0,2,3807.04
95201,10,38.93,24.19,40.19,37.54,987.6,2,3808.04
95226,10,42.65,25.34,38.41,37.95,936.24,2,3809.04
95251,10,45.75,26.47,33.63,38.16,848.04,2,3810.04
95276,10,48.07,26.74,29.07,38.2,786.94,2,3811.04
95301,10,49.49,25.74,26.89,37.98,787.43,2,3812.04
95326,10,50.08,24.3,28.06,37.25,821.05,2,3813.04
95351,10,50.19,23.13,29.84,36.68,845.13,2,3814.04
95376,10,50.42,22.43,31.24,36.58,868.06,2,3815.04
95401,10,50.92,22.25,32.11,36.76,882.58,2,3816.04
95426,10,51.63,22.83,32.72,37.05,887.14,2,3817.04
95451,10,52.54,23.83,32.61,36.96,879.67,2,3818.04
95476,10,53.24,25.36,31.51,37.07,864.41,2,3819.04
95501,10,53.9,27.78,32.15,37.77,903.74,2,3820.04
95526,10,55.16,30.74,33.86,38.73,984.32,2,3821.04
95551,10,56.95,33.94,35.31,39.38,1069.94,2,3822.04
95576,10,59.02,37.12,36.7,42.24,1156.73,2,3823.04
95601,10,61.01,40.15,37.38,46.22,1230.31,2,3824.04
95626,10,62.59,42.56,37.47,48.65,1249.31,2,3825.04
95651,10,63.58,43.85,37.41,48.12,1249.02,2,3826.04
95676,10,63.73,44.37,37.85,47.38,1252.39,2,3827.04
95701,10,63.01,44.27,38.09,46.5,1250.61,2,3828.04
95726,10,61.63,43.57,37.81,45.27,1220.17,2,3829.04
95751,10,59.82,42.62,37.39,44.76,1161.19,2,3830.04
95776,10,57.7,41.65,37.54,44.11,1089.18,2,3831.04
95801,10,55.38,40.24,37.63,43.72,1037.62,2,3832.04
95826,10,52.69,38.44,37.4,43.08,1001.87,2,3833.04
95851,10,49.61,36.7,37.64,42.76,987.89,2,3834.04
95876,10,46.22,34.91,38.74,44.82,1009.87,2,3835.04
95901,10,42.32,33.24,40.41,47.68,1059.93,2,3836.04
95926,10,37.92,31.92,42.74,49.7,1161.09,2,3837.04
95951,10,33.23,30.9,46.94,50.03,1251.58,2,3838.04
95976,10,28.93,30.08,51.63,49.81,1333.61,2,3839.04
96001,10,25.67,29.35,54.22,49.93,1367.73,2,3840.04
96026,10,23.88,28.37,54.18,51.03,1416.91,2,3841.04
96051,10,23.34,27.22,52.65,53.32,1485.03,2,3842.04
96076,10,23.44,25.98,51.32,56.39,1570.96,2,3843.04
96101,10,23.91,24.96,49.56,59.05,1642.96,2,3844.04
96126,10,24.58,24.38,47.03,60.43,1710.3,2,3845.04
96151,10,25.59,24.11,46.14,60.48,1785.47,2,3846.04
96176,10,26.63,24.01,46.37,59.68,1809.17,2,3847.04
96201,10,27.46,23.88,45.75,58.45,1771.21,2,3848.04
96226,10,28.17,23.65,44.45,56.65,1697.96,2,3849.04
96251,10,28.82,23.32,42.41,53.51,1596.04,2,3850.04
96276,10,29.35,22.86,39.91,50.08,1480.73,2,3851.04
96301,10,29.77,22.4,37.9,47.34,1357.9,2,3852.04
96326,10,30.16,21.94,35.92,44.54,1242.4,2,3853.04
96351,10,30.47,21.6,33.57,41.7,1127.12,2,3854.04
96376,10,30.48,21.54,30.88,38.72,999.07,2,3855.04
96401,10,30.24,21.98,28.83,36.86,852.9,2,3856.04
96426,10,30.22,23.16,27.09,35.0,695.8,2,3857.04
96451,10,31.16,24.55,25.68,32.77,613.09,2,3858.04
96476,10,32.79,25.62,24.65,31.07,629.68,2,3859.04
96501,10,33.66,26.29,24.99,31.07,643.3,2,3860.04
96526,10,33.46,26.69,25.16,30.3,619.79,2,3861.04
96551,10,32.74,27.01,23.79,29.62,580.38,2,3862.04
96576,10,31.8,27.23,22.34,29.35,546.61,2,3863.04
96601,10,30.87,27.47,21.81,29.4,518.9,2,3864.04
96626,10,30.04,27.78,21.46,29.46,492.82,2,3865.04
96651,10,29.18,28.04,21.24,29.33,469.54,2,3866.04
96676,10,28.25,28.22,21.18,29.21,463.14,2,3867.04
96701,10,27.49,28.59,21.14,29.36,451.57,2,3868.04
96726,10,26.79,29.12,21.24,29.36,441.27,2,3869.04
96751,10,26.09,29.68,21.56,28.74,428.41,2,3870.04
96776,10,25.37,30.45,21.19,27.95,398.82,2,3871.04
96801,10,24.56,31.53,20.54,27.86,360.74,2,3872.04
96826,10,23.6,32.78,19.73,27.8,320.87,2,3873.04
96851,10,22.52,33.93,18.69,27.42,288.76,2,3874.04
96876,10,21.5,34.84,17.79,26.56,259.07,2,3875.04
96901,10,20.69,35.46,16.74,25.52,230.13,2,3876.04
96926,10,20.07,35.72,15.5,23.96,204.88,2,3877.04
96951,10,19.62,35.82,13.91,21.78,163.97,2,3878.04
96976,10,19.22,35.8,12.94,19.6,132.13,2,3879.04
97001,10,18.84,35.61,12.34,17.84,112.66,2,3880.04
97026,10,18.63,35.63,12.36,17.19,100.76,2,3881.04
97051,10,18.55,35.81,12.5,17.0,91.35,2,3882.04
97076,10,18.5,35.7,12.63,17.8,79.62,2,3883.04
97101,10,18.31,35.38,12.86,17.7,70.41,2,3884.04
97126,10,18.13,35.19,13.06,17.29,64.28,2,3885.04
97151,10,17.99,35.13,13.16,17.75,69.62,2,3886.04
97176,10,17.73,35.29,13.36,18.53,72.72,2,3887.04
97201,10,17.15,35.33,14.12,19.52,81.61,2,3888.04
97226,10,16.13,34.66,16.05,18.98,85.29,2,3889.04
97251,10,14.71,33.61,16.82,15.87,69.16,2,3890.04
97276,10,12.93,33.06,20.6,16.42,89.94,2,3891.04
97301,10,11.42,32.95,24.09,16.67,129.2,2,3892.04
97326,10,11.24,33.37,25.98,15.7,161.15,2,3893.04
97351,10,12.05,33.88,26.79,14.41,181.97,2,3894.04
97376,10,13.21,34.19,27.23,13.89,214.51,2,3895.04
97401,10,14.52,34.53,27.92,15.48,244.33,2,3896.04
97426,10,15.84,34.91,28.42,17.35,279.85,2,3897.04
97451,10,17.2,35.3,28.62,18.63,321.94,2,3898.04
97476,10,18.8,35.63,29.0,19.98,373.29,2,3899.04
97501,10,20.68,35.93,29.51,22.56,443.93,2,3900.04
97526,10,22.57,36.16,29.87,26.55,534.57,2,3901.04
97551,10,24.35,36.33,30.1,31.52,640.1,2,3902.04
97576,10,26.02,36.42,30.25,36.16,756.53,2,3903.04
97601,10,27.68,36.43,30.51,40.14,886.12,2,3904.04
97626,10,29.33,36.4,31.54,43.27,1024.64,2,3905.04
97651,10,30.95,36.4,32.55,45.8,1158.94,2,3906.04
97676,10,32.48,36.4,33.23,48.06,1279.77,2,3907.04
97701,10,33.93,36.39,33.79,49.94,1381.1,2,3908.04
97726,10,35.27,36.31,34.27,51.49,1459.74,2,3909.04
97751,10,36.52,36.15,34.69,52.47,1502.17,2,3910.04
97776,10,37.61,35.91,35.36,52.93,1526.29,2,3911.04
97801,10,38.61,35.56,36.2,52.7,1526.55,2,3912.04
97826,10,39.7,35.1,36.7,52.04,1497.63,2,3913.04
97851,10,40.77,34.48,36.72,51.36,1444.59,2,3914.04
97876,10,41.81,33.81,36.47,50.73,1386.66,2,3915.04
97901,10,42.93,33.12,35.83,50.27,1330.32,2,3916.04
97926,10,44.21,32.49,34.28,49.78,1257.67,2,3917.04
97951,10,45.57,31.88,32.03,49.07,1176.0,2,3918.04
97976,10,46.97,31.36,29.61,47.98,1089.52,2,3919.04
98001,10,48.38,30.97,27.31,46.03,998.72,2,3920.04
98026,10,49.72,30.65,25.15,44.33,917.59,2,3921.04
98051,10,50.98,30.57,25.0,42.9,854.55,2,3922.04
98076,10,52.17,31.05,24.94,40.93,800.66,2,3923.04
98101,10,53.32,32.01,24.91,38.56,753.75,2,3924.04
98126,10,54.5,33.1,24.68,37.2,720.23,2,3925.04
98151,10,55.39,34.28,25.2,36.17,720.67,2,3926.04
98176,10,55.28,35.4,26.22,35.88,761.21,2,3927.04
98201,10,54.05,36.76,27.72,36.72,801.25,2,3928.04
98226,10,52.36,38.31,29.83,37.65,874.84,2,3929.04
98251,10,50.79,39.76,31.85,38.88,974.3,2,3930.04
98276,10,49.85,40.79,33.29,40.4,1064.19,2,3931.04
98301,10,49.53,41.15,33.71,42.45,1124.11,2,3932.04
98326,10,49.7,41.05,33.91,44.69,1144.48,2,3933.04
98351,10,50.53,40.95,33.4,46.7,1112.94,2,3934.04
98376,10,52.09,40.99,32.11,48.47,1041.09,2,3935.04
98401,10,54.13,40.98,31.32,49.59,956.37,2,3936.04
98426,10,56.1,40.96,31.72,49.63,936.08,2,3937.04
98451,10,57.63,41.09,32.19,49.64,981.76,2,3938.04
98476,10,58.47,41.55,31.47,51.22,1038.99,2,3939.04
98501,10,58.56,42.16,30.33,53.48,1064.11,2,3940.04
98526,10,57.9,42.36,29.63,55.19,1085.63,2,3941.04
98551,10,57.02,41.68,29.23,56.48,1140.22,2,3942.04
98576,10,57.0,39.98,29.69,57.4,1153.48,2,3943.04
98601,10,58.36,37.58,30.41,57.06,1185.76,2,3944.04
98626,10,61.16,35.14,31.94,55.59,1246.72,2,3945.04
98651,10,64.96,33.3,33.73,52.27,1280.79,2,3946.04
98676,10,68.88,32.15,35.78,46.74,1243.19,2,3947.04
98701,10,72.56,31.84,38.13,41.93,1182.54,2,3948.04
98726,10,75.84,32.06,40.97,37.19,1120.29,2,3949.04
98751,10,78.37,31.85,42.79,33.69,1059.62,2,3950.04
98776,10,80.52,31.21,43.87,31.63,1044.38,2,3951.04
98801,10,82.42,30.74,48.58,30.04,1078.41,2,3952.04
98826,10,83.64,30.73,51.34,29.59,1108.32,2,3953.04
98851,10,84.04,31.32,52.13,30.6,1068.68,2,3954.04
98876,10,84.02,32.28,49.8,32.5,1016.49,2,3955.04
98901,10,83.59,33.28,45.7,32.55,908.61,2,3956.04
98926,10,82.86,33.95,41.3,32.6,821.16,2,3957.04
98951,10,82.39,34.42,37.33,33.04,813.26,2,3958.04
98976,10,82.44,35.02,37.61,34.37,874.52,2,3959.04
99001,10,82.99,35.55,41.21,36.53,1010.3,2,3960.04
99026,10,83.59,35.82,46.46,38.83,1159.48,2,3961.04
99051,10,83.9,36.31,49.05,39.98,1245.52,2,3962.04
99076,10,84.25,37.62,50.57,40.51,1318.59,2,3963.04
99101,10,84.48,39.86,51.12,40.96,1401.33,2,3964.04
99126,10,84.66,42.2,50.8,41.25,1461.41,2,3965.04
99151,10,85.12,43.97,50.19,41.05,1481.39,2,3966.04
99176,10,85.92,45.26,49.17,40.33,1455.03,2,3967.04
99201,10,86.97,46.21,49.84,39.17,1424.01,2,3968.04
99226,10,87.94,47.04,50.12,37.77,1384.4,2,3969.04
99251,10,88.69,47.79,50.36,36.3,1350.99,2,3970.04
99276,10,89.37,48.25,50.73,35.01,1330.14,2,3971.04
99301,10,89.9,48.6,50.87,35.68,1301.28,2,3972.04
99326,10,90.22,48.98,51.39,36.63,1272.65,2,3973.04
99351,10,90.2,49.37,51.85,37.62,1249.84,2,3974.04
99376,10,89.94,49.56,52.13,38.32,1230.75,2,3975.04
99401,10,89.55,49.49,52.51,38.24,1202.63,2,3976.04
99426,10,89.13,49.83,51.67,37.62,1164.96,2,3977.04
99451,10,88.62,49.84,50.25,37.08,1117.12,2,3978.04
99476,10,88.25,49.66,49.66,36.99,1093.5,2,3979.04
99501,10,87.87,49.49,49.43,37.23,1091.81,2,3980.04
99526,10,87.4,49.31,48.97,37.43,1116.69,2,3981.04
99551,10,86.7,49.2,48.57,37.68,1132.23,2,3982.04
99576,10,85.81,49.13,48.24,38.13,1133.89,2,3983.04
99601,10,84.88,48.98,48.2,38.66,1141.6,2,3984.04
99626,10,83.87,48.89,48.51,38.89,1134.42,2,3985.04
99651,10,82.86,48.74,49.3,39.1,1119.6,2,3986.04
99676,10,81.77,48.68,49.46,39.62,1099.32,2,3987.04
99701,10,80.62,48.61,49.91,40.05,1107.45,2,3988.04
99726,10,79.49,48.58,50.34,40.19,1100.33,2,3989.04
99751,10,78.34,48.51,50.65,40.73,1101.61,2,3990.04
99776,10,77.11,48.38,50.76,41.48,1090.18,2,3991.04
99801,10,75.81,48.23,50.8,41.82,1077.13,2,3992.04
99826,10,74.48,48.09,50.86,41.93,1069.65,2,3993.04
99851,10,73.11,47.9,50.65,42.17,1056.78,2,3994.04
99876,10,71.73,47.66,50.16,42.45,1037.11,2,3995.04
99901,10,70.38,47.46,49.55,42.49,1011.21,2,3996.04
99926,10,69.1,47.27,49.03,41.96,968.29,2,3997.04
99951,10,67.92,47.07,48.87,41.51,931.51,2,3998.04
99976,10,66.73,46.91,48.46,40.76,891.24,2,3999.04
100001,10,65.48,46.71,47.71,39.83,851.17,2,4000.04
100026,10,64.22,46.44,46.86,39.25,825.78,2,4001.04
100051,10,62.94,46.1,45.82,38.34,800.08,2,4002.04
100076,10,61.64,45.65,44.66,36.21,765.89,2,4003.04
100101,10,60.35,45.17,43.46,33.62,731.89,2,4004.04
100126,10,59.04,44.78,42.25,34.53,713.26,2,4005.04
100151,10,57.76,44.49,40.86,36.91,726.98,2,4006.04
100176,10,56.52,44.02,39.37,40.08,754.48,2,4007.04
100201,10,55.37,43.41,37.7,41.92,762.2,2,4008.04
100226,10,54.26,43.42,36.54,43.22,795.6,2,4009.04
100251,10,53.29,42.89,35.86,44.16,828.28,2,4010.04
100276,10,52.43,42.5,35.49,44.94,852.33,2,4011.04
100301,10,51.61,42.2,34.64,45.74,871.31,2,4012.04
100326,10,50.77,41.87,33.43,46.38,876.54,2,4013.04
100351,10,49.93,41.51,32.1,46.73,866.92,2,4014.04
100376,10,49.16,41.13,30.69,46.7,845.04,2,4015.04
100401,10,48.47,40.79,29.19,46.25,816.66,2,4016.04
100426,10,47.81,40.54,27.67,45.48,781.95,2,4017.04
100451,10,47.17,40.29,26.17,44.44,740.9,2,4018.04
100476,10,46.57,40.02,24.59,43.05,691.71,2,4019.04
100501,10,45.9,39.72,23.06,41.39,645.4,2,4020.04
100526,10,45.19,39.43,21.84,39.72,609.74,2,4021.04
100551,10,44.61,39.15,20.61,38.09,572.44,2,4022.04
100576,10,44.15,38.81,19.25,36.54,532.06,2,4023.04
100601,10,43.69,38.47,17.78,35.13,495.51,2,4024.04
100626,10,43.24,38.24,16.45,33.74,459.58,2,4025.04
100651,10,42.93,38.02,16.41,33.33,441.0,2,4026.04
100676,10,42.8,37.67,17.06,33.27,446.57,2,4027.04
100701,10,42.49,36.98,17.88,33.09,463.06,2,4028.04
100726,10,41.46,35.46,18.51,32.14,483.8,2,4029.04
100751,10,39.84,33.56,19.54,30.8,495.63,2,4030.04
100776,10,37.73,31.48,21.61,30.55,510.08,2,4031.04
100801,10,35.21,29.06,23.6,30.26,567.33,2,4032.04
100826,10,32.83,26.5,25.42,32.09,643.7,2,4033.04
100851,10,32.03,24.86,25.3,34.85,704.91,2,4034.04
100876,10,33.29,24.78,24.12,34.85,722.3,2,4035.04
100901,10,35.16,26.04,26.04,34.88,724.6,2,4036.04
100926,10,36.51,28.39,26.25,34.87,702.44,2,4037.04
100951,10,37.12,30.85,24.25,35.15,660.75,2,4038.04
100976,10,37.18,33.05,22.77,36.3,651.37,2,4039.04
101001,10,36.99,35.54,23.34,38.21,681.15,2,4040.04
101026,10,36.51,37.98,24.35,39.68,711.25,2,4041.04
101051,10,35.78,39.6,24.73,39.98,708.35,2,4042.04
101076,10,34.65,40.61,23.75,39.02,662.43,2,4043.04
101101,10,32.68,41.41,24.05,36.9,614.69,2,4044.04
101126,10,30.45,41.88,26.19,35.52,604.36,2,4045.04
101151,10,29.6,41.86,26.98,34.17,607.25,2,4046.04
101176,10,31.12,41.5,27.79,33.56,631.02,2,4047.04
101201,10,34.25,41.36,29.72,34.62,678.68,2,4048.04
101226,10,37.89,41.45,32.08,36.02,733.54,2,4049.04
101251,10,41.52,41.11,34.04,37.13,774.67,2,4050.04
101276,10,44.8,40.08,33.0,38.03,781.68,2,4051.04
101301,10,47.45,38.75,29.59,38.94,768.09,2,4052.04
101326,10,49.39,37.36,25.95,39.88,746.92,2,4053.04
101351,10,50.56,36.25,26.67,40.82,736.05,2,4054.04
101376,10,50.77,34.92,28.16,41.24,743.82,2,4055.04
101401,10,49.95,33.08,28.89,40.22,756.54,2,4056.04
101426,10,48.32,31.3,29.53,39.53,775.39,2,4057.04
101451,10,45.95,29.66,30.85,40.79,816.99,2,4058.04
101476,10,42.68,28.15,32.53,41.32,881.76,2,4059.04
101501,10,38.72,26.88,34.19,40.84,956.12,2,4060.04
101526,10,34.83,26.09,35.5,38.42,979.14,2,4061.04
101551,10,32.15,26.09,35.32,35.31,904.24,2,4062.04
101576,10,30.91,26.59,33.76,30.89,800.93,2,4063.04
101601,10,30.09,27.14,33.0,27.28,722.91,2,4064.04
101626,10,29.19,27.64,32.36,24.83,660.64,2,4065.04
101651,10,28.33,28.16,31.6,23.35,603.59,2,4066.04
101676,10,27.52,28.79,30.69,22.78,556.36,2,4067.04
101701,10,26.67,29.49,29.91,21.92,515.52,2,4068.04
101726,10,25.7,30.19,29.47,21.3,481.64,2,4069.04
101751,10,24.77,30.69,28.54,21.72,463.92,2,4070.04
101776,10,23.91,31.06,26.93,22.48,436.84,2,4071.04
101801,10,22.97,31.42,24.99,22.74,399.06,2,4072.04
101826,10,22.08,31.73,22.91,22.65,364.97,2,4073.04
101851,10,21.35,32.06,20.56,24.73,332.36,2,4074.04
101876,10,20.68,32.3,18.25,25.65,299.12,2,4075.04
101901,10,20.14,32.52,16.07,26.05,267.88,2,4076.04
101926,10,19.63,32.52,14.19,25.91,237.67,2,4077.04
101951,10,19.17,32.48,13.69,25.38,204.29,2,4078.04
101976,10,18.6,32.49,12.61,24.58,182.78,2,4079.04
102001,10,18.09,32.78,11.72,23.59,162.02,2,4080.04
102026,10,17.76,33.23,10.65,22.51,141.59,2,4081.04
102051,10,17.44,33.71,10.13,22.04,117.97,2,4082.04
102076,10,17.18,34.3,10.2,21.45,99.84,2,4083.04
102101,10,16.96,34.78,10.01,20.33,89.74,2,4084.04
102126,10,16.82,35.11,8.93,19.07,77.33,2,4085.04
102151,10,16.82,35.41,8.47,18.04,61.17,2,4086.04
102176,10,16.82,35.53,8.33,18.06,55.91,2,4087.04
102201,10,16.97,35.49,8.17,17.97,44.57,2,4088.04
102226,10,17.1,35.33,7.81,17.4,39.3,2,4089.04
102251,10,16.93,35.15,7.77,17.08,36.14,2,4090.04
102276,10,16.84,35.16,8.15,17.68,47.06,2,4091.04
102301,10,16.89,35.34,8.03,18.81,51.47,2,4092.04
102326,10,16.9,35.47,7.86,19.32,48.41,2,4093.04
102351,10,17.01,35.53,7.66,19.44,45.3,2,4094.04
102376,10,17.26,35.49,6.98,19.73,42.35,2,4095.04
102401,10,17.34,35.33,6.62,20.07,40.03,2,4096.04
102426,10,17.26,35.15,6.65,20.04,35.79,2,4097.04
102451,10,17.14,34.89,6.96,19.9,37.04,2,4098.04
102476,10,16.98,34.66,7.8,19.74,42.7,2,4099.04
102501,10,16.65,34.57,8.89,19.21,43.32,2,4100.04
102526,10,15.48,34.16,10.85,17.04,62.19,2,4101.04
102551,10,13.52,33.32,14.99,14.8,88.97,2,4102.04
102576,10,12.47,32.73,17.75,16.36,152.44,2,4103.04
102601,10,13.22,32.35,18.59,24.41,246.65,2,4104.04
102626,10,15.21,31.81,19.59,33.01,327.07,2,4105.04
102651,10,17.45,31.08,22.56,40.12,444.89,2,4106.04
102676,10,19.82,30.33,25.12,45.65,565.73,2,4107.04
102701,10,22.26,29.64,27.26,49.04,681.76,2,4108.04
102726,10,24.91,29.07,29.11,50.14,860.77,2,4109.04
102751,10,28.2,29.0,31.4,50.5,1053.46,2,4110.04
102776,10,31.97,29.39,34.02,51.65,1238.66,2,4111.04
102801,10,35.77,29.47,35.92,52.31,1403.07,2,4112.04
102826,10,39.81,29.41,38.45,50.97,1516.04,2,4113.04
102851,10,44.62,29.56,39.51,47.15,1547.34,2,4114.04
102876,10,50.07,29.57,39.87,43.54,1557.04,2,4115.04
102901,10,55.75,29.06,42.82,43.56,1592.89,2,4116.04
102926,10,61.18,28.3,46.28,44.33,1577.07,2,4117.04
102951,10,65.68,27.58,47.72,45.9,1505.78,2,4118.04
102976,10,68.58,26.66,45.93,47.84,1511.4,2,4119.04
103001,10,69.94,25.98,42.43,47.9,1443.08,2,4120.04
103026,10,70.79,26.19,40.83,47.13,1399.05,2,4121.04
103051,10,71.67,26.99,40.3,46.4,1326.54,2,4122.04
103076,10,72.47,27.11,37.07,45.35,1202.91,2,4123.04
103101,10,73.09,26.38,35.29,43.23,1105.62,2,4124.04
103126,10,73.77,25.6,37.41,40.65,1110.23,2,4125.04
103151,10,74.28,24.33,38.55,39.07,1145.26,2,4126.04
103176,10,73.9,22.52,37.98,38.1,1170.08,2,4127.04
103201,10,72.72,20.85,36.91,38.4,1168.64,2,4128.04
103226,10,71.35,19.87,36.2,38.08,1132.62,2,4129.04
103251,10,70.32,19.7,35.1,37.81,1093.21,2,4130.04
103276,10,69.94,20.03,33.43,38.11,1051.87,2,4131.04
103301,10,69.74,20.66,32.29,37.37,981.19,2,4132.04
103326,10,69.44,21.28,31.96,37.09,934.4,2,4133.04
103351,10,69.29,21.91,31.53,37.39,908.38,2,4134.04
103376,10,69.36,22.59,31.56,37.44,898.85,2,4135.04
103401,10,69.6,23.22,31.83,37.85,898.22,2,4136.04
103426,10,70.02,23.66,31.86,38.38,894.12,2,4137.04
103451,10,70.54,23.98,31.42,38.59,872.71,2,4138.04
103476,10,71.07,24.22,30.41,38.56,829.17,2,4139.04
103501,10,71.53,24.45,28.83,38.71,779.65,2,4140.04
103526,10,71.75,24.71,27.02,39.62,735.18,2,4141.04
103551,10,71.93,24.97,25.75,41.06,697.94,2,4142.04
103576,10,72.14,25.55,25.2,43.51,688.07,2,4143.04
103601,10,71.93,26.54,25.23,46.95,749.84,2,4144.04
103626,10,71.2,27.82,25.53,50.51,844.45,2,4145.04
103651,10,70.13,29.5,26.25,53.29,923.91,2,4146.04
103676,10,68.82,31.36,27.58,55.08,960.69,2,4147.04
103701,10,67.47,33.32,28.18,56.12,993.85,2,4148.04
103726,10,66.11,35.51,28.32,56.24,1051.59,2,4149.04
103751,10,64.76,37.76,29.29,55.63,1109.9,2,4150.04
103776,10,63.4,39.69,31.12,56.28,1155.3,2,4151.04
103801,10,62.45,41.0,32.67,57.09,1194.72,2,4152.04
103826,10,62.73,41.42,33.27,57.54,1219.84,2,4153.04
103851,10,64.56,41.11,33.74,56.57,1258.74,2,4154.04
103876,10,67.38,40.41,35.83,54.45,1299.08,2,4155.04
103901,10,70.44,39.48,37.55,51.37,1329.59,2,4156.04
103926,10,73.38,38.74,41.78,47.88,1341.92,2,4157.04
103951,10,75.67,39.14,45.13,43.96,1288.82,2,4158.04
103976,10,76.56,40.87,44.89,40.96,1213.72,2,4159.04
104001,10,75.82,43.01,41.95,41.61,1221.3,2,4160.04
104026,10,74.31,44.29,39.74,44.43,1211.13,2,4161.04
104051,10,72.77,44.45,36.98,46.66,1167.13,2,4162.04
104076,10,71.06,44.1,34.89,47.86,1102.8,2,4163.04
104101,10,68.9,43.64,33.23,48.06,1035.21,2,4164.04
104126,10,66.08,43.11,32.44,47.27,1007.34,2,4165.04
104151,10,62.23,42.68,33.04,45.54,1025.04,2,4166.04
104176,10,57.68,42.5,35.47,45.73,1038.01,2,4167.04
104201,10,52.84,42.46,38.54,45.94,1055.13,2,4168.04
104226,10,47.91,42.62,41.58,46.33,1101.68,2,4169.04
104251,10,43.03,43.01,44.4,46.39,1168.94,2,4170.04
104276,10,38.41,43.38,48.84,46.5,1314.58,2,4171.04
104301,10,34.51,43.66,53.88,47.1,1442.82,2,4172.04
104326,10,31.9,43.79,56.92,48.38,1539.07,2,4173.04
104351,10,30.4,43.54,57.82,48.84,1624.74,2,4174.04
104376,10,29.73,43.25,57.93,49.58,1689.89,2,4175.04
104401,10,29.67,42.99,56.13,52.27,1758.86,2,4176.04
104426,10,29.85,42.32,54.33,53.52,1806.02,2,4177.04
104451,10,30.36,41.52,51.82,54.89,1847.69,2,4178.04
104476,10,31.15,40.74,49.39,56.04,1848.53,2,4179.04
104501,10,32.27,39.89,46.49,56.84,1801.0,2,4180.04
104526,10,33.54,38.91,42.87,56.64,1679.81,2,4181.04
104551,10,34.73,37.77,39.13,54.37,1496.71,2,4182.04
104576,10,36.26,36.42,35.87,55.58,1352.71,2,4183.04
104601,10,38.62,35.13,33.23,57.15,1295.42,2,4184.04
104626,10,41.57,34.11,31.47,58.57,1250.22,2,4185.04
104651,10,44.5,33.3,30.41,59.6,1170.07,2,4186.04
104676,10,46.91,32.42,29.43,59.58,1166.23,2,4187.04
104701,10,48.75,31.31,29.08,59.33,1175.84,2,4188.04
104726,10,49.94,30.1,31.05,59.53,1264.27,2,4189.04
104751,10,50.3,28.97,32.99,60.05,1394.43,2,4190.04
104776,10,49.78,28.38,34.02,59.87,1436.8,2,4191.04
104801,10,48.64,28.36,33.86,59.26,1420.42,2,4192.04
104826,10,47.48,28.61,32.53,59.23,1392.96,2,4193.04
104851,10,46.73,29.09,30.44,59.0,1361.42,2,4194.04
104876,10,46.26,29.67,28.07,58.56,1311.5,2,4195.04
104901,10,45.85,30.21,27.12,57.84,1242.98,2,4196.04
104926,10,45.94,30.54,27.76,56.86,1185.14,2,4197.04
104951,10,46.89,31.01,28.46,55.81,1140.7,2,4198.04
104976,10,48.37,32.07,29.33,54.97,1106.36,2,4199.04
105001,10,50.1,33.73,29.99,54.89,1105.27,2,4200.04
105026,10,52.0,35.48,30.1,55.54,1115.36,2,4201.04
105051,10,54.08,36.97,29.15,56.07,1092.6,2,4202.04
105076,10,56.04,38.18,27.1,55.93,1038.85,2,4203.04
105101,10,57.55,39.18,26.53,54.92,984.5,2,4204.04
105126,10,58.28,40.4,26.86,52.83,938.2,2,4205.04
105151,10,58.36,41.76,26.71,49.9,938.18,2,4206.04
105176,10,58.24,42.72,24.69,48.61,918.24,2,4207.04
105201,10,58.39,43.35,22.42,48.93,905.19,2,4208.04
105226,10,58.69,43.84,26.47,49.12,1025.92,2,4209.04
105251,10,58.42,44.1,30.01,50.3,1157.2,2,4210.04
105276,10,57.47,44.03,32.43,52.34,1243.16,2,4211.04
105301,10,56.3,43.77,33.97,53.58,1275.45,2,4212.04
105326,10,55.2,43.54,34.2,54.41,1258.0,2,4213.04
105351,10,54.01,43.21,34.14,54.92,1229.87,2,4214.04
105376,10,52.62,42.48,34.31,55.63,1255.18,2,4215.04
105401,10,51.29,41.41,33.7,56.79,1309.24,2,4216.04
105426,10,50.18,40.39,32.48,57.69,1354.92,2,4217.04
105451,10,49.09,39.48,31.6,56.88,1372.25,2,4218.04
105476,10,47.64,38.48,32.48,56.12,1351.02,2,4219.04
105501,10,45.61,37.33,35.16,57.17,1323.95,2,4220.04
105526,10,43.38,36.18,38.45,58.05,1309.45,2,4221.04
105551,10,41.72,35.13,40.31,58.42,1303.27,2,4222.04
105576,10,41.34,34.14,39.21,58.09,1271.74,2,4223.04
105601,10,42.16,33.26,36.07,57.3,1232.01,2,4224.04
105626,10,44.16,32.48,32.91,55.36,1227.42,2,4225.04
105651,10,46.72,31.58,30.64,53.59,1229.31,2,4226.04
105676,10,48.53,30.73,29.1,52.61,1204.46,2,4227.04
105701,10,48.86,30.27,28.0,50.9,1108.74,2,4228.04
105726,10,47.62,30.18,28.55,47.98,974.56,2,4229.04
105751,10,45.15,30.24,31.45,44.92,905.21,2,4230.04
105776,10,41.95,30.54,35.22,42.71,904.77,2,4231.04
105801,10,38.94,30.62,37.82,41.54,934.25,2,4232.04
105826,10,36.2,30.13,38.74,41.41,989.63,2,4233.04
105851,10,33.64,29.61,38.98,41.42,1035.05,2,4234.04
105876,10,32.28,29.05,38.33,41.12,1067.4,2,4235.04
105901,10,32.75,28.43,35.88,41.44,1072.19,2,4236.04
105926,10,34.29,27.86,32.2,44.23,1066.38,2,4237.04
105951,10,35.85,27.45,29.44,47.15,1036.61,2,4238.04
105976,10,36.76,27.68,29.0,48.17,1036.24,2,4239.04
106001,10,37.14,28.43,28.74,47.89,1057.61,2,4240.04
106026,10,37.11,29.15,28.88,47.49,1092.12,2,4241.04
106051,10,36.53,29.64,29.69,47.72,1130.28,2,4242.04
106076,10,36.06,29.96,29.98,48.73,1132.68,2,4243.04
106101,10,36.13,30.16,29.82,49.19,1100.75,2,4244.04
106126,10,36.62,30.4,29.95,49.53,1072.69,2,4245.04
106151,10,37.34,30.72,30.14,50.28,1060.47,2,4246.04
106176,10,38.2,31.15,30.34,51.09,1066.06,2,4247.04
106201,10,39.13,31.66,30.6,51.86,1082.99,2,4248.04
106226,10,40.07,32.09,30.71,52.75,1106.01,2,4249.04
106251,10,40.99,32.47,30.67,53.7,1128.02,2,4250.04
106276,10,41.8,32.97,30.59,54.63,1147.95,2,4251.04
106301,10,42.48,33.58,30.47,55.61,1165.64,2,4252.04
106326,10,43.1,34.12,30.25,56.46,1182.76,2,4253.04
106351,10,43.66,34.61,30.02,56.8,1204.39,2,4254.04
106376,10,44.12,35.08,30.27,56.85,1223.78,2,4255.04
106401,10,44.45,35.43,30.39,56.9,1235.94,2,4256.04
106426,10,44.71,35.62,30.45,56.97,1244.85,2,4257.04
106451,10,44.96,35.61,30.45,56.93,1249.47,2,4258.04
106476,10,45.2,35.48,30.47,56.85,1250.6,2,4259.04
106501,10,45.44,35.32,30.47,56.94,1253.0,2,4260.04
106526,10,45.64,35.3,30.45,56.92,1254.95,2,4261.04
106551,10,45.79,35.41,30.46,56.82,1252.34,2,4262.04
106576,10,45.89,35.37,30.44,56.71,1245.24,2,4263.04
106601,10,45.96,35.32,30.43,56.67,1238.5,2,4264.04
106626,10,46.01,35.36,30.41,56.8,1240.31,2,4265.04
106651,10,45.94,35.33,30.44,56.86,1250.82,2,4266.04
106676,10,45.82,35.3,30.5,56.66,1261.54,2,4267.04
106701,10,45.66,35.21,30.59,55.96,1262.35,2,4268.04
106726,10,45.51,35.11,30.6,55.11,1263.43,2,4269.04
106751,10,45.42,35.09,30.69,54.74,1272.38,2,4270.04
106776,10,45.35,35.13,30.77,54.8,1279.0,2,4271.04
106801,10,45.32,35.28,30.71,54.81,1277.48,2,4272.04
106826,10,45.42,35.33,30.59,54.92,1273.73,2,4273.04
106851,10,45.62,35.04,30.46,55.27,1287.02,2,4274.04
106876,10,45.83,34.94,30.29,55.94,1286.72,2,4275.04
106901,10,46.02,34.8,30.0,56.67,1280.47,2,4276.04
106926,10,46.19,34.6,29.68,57.16,1269.61,2,4277.04
106951,10,46.28,34.36,29.43,57.55,1259.03,2,4278.04
106976,10,46.31,34.09,29.2,58.11,1253.98,2,4279.04
107001,10,46.32,33.82,29.07,58.68,1254.07,2,4280.04
107026,10,46.32,33.59,28.89,58.94,1249.32,2,4281.04
107051,10,46.32,33.38,28.54,58.97,1232.12,2,4282.04
107076,10,46.24,33.19,28.17,58.86,1208.47,2,4283.04
107101,10,46.1,32.95,27.87,58.65,1188.71,2,4284.04
107126,10,45.89,32.67,28.25,58.32,1186.75,2,4285.04
107151,10,45.46,32.27,28.25,57.92,1193.38,2,4286.04
107176,10,44.85,31.88,28.45,57.22,1201.97,2,4287.04
107201,10,44.38,31.59,28.77,56.31,1203.71,2,4288.04
107226,10,44.01,31.31,29.66,55.29,1207.36,2,4289.04
107251,10,43.5,31.01,31.56,54.28,1237.13,2,4290.04
107276,10,42.87,30.92,32.4,53.59,1276.82,2,4291.04
107301,10,42.15,31.22,32.26,53.54,1286.13,2,4292.04
107326,10,41.78,32.0,31.56,53.96,1269.3,2,4293.04
107351,10,42.28,33.28,30.17,53.83,1189.58,2,4294.04
107376,10,43.34,34.62,28.79,52.41,1138.85,2,4295.04
107401,10,43.93,35.72,28.61,53.14,1141.63,2,4296.04
107426,10,43.24,36.33,30.57,54.92,1202.39,2,4297.04
107451,10,41.68,36.23,32.18,56.09,1297.84,2,4298.04
107476,10,40.09,35.78,30.99,56.5,1350.79,2,4299.04
107501,10,39.04,35.13,29.09,56.41,1359.08,2,4300.04
107526,10,38.81,33.87,28.66,55.8,1334.2,2,4301.04
107551,10,39.18,32.28,28.32,55.04,1301.11,2,4302.04
107576,10,40.31,30.71,28.09,56.06,1302.99,2,4303.04
107601,10,42.5,29.63,28.96,56.65,1380.74,2,4304.04
107626,10,45.9,29.23,33.34,55.65,1517.68,2,4305.04
107651,10,50.44,28.9,37.91,53.81,1666.25,2,4306.04
107676,10,55.58,28.29,42.32,52.14,1807.4,2,4307.04
107701,10,60.67,27.77,45.27,49.97,1893.85,2,4308.04
107726,10,64.88,27.39,47.09,47.59,1843.77,2,4309.04
107751,10,67.94,26.59,47.6,45.11,1621.94,2,4310.04
107776,10,70.13,25.51,45.97,42.44,1356.89,2,4311.04
107801,10,70.95,24.63,42.79,38.93,1102.53,2,4312.04
107826,10,70.15,23.9,38.79,36.12,940.97,2,4313.04
107851,10,68.91,23.16,35.5,35.33,879.12,2,4314.04
107876,10,67.25,22.22,33.45,37.26,894.53,2,4315.04
107901,10,64.71,21.14,34.43,39.76,964.9,2,4316.04
107926,10,61.79,20.55,35.93,39.91,999.7,2,4317.04
107951,10,59.29,20.56,35.11,39.18,1001.12,2,4318.04
107976,10,57.31,20.97,33.38,38.72,999.19,2,4319.04
108001,10,55.56,21.38,32.77,39.14,1015.98,2,4320.04
108026,10,53.74,21.99,33.1,39.82,1063.49,2,4321.04
108051,10,51.8,23.13,33.65,41.58,1132.39,2,4322.04
108076,10,49.76,24.6,34.9,43.87,1182.82,2,4323.04
108101,10,47.71,25.77,35.94,45.91,1219.46,2,4324.04
108126,10,45.92,26.24,35.98,47.33,1248.51,2,4325.04
108151,10,44.26,26.38,35.48,47.95,1261.31,2,4326.04
108176,10,42.75,26.39,34.99,48.49,1273.42,2,4327.04
108201,10,41.71,26.27,34.42,49.46,1273.56,2,4328.04
108226,10,41.57,26.14,33.57,49.23,1258.13,2,4329.04
108251,10,41.98,25.92,32.16,47.93,1184.98,2,4330.04
108276,10,41.87,25.56,30.08,47.58,1033.4,2,4331.04
108301,10,40.8,25.12,28.27,46.9,895.49,2,4332.04
108326,10,39.17,24.73,27.46,46.69,821.26,2,4333.04
108351,10,38.05,24.9,27.4,44.19,775.34,2,4334.04
108376,10,37.53,25.65,27.73,40.04,777.76,2,4335.04
108401,10,37.12,26.74,27.65,36.05,715.3,2,4336.04
108426,10,36.18,27.71,27.38,31.83,606.35,2,4337.04
108451,10,34.1,28.25,28.05,31.28,583.25,2,4338.04
108476,10,30.89,28.47,30.31,29.79,592.26,2,4339.04
108501,10,27.15,28.47,33.43,26.11,610.47,2,4340.04
108526,10,23.62,28.72,36.19,24.32,617.56,2,4341.04
108551,10,20.7,29.16,38.05,25.5,591.21,2,4342.04
108576,10,18.54,29.59,38.91,23.81,551.57,2,4343.04
108601,10,16.74,29.93,39.56,21.78,521.12,2,4344.04
108626,10,15.02,30.08,39.88,21.5,493.06,2,4345.04
108651,10,14.05,30.29,40.59,22.51,481.44,2,4346.04
108676,10,14.05,30.84,41.03,24.82,484.6,2,4347.04
108701,10,14.82,31.52,40.26,28.13,524.83,2,4348.04
108726,10,16.16,31.88,39.33,34.81,636.16,2,4349.04
108751,10,18.23,31.89,39.59,39.7,802.3,2,4350.04
108776,10,20.87,31.45,40.87,42.82,994.03,2,4351.04
108801,10,23.59,30.65,41.76,45.18,1148.82,2,4352.04
108826,10,26.14,30.02,41.15,45.72,1180.42,2,4353.04
108851,10,28.91,29.6,39.78,45.56,1197.95,2,4354.04
108876,10,32.2,29.43,39.24,43.6,1269.16,2,4355.04
108901,10,35.98,29.54,39.69,39.04,1258.62,2,4356.04
108926,10,40.14,29.73,40.78,34.4,1202.68,2,4357.04
108951,10,44.53,29.98,42.28,34.21,1134.15,2,4358.04
108976,10,48.8,30.38,43.48,34.27,1068.87,2,4359.04
109001,10,52.96,30.86,45.2,34.15,1064.21,2,4360.04
109026,10,56.73,31.41,47.93,33.94,1132.8,2,4361.04
109051,10,59.81,31.86,46.91,33.75,1124.67,2,4362.04
109076,10,62.04,32.54,44.2,33.4,1028.2,2,4363.04
109101,10,63.38,32.98,44.21,32.82,975.78,2,4364.04
109126,10,63.74,32.68,44.68,33.02,957.91,2,4365.04
109151,10,63.29,31.8,45.27,34.24,989.62,2,4366.04
109176,10,62.57,30.68,45.69,35.25,1055.85,2,4367.04
109201,10,61.88,29.8,45.36,35.5,1110.35,2,4368.04
109226,10,61.1,29.43,44.49,34.47,1107.11,2,4369.04
109251,10,60.0,29.57,42.64,32.37,1051.98,2,4370.04
109276,10,58.61,29.98,40.79,32.81,980.52,2,4371.04
109301,10,56.84,30.99,39.1,33.85,960.09,2,4372.04
109326,10,54.76,32.78,38.15,34.69,1013.87,2,4373.04
109351,10,52.65,34.86,39.42,34.74,1124.13,2,4374.04
109376,10,51.11,36.42,40.85,36.99,1200.68,2,4375.04
109401,10,49.96,37.11,41.08,35.78,1172.83,2,4376.04
109426,10,48.46,37.35,41.65,35.7,1098.09,2,4377.04
109451,10,46.59,37.62,42.77,35.37,1025.72,2,4378.04
109476,10,44.55,37.6,44.38,33.55,1006.84,2,4379.04
109501,10,42.77,37.0,45.66,31.52,984.56,2,4380.04
109526,10,41.49,35.93,45.77,30.69,958.53,2,4381.04
109551,10,40.34,34.79,45.0,30.43,922.49,2,4382.04
109576,10,39.05,33.73,43.92,30.56,892.66,2,4383.04
109601,10,37.51,32.66,42.9,31.1,868.55,2,4384.04
109626,10,35.59,31.72,41.97,32.94,856.67,2,4385.04
109651,10,33.31,31.0,40.81,35.34,840.85,2,4386.04
109676,10,30.72,30.55,39.95,37.0,797.26,2,4387.04
109701,10,27.86,30.66,40.09,37.19,751.46,2,4388.04
109726,10,25.03,31.17,40.24,35.95,703.09,2,4389.04
109751,10,23.3,31.67,39.24,33.7,704.03,2,4390.04
109776,10,23.38,32.24,35.38,30.8,654.49,2,4391.04
109801,10,24.39,33.34,30.12,29.0,569.45,2,4392.04
109826,10,25.4,34.68,25.78,28.76,511.63,2,4393.04
109851,10,26.46,35.48,22.67,29.95,475.46,2,4394.04
109876,10,27.82,35.93,20.81,30.52,443.39,2,4395.04
109901,10,29.41,36.26,19.91,29.82,424.54,2,4396.04
109926,10,31.29,36.56,19.69,29.08,433.57,2,4397.04
109951,10,33.47,36.94,19.02,27.56,458.36,2,4398.04
109976,10,36.04,37.4,21.93,28.06,525.59,2,4399.04
110001,10,38.96,37.72,25.39,28.56,625.1,2,4400.04
110026,10,41.67,37.87,27.58,28.9,708.77,2,4401.04
110051,10,43.6,37.99,27.76,28.95,730.9,2,4402.04
110076,10,45.03,38.17,31.66,29.02,779.47,2,4403.04
110101,10,46.14,38.3,34.22,29.75,822.38,2,4404.04
110126,10,46.95,38.52,35.52,30.84,865.23,2,4405.04
110151,10,47.46,38.74,36.01,32.11,892.5,2,4406.04
110176,10,47.76,38.87,35.97,33.28,900.81,2,4407.04
110201,10,48.0,38.96,35.92,35.09,892.76,2,4408.04
110226,10,48.2,39.02,35.97,37.27,888.59,2,4409.04
110251,10,48.37,39.02,36.0,39.39,881.45,2,4410.04
110276,10,48.52,39.03,35.88,41.43,867.29,2,4411.04
110301,10,48.68,39.07,35.65,43.34,848.16,2,4412.04
110326,10,48.88,39.15,35.46,45.3,833.89,2,4413.04
110351,10,49.07,39.29,35.31,47.05,818.52,2,4414.04
110376,10,49.21,39.47,35.13,48.33,825.95,2,4415.04
110401,10,49.29,39.6,35.01,49.26,835.36,2,4416.04
110426,10,49.33,39.68,35.17,49.84,841.62,2,4417.04
110451,10,49.43,39.7,35.29,50.64,844.06,2,4418.04
110476,10,49.48,39.77,35.24,51.71,845.34,2,4419.04
110501,10,49.5,40.07,35.16,52.83,851.17,2,4420.04
110526,10,49.53,40.41,34.87,53.56,853.88,2,4421.04
110551,10,49.44,40.61,34.53,53.83,853.26,2,4422.04
110576,10,49.36,40.91,34.39,53.83,855.37,2,4423.04
110601,10,49.2,41.22,34.34,53.69,864.1,2,4424.04
110626,10,49.04,41.5,34.32,53.7,883.7,2,4425.04
110651,10,48.93,41.91,34.34,53.82,902.68,2,4426.04
110676,10,48.84,42.38,34.4,53.93,918.71,2,4427.04
110701,10,48.76,42.87,34.56,53.95,935.25,2,4428.04
110726,10,48.74,43.39,34.71,53.99,941.51,2,4429.04
110751,10,48.71,43.87,34.82,53.95,940.47,2,4430.04
110776,10,48.61,44.24,34.96,53.94,941.68,2,4431.04
110801,10,48.43,44.58,34.92,53.79,943.29,2,4432.04
110826,10,48.23,44.92,34.77,54.0,940.2,2,4433.04
110851,10,48.05,45.22,34.68,54.32,927.71,2,4434.04
110876,10,47.86,45.37,34.56,53.59,904.52,2,4435.04
110901,10,47.65,45.22,34.68,53.62,863.97,2,4436.04
110926,10,47.5,44.89,34.73,53.56,805.69,2,4437.04
110951,10,47.42,44.59,34.71,53.55,792.97,2,4438.04
110976,10,47.32,44.36,34.68,53.6,773.18,2,4439.04
111001,10,47.19,44.18,34.54,53.19,760.15,2,4440.04
111026,10,47.03,44.05,34.11,52.24,745.47,2,4441.04
111051,10,46.89,43.89,33.61,51.88,732.65,2,4442.04
111076,10,46.82,43.59,33.27,51.95,721.54,2,4443.04
111101,10,46.81,43.35,33.0,51.67,711.44,2,4444.04
111126,10,46.77,43.25,32.76,51.27,705.95,2,4445.04
111151,10,46.72,43.17,32.55,50.66,698.93,2,4446.04
111176,10,46.71,43.12,32.34,49.84,686.4,2,4447.04
111201,10,46.78,43.07,32.1,48.99,671.54,2,4448.04
111226,10,46.84,43.0,31.76,48.32,660.48,2,4449.04
111251,10,46.88,42.94,31.34,47.57,653.21,2,4450.04
111276,10,46.93,43.02,30.52,46.86,634.87,2,4451.04
111301,10,46.92,43.13,29.82,46.43,621.66,2,4452.04
111326,10,46.85,43.24,29.67,46.11,613.84,2,4453.04
111351,10,46.71,43.4,29.69,45.68,604.47,2,4454.04
111376,10,46.46,43.5,29.62,45.29,591.1,2,4455.04
111401,10,46.17,43.58,29.51,44.95,578.88,2,4456.04
111426,10,45.9,43.65,29.29,44.62,570.08,2,4457.04
111451,10,45.68,43.91,28.87,44.19,552.89,2,4458.04
111476,10,45.4,43.87,29.19,43.7,539.33,2,4459.04
111501,10,45.22,43.58,29.59,43.35,542.96,2,4460.04
111526,10,45.12,43.37,29.37,42.96,542.93,2,4461.04
111551,10,45.1,43.1,29.39,42.55,550.74,2,4462.04
111576,10,45.27,43.04,29.36,42.14,565.75,2,4463.04
111601,10,45.4,43.13,29.69,41.7,586.94,2,4464.04
111626,10,45.45,43.16,30.54,41.77,619.13,2,4465.04
111651,10,45.53,43.21,31.11,41.43,632.1,2,4466.04
111676,10,45.56,43.33,31.23,41.2,638.25,2,4467.04
111701,10,45.5,43.29,31.28,41.06,644.45,2,4468.04
111726,10,45.44,43.15,31.36,41.02,648.8,2,4469.04
111751,10,45.38,43.15,31.13,40.83,642.72,2,4470.04
111776,10,45.34,43.14,31.01,40.72,635.22,2,4471.04
111801,10,45.37,43.09,31.08,40.78,636.17,2,4472.04
111826,10,45.31,43.13,31.05,40.74,628.6,2,4473.04
111851,10,45.24,43.18,31.08,40.77,625.35,2,4474.04
111876,10,45.22,43.14,31.19,40.78,631.69,2,4475.04
111901,10,45.17,42.97,31.34,40.77,636.31,2,4476.04
111926,10,45.2,42.9,31.51,40.74,643.28,2,4477.04
111951,10,45.29,42.92,31.51,40.77,647.1,2,4478.04
111976,10,45.4,43.03,31.25,41.0,645.77,2,4479.04
112001,10,45.51,43.1,30.76,41.2,638.25,2,4480.04
112026,10,45.55,43.03,30.98,41.02,627.27,2,4481.04
112051,10,45.62,43.07,31.0,40.83,626.36,2,4482.04
112076,10,45.71,42.99,30.53,40.17,620.25,2,4483.04
112101,10,45.74,42.68,29.9,38.94,601.12,2,4484.04
112126,10,45.71,42.46,29.61,38.26,597.44,2,4485.04
112151,10,45.62,42.41,29.73,38.15,600.64,2,4486.04
112176,10,45.38,42.42,30.29,37.95,608.93,2,4487.04
112201,10,45.17,42.46,29.5,37.69,586.19,2,4488.04
112226,10,44.86,42.49,30.39,37.55,577.93,2,4489.04
112251,10,44.51,42.46,31.57,37.5,577.61,2,4490.04
112276,10,44.15,42.4,32.64,37.37,558.27,2,4491.04
112301,10,43.85,42.45,33.51,36.66,540.06,2,4492.04
112326,10,43.62,42.65,34.32,36.2,531.45,2,4493.04
112351,10,43.43,42.85,34.66,36.45,536.29,2,4494.04
112376,10,43.23,42.92,34.56,37.41,555.61,2,4495.04
112401,10,43.1,42.95,34.49,37.89,579.09,2,4496.04
112426,10,43.08,42.92,34.31,37.91,607.43,2,4497.04
112451,10,43.11,42.8,34.33,37.83,632.6,2,4498.04
112476,10,43.07,42.72,33.92,37.5,644.15,2,4499.04
112501,10,42.91,42.48,32.77,37.27,649.38,2,4500.04
112526,10,42.87,42.15,31.22,37.09,662.17,2,4501.04
112551,10,42.9,41.86,29.5,37.68,682.79,2,4502.04
112576,10,43.1,41.82,27.77,37.72,702.85,2,4503.04
112601,10,43.43,42.08,26.12,37.26,695.01,2,4504.04
112626,10,43.73,42.39,25.97,37.33,667.96,2,4505.04
112651,10,43.91,42.65,25.5,37.35,638.06,2,4506.04
112676,10,43.89,42.7,24.35,37.45,609.27,2,4507.04
112701,10,43.75,42.58,23.43,37.93,592.05,2,4508.04
112726,10,43.58,42.36,23.43,38.7,598.78,2,4509.04
112751,10,43.35,41.98,23.9,39.58,640.34,2,4510.04
112776,10,43.11,41.51,24.15,40.32,676.33,2,4511.04
112801,10,42.89,41.08,24.14,41.03,706.39,2,4512.04
112826,10,42.74,40.77,24.0,41.7,735.95,2,4513.04
112851,10,42.67,40.6,24.25,42.52,763.43,2,4514.04
112876,10,42.66,40.71,24.39,43.42,775.17,2,4515.04
112901,10,42.6,40.92,24.43,43.99,768.46,2,4516.04
112926,10,42.53,41.07,24.36,44.17,753.2,2,4517.04
112951,10,42.53,41.22,24.31,44.18,744.89,2,4518.04
112976,10,42.65,41.41,24.3,43.98,749.69,2,4519.04
113001,10,42.83,41.53,24.28,43.39,759.79,2,4520.04
113026,10,43.03,41.61,24.29,42.68,776.16,2,4521.04
113051,10,43.25,41.67,24.32,42.56,798.55,2,4522.04
113076,10,43.43,41.68,24.4,43.81,823.1,2,4523.04
113101,10,43.64,41.72,24.51,45.18,845.4,2,4524.04
113126,10,43.89,41.78,24.58,46.5,863.73,2,4525.04
113151,10,44.11,41.87,24.63,47.66,881.27,2,4526.04
113176,10,44.26,42.02,24.76,48.84,899.67,2,4527.04
113201,10,44.36,42.16,24.87,49.96,918.41,2,4528.04
113226,10,44.43,42.28,24.85,51.19,934.72,2,4529.04
113251,10,44.46,42.34,24.78,52.48,947.32,2,4530.04
113276,10,44.47,42.49,24.6,54.05,951.9,2,4531.04
113301,10,44.45,42.58,25.04,54.34,957.09,2,4532.04
113326,10,43.87,42.6,27.14,54.58,1023.81,2,4533.04
113351,10,42.89,42.41,29.36,55.45,1125.06,2,4534.04
113376,10,41.55,41.84,31.48,56.62,1226.06,2,4535.04
113401,10,40.61,41.07,32.77,57.26,1277.35,2,4536.04
113426,10,40.77,40.09,32.53,56.58,1236.8,2,4537.04
113451,10,41.6,38.63,30.86,55.37,1155.69,2,4538.04
113476,10,42.55,37.22,27.18,54.51,1062.93,2,4539.04
113501,10,43.31,36.56,21.92,53.93,922.25,2,4540.04
113526,10,44.06,36.68,20.38,53.46,820.14,2,4541.04
113551,10,44.98,37.64,23.47,52.67,808.57,2,4542.04
113576,10,45.64,38.46,26.58,52.16,812.27,2,4543.04
113601,10,45.81,38.02,28.01,52.68,800.56,2,4544.04
113626,10,45.44,36.74,27.39,54.06,770.98,2,4545.04
113651,10,44.51,35.17,25.8,55.68,752.73,2,4546.04
113676,10,42.89,33.53,24.65,57.32,822.33,2,4547.04
113701,10,40.79,31.99,25.64,60.18,921.48,2,4548.04
113726,10,39.05,31.01,26.77,62.47,984.72,2,4549.04
113751,10,37.94,31.04,26.49,61.92,974.66,2,4550.04
113776,10,36.75,31.91,26.67,59.03,951.95,2,4551.04
113801,10,35.06,32.73,28.05,55.65,950.48,2,4552.04
113826,10,32.92,33.23,30.22,52.81,955.76,2,4553.04
113851,10,30.49,33.35,33.12,51.11,970.51,2,4554.04
113876,10,28.66,33.47,35.44,50.03,966.47,2,4555.04
113901,10,28.26,34.77,36.42,48.82,939.47,2,4556.04
113926,10,28.72,37.17,35.86,47.64,898.49,2,4557.04
113951,10,29.17,39.89,34.17,46.4,851.97,2,4558.04
113976,10,28.72,42.07,32.69,45.42,835.88,2,4559.04
114001,10,26.83,43.12,32.06,44.7,869.33,2,4560.04
114026,10,23.96,43.36,34.13,44.04,936.58,2,4561.04
114051,10,20.87,43.42,35.98,43.34,968.54,2,4562.04
114076,10,18.37,43.4,37.07,42.39,940.1,2,4563.04
114101,10,16.32,43.28,38.8,41.46,930.06,2,4564.04
114126,10,14.65,43.12,41.16,41.14,955.49,2,4565.04
114151,10,13.76,42.75,42.46,40.92,951.55,2,4566.04
114176,10,13.31,42.15,40.77,40.03,889.56,2,4567.04
114201,10,12.96,41.44,38.31,38.64,772.98,2,4568.04
114226,10,12.58,40.64,36.21,36.08,624.1,2,4569.04
114251,10,12.12,39.77,33.66,33.3,481.83,2,4570.04
114276,10,11.51,38.78,30.7,30.25,362.75,2,4571.04
114301,10,10.85,38.07,27.45,28.17,291.42,2,4572.04
114326,10,10.03,37.35,24.56,26.59,229.0,2,4573.04
114351,10,9.25,36.44,21.97,25.2,183.4,2,4574.04
114376,10,8.66,35.55,19.27,24.11,181.44,2,4575.04
114401,10,8.35,34.79,17.17,23.46,186.03,2,4576.04
114426,10,8.34,34.25,15.15,22.33,176.79,2,4577.04
114451,10,8.07,33.9,13.64,20.98,160.77,2,4578.04
114476,10,7.8,33.53,13.46,20.36,156.4,2,4579.04
114501,10,7.57,33.47,13.63,19.49,144.75,2,4580.04
114526,10,7.26,33.43,14.15,18.51,132.81,2,4581.04
114551,10,6.93,33.3,14.97,16.9,129.56,2,4582.04
114576,10,6.42,33.18,15.3,16.93,133.04,2,4583.04
114601,10,5.88,33.54,15.35,15.3,122.72,2,4584.04
114626,10,5.68,34.77,15.31,13.55,112.63,2,4585.04
114651,10,5.45,35.9,14.0,15.17,142.32,2,4586.04
114676,10,6.0,36.77,14.14,16.64,185.48,2,4587.04
114701,10,8.61,36.92,14.23,18.04,208.84,2,4588.04
114726,10,12.44,36.08,14.17,19.46,212.27,2,4589.04
114751,10,16.47,35.27,14.07,19.0,209.64,2,4590.04
114776,10,20.3,34.97,13.98,17.97,211.07,2,4591.04
114801,10,23.18,35.07,13.92,18.67,228.48,2,4592.04
114826,10,25.2,35.27,17.01,19.93,268.89,2,4593.04
114851,10,26.87,35.38,19.61,21.99,309.38,2,4594.04
114876,10,27.92,36.57,21.28,26.18,369.41,2,4595.04
114901,10,27.88,38.62,21.81,30.05,435.02,2,4596.04
114926,10,27.23,40.55,21.34,31.6,466.97,2,4597.04
114951,10,26.43,41.44,21.3,30.64,476.24,2,4598.04
114976,10,25.33,41.92,23.49,30.06,512.08,2,4599.04
115001,10,23.42,41.99,27.98,28.54,572.17,2,4600.04
115026,10,21.7,42.05,30.99,27.35,626.11,2,4601.04
115051,10,20.82,42.4,31.01,28.09,659.83,2,4602.04
115076,10,20.06,42.81,29.73,28.23,665.96,2,4603.04
115101,10,18.89,42.79,29.81,28.79,628.19,2,4604.04
115126,10,17.75,42.32,30.02,29.49,592.45,2,4605.04
115151,10,17.51,41.33,30.09,31.0,563.22,2,4606.04
115176,10,17.73,39.47,29.31,34.5,537.36,2,4607.04
115201,10,17.76,37.14,28.28,38.31,514.3,2,4608.04
115226,10,18.03,35.34,28.55,39.63,486.56,2,4609.04
115251,10,18.68,34.21,27.76,39.42,480.51,2,4610.04
115276,10,19.58,33.59,26.56,38.55,459.19,2,4611.04
115301,10,20.36,32.99,24.91,37.66,409.97,2,4612.04
115326,10,20.11,32.53,25.46,36.93,383.5,2,4613.04
115351,10,19.16,32.75,28.49,36.29,434.62,2,4614.04
115376,10,18.58,33.6,30.7,36.43,517.35,2,4615.04
115401,10,18.76,34.51,31.65,37.48,587.36,2,4616.04
115426,10,19.51,35.25,30.92,39.33,636.06,2,4617.04
115451,10,20.58,35.92,28.75,41.94,693.31,2,4618.04
115476,10,21.92,36.59,26.84,44.29,745.5,2,4619.04
115501,10,23.45,37.21,26.98,45.36,785.42,2,4620.04
115526,10,24.98,37.92,26.91,45.28,815.58,2,4621.04
115551,10,26.45,38.71,26.66,45.32,834.35,2,4622.04
115576,10,27.8,39.32,26.4,45.99,845.32,2,4623.04
115601,10,29.05,39.64,26.29,46.94,860.38,2,4624.04
115626,10,30.34,39.84,26.34,47.84,874.2,2,4625.04
115651,10,31.76,40.06,26.46,48.18,876.17,2,4626.04
115676,10,33.28,40.25,26.57,48.15,885.57,2,4627.04
115701,10,34.87,40.35,26.48,47.69,894.72,2,4628.04
115726,10,36.53,40.29,25.78,46.7,880.55,2,4629.04
115751,10,38.23,39.99,24.63,44.6,830.84,2,4630.04
115776,10,40.05,39.36,23.84,40.85,764.25,2,4631.04
115801,10,42.08,38.68,23.77,36.58,703.14,2,4632.04
115826,10,44.28,38.24,24.22,35.82,685.82,2,4633.04
115851,10,46.77,38.24,25.81,34.73,698.29,2,4634.04
115876,10,49.74,38.66,29.3,33.35,732.22,2,4635.04
115901,10,52.84,39.27,33.48,32.73,771.48,2,4636.04
115926,10,55.01,40.01,35.19,31.32,755.57,2,4637.04
115951,10,55.68,41.02,33.38,31.63,734.95,2,4638.04
115976,10,55.31,42.51,32.89,32.49,751.13,2,4639.04
116001,10,54.59,44.44,32.46,34.96,760.72,2,4640.04
116026,10,54.09,46.14,31.13,37.79,771.67,2,4641.04
116051,10,54.39,46.59,28.25,39.52,797.3,2,4642.04
116076,10,55.58,45.98,25.99,40.1,838.04,2,4643.04
116101,10,57.42,44.96,29.04,40.12,966.47,2,4644.04
116126,10,59.46,43.27,31.55,41.32,1073.86,2,4645.04
116151,10,61.01,40.56,32.92,43.19,1143.8,2,4646.04
116176,10,61.96,37.58,32.93,45.42,1188.7,2,4647.04
116201,10,62.68,34.84,33.02,49.02,1239.8,2,4648.04
116226,10,63.22,32.43,33.7,51.67,1261.92,2,4649.04
116251,10,63.48,30.46,34.05,52.3,1290.01,2,4650.04
116276,10,63.29,29.19,35.2,50.92,1339.54,2,4651.04
116301,10,62.99,28.48,36.15,48.28,1359.67,2,4652.04
116326,10,63.87,28.16,36.62,49.82,1378.57,2,4653.04
116351,10,66.0,28.67,36.65,49.21,1405.73,2,4654.04
116376,10,67.91,29.8,36.92,47.15,1373.48,2,4655.04
116401,10,68.89,31.29,35.85,46.56,1297.63,2,4656.04
116426,10,68.99,32.9,34.56,47.57,1201.81,2,4657.04
116451,10,67.81,34.22,33.6,48.1,1091.24,2,4658.04
116476,10,65.53,34.99,33.54,47.34,1008.09,2,4659.04
116501,10,62.16,35.28,34.9,46.32,995.33,2,4660.04
116526,10,57.71,35.46,37.51,44.69,1007.16,2,4661.04
116551,10,52.52,35.46,41.16,42.44,1018.67,2,4662.04
116576,10,46.93,35.44,45.11,40.5,1061.95,2,4663.04
116601,10,41.64,35.8,47.97,38.61,1103.52,2,4664.04
116626,10,37.71,36.4,48.08,37.22,1093.29,2,4665.04
116651,10,35.84,36.92,46.13,37.99,1087.2,2,4666.04
116676,10,35.35,37.49,44.5,40.22,1097.24,2,4667.04
116701,10,35.79,38.21,42.3,41.69,1082.71,2,4668.04
116726,10,37.14,38.91,40.56,42.11,1062.14,2,4669.04
116751,10,39.09,39.48,38.69,42.07,1031.9,2,4670.04
116776,10,41.07,39.85,35.36,42.59,968.73,2,4671.04
116801,10,42.65,40.01,32.75,43.49,887.88,2,4672.04
116826,10,43.9,40.21,30.92,44.22,838.11,2,4673.04
116851,10,45.1,40.75,29.74,44.56,825.6,2,4674.04
116876,10,46.21,41.52,28.83,44.98,824.98,2,4675.04
116901,10,46.91,42.38,28.03,46.41,910.21,2,4676.04
116926,10,47.26,43.23,27.71,47.8,1000.37,2,4677.04
116951,10,47.36,44.09,28.4,48.28,1045.57,2,4678.04
116976,10,47.01,44.8,29.01,49.07,1071.69,2,4679.04
117001,10,46.12,45.12,30.75,50.14,1122.02,2,4680.04
117026,10,44.92,44.79,33.55,51.08,1204.76,2,4681.04
117051,10,43.62,44.02,35.46,51.8,1298.52,2,4682.04
117076,10,42.28,43.31,36.07,52.5,1363.84,2,4683.04
117101,10,40.89,42.54,36.07,53.67,1412.81,2,4684.04
117126,10,39.44,41.41,37.66,55.39,1489.31,2,4685.04
117151,10,38.25,39.71,41.71,57.22,1597.91,2,4686.04
117176,10,37.89,37.5,43.43,58.5,1685.89,2,4687.04
117201,10,38.28,35.38,41.47,59.56,1700.44,2,4688.04
117226,10,38.64,33.75,38.9,60.22,1630.87,2,4689.04
117251,10,38.62,32.73,38.1,59.98,1490.09,2,4690.04
117276,10,39.02,32.2,37.8,58.9,1341.44,2,4691.04
117301,10,40.37,32.0,36.11,58.05,1251.48,2,4692.04
117326,10,42.36,32.11,33.33,57.32,1208.43,2,4693.04
117351,10,44.26,32.1,31.53,56.17,1192.43,2,4694.04
117376,10,45.29,31.52,32.3,55.28,1275.48,2,4695.04
117401,10,45.35,30.77,34.37,55.65,1402.45,2,4696.04
117426,10,44.76,30.36,37.09,57.16,1514.76,2,4697.04
117451,10,44.07,30.49,38.56,58.52,1560.08,2,4698.04
117476,10,43.4,30.69,38.53,59.53,1575.63,2,4699.04
117501,10,42.67,30.75,37.83,60.3,1590.62,2,4700.04
117526,10,42.0,30.98,37.12,60.39,1589.67,2,4701.04
117551,10,41.44,31.4,36.99,60.01,1557.53,2,4702.04
117576,10,41.16,32.32,37.86,60.12,1505.77,2,4703.04
117601,10,41.08,33.83,38.41,60.39,1427.32,2,4704.04
117626,10,40.89,35.42,38.05,59.58,1368.94,2,4705.04
117651,10,40.66,36.99,37.56,57.84,1342.22,2,4706.04
117676,10,40.73,38.58,37.37,56.01,1373.28,2,4707.04
117701,10,40.57,39.94,37.11,54.21,1387.4,2,4708.04
117726,10,39.84,40.83,37.24,52.89,1392.64,2,4709.04
117751,10,38.85,41.43,38.14,52.68,1418.77,2,4710.04
117776,10,37.68,41.96,39.13,52.74,1479.52,2,4711.04
117801,10,36.24,42.16,39.61,53.0,1575.88,2,4712.04
117826,10,35.01,41.71,39.1,53.93,1651.35,2,4713.04
117851,10,34.51,40.44,37.77,55.96,1676.84,2,4714.04
117876,10,34.77,38.7,36.25,58.73,1641.07,2,4715.04
117901,10,35.83,37.0,34.67,60.96,1532.82,2,4716.04
117926,10,37.64,35.54,33.25,62.3,1445.63,2,4717.04
117951,10,40.06,34.44,33.01,62.89,1407.48,2,4718.04
117976,10,42.55,33.68,32.4,62.75,1379.42,2,4719.04
118001,10,44.61,33.12,32.01,62.45,1351.46,2,4720.04
118026,10,46.29,33.22,31.08,61.44,1316.69,2,4721.04
118051,10,48.05,34.23,29.23,59.75,1263.4,2,4722.04
118076,10,50.63,35.46,30.31,58.44,1278.47,2,4723.04
118101,10,53.97,36.52,32.73,57.11,1322.53,2,4724.04
118126,10,57.43,37.37,34.4,55.93,1329.47,2,4725.04
118151,10,60.89,37.82,35.87,53.62,1296.37,2,4726.04
118176,10,64.44,37.82,37.87,48.99,1229.04,2,4727.04
118201,10,67.9,37.86,40.87,42.95,1171.5,2,4728.04
118226,10,70.71,38.06,44.14,36.95,1070.78,2,4729.04
118251,10,72.16,38.34,44.92,34.31,1031.57,2,4730.04
118276,10,72.35,38.87,43.24,34.73,1020.05,2,4731.04
118301,10,71.96,39.14,40.21,36.24,1003.04,2,4732.04
118326,10,71.62,38.71,36.76,38.31,1003.21,2,4733.04
118351,10,71.6,37.84,33.6,40.53,1004.98,2,4734.04
118376,10,71.49,36.99,30.91,43.88,991.76,2,4735.04
118401,10,70.93,36.58,28.96,47.95,978.06,2,4736.04
118426,10,70.02,36.82,28.06,51.82,979.79,2,4737.04
118451,10,69.06,37.57,28.13,54.33,992.07,2,4738.04
118476,10,68.02,38.45,28.51,55.04,1038.78,2,4739.04
118501,10,66.86,39.18,28.96,54.43,1096.24,2,4740.04
118526,10,65.71,39.81,29.22,54.54,1124.49,2,4741.04
118551,10,64.74,40.37,29.32,56.87,1125.54,2,4742.04
118576,10,63.79,41.1,29.74,57.39,1140.55,2,4743.04
118601,10,62.27,42.16,30.53,56.42,1181.33,2,4744.04
118626,10,60.07,43.32,31.54,57.41,1218.91,2,4745.04
118651,10,58.1,44.16,33.38,58.45,1227.23,2,4746.04
118676,10,56.81,44.46,33.65,59.05,1213.36,2,4747.04
118701,10,55.67,44.19,33.04,59.65,1218.23,2,4748.04
118726,10,54.6,43.22,31.93,60.51,1236.76,2,4749.04
118751,10,54.16,41.64,29.92,61.75,1244.37,2,4750.04
118776,10,54.72,39.93,29.48,61.37,1249.23,2,4751.04
118801,10,55.96,38.64,31.08,57.54,1259.71,2,4752.04
118826,10,57.82,37.8,34.61,52.74,1318.2,2,4753.04
118851,10,60.42,37.35,40.34,48.99,1438.82,2,4754.04
118876,10,63.27,37.07,46.28,47.75,1559.47,2,4755.04
118901,10,65.82,36.66,50.17,46.57,1585.49,2,4756.04
118926,10,67.68,36.35,51.47,45.36,1532.6,2,4757.04
118951,10,68.76,36.15,51.26,44.03,1475.44,2,4758.04
118976,10,69.19,35.9,50.63,42.66,1417.53,2,4759.04
119001,10,69.17,35.63,49.83,41.38,1362.51,2,4760.04
119026,10,68.87,35.32,48.85,40.12,1309.19,2,4761.04
119051,10,68.47,35.01,48.79,38.7,1255.52,2,4762.04
119076,10,67.97,34.72,48.44,37.39,1209.15,2,4763.04
119101,10,67.33,34.52,47.7,36.13,1164.31,2,4764.04
119126,10,66.68,34.43,47.11,34.8,1117.14,2,4765.04
119151,10,66.11,34.51,46.75,33.52,1077.04,2,4766.04
119176,10,65.57,34.56,46.74,32.26,1050.49,2,4767.04
119201,10,64.96,34.53,46.43,31.01,1017.54,2,4768.04
119226,10,64.29,34.58,45.98,30.09,991.39,2,4769.04
119251,10,63.61,34.75,45.39,29.69,981.59,2,4770.04
119276,10,62.94,34.86,44.83,29.57,984.54,2,4771.04
119301,10,62.31,34.91,44.33,29.64,997.08,2,4772.04
119326,10,61.72,35.08,43.8,29.98,1010.38,2,4773.04
119351,10,61.2,35.31,43.01,30.47,1011.89,2,4774.04
119376,10,60.79,35.45,41.98,30.92,1000.55,2,4775.04
119401,10,60.48,35.57,40.75,31.28,973.54,2,4776.04
119426,10,60.22,35.43,39.49,31.47,935.04,2,4777.04
119451,10,60.01,35.51,38.51,31.61,900.91,2,4778.04
119476,10,59.93,35.61,37.43,31.72,866.93,2,4779.04
119501,10,59.98,35.32,36.06,31.75,834.88,2,4780.04
119526,10,60.04,35.03,34.67,31.41,801.62,2,4781.04
119551,10,60.04,34.72,33.5,30.83,770.35,2,4782.04
119576,10,60.03,34.49,32.52,30.08,742.94,2,4783.04
119601,10,60.11,34.41,31.66,29.3,718.92,2,4784.04
119626,10,60.22,34.45,30.58,28.6,698.04,2,4785.04
119651,10,60.28,34.56,30.42,28.32,681.83,2,4786.04
119676,10,60.31,34.64,30.44,28.79,684.41,2,4787.04
119701,10,60.29,34.73,30.39,29.79,707.31,2,4788.04
119726,10,60.31,34.74,30.17,30.66,736.41,2,4789.04
119751,10,60.42,35.08,30.73,31.47,787.64,2,4790.04
119776,10,60.56,36.05,32.34,33.04,862.22,2,4791.04
119801,10,60.69,37.3,34.18,33.73,923.86,2,4792.04
119826,10,60.61,38.39,34.31,33.01,920.84,2,4793.04
119851,10,60.1,39.59,32.47,32.65,898.89,2,4794.04
119876,10,59.15,41.33,30.88,35.13,926.6,2,4795.04
119901,10,57.8,43.34,29.8,37.89,952.01,2,4796.04
119926,10,56.64,44.64,27.56,38.01,901.47,2,4797.04
119951,10,55.2,44.97,25.34,36.55,793.71,2,4798.04
119976,10,52.84,44.29,23.24,35.87,690.04,2,4799.04
120001,10,50.36,42.54,21.61,36.11,618.26,2,4800.04
120026,10,48.53,40.2,21.32,36.59,588.02,2,4801.04
120051,10,47.3,37.51,22.23,37.44,596.39,2,4802.04
120076,10,46.3,34.53,23.43,39.17,639.06,2,4803.04
120101,10,45.43,31.39,24.98,42.07,708.67,2,4804.04
120126,10,44.34,28.73,26.16,43.17,776.14,2,4805.04
120151,10,42.41,26.93,27.07,41.12,827.02,2,4806.04
120176,10,39.93,26.57,27.46,39.48,836.25,2,4807.04
120201,10,37.2,27.52,28.14,38.27,838.95,2,4808.04
120226,10,34.24,29.04,30.49,38.17,884.23,2,4809.04
120251,10,31.24,30.64,34.71,41.84,979.12,2,4810.04
120276,10,28.4,32.04,40.31,47.88,1141.35,2,4811.04
120301,10,26.37,33.38,46.04,54.23,1337.22,2,4812.04
120326,10,25.69,34.47,48.96,58.29,1489.99,2,4813.04
120351,10,25.97,35.12,49.75,59.34,1577.73,2,4814.04
120376,10,26.64,35.49,50.7,60.34,1645.83,2,4815.04
120401,10,27.53,35.8,51.77,60.97,1681.51,2,4816.04
120426,10,28.44,36.11,52.84,61.52,1728.97,2,4817.04
120451,10,29.34,36.44,53.83,61.72,1767.52,2,4818.04
120476,10,30.14,36.71,55.21,61.28,1793.59,2,4819.04
120501,10,30.9,36.88,55.87,60.28,1797.62,2,4820.04
120526,10,31.65,37.01,55.43,58.81,1770.99,2,4821.04
120551,10,32.45,37.13,54.36,56.8,1718.05,2,4822.04
120576,10,33.39,37.33,53.16,54.58,1660.71,2,4823.04
120601,10,34.41,37.52,51.88,52.64,1609.03,2,4824.04
120626,10,35.33,37.61,50.74,52.05,1559.59,2,4825.04
120651,10,36.17,37.67,49.45,51.96,1498.31,2,4826.04
120676,10,36.98,37.66,48.03,51.95,1439.3,2,4827.04
120701,10,37.78,37.64,46.47,52.04,1386.28,2,4828.04
120726,10,38.57,37.87,44.85,52.07,1307.92,2,4829.04
120751,10,39.32,38.11,43.19,52.26,1233.41,2,4830.04
120776,10,40.04,38.33,41.5,52.68,1168.49,2,4831.04
120801,10,40.72,38.42,40.05,52.91,1116.79,2,4832.04
120826,10,41.39,38.43,38.74,52.95,1085.84,2,4833.04
120851,10,42.19,38.61,37.39,52.9,1066.56,2,4834.04
120876,10,43.0,38.77,35.98,52.83,1038.07,2,4835.04
120901,10,43.74,38.82,34.95,52.4,999.65,2,4836.04
120926,10,44.45,38.8,33.57,51.64,953.93,2,4837.04
120951,10,45.13,38.81,32.1,50.87,907.91,2,4838.04
120976,10,45.73,38.79,30.54,49.73,852.95,2,4839.04
121001,10,46.23,38.8,29.03,48.43,798.86,2,4840.04
121026,10,46.72,38.87,27.25,47.06,748.15,2,4841.04
121051,10,47.27,39.04,25.55,45.65,702.96,2,4842.04
121076,10,47.85,39.3,24.27,44.84,665.06,2,4843.04
121101,10,48.41,39.59,23.42,44.52,634.96,2,4844.04
121126,10,48.94,40.0,22.77,44.42,610.78,2,4845.04
121151,10,49.38,40.6,22.15,44.67,594.79,2,4846.04
121176,10,49.74,41.16,21.47,45.18,579.79,2,4847.04
121201,10,50.07,41.63,20.69,45.81,561.05,2,4848.04
121226,10,50.41,42.07,19.92,46.42,543.66,2,4849.04
121251,10,50.71,42.45,19.25,46.78,526.97,2,4850.04
121276,10,50.97,42.73,18.85,46.41,511.35,2,4851.04
121301,10,51.22,43.06,18.7,45.55,502.29,2,4852.04
121326,10,51.5,43.38,18.76,44.82,500.58,2,4853.04
121351,10,51.82,43.69,18.85,45.77,514.89,2,4854.04
121376,10,52.15,44.01,18.69,46.58,533.06,2,4855.04
121401,10,52.43,43.97,18.53,44.14,533.23,2,4856.04
121426,10,52.5,43.75,18.2,43.31,544.42,2,4857.04
121451,10,52.66,43.13,17.59,42.23,549.05,2,4858.04
121476,10,52.84,42.42,17.47,41.26,552.1,2,4859.04
121501,10,53.05,41.64,18.03,40.8,558.5,2,4860.04
121526,10,53.3,40.92,18.89,40.73,572.17,2,4861.04
121551,10,53.65,40.17,19.48,40.8,588.07,2,4862.04
121576,10,54.05,39.35,20.13,41.0,603.97,2,4863.04
121601,10,54.42,38.67,21.12,41.09,617.98,2,4864.04
121626,10,54.78,38.08,22.14,40.83,633.31,2,4865.04
121651,10,55.18,37.38,22.59,40.3,677.12,2,4866.04
121676,10,55.59,36.49,22.61,39.64,709.65,2,4867.04
121701,10,55.82,35.61,22.55,39.51,723.05,2,4868.04
121726,10,55.87,35.13,22.28,39.24,708.28,2,4869.04
121751,10,55.82,35.27,22.66,36.73,655.35,2,4870.04
121776,10,55.35,35.78,23.46,32.81,591.11,2,4871.04
121801,10,54.5,36.65,23.9,30.74,572.88,2,4872.04
121826,10,52.84,37.5,25.57,30.79,607.87,2,4873.04
121851,10,50.1,37.77,28.97,32.2,701.92,2,4874.04
121876,10,46.94,37.51,32.99,35.15,851.27,2,4875.04
121901,10,43.82,37.09,36.23,38.27,1020.69,2,4876.04
121926,10,41.12,36.28,37.53,41.88,1174.8,2,4877.04
121951,10,39.36,34.95,36.28,44.97,1264.6,2,4878.04
121976,10,39.39,33.46,35.51,46.43,1272.21,2,4879.04
122001,10,41.4,32.78,35.74,45.21,1213.26,2,4880.04
122026,10,44.35,33.31,34.39,41.12,1059.35,2,4881.04
122051,10,47.21,34.84,32.51,36.79,848.15,2,4882.04
122076,10,49.26,35.83,30.02,34.33,682.0,2,4883.04
122101,10,50.3,35.63,27.37,32.4,593.99,2,4884.04
122126,10,50.76,34.82,24.96,31.45,562.16,2,4885.04
122151,10,51.7,33.72,24.81,31.86,591.96,2,4886.04
122176,10,53.87,32.34,27.65,33.42,708.43,2,4887.04
122201,10,56.07,31.04,30.23,34.29,832.19,2,4888.04
122226,10,57.01,29.57,29.86,37.77,923.33,2,4889.04
122251,10,56.85,28.35,28.37,42.58,992.32,2,4890.04
122276,10,56.17,27.56,27.93,46.11,1055.1,2,4891.04
122301,10,55.55,27.09,28.59,47.83,1117.46,2,4892.04
122326,10,55.15,27.02,29.79,48.68,1167.53,2,4893.04
122351,10,54.89,27.7,30.73,49.77,1188.55,2,4894.04
122376,10,54.99,29.32,30.4,51.06,1196.55,2,4895.04
122401,10,55.32,31.28,29.85,53.06,1226.13,2,4896.04
122426,10,55.57,33.02,30.68,54.71,1308.51,2,4897.04
122451,10,55.94,34.34,32.25,55.07,1401.89,2,4898.04
122476,10,56.27,35.44,33.27,55.55,1486.01,2,4899.04
122501,10,56.14,36.54,33.35,58.61,1555.07,2,4900.04
122526,10,55.79,36.98,32.44,61.13,1574.04,2,4901.04
122551,10,55.78,36.6,33.92,61.71,1634.4,2,4902.04
122576,10,56.05,35.77,34.81,61.74,1675.36,2,4903.04
122601,10,56.36,34.22,33.88,61.17,1649.78,2,4904.04
122626,10,56.72,32.41,32.75,60.24,1577.07,2,4905.04
122651,10,57.21,30.76,31.72,59.16,1463.47,2,4906.04
122676,10,57.76,29.28,31.51,58.08,1397.31,2,4907.04
122701,10,58.19,28.16,31.97,56.63,1374.43,2,4908.04
122726,10,58.24,27.47,32.07,54.71,1359.06,2,4909.04
122751,10,58.32,27.15,31.45,54.13,1323.78,2,4910.04
122776,10,59.19,27.02,31.2,53.92,1285.76,2,4911.04
122801,10,61.13,27.08,32.07,53.87,1335.33,2,4912.04
122826,10,63.67,27.67,32.18,52.94,1346.39,2,4913.04
122851,10,66.09,28.69,33.14,51.17,1287.45,2,4914.04
122876,10,68.66,29.92,35.75,49.68,1277.51,2,4915.04
122901,10,71.36,31.18,40.35,48.27,1313.84,2,4916.04
122926,10,73.47,32.35,45.59,46.52,1344.2,2,4917.04
122951,10,74.33,33.69,48.6,44.91,1325.95,2,4918.04
122976,10,73.72,34.85,48.13,43.5,1260.15,2,4919.04
123001,10,72.3,35.53,45.56,42.1,1160.5,2,4920.04
123026,10,70.7,35.84,42.04,40.7,1088.36,2,4921.04
123051,10,69.27,36.29,38.22,39.32,1040.95,2,4922.04
123076,10,67.99,37.29,35.82,39.81,1026.74,2,4923.04
123101,10,66.68,38.66,35.62,41.52,1014.58,2,4924.04
123126,10,65.21,39.92,35.52,41.69,951.81,2,4925.04
123151,10,63.81,41.14,35.45,41.55,905.64,2,4926.04
123176,10,63.15,42.57,34.97,44.1,947.18,2,4927.04
123201,10,63.21,43.8,34.29,46.03,974.45,2,4928.04
123226,10,63.38,44.71,33.57,46.88,992.92,2,4929.04
123251,10,63.45,45.47,33.25,47.95,1018.27,2,4930.04
123276,10,63.48,46.13,33.07,48.21,1031.88,2,4931.04
123301,10,63.46,46.7,32.88,47.83,1047.92,2,4932.04
123326,10,63.37,47.17,32.49,47.54,1058.67,2,4933.04
123351,10,63.35,47.57,32.04,47.6,1054.94,2,4934.04
123376,10,63.34,47.73,31.85,47.78,1070.8,2,4935.04
123401,10,63.1,47.8,32.03,48.37,1123.86,2,4936.04
123426,10,62.35,48.05,32.7,49.03,1208.22,2,4937.04
123451,10,61.2,48.2,34.75,48.91,1290.76,2,4938.04
123476,10,59.61,48.1,37.16,48.97,1394.77,2,4939.04
123501,10,57.47,47.61,38.34,49.82,1530.19,2,4940.04
123526,10,54.89,46.66,38.67,51.15,1664.39,2,4941.04
123551,10,52.17,45.4,38.65,52.86,1788.88,2,4942.04
123576,10,49.56,43.98,39.25,54.8,1905.15,2,4943.04
123601,10,46.93,42.53,40.29,56.71,1989.37,2,4944.04
123626,10,44.3,41.22,41.66,58.2,2023.84,2,4945.04
123651,10,42.06,40.24,41.98,59.27,2032.32,2,4946.04
123676,10,40.46,39.57,40.64,60.27,1999.4,2,4947.04
123701,10,39.72,38.9,38.72,60.73,1895.19,2,4948.04
123726,10,39.94,38.13,36.47,60.22,1715.81,2,4949.04
123751,10,40.48,37.37,34.19,59.32,1528.37,2,4950.04
123776,10,40.62,36.57,32.05,58.52,1365.94,2,4951.04
123801,10,40.63,35.36,30.97,57.55,1239.02,2,4952.04
123826,10,41.19,33.97,29.85,56.55,1125.86,2,4953.04
123851,10,42.19,33.19,27.48,55.9,1011.41,2,4954.04
123876,10,43.46,33.18,25.4,54.48,1067.66,2,4955.04
123901,10,45.29,33.32,27.23,51.32,1137.56,2,4956.04
123926,10,48.07,33.29,32.61,48.27,1217.26,2,4957.04
123951,10,51.4,33.07,37.12,46.37,1253.91,2,4958.04
123976,10,54.89,31.87,40.64,44.84,1295.62,2,4959.04
124001,10,58.56,29.81,43.91,43.97,1359.2,2,4960.04
124026,10,62.19,28.27,47.45,43.31,1394.49,2,4961.04
124051,10,64.91,27.64,49.94,41.97,1370.24,2,4962.04
124076,10,66.13,27.33,50.84,39.42,1309.92,2,4963.04
124101,10,66.32,27.33,50.18,36.68,1215.21,2,4964.04
124126,10,65.87,27.7,49.0,34.22,1112.22,2,4965.04
124151,10,65.09,28.45,47.67,32.72,1039.06,2,4966.04
124176,10,64.33,29.51,45.69,32.46,1025.7,2,4967.04
124201,10,63.06,30.39,45.8,32.13,992.48,2,4968.04
124226,10,61.25,31.46,46.24,31.95,963.53,2,4969.04
124251,10,60.07,33.06,45.54,32.73,981.76,2,4970.04
124276,10,59.75,34.75,43.83,34.34,1017.76,2,4971.04
124301,10,59.77,36.22,42.15,36.24,1090.4,2,4972.04
124326,10,59.8,37.07,40.56,37.87,1130.27,2,4973.04
124351,10,59.46,37.06,39.1,39.12,1105.36,2,4974.04
124376,10,58.46,36.52,37.79,39.39,1029.92,2,4975.04
124401,10,57.03,35.64,36.5,38.73,954.46,2,4976.04
124426,10,55.12,34.3,35.67,37.35,911.27,2,4977.04
124451,10,52.47,32.57,36.01,35.86,919.8,2,4978.04
124476,10,49.24,30.8,37.65,35.42,996.78,2,4979.04
124501,10,45.82,29.31,39.79,37.71,1066.55,2,4980.04
124526,10,42.63,28.47,41.73,37.72,1071.28,2,4981.04
124551,10,39.7,28.32,43.54,33.9,996.91,2,4982.04
124576,10,36.6,28.13,45.27,31.95,944.73,2,4983.04
124601,10,33.03,27.73,47.38,32.68,978.17,2,4984.04
124626,10,29.17,27.62,49.63,32.7,1034.42,2,4985.04
124651,10,25.39,28.08,51.85,30.53,1056.25,2,4986.04
124676,10,22.01,28.86,53.56,27.58,1017.13,2,4987.04
124701,10,19.38,29.51,54.24,23.91,926.66,2,4988.04
124726,10,17.99,29.86,54.25,19.31,802.42,2,4989.04
124751,10,17.88,30.01,53.68,16.65,698.15,2,4990.04
124776,10,18.33,30.23,51.36,16.02,646.22,2,4991.04
124801,10,18.88,30.54,48.73,16.76,639.54,2,4992.04
124826,10,19.58,30.92,47.33,18.76,665.54,2,4993.04
124851,10,20.4,31.22,46.63,20.74,699.71,2,4994.04
124876,10,21.41,31.51,45.54,22.64,733.12,2,4995.04
124901,10,22.53,31.85,44.23,24.84,773.53,2,4996.04
124926,10,23.66,32.11,43.29,27.03,822.07,2,4997.04
124951,10,24.84,32.37,41.97,29.23,869.51,2,4998.04
124976,10,26.01,32.63,40.44,31.37,910.95,2,4999.04
125001,10,27.18,32.89,38.84,33.4,948.44,2,5000.04
125026,10,28.36,32.97,37.22,35.5,981.54,2,5001.04
125051,10,29.57,33.44,35.81,37.39,1013.33,2,5002.04
125076,10,30.82,33.7,34.74,39.25,1049.87,2,5003.04
125101,10,32.11,33.86,34.65,40.83,1086.6,2,5004.04
125126,10,33.36,34.09,34.31,42.04,1117.59,2,5005.04
125151,10,34.49,34.42,33.78,42.87,1147.79,2,5006.04
125176,10,35.55,34.82,33.88,45.74,1179.33,2,5007.04
125201,10,36.55,35.22,33.75,48.73,1202.6,2,5008.04
125226,10,37.49,35.53,33.44,51.44,1209.84,2,5009.04
125251,10,38.42,35.63,33.1,53.14,1204.12,2,5010.04
125276,10,39.37,35.55,32.86,53.86,1196.63,2,5011.04
125301,10,40.4,35.46,32.14,53.96,1174.52,2,5012.04
125326,10,41.48,35.3,31.01,53.23,1132.54,2,5013.04
125351,10,42.59,34.97,29.72,52.06,1081.88,2,5014.04
125376,10,43.73,34.48,28.3,51.0,1044.27,2,5015.04
125401,10,44.93,33.86,26.99,49.41,1013.33,2,5016.04
125426,10,46.18,33.2,26.47,47.47,977.44,2,5017.04
125451,10,47.39,32.55,26.05,46.86,940.14,2,5018.04
125476,10,48.52,31.87,25.22,46.41,901.04,2,5019.04
125501,10,49.59,31.14,24.07,45.81,857.13,2,5020.04
125526,10,50.59,30.43,22.8,45.27,808.33,2,5021.04
125551,10,51.46,29.76,21.64,44.68,760.43,2,5022.04
125576,10,52.24,29.07,21.43,44.32,721.48,2,5023.04
125601,10,53.01,28.35,21.42,44.08,696.86,2,5024.04
125626,10,53.92,27.62,22.29,43.35,707.96,2,5025.04
125651,10,55.12,26.69,23.75,42.54,756.11,2,5026.04
125676,10,56.48,25.69,26.36,42.1,820.82,2,5027.04
125701,10,56.88,24.69,26.4,42.85,862.16,2,5028.04
125726,10,55.62,23.24,26.43,43.2,873.48,2,5029.04
125751,10,53.33,21.59,26.91,44.2,884.57,2,5030.04
125776,10,51.45,20.61,27.46,43.13,846.79,2,5031.04
125801,10,50.96,20.48,27.61,41.26,807.7,2,5032.04
125826,10,51.26,20.64,26.87,40.21,798.24,2,5033.04
125851,10,51.24,20.93,27.98,40.07,834.39,2,5034.04
125876,10,50.34,21.53,30.47,40.43,918.87,2,5035.04
125901,10,48.83,22.14,32.9,41.14,1004.47,2,5036.04
125926,10,47.3,22.18,34.29,42.23,1072.84,2,5037.04
125951,10,46.16,21.96,34.37,42.95,1107.9,2,5038.04
125976,10,45.5,22.05,33.68,43.51,1106.72,2,5039.04
126001,10,45.16,22.37,32.8,45.12,1088.25,2,5040.04
126026,10,44.97,22.77,31.87,46.56,1074.77,2,5041.04
126051,10,44.89,23.18,31.11,47.59,1064.55,2,5042.04
126076,10,44.95,23.53,30.8,47.95,1055.95,2,5043.04
126101,10,45.1,23.81,30.59,48.06,1055.4,2,5044.04
126126,10,45.31,24.15,30.5,48.27,1056.5,2,5045.04
126151,10,45.59,24.6,30.51,48.87,1062.82,2,5046.04
126176,10,45.9,25.09,30.8,49.8,1071.76,2,5047.04
126201,10,46.26,25.49,31.17,50.6,1083.74,2,5048.04
126226,10,46.62,25.75,31.49,51.26,1102.13,2,5049.04
126251,10,47.15,25.99,31.9,51.64,1126.12,2,5050.04
126276,10,47.63,26.17,32.35,51.7,1156.72,2,5051.04
126301,10,48.04,26.35,32.68,51.63,1188.14,2,5052.04
126326,10,48.41,26.41,32.86,51.51,1206.28,2,5053.04
126351,10,48.76,26.34,32.93,51.34,1211.06,2,5054.04
126376,10,49.08,26.33,32.94,50.88,1209.9,2,5055.04
126401,10,49.32,26.28,32.95,50.19,1202.78,2,5056.04
126426,10,49.5,26.2,33.47,49.54,1203.78,2,5057.04
126451,10,49.65,26.29,33.78,49.01,1208.53,2,5058.04
126476,10,49.78,26.52,33.61,48.46,1211.72,2,5059.04
126501,10,50.01,26.84,34.01,48.29,1222.24,2,5060.04
126526,10,50.26,27.22,34.45,49.41,1245.9,2,5061.04
126551,10,50.48,27.67,35.3,50.45,1276.57,2,5062.04
126576,10,50.68,28.16,35.88,51.58,1316.57,2,5063.04
126601,10,50.91,28.65,36.25,53.05,1359.98,2,5064.04
126626,10,51.18,29.15,36.69,54.5,1405.59,2,5065.04
126651,10,51.48,29.62,37.09,55.47,1442.71,2,5066.04
126676,10,51.75,30.03,37.71,55.96,1480.25,2,5067.04
126701,10,52.01,30.5,38.5,56.46,1521.45,2,5068.04
126726,10,52.28,30.96,39.14,56.7,1554.79,2,5069.04
126751,10,52.47,31.42,39.13,56.9,1573.65,2,5070.04
126776,10,52.58,31.88,38.5,57.37,1583.26,2,5071.04
126801,10,52.51,32.15,37.87,58.32,1607.35,2,5072.04
126826,10,51.96,32.35,37.5,59.21,1636.2,2,5073.04
126851,10,50.78,32.89,37.8,59.7,1635.93,2,5074.04
126876,10,49.41,33.99,38.63,59.77,1591.17,2,5075.04
126901,10,48.58,35.7,38.54,59.47,1553.01,2,5076.04
126926,10,48.5,37.56,37.32,58.49,1517.89,2,5077.04
126951,10,48.36,39.09,35.71,56.02,1468.36,2,5078.04
126976,10,47.79,39.76,34.36,56.26,1453.42,2,5079.04
127001,10,47.39,39.45,33.22,58.07,1467.25,2,5080.04
127026,10,47.09,38.58,32.88,59.57,1470.83,2,5081.04
127051,10,46.3,37.72,34.51,60.61,1495.32,2,5082.04
127076,10,45.32,37.11,36.79,60.84,1536.24,2,5083.04
127101,10,44.55,36.41,37.12,58.2,1481.2,2,5084.04
127126,10,43.36,35.33,35.38,52.33,1315.8,2,5085.04
127151,10,41.33,33.91,33.54,46.04,1157.81,2,5086.04
127176,10,38.5,32.35,32.57,41.21,1047.24,2,5087.04
127201,10,35.22,30.85,32.3,37.53,977.92,2,5088.04
127226,10,32.02,29.52,33.15,36.31,968.43,2,5089.04
127251,10,29.35,28.76,33.79,35.43,970.53,2,5090.04
127276,10,27.84,29.03,33.46,32.88,906.68,2,5091.04
127301,10,26.82,29.08,32.94,31.44,841.28,2,5092.04
127326,10,25.06,28.43,32.65,32.0,816.23,2,5093.04
127351,10,22.91,27.78,33.66,33.7,834.09,2,5094.04
127376,10,21.2,27.33,34.18,35.41,852.94,2,5095.04
127401,10,20.42,27.13,33.64,36.44,846.87,2,5096.04
127426,10,20.8,27.16,31.74,35.74,779.26,2,5097.04
127451,10,21.56,27.3,29.16,34.64,690.27,2,5098.04
127476,10,21.68,27.23,27.0,33.62,627.49,2,5099.04
127501,10,21.21,27.25,26.14,31.45,577.18,2,5100.04
127526,10,20.56,27.52,25.64,28.62,518.92,2,5101.04
127551,10,20.0,27.89,25.43,25.77,465.31,2,5102.04
127576,10,20.35,28.59,24.07,24.01,433.55,2,5103.04
127601,10,22.36,29.54,22.32,24.64,440.12,2,5104.04
127626,10,25.68,30.7,22.69,27.5,499.6,2,5105.04
127651,10,29.7,31.88,24.98,30.62,596.97,2,5106.04
127676,10,33.79,32.55,26.89,32.5,695.08,2,5107.04
127701,10,36.93,32.85,27.77,32.89,718.4,2,5108.04
127726,10,37.96,32.54,27.8,32.21,668.13,2,5109.04
127751,10,37.2,32.11,27.02,31.5,615.69,2,5110.04
127776,10,35.58,31.93,26.78,32.09,611.5,2,5111.04
127801,10,33.59,31.96,28.52,31.57,651.57,2,5112.04
127826,10,31.5,32.6,29.9,29.91,685.68,2,5113.04
127851,10,29.22,33.93,31.33,28.03,712.6,2,5114.04
127876,10,26.73,35.19,34.31,28.22,739.38,2,5115.04
127901,10,25.22,36.31,34.18,29.16,761.41,2,5116.04
127926,10,24.49,37.32,33.81,30.94,831.53,2,5117.04
127951,10,24.55,38.89,33.41,32.52,895.69,2,5118.04
127976,10,25.41,39.99,31.02,35.03,965.72,2,5119.04
128001,10,27.63,41.35,29.31,38.68,1035.1,2,5120.04
128026,10,31.19,42.13,30.54,41.06,1106.38,2,5121.04
128051,10,35.71,42.3,32.71,42.54,1170.12,2,5122.04
128076,10,40.72,41.99,34.63,42.48,1211.67,2,5123.04
128101,10,45.92,41.33,36.77,41.49,1243.0,2,5124.04
128126,10,51.17,40.41,38.99,39.63,1254.7,2,5125.04
128151,10,56.34,39.38,40.49,36.34,1220.11,2,5126.04
128176,10,61.17,38.48,41.45,32.51,1145.56,2,5127.04
128201,10,65.22,37.48,42.0,31.93,1046.64,2,5128.04
128226,10,67.95,36.74,42.95,31.46,941.27,2,5129.04
128251,10,69.53,36.68,42.38,31.42,863.03,2,5130.04
128276,10,70.56,36.51,41.14,31.83,852.49,2,5131.04
128301,10,71.58,36.08,38.36,32.07,857.47,2,5132.04
128326,10,72.17,36.01,37.24,31.9,812.53,2,5133.04
128351,10,71.88,36.45,39.57,31.94,885.22,2,5134.04
128376,10,71.0,36.95,41.0,32.11,924.32,2,5135.04
128401,10,70.11,37.19,40.73,32.38,925.45,2,5136.04
128426,10,69.34,37.33,39.99,32.41,917.3,2,5137.04
128451,10,68.69,37.34,39.12,31.96,905.84,2,5138.04
128476,10,68.04,37.31,38.12,31.35,889.14,2,5139.04
128501,10,67.2,37.46,37.12,31.02,873.31,2,5140.04
128526,10,66.29,37.58,36.28,30.91,859.19,2,5141.04
128551,10,65.45,37.59,35.39,30.68,840.18,2,5142.04
128576,10,64.59,37.58,34.32,30.33,813.82,2,5143.04
128601,10,63.72,37.55,33.37,30.14,788.3,2,5144.04
128626,10,62.89,37.52,32.95,29.89,767.78,2,5145.04
128651,10,62.08,37.59,32.34,29.51,755.27,2,5146.04
128676,10,61.33,37.66,31.3,29.14,738.5,2,5147.04
128701,10,60.63,37.77,30.24,28.53,710.86,2,5148.04
128726,10,59.94,37.88,29.29,27.72,683.61,2,5149.04
128751,10,59.31,37.88,28.3,28.08,661.42,2,5150.04
128776,10,58.67,37.85,27.02,28.39,632.3,2,5151.04
128801,10,58.03,37.71,25.86,28.82,604.96,2,5152.04
128826,10,57.35,37.49,25.27,29.27,591.32,2,5153.04
128851,10,56.67,37.33,25.03,29.38,584.04,2,5154.04
128876,10,56.0,37.28,24.96,29.43,580.73,2,5155.04
128901,10,55.33,37.29,24.99,29.84,586.06,2,5156.04
128926,10,54.61,37.29,25.27,30.23,599.24,2,5157.04
128951,10,53.9,37.31,25.66,30.31,608.57,2,5158.04
128976,10,53.25,37.35,25.88,30.06,617.88,2,5159.04
129001,10,52.59,37.43,26.06,30.64,625.25,2,5160.04
129026,10,51.86,37.49,26.23,31.19,623.6,2,5161.04
129051,10,51.15,37.51,26.33,31.74,617.92,2,5162.04
129076,10,50.47,37.64,26.3,32.12,617.03,2,5163.04
129101,10,49.9,37.78,26.34,32.56,627.85,2,5164.04
129126,10,49.5,37.82,26.23,32.92,639.09,2,5165.04
129151,10,49.24,37.76,25.45,33.2,638.33,2,5166.04
129176,10,49.0,37.62,24.44,33.47,630.19,2,5167.04
129201,10,48.66,37.41,24.12,33.89,634.22,2,5168.04
129226,10,48.25,37.23,24.48,34.57,649.62,2,5169.04
129251,10,47.82,37.4,24.82,35.28,663.25,2,5170.04
129276,10,47.15,38.32,25.07,35.42,674.42,2,5171.04
129301,10,45.95,39.72,25.91,34.54,686.37,2,5172.04
129326,10,44.31,41.13,26.82,34.33,721.34,2,5173.04
129351,10,42.61,42.61,27.77,36.66,768.77,2,5174.04
129376,10,40.92,44.44,29.29,36.54,806.71,2,5175.04
129401,10,39.89,46.47,30.39,35.67,847.49,2,5176.04
129426,10,40.65,47.62,29.18,36.28,833.55,2,5177.04
129451,10,42.6,47.13,26.33,35.43,744.09,2,5178.04
129476,10,44.41,45.65,24.27,34.45,657.01,2,5179.04
129501,10,45.69,44.11,23.6,34.79,624.39,2,5180.04
129526,10,46.22,43.42,23.77,34.85,623.3,2,5181.04
129551,10,46.07,43.62,25.21,34.3,652.35,2,5182.04
129576,10,45.47,44.33,26.95,33.05,699.34,2,5183.04
129601,10,44.52,45.48,29.13,32.88,751.35,2,5184.04
129626,10,43.49,46.95,28.87,32.99,744.48,2,5185.04
129651,10,41.97,48.2,27.81,32.0,686.99,2,5186.04
129676,10,39.43,49.07,28.54,33.85,672.87,2,5187.04
129701,10,36.13,49.8,30.37,35.57,711.57,2,5188.04
129726,10,32.7,49.61,32.27,35.39,746.63,2,5189.04
129751,10,29.21,48.08,33.86,34.36,751.74,2,5190.04
129776,10,25.95,46.2,35.37,33.49,732.18,2,5191.04
129801,10,23.68,44.87,35.59,32.51,729.99,2,5192.04
129826,10,23.16,44.02,35.17,30.78,738.09,2,5193.04
129851,10,24.49,43.46,33.48,29.37,719.68,2,5194.04
129876,10,26.75,43.44,30.72,30.02,687.63,2,5195.04
129901,10,29.15,43.84,28.33,31.09,652.76,2,5196.04
129926,10,31.4,44.45,27.62,32.32,607.35,2,5197.04
129951,10,32.45,44.71,27.87,32.94,560.24,2,5198.04
129976,10,31.83,44.12,28.67,32.36,524.03,2,5199.04
130001,10,30.18,42.67,30.73,31.71,524.21,2,5200.04
130026,10,27.94,40.54,33.1,32.94,551.3,2,5201.04
130051,10,25.43,38.36,35.03,35.63,617.48,2,5202.04
130076,10,22.95,36.49,37.57,37.92,701.06,2,5203.04
130101,10,21.01,35.04,39.94,39.53,749.12,2,5204.04
130126,10,20.06,33.95,40.59,39.25,735.48,2,5205.04
130151,10,19.24,33.17,40.35,37.48,683.93,2,5206.04
130176,10,18.72,32.93,40.48,33.78,635.16,2,5207.04
130201,10,19.47,32.92,39.6,31.43,599.41,2,5208.04
130226,10,20.96,33.14,37.71,30.58,578.59,2,5209.04
130251,10,22.37,33.7,36.1,29.98,566.88,2,5210.04
130276,10,22.84,34.89,35.46,29.18,581.21,2,5211.04
130301,10,21.75,36.4,35.24,28.23,600.72,2,5212.04
130326,10,19.43,37.35,36.24,27.57,645.22,2,5213.04
130351,10,16.92,37.43,39.56,27.29,729.95,2,5214.04
130376,10,15.46,36.53,42.8,28.27,800.75,2,5215.04
130401,10,15.88,35.27,44.72,31.21,896.65,2,5216.04
130426,10,17.69,34.15,44.7,35.01,1000.4,2,5217.04
130451,10,20.5,33.25,43.53,38.53,1094.58,2,5218.04
130476,10,23.87,32.61,42.37,41.68,1152.57,2,5219.04
130501,10,27.24,32.27,41.05,44.85,1230.2,2,5220.04
130526,10,30.58,32.17,39.74,47.19,1292.96,2,5221.04
130551,10,34.09,32.4,38.95,46.76,1324.53,2,5222.04
130576,10,37.87,32.76,38.7,44.44,1324.37,2,5223.04
130601,10,41.91,33.3,39.41,40.94,1292.25,2,5224.04
130626,10,46.22,34.33,40.0,36.98,1230.81,2,5225.04
130651,10,50.63,35.52,39.97,37.35,1152.37,2,5226.04
130676,10,55.22,36.25,42.01,37.4,1174.73,2,5227.04
130701,10,59.86,36.44,46.29,38.17,1257.07,2,5228.04
130726,10,63.84,36.42,47.92,38.76,1320.42,2,5229.04
130751,10,66.61,36.36,47.36,37.14,1292.23,2,5230.04
130776,10,68.2,36.52,45.52,34.22,1173.2,2,5231.04
130801,10,68.98,36.78,42.52,32.07,1034.56,2,5232.04
130826,10,69.27,36.69,40.17,31.58,947.17,2,5233.04
130851,10,69.47,36.18,37.53,31.35,922.41,2,5234.04
130876,10,69.86,35.91,34.77,31.65,895.82,2,5235.04
130901,10,70.64,36.23,33.5,35.16,907.24,2,5236.04
130926,10,71.91,37.05,34.2,39.72,969.94,2,5237.04
130951,10,73.31,38.1,37.22,43.69,1048.44,2,5238.04
130976,10,74.47,38.84,39.59,45.12,1109.64,2,5239.04
131001,10,75.21,39.21,40.12,44.59,1148.4,2,5240.04
131026,10,75.51,39.67,38.69,44.03,1178.02,2,5241.04
131051,10,75.61,40.21,38.31,43.33,1220.28,2,5242.04
131076,10,75.77,40.82,38.77,42.54,1269.0,2,5243.04
131101,10,75.51,41.68,37.98,43.91,1303.38,2,5244.04
131126,10,74.58,42.6,37.48,45.05,1366.86,2,5245.04
131151,10,73.26,43.27,38.12,46.26,1459.28,2,5246.04
131176,10,71.74,43.55,39.19,48.21,1541.33,2,5247.04
131201,10,70.0,43.65,40.55,49.83,1623.41,2,5248.04
131226,10,68.02,43.79,42.26,51.6,1736.63,2,5249.04
131251,10,65.98,43.76,44.14,53.61,1847.41,2,5250.04
131276,10,64.41,43.36,45.13,55.26,1944.71,2,5251.04
131301,10,63.8,42.36,44.54,56.69,1961.94,2,5252.04
131326,10,63.92,40.89,42.86,57.58,1889.57,2,5253.04
131351,10,64.37,39.32,41.3,57.44,1774.33,2,5254.04
131376,10,64.94,37.65,39.78,58.89,1646.19,2,5255.04
131401,10,65.41,36.08,38.26,59.91,1518.43,2,5256.04
131426,10,65.7,34.73,37.45,60.31,1431.19,2,5257.04
131451,10,65.87,33.67,37.06,60.71,1401.84,2,5258.04
131476,10,66.17,32.86,36.25,60.88,1371.51,2,5259.04
131501,10,66.69,32.41,34.88,60.3,1317.62,2,5260.04
131526,10,67.28,32.48,33.82,59.01,1247.13,2,5261.04
131551,10,68.04,32.84,34.3,57.21,1212.8,2,5262.04
131576,10,68.27,33.23,33.33,55.3,1161.34,2,5263.04
131601,10,67.36,33.32,29.98,54.05,1076.27,2,5264.04
131626,10,65.75,33.09,28.4,53.2,1027.49,2,5265.04
131651,10,64.18,32.67,27.92,52.7,1013.78,2,5266.04
131676,10,62.99,31.88,27.67,52.86,1020.14,2,5267.04
131701,10,62.09,30.8,27.61,53.42,1057.72,2,5268.04
131726,10,61.56,29.73,27.87,54.72,1114.88,2,5269.04
131751,10,61.44,28.89,28.24,55.5,1145.16,2,5270.04
131776,10,61.52,28.3,28.38,55.07,1140.83,2,5271.04
131801,10,61.41,27.89,28.72,54.12,1142.13,2,5272.04
131826,10,60.89,27.4,30.7,53.43,1169.53,2,5273.04
131851,10,60.01,26.83,32.35,52.87,1208.64,2,5274.04
131876,10,58.9,26.46,33.7,52.42,1244.48,2,5275.04
131901,10,57.4,26.34,35.9,52.75,1311.78,2,5276.04
131926,10,55.49,26.56,38.05,53.48,1437.34,2,5277.04
131951,10,53.47,27.36,38.41,54.27,1592.84,2,5278.04
131976,10,51.46,28.59,37.0,55.3,1732.4,2,5279.04
132001,10,49.64,30.02,39.68,57.88,1874.95,2,5280.04
132026,10,47.98,31.95,41.32,59.52,1939.31,2,5281.04
132051,10,46.17,33.61,42.11,60.38,1895.54,2,5282.04
132076,10,44.33,34.75,42.93,59.75,1801.35,2,5283.04
132101,10,43.17,35.63,42.81,60.49,1725.26,2,5284.04
132126,10,43.42,36.35,40.61,59.81,1581.41,2,5285.04
132151,10,44.79,36.4,37.42,55.37,1403.66,2,5286.04
132176,10,46.16,36.0,34.35,49.88,1230.97,2,5287.04
132201,10,47.04,35.32,31.56,52.35,1186.75,2,5288.04
132226,10,47.75,34.22,29.58,54.09,1189.15,2,5289.04
132251,10,48.75,32.94,31.18,54.67,1218.1,2,5290.04
132276,10,50.07,31.82,31.79,54.87,1246.19,2,5291.04
132301,10,51.34,30.94,31.7,54.66,1266.96,2,5292.04
132326,10,52.03,30.29,32.18,55.01,1321.09,2,5293.04
132351,10,52.35,29.96,31.36,56.01,1359.46,2,5294.04
132376,10,52.5,30.05,31.65,57.35,1387.09,2,5295.04
132401,10,52.55,30.55,30.9,58.35,1399.97,2,5296.04
132426,10,52.4,31.04,29.68,59.02,1390.83,2,5297.04
132451,10,52.52,31.27,29.0,58.13,1364.84,2,5298.04
132476,10,53.87,31.71,29.69,53.82,1328.47,2,5299.04
132501,10,56.68,32.28,32.84,47.9,1341.34,2,5300.04
132526,10,60.26,32.22,37.03,44.68,1371.12,2,5301.04
132551,10,63.85,31.46,40.07,41.46,1396.97,2,5302.04
132576,10,67.02,30.51,41.92,40.3,1370.29,2,5303.04
132601,10,69.68,29.57,41.79,39.68,1269.26,2,5304.04
132626,10,71.99,28.77,40.9,39.06,1166.97,2,5305.04
132651,10,74.11,28.39,40.32,38.69,1091.56,2,5306.04
132676,10,76.01,28.27,40.19,38.52,1012.87,2,5307.04
132701,10,77.72,28.2,40.22,38.16,990.83,2,5308.04
132726,10,78.77,28.46,40.63,37.56,1024.02,2,5309.04
132751,10,79.0,29.11,41.64,36.66,1013.42,2,5310.04
132776,10,77.87,29.88,41.73,35.19,964.08,2,5311.04
132801,10,75.4,30.78,43.21,33.41,939.35,2,5312.04
132826,10,72.2,31.83,45.78,32.18,956.11,2,5313.04
132851,10,68.91,33.67,48.16,31.96,1009.7,2,5314.04
132876,10,66.29,35.59,48.89,31.38,1002.4,2,5315.04
132901,10,64.59,36.5,48.17,31.04,942.72,2,5316.04
132926,10,63.59,36.58,46.9,30.62,888.8,2,5317.04
132951,10,62.85,36.47,45.76,30.5,855.73,2,5318.04
132976,10,62.07,36.42,44.94,30.68,833.42,2,5319.04
133001,10,61.24,36.44,44.36,31.44,821.73,2,5320.04
133026,10,60.43,36.48,43.81,31.81,811.19,2,5321.04
133051,10,59.51,36.53,43.15,31.64,793.49,2,5322.04
133076,10,58.56,36.54,42.41,31.39,799.69,2,5323.04
133101,10,57.7,36.48,41.43,31.36,803.4,2,5324.04
133126,10,56.86,36.53,40.75,31.44,790.65,2,5325.04
133151,10,55.96,36.61,40.1,31.3,775.74,2,5326.04
133176,10,55.07,36.64,39.44,31.38,772.92,2,5327.04
133201,10,54.22,36.49,38.32,31.58,759.15,2,5328.04
133226,10,53.45,36.22,37.07,32.01,734.14,2,5329.04
133251,10,52.77,35.81,35.56,32.22,709.34,2,5330.04
133276,10,51.9,35.25,33.74,32.24,691.24,2,5331.04
133301,10,50.54,34.55,32.2,32.18,685.13,2,5332.04
133326,10,48.77,33.7,31.71,32.34,720.49,2,5333.04
133351,10,46.65,32.53,32.2,33.88,806.23,2,5334.04
133376,10,44.17,31.21,33.42,37.98,923.98,2,5335.04
133401,10,41.89,30.16,34.41,40.49,1020.66,2,5336.04
133426,10,40.29,29.7,34.64,40.26,1034.36,2,5337.04
133451,10,39.1,29.66,33.71,38.81,996.97,2,5338.04
133476,10,37.89,29.83,33.04,37.0,957.81,2,5339.04
133501,10,36.72,30.27,32.67,34.99,921.88,2,5340.04
133526,10,35.73,31.19,31.54,33.59,868.0,2,5341.04
133551,10,34.85,32.68,31.11,32.95,817.27,2,5342.04
133576,10,34.0,34.48,30.1,33.31,782.69,2,5343.04
133601,10,33.1,35.83,29.45,33.83,755.0,2,5344.04
133626,10,32.0,36.02,29.48,35.46,747.21,2,5345.04
133651,10,30.54,35.15,30.19,38.81,802.4,2,5346.04
133676,10,28.63,33.92,32.52,41.72,876.06,2,5347.04
133701,10,26.47,32.59,35.03,44.19,957.47,2,5348.04
133726,10,24.59,31.13,35.39,46.6,1036.38,2,5349.04
133751,10,23.26,29.88,33.64,47.31,1073.3,2,5350.04
133776,10,22.81,28.89,33.22,46.41,1053.46,2,5351.04
133801,10,23.31,27.98,31.72,44.67,988.76,2,5352.04
133826,10,24.15,27.27,28.86,41.41,876.35,2,5353.04
133851,10,24.81,26.82,26.56,37.2,752.23,2,5354.04
133876,10,24.84,26.83,26.58,35.08,663.09,2,5355.04
133901,10,24.03,27.27,27.65,33.58,647.84,2,5356.04
133926,10,22.87,28.48,27.98,32.83,698.23,2,5357.04
133951,10,22.23,30.61,27.14,35.82,731.86,2,5358.04
133976,10,22.32,32.98,25.75,37.9,715.7,2,5359.04
134001,10,22.68,35.05,23.59,36.84,654.9,2,5360.04
134026,10,22.74,36.43,20.68,34.42,563.0,2,5361.04
134051,10,22.24,37.1,20.4,31.05,500.58,2,5362.04
134076,10,21.38,37.47,21.03,28.73,480.94,2,5363.04
134101,10,21.46,37.6,21.07,28.77,484.52,2,5364.04
134126,10,22.07,37.71,21.12,29.61,502.2,2,5365.04
134151,10,22.94,37.75,21.15,30.6,523.84,2,5366.04
134176,10,23.93,37.71,21.16,31.55,549.22,2,5367.04
134201,10,25.02,37.62,21.46,32.41,581.62,2,5368.04
134226,10,26.16,37.45,21.78,33.88,619.94,2,5369.04
134251,10,27.33,37.26,22.19,35.63,661.73,2,5370.04
134276,10,28.5,37.11,22.95,37.58,700.41,2,5371.04
134301,10,29.64,36.95,23.57,39.45,735.74,2,5372.04
134326,10,30.81,36.75,24.03,41.21,770.22,2,5373.04
134351,10,32.08,36.51,24.35,42.84,805.68,2,5374.04
134376,10,33.37,36.31,24.53,44.1,836.97,2,5375.04
134401,10,34.63,36.12,24.58,45.13,870.95,2,5376.04
134426,10,35.86,35.86,24.48,46.25,904.65,2,5377.04
134451,10,37.1,35.61,24.85,47.41,929.36,2,5378.04
134476,10,38.32,35.35,25.0,48.56,944.1,2,5379.04
134501,10,39.56,35.07,24.98,49.42,939.44,2,5380.04
134526,10,40.81,34.86,25.53,49.84,938.22,2,5381.04
134551,10,41.98,34.8,27.59,49.63,958.57,2,5382.04
134576,10,43.08,34.8,30.56,49.04,1005.16,2,5383.04
134601,10,44.15,34.85,32.71,48.15,1041.03,2,5384.04
134626,10,45.25,34.83,33.56,47.41,1044.93,2,5385.04
134651,10,46.41,34.82,33.28,46.81,1014.68,2,5386.04
134676,10,47.61,34.86,32.27,46.05,963.19,2,5387.04
134701,10,48.85,34.87,30.9,45.27,909.76,2,5388.04
134726,10,50.03,34.83,29.27,44.45,857.1,2,5389.04
134751,10,51.12,34.85,27.6,43.26,804.64,2,5390.04
134776,10,52.11,34.97,26.17,42.1,772.38,2,5391.04
134801,10,52.93,35.19,25.07,41.39,760.46,2,5392.04
134826,10,53.62,35.57,24.17,40.34,747.21,2,5393.04
134851,10,54.22,36.31,22.8,38.62,711.62,2,5394.04
134876,10,54.74,37.3,22.1,37.34,689.61,2,5395.04
134901,10,55.21,38.35,24.13,37.51,723.37,2,5396.04
134926,10,55.36,39.23,25.47,36.94,752.29,2,5397.04
134951,10,54.89,39.81,26.22,36.06,766.41,2,5398.04
134976,10,53.91,40.23,26.68,35.04,766.94,2,5399.04
135001,10,52.61,40.52,26.8,33.72,757.17,2,5400.04
135026,10,51.14,40.69,26.77,32.05,733.49,2,5401.04
135051,10,49.69,40.76,26.73,31.11,705.75,2,5402.04
135076,10,48.53,41.04,26.56,32.54,688.46,2,5403.04
135101,10,47.75,41.48,26.66,34.09,687.05,2,5404.04
135126,10,47.2,41.77,26.99,34.5,689.87,2,5405.04
135151,10,46.79,41.82,26.99,33.94,668.39,2,5406.04
135176,10,46.97,42.31,26.96,34.16,680.61,2,5407.04
135201,10,47.58,43.78,27.16,35.58,754.52,2,5408.04
135226,10,48.05,45.62,27.22,38.7,801.33,2,5409.04
135251,10,47.54,47.1,27.08,39.83,802.97,2,5410.04
135276,10,45.17,47.8,27.26,40.45,813.96,2,5411.04
135301,10,41.45,48.11,28.65,40.82,865.11,2,5412.04
135326,10,37.3,48.56,30.77,39.09,924.31,2,5413.04
135351,10,32.95,48.67,33.47,35.53,958.57,2,5414.04
135376,10,28.63,48.29,36.94,33.22,985.34,2,5415.04
135401,10,25.05,47.87,39.47,31.91,983.65,2,5416.04
135426,10,22.98,47.39,39.38,31.01,947.74,2,5417.04
135451,10,22.06,46.56,37.84,32.04,888.57,2,5418.04
135476,10,21.48,45.78,36.18,33.13,852.39,2,5419.04
135501,10,20.95,45.21,34.53,31.42,798.44,2,5420.04
135526,10,21.07,44.29,33.04,29.61,754.92,2,5421.04
135551,10,21.38,42.39,32.52,30.64,764.97,2,5422.04
135576,10,21.99,39.97,32.43,35.65,809.17,2,5423.04
135601,10,24.01,38.01,31.27,40.02,858.81,2,5424.04
135626,10,27.44,36.81,31.2,42.63,903.02,2,5425.04
135651,10,31.56,35.95,31.98,43.24,944.96,2,5426.04
135676,10,35.91,35.08,32.23,42.48,1011.03,2,5427.04
135701,10,40.24,34.1,32.45,41.15,1077.13,2,5428.04
135726,10,44.41,32.97,32.93,41.14,1148.14,2,5429.04
135751,10,47.95,32.18,33.26,43.58,1198.73,2,5430.04
135776,10,50.53,31.96,32.62,45.66,1223.02,2,5431.04
135801,10,53.11,32.1,33.7,46.86,1258.35,2,5432.04
135826,10,56.49,32.82,36.56,46.28,1321.93,2,5433.04
135851,10,60.37,33.81,39.66,44.25,1375.47,2,5434.04
135876,10,64.36,34.68,41.57,39.56,1371.13,2,5435.04
135901,10,68.09,35.27,45.41,33.89,1344.45,2,5436.04
135926,10,70.95,35.56,48.54,33.48,1280.43,2,5437.04
135951,10,72.55,35.69,47.71,32.96,1287.91,2,5438.04
135976,10,73.13,35.67,47.58,32.5,1242.46,2,5439.04
136001,10,73.21,35.84,47.57,32.02,1181.67,2,5440.04
136026,10,73.01,36.37,46.95,31.95,1142.5,2,5441.04
136051,10,72.59,37.11,46.41,32.71,1133.57,2,5442.04
136076,10,71.81,38.1,46.04,33.76,1138.46,2,5443.04
136101,10,70.56,39.02,45.98,33.64,1136.05,2,5444.04
136126,10,69.1,39.49,45.67,33.06,1121.91,2,5445.04
136151,10,67.79,39.61,44.82,33.45,1122.65,2,5446.04
136176,10,66.73,39.66,43.57,34.71,1131.69,2,5447.04
136201,10,65.78,39.78,42.49,35.98,1119.08,2,5448.04
136226,10,64.24,40.23,41.66,35.76,1056.11,2,5449.04
136251,10,61.67,41.12,41.03,34.26,977.7,2,5450.04
136276,10,58.07,42.29,40.89,32.96,939.63,2,5451.04
136301,10,53.94,43.39,41.02,32.73,939.24,2,5452.04
136326,10,49.79,44.4,40.85,32.99,935.7,2,5453.04
136351,10,46.17,45.67,40.35,34.36,926.92,2,5454.04
136376,10,43.65,46.84,39.0,36.31,905.61,2,5455.04
136401,10,41.84,47.54,37.36,36.39,871.59,2,5456.04
136426,10,39.57,47.79,35.5,34.74,839.43,2,5457.04
136451,10,36.41,47.54,35.6,34.44,835.78,2,5458.04
136476,10,33.21,46.9,36.65,35.16,848.39,2,5459.04
136501,10,30.47,46.12,37.08,35.36,840.55,2,5460.04
136526,10,28.24,45.11,37.09,35.29,835.49,2,5461.04
136551,10,27.19,44.2,36.61,35.2,821.87,2,5462.04
136576,10,27.42,43.74,35.29,35.63,805.19,2,5463.04
136601,10,28.26,43.22,34.01,36.73,798.19,2,5464.04
136626,10,29.31,42.47,32.71,37.89,800.47,2,5465.04
136651,10,30.24,41.83,31.58,38.96,810.81,2,5466.04
136676,10,31.01,41.5,30.91,40.18,829.56,2,5467.04
136701,10,31.78,41.34,30.79,41.7,852.85,2,5468.04
136726,10,32.58,41.35,29.24,43.15,836.73,2,5469.04
136751,10,33.42,41.59,25.1,44.23,756.05,2,5470.04
136776,10,34.24,41.26,22.29,45.09,693.66,2,5471.04
136801,10,35.15,40.19,24.06,46.51,740.0,2,5472.04
136826,10,36.24,38.9,26.6,47.88,906.11,2,5473.04
136851,10,37.06,37.59,29.31,48.36,1109.85,2,5474.04
136876,10,37.29,36.61,33.77,51.9,1287.23,2,5475.04
136901,10,36.97,35.98,36.84,54.83,1420.18,2,5476.04
136926,10,36.37,35.43,36.94,56.78,1500.6,2,5477.04
136951,10,35.63,35.06,35.01,57.83,1578.71,2,5478.04
136976,10,34.67,34.89,35.76,58.26,1665.13,2,5479.04
137001,10,33.56,34.86,36.3,58.02,1771.99,2,5480.04
137026,10,32.5,34.67,37.99,58.3,1878.78,2,5481.04
137051,10,31.61,34.26,38.78,58.79,1942.88,2,5482.04
137076,10,30.99,33.96,39.03,59.48,1941.26,2,5483.04
137101,10,30.76,33.81,37.3,59.66,1867.08,2,5484.04
137126,10,31.09,34.02,36.43,59.09,1748.87,2,5485.04
137151,10,31.81,34.55,35.49,58.75,1649.38,2,5486.04
137176,10,32.98,34.92,34.17,58.52,1568.41,2,5487.04
137201,10,34.69,35.27,32.98,58.12,1515.5,2,5488.04
137226,10,36.41,36.09,31.96,58.06,1484.51,2,5489.04
137251,10,37.75,37.29,31.95,58.2,1448.67,2,5490.04
137276,10,38.76,38.19,31.5,57.79,1404.55,2,5491.04
137301,10,39.63,38.71,30.9,57.21,1354.32,2,5492.04
137326,10,40.37,39.23,30.22,56.68,1302.24,2,5493.04
137351,10,41.13,39.53,29.46,56.01,1249.84,2,5494.04
137376,10,41.84,39.67,28.7,55.38,1207.95,2,5495.04
137401,10,42.52,39.72,28.55,54.85,1177.69,2,5496.04
137426,10,43.16,39.81,29.0,54.66,1162.94,2,5497.04
137451,10,43.79,39.87,30.1,54.57,1166.3,2,5498.04
137476,10,44.3,39.97,31.45,54.41,1196.86,2,5499.04
137501,10,44.67,40.13,32.9,54.27,1233.84,2,5500.04
137526,10,45.01,40.21,34.59,54.11,1272.29,2,5501.04
137551,10,45.31,40.23,36.44,54.07,1309.49,2,5502.04
137576,10,45.6,40.26,38.27,54.24,1342.96,2,5503.04
137601,10,45.92,40.23,39.96,54.5,1366.13,2,5504.04
137626,10,46.28,40.11,41.38,54.77,1382.1,2,5505.04
137651,10,46.69,40.0,42.13,55.11,1386.32,2,5506.04
137676,10,47.12,39.85,42.25,55.56,1392.67,2,5507.04
137701,10,47.54,39.76,42.2,56.14,1402.31,2,5508.04
137726,10,47.95,39.74,41.97,56.78,1411.82,2,5509.04
137751,10,48.38,39.79,41.65,57.05,1419.41,2,5510.04
137776,10,48.73,39.82,41.8,57.73,1454.36,2,5511.04
137801,10,48.98,39.82,42.66,58.25,1505.8,2,5512.04
137826,10,49.13,39.85,43.83,58.32,1558.65,2,5513.04
137851,10,49.26,39.94,43.75,58.32,1576.14,2,5514.04
137876,10,49.39,39.98,43.22,58.82,1581.22,2,5515.04
137901,10,49.56,39.95,42.5,59.7,1578.93,2,5516.04
137926,10,49.75,39.96,41.78,60.3,1570.81,2,5517.04
137951,10,49.95,40.04,41.02,60.65,1556.49,2,5518.04
137976,10,50.11,39.94,39.83,61.08,1529.88,2,5519.04
138001,10,50.25,39.71,37.94,61.32,1479.93,2,5520.04
138026,10,50.36,39.61,36.59,61.23,1421.51,2,5521.04
138051,10,50.46,39.43,36.06,61.16,1363.31,2,5522.04
138076,10,50.58,39.34,35.27,61.39,1302.94,2,5523.04
138101,10,50.74,39.37,34.13,61.69,1237.48,2,5524.04
138126,10,50.91,39.41,32.83,61.81,1190.53,2,5525.04
138151,10,51.06,39.38,31.5,61.63,1145.82,2,5526.04
138176,10,51.22,39.28,30.3,61.43,1112.27,2,5527.04
138201,10,51.44,39.22,29.3,61.09,1104.47,2,5528.04
138226,10,51.7,39.1,28.36,61.03,1121.01,2,5529.04
138251,10,51.94,38.96,27.53,61.08,1139.09,2,5530.04
138276,10,52.11,38.86,27.04,60.72,1153.62,2,5531.04
138301,10,52.24,38.8,26.97,60.16,1170.11,2,5532.04
138326,10,52.4,38.81,27.03,59.53,1188.64,2,5533.04
138351,10,52.59,38.85,26.92,58.98,1207.61,2,5534.04
138376,10,52.79,38.85,26.57,58.52,1227.59,2,5535.04
138401,10,53.0,38.79,26.32,58.83,1256.27,2,5536.04
138426,10,53.18,38.67,26.42,59.46,1285.63,2,5537.04
138451,10,53.34,38.53,26.77,60.35,1324.24,2,5538.04
138476,10,53.49,38.43,26.89,61.12,1358.64,2,5539.04
138501,10,53.62,38.4,27.23,60.83,1381.52,2,5540.04
138526,10,53.71,38.51,28.25,60.45,1405.78,2,5541.04
138551,10,53.61,38.63,30.49,60.26,1446.38,2,5542.04
138576,10,53.02,38.29,31.53,60.05,1488.35,2,5543.04
138601,10,51.94,37.43,30.16,58.94,1469.26,2,5544.04
138626,10,50.72,36.23,28.68,56.24,1376.5,2,5545.04
138651,10,49.77,35.06,27.94,58.01,1271.21,2,5546.04
138676,10,49.34,33.82,28.47,58.89,1214.17,2,5547.04
138701,10,49.43,32.68,29.25,58.62,1210.33,2,5548.04
138726,10,50.04,32.39,29.42,57.82,1188.52,2,5549.04
138751,10,50.95,32.95,28.93,57.32,1174.52,2,5550.04
138776,10,51.75,34.04,29.8,57.77,1211.5,2,5551.04
138801,10,52.5,35.46,29.52,58.15,1193.07,2,5552.04
138826,10,53.18,36.69,27.94,58.24,1134.11,2,5553.04
138851,10,53.43,37.41,26.45,58.95,1092.81,2,5554.04
138876,10,53.16,37.77,25.81,59.24,1078.96,2,5555.04
138901,10,52.77,37.83,25.73,59.37,1049.38,2,5556.04
138926,10,52.23,37.31,25.27,59.58,993.18,2,5557.04
138951,10,51.5,36.2,24.39,59.72,967.24,2,5558.04
138976,10,50.81,34.47,23.87,59.25,977.16,2,5559.04
139001,10,50.16,32.29,26.16,58.3,1071.93,2,5560.04
139026,10,49.55,30.1,30.24,57.58,1194.29,2,5561.04
139051,10,48.73,28.54,30.83,57.2,1236.77,2,5562.04
139076,10,47.68,27.93,30.41,56.55,1184.02,2,5563.04
139101,10,46.92,27.57,30.34,56.43,1103.39,2,5564.04
139126,10,46.82,27.0,30.45,56.08,1047.39,2,5565.04
139151,10,47.04,26.6,30.29,54.16,1106.83,2,5566.04
139176,10,47.22,26.42,29.54,52.51,1127.71,2,5567.04
139201,10,47.49,26.29,28.5,52.05,1126.21,2,5568.04
139226,10,47.84,26.22,27.7,52.34,1118.12,2,5569.04
139251,10,48.33,26.4,27.98,52.89,1134.36,2,5570.04
139276,10,48.88,26.81,28.33,53.34,1155.5,2,5571.04
139301,10,49.49,27.32,28.86,53.62,1167.86,2,5572.04
139326,10,50.0,27.76,29.45,54.02,1173.07,2,5573.04
139351,10,50.34,28.05,30.22,54.18,1174.84,2,5574.04
139376,10,50.65,28.16,30.92,54.65,1208.92,2,5575.04
139401,10,50.96,28.2,31.68,55.14,1259.78,2,5576.04
139426,10,51.21,28.23,32.71,55.29,1307.25,2,5577.04
139451,10,51.39,28.28,33.51,55.53,1349.41,2,5578.04
139476,10,51.58,28.34,33.95,55.62,1384.35,2,5579.04
139501,10,51.73,28.42,33.9,55.51,1406.24,2,5580.04
139526,10,51.83,28.47,33.54,55.42,1416.17,2,5581.04
139551,10,51.94,28.49,33.18,55.46,1421.77,2,5582.04
139576,10,51.93,28.5,33.16,55.53,1429.52,2,5583.04
139601,10,51.74,28.53,33.71,55.9,1450.07,2,5584.04
139626,10,51.18,28.68,34.76,56.77,1509.27,2,5585.04
139651,10,50.23,29.15,35.39,57.39,1582.71,2,5586.04
139676,10,49.0,29.85,34.93,57.44,1618.57,2,5587.04
139701,10,47.34,30.12,33.95,58.68,1620.55,2,5588.04
139726,10,45.45,29.64,35.05,60.03,1617.92,2,5589.04
139751,10,43.88,28.75,34.75,60.6,1569.77,2,5590.04
139776,10,42.72,27.64,33.32,59.58,1445.25,2,5591.04
139801,10,41.62,26.5,33.75,57.54,1348.62,2,5592.04
139826,10,40.7,25.62,34.66,56.35,1277.71,2,5593.04
139851,10,40.56,25.1,34.42,56.23,1246.59,2,5594.04
139876,10,40.72,25.28,33.13,54.83,1214.41,2,5595.04
139901,10,40.44,25.8,30.76,50.77,1117.98,2,5596.04
139926,10,39.34,26.43,29.96,45.7,997.24,2,5597.04
139951,10,36.96,26.96,31.38,39.99,918.11,2,5598.04
139976,10,33.52,27.26,34.36,33.71,886.31,2,5599.04
140001,10,30.38,28.01,36.38,27.8,833.23,2,5600.04
140026,10,28.54,29.53,35.39,26.58,752.0,2,5601.04
140051,10,27.29,31.37,33.9,28.46,747.2,2,5602.04
140076,10,25.67,33.05,35.98,30.37,778.31,2,5603.04
140101,10,23.43,34.15,40.62,30.57,827.89,2,5604.04
140126,10,21.71,34.83,44.71,31.17,903.13,2,5605.04
140151,10,21.27,35.47,46.13,32.57,981.4,2,5606.04
140176,10,21.63,35.88,45.74,33.26,1030.41,2,5607.04
140201,10,22.29,36.03,44.71,33.12,1059.58,2,5608.04
140226,10,23.17,36.08,44.2,32.64,1066.48,2,5609.04
140251,10,24.2,36.11,43.27,32.86,1060.95,2,5610.04
140276,10,25.2,35.85,42.39,34.26,1075.42,2,5611.04
140301,10,26.3,35.78,41.74,35.86,1102.01,2,5612.04
140326,10,27.4,35.78,41.33,37.44,1124.73,2,5613.04
140351,10,28.51,35.79,42.0,39.17,1155.19,2,5614.04
140376,10,29.71,35.84,42.52,41.23,1189.18,2,5615.04
140401,10,30.85,35.89,42.62,43.29,1231.39,2,5616.04
140426,10,31.8,35.9,42.41,45.07,1293.98,2,5617.04
140451,10,32.58,35.82,41.83,46.59,1400.42,2,5618.04
140476,10,33.2,35.68,41.03,47.29,1501.5,2,5619.04
140501,10,33.59,35.2,39.97,47.64,1551.98,2,5620.04
140526,10,33.65,34.37,38.6,48.67,1562.33,2,5621.04
140551,10,33.36,33.27,37.04,50.1,1542.62,2,5622.04
140576,10,33.26,31.77,39.12,51.47,1605.58,2,5623.04
140601,10,33.99,30.02,39.24,53.22,1627.09,2,5624.04
140626,10,35.61,28.51,38.46,54.94,1625.03,2,5625.04
140651,10,37.97,27.59,40.68,55.13,1683.61,2,5626.04
140676,10,40.93,27.0,43.83,54.41,1770.41,2,5627.04
140701,10,43.84,26.38,45.51,52.56,1770.52,2,5628.04
140726,10,45.77,25.52,45.34,48.55,1616.84,2,5629.04
140751,10,46.44,24.76,42.37,43.52,1389.79,2,5630.04
140776,10,46.25,24.61,38.58,39.9,1183.52,2,5631.04
140801,10,45.45,24.99,35.79,37.63,1044.65,2,5632.04
140826,10,43.88,25.71,35.0,35.17,969.34,2,5633.04
140851,10,41.69,27.0,35.79,33.11,942.0,2,5634.04
140876,10,39.39,28.82,36.63,32.04,919.59,2,5635.04
140901,10,37.3,30.7,35.94,31.95,869.28,2,5636.04
140926,10,35.53,31.9,35.83,32.35,823.25,2,5637.04
140951,10,34.2,32.4,35.53,32.65,795.33,2,5638.04
140976,10,33.12,32.51,34.99,32.49,759.48,2,5639.04
141001,10,32.08,32.42,34.23,31.87,725.45,2,5640.04
141026,10,31.09,32.26,32.91,31.07,694.41,2,5641.04
141051,10,30.22,32.11,31.27,29.61,656.69,2,5642.04
141076,10,29.52,31.91,29.46,27.71,593.79,2,5643.04
141101,10,28.97,31.61,27.66,26.82,526.86,2,5644.04
141126,10,28.43,31.4,26.01,26.43,469.96,2,5645.04
141151,10,27.88,31.39,24.6,26.2,418.76,2,5646.04
141176,10,27.26,31.15,23.72,26.24,362.28,2,5647.04
141201,10,26.26,30.2,23.12,27.1,358.26,2,5648.04
141226,10,24.59,29.23,22.94,27.74,389.05,2,5649.04
141251,10,22.56,28.72,23.63,29.79,438.41,2,5650.04
141276,10,20.73,28.27,25.5,32.29,499.98,2,5651.04
141301,10,19.15,28.0,27.82,33.31,542.79,2,5652.04
141326,10,17.81,27.96,30.02,32.56,550.83,2,5653.04
141351,10,16.99,27.63,31.57,31.6,542.03,2,5654.04
141376,10,16.44,26.82,33.11,30.68,552.93,2,5655.04
141401,10,16.32,25.77,34.09,30.64,578.37,2,5656.04
141426,10,16.88,24.63,33.33,33.62,619.07,2,5657.04
141451,10,17.64,23.75,31.86,34.93,630.46,2,5658.04
141476,10,17.97,22.99,30.68,33.96,602.46,2,5659.04
141501,10,17.84,22.33,30.64,33.33,590.02,2,5660.04
141526,10,17.64,22.32,31.46,33.28,629.94,2,5661.04
141551,10,17.76,22.81,35.2,33.92,705.89,2,5662.04
141576,10,18.3,23.52,37.86,35.33,787.09,2,5663.04
141601,10,19.17,24.23,39.39,37.03,878.36,2,5664.04
141626,10,20.28,24.92,39.87,38.58,967.84,2,5665.04
141651,10,21.52,25.54,39.61,41.04,1061.67,2,5666.04
141676,10,22.8,26.12,39.03,43.88,1151.78,2,5667.04
141701,10,24.03,26.73,38.23,46.43,1230.94,2,5668.04
141726,10,25.26,27.35,37.41,48.51,1304.47,2,5669.04
141751,10,26.43,27.78,36.71,51.12,1390.91,2,5670.04
141776,10,27.62,28.26,36.55,52.8,1465.6,2,5671.04
141801,10,28.85,28.81,37.57,53.63,1517.9,2,5672.04
141826,10,30.1,29.21,38.2,55.18,1562.3,2,5673.04
141851,10,31.32,29.53,39.01,56.77,1600.5,2,5674.04
141876,10,32.52,29.81,38.96,57.47,1599.82,2,5675.04
141901,10,33.77,30.1,37.81,57.69,1579.57,2,5676.04
141926,10,35.1,30.54,35.63,57.23,1529.58,2,5677.04
141951,10,36.44,31.03,32.87,57.49,1460.0,2,5678.04
141976,10,37.75,31.37,30.42,58.47,1390.87,2,5679.04
142001,10,39.09,31.72,29.15,58.96,1317.4,2,5680.04
142026,10,40.45,32.14,28.39,58.26,1234.05,2,5681.04
142051,10,41.84,32.36,27.46,57.55,1154.84,2,5682.04
142076,10,43.31,32.56,26.11,56.24,1060.43,2,5683.04
142101,10,44.82,32.79,24.45,54.13,953.98,2,5684.04
142126,10,46.27,32.95,22.74,52.28,856.86,2,5685.04
142151,10,47.62,33.07,20.98,50.72,772.94,2,5686.04
142176,10,48.88,33.18,19.29,49.24,701.03,2,5687.04
142201,10,50.08,33.27,18.01,47.55,646.42,2,5688.04
142226,10,51.19,33.31,17.34,46.28,615.79,2,5689.04
142251,10,52.19,33.34,17.02,45.51,593.21,2,5690.04
142276,10,53.06,33.61,16.94,44.48,576.46,2,5691.04
142301,10,53.81,34.53,17.43,45.56,613.15,2,5692.04
142326,10,54.15,36.27,19.53,48.23,696.04,2,5693.04
142351,10,53.94,38.25,21.96,49.2,789.02,2,5694.04
142376,10,53.64,40.0,23.74,49.26,862.1,2,5695.04
142401,10,53.32,41.44,24.61,48.15,892.12,2,5696.04
142426,10,52.63,42.59,25.36,46.18,917.53,2,5697.04
142451,10,51.51,43.62,26.36,44.15,943.61,2,5698.04
142476,10,50.15,44.5,27.23,42.34,962.29,2,5699.04
142501,10,48.79,45.24,28.28,40.58,965.37,2,5700.04
142526,10,47.56,45.89,28.55,38.8,945.61,2,5701.04
142551,10,46.27,46.23,27.02,36.4,863.33,2,5702.04
142576,10,45.18,45.95,25.51,34.09,756.9,2,5703.04
142601,10,45.15,45.24,27.12,32.95,707.85,2,5704.04
142626,10,45.94,44.65,27.86,33.53,697.22,2,5705.04
142651,10,46.67,43.54,26.72,34.64,693.51,2,5706.04
142676,10,46.6,41.31,25.97,35.06,679.9,2,5707.04
142701,10,45.23,38.48,26.01,35.6,679.33,2,5708.04
142726,10,42.78,35.74,26.64,35.81,708.7,2,5709.04
142751,10,39.69,33.28,27.56,37.02,754.87,2,5710.04
142776,10,36.46,31.06,28.71,38.9,806.03,2,5711.04
142801,10,33.49,29.18,30.32,40.69,856.22,2,5712.04
142826,10,31.06,27.8,31.45,41.13,869.1,2,5713.04
142851,10,29.18,26.7,31.63,39.88,828.96,2,5714.04
142876,10,27.61,25.78,31.3,38.01,787.35,2,5715.04
142901,10,26.46,25.5,31.19,34.88,736.03,2,5716.04
142926,10,25.54,25.82,31.69,31.0,678.53,2,5717.04
142951,10,25.22,26.25,32.08,28.43,639.7,2,5718.04
142976,10,26.3,26.6,31.76,27.62,626.4,2,5719.04
143001,10,28.15,27.17,30.73,28.0,620.06,2,5720.04
143026,10,29.98,27.78,28.86,28.81,603.97,2,5721.04
143051,10,31.5,28.29,27.04,29.46,576.77,2,5722.04
143076,10,32.53,28.79,25.38,29.67,546.59,2,5723.04
143101,10,33.1,29.47,24.37,30.19,516.89,2,5724.04
143126,10,33.53,30.21,23.31,31.48,474.78,2,5725.04
143151,10,33.92,30.91,21.5,32.12,450.45,2,5726.04
143176,10,33.51,31.04,20.44,31.61,416.59,2,5727.04
143201,10,31.91,30.24,21.11,29.98,398.5,2,5728.04
143226,10,29.74,29.1,22.41,28.74,411.68,2,5729.04
143251,10,27.61,28.37,24.51,28.05,455.6,2,5730.04
143276,10,26.63,28.02,26.9,27.94,500.98,2,5731.04
143301,10,27.56,27.51,28.56,29.47,550.25,2,5732.04
143326,10,30.41,27.28,30.19,32.41,624.97,2,5733.04
143351,10,34.31,27.8,33.06,35.07,746.24,2,5734.04
143376,10,38.5,29.08,35.08,36.76,850.78,2,5735.04
143401,10,42.83,30.92,37.08,37.97,948.22,2,5736.04
143426,10,47.38,32.85,40.16,40.2,1055.22,2,5737.04
143451,10,52.09,34.59,43.75,44.62,1146.56,2,5738.04
143476,10,56.99,35.86,47.02,48.53,1197.18,2,5739.04
143501,10,61.94,36.4,48.84,50.94,1211.34,2,5740.04
143526,10,66.74,36.44,49.05,49.66,1227.06,2,5741.04
143551,10,71.25,36.25,48.17,46.34,1206.4,2,5742.04
143576,10,75.16,35.99,46.5,41.97,1136.88,2,5743.04
143601,10,78.15,35.63,44.24,37.84,1060.67,2,5744.04
143626,10,80.04,35.17,46.32,34.36,1038.43,2,5745.04
143651,10,80.95,35.17,50.18,31.85,1015.74,2,5746.04
143676,10,81.29,35.5,51.75,30.24,981.17,2,5747.04
143701,10,81.4,35.99,51.81,29.69,968.49,2,5748.04
143726,10,81.39,36.72,50.46,30.16,964.58,2,5749.04
143751,10,81.47,37.42,49.23,31.21,975.28,2,5750.04
143776,10,81.55,38.2,47.12,32.29,974.95,2,5751.04
143801,10,81.67,39.16,44.32,33.3,965.93,2,5752.04
143826,10,81.87,40.13,42.05,34.29,965.76,2,5753.04
143851,10,82.0,41.09,39.98,34.89,956.11,2,5754.04
143876,10,81.96,42.11,38.16,36.04,953.05,2,5755.04
143901,10,81.83,43.14,39.21,37.41,952.73,2,5756.04
143926,10,81.63,44.17,39.31,38.21,944.5,2,5757.04
143951,10,81.49,45.31,38.62,38.71,921.08,2,5758.04
143976,10,81.49,46.48,37.48,38.41,884.51,2,5759.04
144001,10,81.52,47.52,36.31,39.63,887.51,2,5760.04
144026,10,81.45,48.33,36.07,41.42,898.94,2,5761.04
144051,10,81.25,48.87,35.4,41.43,898.0,2,5762.04
144076,10,81.14,49.22,34.93,40.21,904.54,2,5763.04
144101,10,81.2,49.42,34.45,39.97,917.66,2,5764.04
144126,10,81.31,49.6,33.58,40.22,928.03,2,5765.04
144151,10,81.15,49.89,32.9,39.95,924.75,2,5766.04
144176,10,80.76,50.14,33.05,39.09,912.14,2,5767.04
144201,10,80.38,50.26,33.28,37.86,872.86,2,5768.04
144226,10,80.04,50.35,33.17,36.38,813.41,2,5769.04
144251,10,79.83,50.38,32.92,34.49,743.69,2,5770.04
144276,10,79.73,50.33,32.58,32.93,679.44,2,5771.04
144301,10,79.71,50.15,32.16,31.05,610.18,2,5772.04
144326,10,79.69,49.94,32.2,29.32,536.66,2,5773.04
144351,10,79.62,49.89,32.1,28.1,470.7,2,5774.04
144376,10,79.49,49.92,31.81,27.32,416.43,2,5775.04
144401,10,79.31,49.96,31.07,26.78,386.04,2,5776.04
144426,10,79.1,49.91,30.46,26.05,369.6,2,5777.04
144451,10,78.97,49.77,29.95,25.33,344.4,2,5778.04
144476,10,78.82,49.63,29.96,24.71,338.18,2,5779.04
144501,10,78.66,49.47,29.81,24.7,330.02,2,5780.04
144526,10,78.49,49.48,29.5,25.35,329.14,2,5781.04
144551,10,78.33,49.44,29.5,25.15,316.98,2,5782.04
144576,10,78.47,49.19,27.63,24.74,289.87,2,5783.04
144601,10,78.16,49.25,29.17,24.79,307.71,2,5784.04
144626,10,78.05,49.12,28.83,24.83,295.5,2,5785.04
144651,10,77.87,49.02,28.3,24.82,284.43,2,5786.04
144676,10,77.59,48.81,27.72,24.88,280.92,2,5787.04
144701,10,77.39,48.66,27.67,24.93,285.38,2,5788.04
144726,10,77.43,48.76,27.57,24.91,281.99,2,5789.04
144751,10,77.42,48.76,27.61,24.85,277.46,2,5790.04
144776,10,77.29,48.69,27.65,24.76,275.5,2,5791.04
144801,10,76.96,48.62,27.5,24.78,281.49,2,5792.04
144826,10,76.84,48.49,27.42,24.84,283.83,2,5793.04
144851,10,76.8,48.12,27.28,24.88,266.01,2,5794.04
144876,10,76.63,47.87,27.27,24.89,253.0,2,5795.04
144901,9,77.27,48.39,27.27,25.03,241.49,2,5796.04
144926,10,76.59,47.95,27.27,25.0,228.86,2,5797.04
144951,10,76.51,47.91,27.27,24.9,217.66,2,5798.04
144976,10,76.5,47.88,27.27,24.27,200.46,2,5799.04
145001,10,76.44,47.99,27.27,22.33,169.37,2,5800.04
