frame,n_outfield,centroid_x,centroid_y,length,width,hull_area,period,time_s
1,10.0,45.9,33.72,48.87,34.26,983.35,1,0.04
26,9.0,42.21,36.7,20.06,34.31,545.22,1,1.04
51,10.0,42.55,34.63,19.0,36.24,575.4,1,2.04
76,10.0,42.9,34.59,19.5,36.18,590.55,1,3.04
101,10.0,43.56,34.7,21.73,37.09,625.31,1,4.04
126,10.0,43.67,34.31,24.23,38.07,644.19,1,5.04
151,10.0,43.34,32.75,26.17,38.35,653.39,1,6.04
176,10.0,43.42,30.4,26.51,38.01,668.47,1,7.04
201,10.0,43.27,27.82,25.4,37.0,655.28,1,8.04
226,10.0,42.73,25.73,24.26,36.71,649.03,1,9.04
251,10.0,43.02,25.29,23.69,36.6,659.01,1,10.04
276,10.0,44.5,26.79,23.16,37.61,676.74,1,11.04
301,10.0,46.22,29.1,23.94,39.27,711.99,1,12.04
326,10.0,47.86,31.52,25.85,41.06,779.47,1,13.04
351,10.0,49.64,33.53,29.74,42.65,873.84,1,14.04
376,10.0,51.6,36.09,34.37,42.96,981.29,1,15.04
401,10.0,53.17,38.75,37.08,40.91,1039.57,1,16.04
426,10.0,54.76,41.41,37.81,38.97,1049.48,1,17.04
451,10.0,56.22,43.83,39.33,40.7,1094.77,1,18.04
476,10.0,56.14,46.19,41.06,41.65,1175.54,1,19.04
501,10.0,54.26,48.18,42.31,41.61,1236.2,1,20.04
526,10.0,51.42,49.79,42.72,42.7,1296.29,1,21.04
551,10.0,48.44,50.69,41.05,41.84,1250.4,1,22.04
576,10.0,45.7,51.03,38.18,39.48,1118.25,1,23.04
601,10.0,43.38,51.08,35.59,35.4,957.33,1,24.04
626,10.0,41.58,51.08,33.49,33.27,822.23,1,25.04
651,10.0,40.33,51.06,31.53,31.46,722.92,1,26.04
676,10.0,39.76,50.99,28.97,30.44,648.75,1,27.04
701,10.0,40.43,50.43,26.67,30.77,615.67,1,28.04
726,10.0,42.42,48.99,26.71,32.64,649.84,1,29.04
751,10.0,44.95,46.87,28.47,35.53,732.68,1,30.04
776,10.0,47.54,44.25,29.81,38.29,827.31,1,31.04
801,10.0,50.05,41.28,29.67,39.99,898.35,1,32.04
826,10.0,52.62,38.52,33.42,41.36,969.22,1,33.04
851,10.0,55.16,37.35,36.72,42.62,1088.83,1,34.04
876,10.0,57.12,38.72,37.84,44.05,1168.51,1,35.04
901,10.0,58.32,41.4,37.26,44.81,1183.03,1,36.04
926,10.0,58.75,44.28,37.32,43.67,1138.17,1,37.04
951,10.0,58.96,47.02,38.01,45.77,1152.92,1,38.04
976,10.0,59.85,48.67,38.63,46.58,1175.7,1,39.04
1001,10.0,61.42,48.86,39.93,45.96,1171.31,1,40.04
1026,10.0,62.6,48.62,40.32,45.12,1128.53,1,41.04
1051,10.0,61.96,48.37,38.5,42.73,1025.29,1,42.04
1076,10.0,59.72,48.03,36.69,40.64,940.2,1,43.04
1101,10.0,57.35,47.4,34.67,39.19,883.33,1,44.04
1126,10.0,56.0,46.29,32.35,37.57,784.94,1,45.04
1151,10.0,55.9,44.82,29.71,35.96,678.03,1,46.04
1176,10.0,56.4,43.04,28.15,34.81,611.84,1,47.04
1201,10.0,56.17,40.48,27.9,34.65,587.82,1,48.04
1226,10.0,54.48,37.23,27.97,36.03,598.52,1,49.04
1251,10.0,51.75,33.93,29.16,36.62,650.46,1,50.04
1276,10.0,48.56,30.69,30.55,37.16,718.69,1,51.04
1301,10.0,45.1,27.7,31.86,37.88,779.44,1,52.04
1326,10.0,41.52,25.45,33.17,37.69,822.59,1,53.04
1351,10.0,37.65,23.86,34.84,36.28,875.0,1,54.04
1376,10.0,33.49,22.67,36.71,35.49,936.44,1,55.04
1401,10.0,29.37,21.72,38.8,35.15,1001.78,1,56.04
1426,10.0,25.93,21.34,40.19,34.73,1016.85,1,57.04
1451,10.0,23.48,21.27,42.89,32.58,1008.85,1,58.04
1476,10.0,21.93,21.6,45.92,31.83,1027.4,1,59.04
1501,10.0,21.48,22.13,47.58,32.31,1057.29,1,60.04
1526,10.0,22.53,22.42,46.01,32.59,1025.12,1,61.04
1551,10.0,24.8,22.45,42.67,34.27,976.22,1,62.04
1576,10.0,27.44,22.37,39.15,36.16,915.28,1,63.04
1601,10.0,30.09,22.42,35.8,35.64,799.5,1,64.04
1626,10.0,32.48,22.89,32.96,34.46,698.76,1,65.04
1651,10.0,33.75,23.58,30.42,33.11,643.0,1,66.04
1676,10.0,33.86,24.35,28.01,32.17,612.4,1,67.04
1701,10.0,33.67,25.25,27.55,31.88,623.83,1,68.04
1726,10.0,33.77,26.33,27.77,31.66,616.64,1,69.04
1751,10.0,34.2,27.73,27.24,30.55,558.24,1,70.04
1776,10.0,34.55,29.92,26.2,30.91,517.66,1,71.04
1801,10.0,34.53,32.69,26.16,32.32,520.54,1,72.04
1826,10.0,34.19,35.67,26.28,34.07,550.8,1,73.04
1851,10.0,33.83,38.83,26.06,36.72,603.25,1,74.04
1876,10.0,33.37,41.59,26.37,37.46,619.98,1,75.04
1901,10.0,33.56,43.25,26.14,36.55,608.95,1,76.04
1926,10.0,35.19,44.12,26.5,36.91,598.26,1,77.04
1951,10.0,37.89,44.17,27.66,38.15,631.83,1,78.04
1976,10.0,40.81,43.19,29.47,38.87,689.42,1,79.04
2001,10.0,43.34,41.46,31.59,39.47,739.01,1,80.04
2026,10.0,45.29,39.28,32.9,39.97,785.72,1,81.04
2051,10.0,46.52,36.91,32.04,40.02,808.27,1,82.04
2076,10.0,47.04,34.57,29.53,39.56,807.49,1,83.04
2101,10.0,47.03,32.53,27.58,38.62,794.28,1,84.04
2126,10.0,46.65,31.05,25.78,38.6,772.41,1,85.04
2151,10.0,45.95,30.19,24.67,38.26,738.85,1,86.04
2176,10.0,45.04,29.78,24.4,38.56,707.17,1,87.04
2201,10.0,44.33,30.23,24.59,39.51,706.53,1,88.04
2226,10.0,44.2,31.89,25.28,41.22,745.41,1,89.04
2251,10.0,44.26,34.06,26.31,42.09,795.24,1,90.04
2276,10.0,44.23,35.86,27.63,41.86,843.84,1,91.04
2301,10.0,44.43,37.59,28.73,42.69,896.9,1,92.04
2326,10.0,45.06,39.7,29.65,44.4,961.24,1,93.04
2351,10.0,45.82,41.88,30.55,45.1,999.88,1,94.04
2376,10.0,46.14,43.96,31.19,45.66,1011.08,1,95.04
2401,10.0,45.37,45.68,31.87,44.73,1021.83,1,96.04
2426,10.0,44.2,46.94,33.4,42.94,1050.82,1,97.04
2451,10.0,43.44,47.59,33.64,41.02,1067.55,1,98.04
2476,10.0,43.15,48.0,32.04,41.05,1064.57,1,99.04
2501,10.0,42.68,48.22,31.44,41.93,1083.85,1,100.04
2526,10.0,41.78,48.1,32.64,43.32,1135.26,1,101.04
2551,10.0,40.83,47.48,34.34,45.08,1198.31,1,102.04
2576,10.0,40.21,46.27,35.56,47.12,1247.54,1,103.04
2601,10.0,39.98,44.68,36.22,49.92,1295.98,1,104.04
2626,10.0,40.33,42.75,35.93,53.4,1327.6,1,105.04
2651,10.0,41.56,40.39,34.32,56.27,1309.06,1,106.04
2676,10.0,43.4,37.69,32.61,58.46,1283.06,1,107.04
2701,10.0,45.36,34.95,31.62,59.27,1264.3,1,108.04
2726,10.0,47.04,32.32,31.74,59.11,1278.42,1,109.04
2751,10.0,48.18,29.82,32.94,59.38,1341.24,1,110.04
2776,10.0,49.1,27.82,34.05,59.63,1407.75,1,111.04
2801,10.0,50.06,26.8,34.37,59.43,1424.99,1,112.04
2826,10.0,51.38,27.04,33.24,59.93,1384.14,1,113.04
2851,10.0,53.12,28.2,32.31,61.21,1330.72,1,114.04
2876,10.0,54.99,29.62,31.23,62.2,1255.78,1,115.04
2901,10.0,56.65,30.51,29.68,62.36,1158.56,1,116.04
2926,10.0,58.01,30.72,27.67,61.3,1080.62,1,117.04
2951,10.0,59.46,30.61,27.45,59.8,1059.75,1,118.04
2976,10.0,61.09,29.84,28.88,58.95,1089.52,1,119.04
3001,10.0,63.12,28.38,31.84,58.08,1170.42,1,120.04
3026,10.0,65.58,27.03,35.95,56.3,1245.1,1,121.04
3051,10.0,67.96,26.06,38.33,52.5,1221.26,1,122.04
3076,10.0,70.04,25.1,38.8,46.93,1133.19,1,123.04
3101,10.0,71.86,23.9,38.75,42.81,1056.87,1,124.04
3126,10.0,72.56,22.13,37.82,42.26,1023.05,1,125.04
3151,10.0,71.86,20.49,36.66,43.25,981.48,1,126.04
3176,10.0,69.88,19.83,36.4,43.53,952.55,1,127.04
3201,10.0,67.06,19.87,36.02,44.45,968.65,1,128.04
3226,10.0,64.1,20.01,35.27,45.59,1019.68,1,129.04
3251,10.0,61.04,20.11,35.86,46.8,1107.26,1,130.04
3276,10.0,57.82,20.62,37.11,48.91,1227.98,1,131.04
3301,10.0,54.72,21.79,38.1,51.68,1357.5,1,132.04
3326,10.0,51.97,23.3,38.48,54.76,1484.56,1,133.04
3351,10.0,49.54,24.66,38.37,57.9,1584.51,1,134.04
3376,10.0,47.68,25.54,38.25,60.36,1620.29,1,135.04
3401,10.0,46.67,25.69,38.36,61.94,1602.45,1,136.04
3426,10.0,46.48,25.44,37.92,61.74,1527.76,1,137.04
3451,10.0,46.78,25.28,37.06,60.95,1440.36,1,138.04
3476,10.0,47.55,25.14,36.67,60.93,1384.63,1,139.04
3501,10.0,48.71,24.79,37.22,61.03,1384.13,1,140.04
3526,10.0,50.05,24.33,37.95,60.45,1406.7,1,141.04
3551,10.0,52.17,23.89,38.44,59.1,1403.45,1,142.04
3576,10.0,54.94,23.47,38.59,56.67,1357.35,1,143.04
3601,10.0,57.33,23.11,37.96,54.07,1261.8,1,144.04
3626,10.0,59.11,23.25,36.67,51.98,1143.92,1,145.04
3651,10.0,60.64,23.79,34.97,51.72,1036.92,1,146.04
3676,10.0,61.86,24.3,33.13,52.21,971.71,1,147.04
3701,10.0,62.56,25.07,31.88,53.31,953.28,1,148.04
3726,10.0,63.19,26.94,31.05,54.7,932.47,1,149.04
3751,10.0,64.26,29.57,30.35,54.52,888.66,1,150.04
3776,10.0,65.7,32.16,30.04,52.78,848.72,1,151.04
3801,10.0,67.32,34.64,30.31,50.64,842.17,1,152.04
3826,10.0,69.23,36.87,31.04,47.22,859.17,1,153.04
3851,10.0,71.41,38.71,33.68,43.77,851.55,1,154.04
3876,10.0,73.3,40.38,33.98,43.01,851.62,1,155.04
3901,10.0,74.23,41.83,31.56,44.12,873.18,1,156.04
3926,10.0,74.24,42.74,31.01,45.11,858.23,1,157.04
3951,10.0,73.96,43.07,30.3,46.74,836.43,1,158.04
3976,10.0,73.95,42.98,29.65,49.33,867.76,1,159.04
4001,10.0,74.43,42.84,29.84,51.74,895.2,1,160.04
4026,10.0,75.12,43.04,29.97,53.14,913.21,1,161.04
4051,10.0,75.44,43.15,29.95,53.63,915.71,1,162.04
4076,10.0,75.43,42.7,29.41,53.71,907.99,1,163.04
4101,10.0,75.31,41.63,28.38,53.6,890.77,1,164.04
4126,10.0,75.46,39.81,27.38,52.85,854.52,1,165.04
4151,10.0,76.17,37.57,27.18,51.07,823.89,1,166.04
4176,10.0,77.19,35.33,27.44,48.16,790.2,1,167.04
4201,10.0,78.02,33.36,28.21,44.71,756.42,1,168.04
4226,10.0,78.5,31.71,29.16,40.89,720.35,1,169.04
4251,10.0,78.6,30.46,29.45,37.84,686.8,1,170.04
4276,10.0,78.64,29.59,29.39,35.66,673.22,1,171.04
4301,10.0,79.11,28.55,29.4,34.9,675.1,1,172.04
4326,10.0,80.4,27.69,29.9,34.7,701.63,1,173.04
4351,10.0,82.3,27.06,31.82,34.43,763.37,1,174.04
4376,10.0,84.22,26.44,34.77,34.34,835.5,1,175.04
4401,10.0,85.52,26.26,37.25,34.56,862.94,1,176.04
4426,10.0,86.47,26.15,37.87,34.45,836.32,1,177.04
4451,10.0,87.01,26.25,37.76,35.2,843.34,1,178.04
4476,10.0,86.45,26.62,38.24,35.94,868.02,1,179.04
4501,10.0,84.8,27.28,38.0,36.06,901.26,1,180.04
4526,10.0,82.68,27.99,37.65,35.52,933.31,1,181.04
4551,10.0,80.45,28.62,37.31,36.6,968.19,1,182.04
4576,10.0,78.18,29.13,36.7,38.3,989.96,1,183.04
4601,10.0,75.92,29.61,36.26,39.53,998.31,1,184.04
4626,10.0,73.68,30.1,36.27,40.52,1007.59,1,185.04
4651,10.0,71.51,30.61,36.26,41.39,1017.55,1,186.04
4676,10.0,69.55,31.12,36.18,42.3,1030.31,1,187.04
4701,10.0,67.71,31.59,36.24,42.95,1039.47,1,188.04
4726,10.0,66.07,32.05,36.24,42.87,1045.07,1,189.04
4751,10.0,64.81,32.61,36.08,42.3,1049.8,1,190.04
4776,10.0,63.84,33.16,35.65,41.56,1045.06,1,191.04
4801,10.0,62.9,33.63,35.07,40.96,1033.1,1,192.04
4826,10.0,61.8,34.1,34.74,41.18,1035.29,1,193.04
4851,10.0,60.54,34.79,34.58,41.5,1049.82,1,194.04
4876,10.0,59.24,35.69,34.43,41.73,1059.85,1,195.04
4901,10.0,57.93,36.47,34.25,42.11,1068.05,1,196.04
4926,10.0,56.59,36.95,33.91,42.56,1070.89,1,197.04
4951,10.0,55.28,37.11,33.45,43.01,1068.43,1,198.04
4976,10.0,53.98,36.58,33.08,43.7,1079.71,1,199.04
5001,10.0,52.71,35.28,32.88,44.32,1069.22,1,200.04
5026,10.0,51.71,33.57,32.83,44.01,1031.11,1,201.04
5051,10.0,51.15,31.7,32.81,43.64,974.43,1,202.04
5076,10.0,51.08,29.57,32.43,43.38,924.53,1,203.04
5101,10.0,51.45,27.03,31.94,43.24,904.26,1,204.04
5126,10.0,51.98,24.81,31.05,42.72,875.43,1,205.04
5151,10.0,51.89,23.34,29.91,41.29,865.73,1,206.04
5176,10.0,51.32,22.94,29.33,39.99,843.65,1,207.04
5201,10.0,50.86,23.69,30.19,42.41,898.2,1,208.04
5226,10.0,50.47,25.06,32.55,47.4,1038.82,1,209.04
5251,10.0,50.13,26.8,34.59,52.69,1187.02,1,210.04
5276,10.0,50.42,29.11,35.44,57.87,1308.13,1,211.04
5301,10.0,51.56,31.28,35.61,61.52,1364.09,1,212.04
5326,10.0,53.34,33.7,35.24,62.68,1325.99,1,213.04
5351,10.0,55.36,36.08,34.83,62.59,1238.05,1,214.04
5376,10.0,57.2,37.96,35.17,61.81,1187.35,1,215.04
5401,10.0,59.11,39.16,34.04,59.34,1086.83,1,216.04
5426,10.0,61.67,39.71,32.6,56.82,995.76,1,217.04
5451,10.0,64.73,40.1,33.35,55.16,1000.9,1,218.04
5476,10.0,67.57,40.59,34.44,52.44,1009.4,1,219.04
5501,10.0,69.68,41.5,34.31,50.81,1019.21,1,220.04
5526,10.0,70.88,42.23,33.28,51.42,1023.1,1,221.04
5551,10.0,71.78,42.49,32.62,51.17,1005.77,1,222.04
5576,10.0,72.93,42.87,32.86,48.63,980.29,1,223.04
5601,10.0,73.99,43.37,33.12,44.34,989.43,1,224.04
5626,10.0,74.43,43.72,31.82,40.1,932.2,1,225.04
5651,10.0,74.25,43.79,30.04,42.94,888.76,1,226.04
5676,10.0,73.96,43.78,29.08,46.57,877.61,1,227.04
5701,10.0,73.93,44.2,29.04,50.02,907.73,1,228.04
5726,10.0,74.24,44.83,29.44,51.91,935.03,1,229.04
5751,10.0,75.05,45.43,29.48,50.89,944.46,1,230.04
5776,10.0,76.08,45.64,29.11,47.14,929.75,1,231.04
5801,10.0,75.99,45.6,29.45,42.19,889.24,1,232.04
5826,10.0,74.2,45.93,30.88,41.28,880.54,1,233.04
5851,10.0,72.22,46.73,32.84,38.08,875.43,1,234.04
5876,10.0,71.44,47.54,34.08,35.5,857.66,1,235.04
5901,10.0,71.61,47.7,33.98,33.56,775.41,1,236.04
5926,10.0,72.26,47.05,33.65,31.51,672.74,1,237.04
5951,10.0,73.39,45.86,36.12,30.54,684.0,1,238.04
5976,10.0,74.23,43.73,39.24,30.62,767.21,1,239.04
6001,10.0,74.08,40.54,39.66,31.32,858.87,1,240.04
6026,10.0,72.9,37.19,37.89,33.14,911.01,1,241.04
6051,10.0,70.79,34.0,36.05,35.1,946.73,1,242.04
6076,10.0,67.8,30.93,35.36,38.88,992.84,1,243.04
6101,10.0,64.05,28.06,35.83,42.18,1059.84,1,244.04
6126,10.0,59.83,25.92,37.23,44.38,1150.38,1,245.04
6151,10.0,56.02,24.51,39.1,44.98,1254.3,1,246.04
6176,10.0,53.24,23.64,43.76,47.48,1388.18,1,247.04
6201,10.0,51.54,23.37,48.19,49.92,1518.91,1,248.04
6226,10.0,50.63,23.4,50.28,52.47,1581.61,1,249.04
6251,10.0,50.38,23.43,50.12,55.3,1584.28,1,250.04
6276,10.0,50.69,23.44,49.06,57.08,1557.75,1,251.04
6301,10.0,51.21,23.48,47.24,58.16,1521.54,1,252.04
6326,10.0,51.85,23.53,45.15,58.09,1460.75,1,253.04
6351,10.0,52.62,23.42,42.79,58.73,1414.09,1,254.04
6376,10.0,53.47,23.27,39.71,59.81,1357.56,1,255.04
6401,10.0,54.78,23.38,36.25,60.02,1282.87,1,256.04
6426,10.0,56.35,23.9,33.31,60.04,1198.55,1,257.04
6451,10.0,57.7,24.56,31.3,59.92,1122.71,1,258.04
6476,10.0,58.67,24.63,29.91,60.16,1089.7,1,259.04
6501,10.0,59.86,24.32,28.89,59.69,1084.01,1,260.04
6526,10.0,61.92,24.26,28.19,56.93,1058.61,1,261.04
6551,10.0,64.47,24.43,28.22,54.91,1016.09,1,262.04
6576,10.0,67.43,24.81,32.77,51.33,1058.08,1,263.04
6601,10.0,70.87,25.23,36.49,47.7,1081.4,1,264.04
6626,10.0,73.93,25.76,37.98,43.82,1085.89,1,265.04
6651,10.0,75.33,26.04,37.07,39.42,1018.73,1,266.04
6676,10.0,74.46,25.96,36.18,36.78,935.6,1,267.04
6701,10.0,72.1,25.95,36.71,36.62,909.39,1,268.04
6726,10.0,69.54,26.4,37.17,36.85,883.17,1,269.04
6751,10.0,67.6,27.4,36.95,36.27,830.2,1,270.04
6776,10.0,65.9,28.66,36.36,35.61,772.96,1,271.04
6801,10.0,65.01,29.64,35.5,36.48,783.77,1,272.04
6826,10.0,65.09,29.81,34.18,38.05,820.37,1,273.04
6851,10.0,65.17,29.72,32.56,39.79,845.78,1,274.04
6876,10.0,65.03,30.29,31.92,42.11,865.34,1,275.04
6901,10.0,65.23,31.4,31.55,44.17,866.46,1,276.04
6926,10.0,65.89,32.69,30.77,45.81,869.31,1,277.04
6951,10.0,67.27,33.87,30.66,46.85,890.77,1,278.04
6976,10.0,69.53,34.72,31.52,47.54,912.69,1,279.04
7001,10.0,72.21,35.52,33.39,46.38,937.62,1,280.04
7026,10.0,74.47,36.11,34.7,42.74,903.33,1,281.04
7051,10.0,76.13,36.64,33.96,39.72,829.67,1,282.04
7076,10.0,77.96,37.18,34.47,38.65,832.56,1,283.04
7101,10.0,79.77,37.64,36.25,37.25,855.4,1,284.04
7126,10.0,80.83,37.59,36.71,35.88,868.77,1,285.04
7151,10.0,80.89,36.83,36.55,34.67,881.51,1,286.04
7176,10.0,80.16,36.04,36.73,34.66,893.46,1,287.04
7201,10.0,78.9,35.45,36.69,34.11,884.95,1,288.04
7226,10.0,77.39,34.92,36.36,33.54,864.96,1,289.04
7251,10.0,75.71,34.41,36.03,33.97,850.56,1,290.04
7276,10.0,73.9,34.02,35.72,34.68,842.17,1,291.04
7301,10.0,72.05,33.77,35.33,35.53,835.43,1,292.04
7326,10.0,70.21,33.64,34.89,36.24,831.98,1,293.04
7351,10.0,68.41,33.54,34.41,36.76,831.89,1,294.04
7376,10.0,66.71,33.41,33.92,37.11,829.99,1,295.04
7401,10.0,65.14,33.15,33.43,37.67,830.65,1,296.04
7426,10.0,63.72,32.82,32.83,38.2,830.41,1,297.04
7451,10.0,62.44,32.51,32.06,38.74,831.52,1,298.04
7476,10.0,61.27,32.22,31.14,39.36,832.84,1,299.04
7501,10.0,60.14,32.01,30.46,39.75,829.32,1,300.04
7526,10.0,59.08,32.03,29.98,40.08,823.17,1,301.04
7551,10.0,58.08,32.26,29.52,40.4,812.84,1,302.04
7576,10.0,57.07,32.57,28.96,40.57,795.46,1,303.04
7601,10.0,56.04,32.9,28.23,40.43,775.1,1,304.04
7626,10.0,55.01,33.26,27.36,40.19,750.42,1,305.04
7651,10.0,54.02,33.63,26.74,39.53,717.65,1,306.04
7676,10.0,53.04,33.94,26.59,38.7,687.96,1,307.04
7701,10.0,52.08,34.2,26.5,38.66,673.42,1,308.04
7726,10.0,51.17,34.41,26.27,39.07,665.36,1,309.04
7751,10.0,50.27,34.57,25.74,38.96,652.03,1,310.04
7776,10.0,49.43,34.65,25.0,38.22,636.29,1,311.04
7801,10.0,48.55,34.43,24.39,37.3,629.94,1,312.04
7826,10.0,47.47,33.72,24.61,36.58,643.02,1,313.04
7851,10.0,46.05,32.46,25.23,36.04,664.38,1,314.04
7876,10.0,44.24,30.89,26.9,34.96,671.79,1,315.04
7901,10.0,42.38,29.35,29.23,36.62,698.6,1,316.04
7926,10.0,40.96,28.23,30.3,37.5,686.59,1,317.04
7951,10.0,40.1,27.4,29.63,38.82,662.72,1,318.04
7976,10.0,40.07,27.02,28.69,40.89,669.67,1,319.04
8001,10.0,40.7,26.96,28.83,43.53,706.57,1,320.04
8026,10.0,41.69,27.05,29.12,46.74,767.32,1,321.04
8051,10.0,42.77,27.13,29.39,50.01,843.34,1,322.04
8076,10.0,43.65,27.32,29.96,52.58,929.38,1,323.04
8101,10.0,44.32,27.6,31.3,54.86,1039.74,1,324.04
8126,10.0,45.02,27.88,33.07,57.42,1160.4,1,325.04
8151,10.0,45.85,28.41,34.68,60.08,1270.51,1,326.04
8176,10.0,46.81,29.22,35.52,62.57,1350.83,1,327.04
8201,10.0,47.85,30.45,35.36,64.3,1387.37,1,328.04
8226,10.0,49.1,32.03,34.93,64.67,1382.75,1,329.04
8251,10.0,50.63,33.72,34.21,64.28,1336.05,1,330.04
8276,10.0,52.32,35.36,33.41,63.74,1269.98,1,331.04
8301,10.0,53.95,36.83,33.54,62.94,1201.32,1,332.04
8326,10.0,55.41,38.26,34.2,61.15,1161.73,1,333.04
8351,10.0,57.11,39.59,34.01,57.75,1145.33,1,334.04
8376,10.0,58.32,40.73,33.7,51.48,993.62,1,335.04
8401,10.0,58.13,41.49,31.36,46.06,791.05,1,336.04
8426,10.0,57.14,42.01,27.73,42.67,637.24,1,337.04
8451,10.0,55.1,42.45,26.26,39.21,550.31,1,338.04
8476,10.0,52.68,43.2,26.69,36.04,539.59,1,339.04
8501,10.0,51.12,44.66,25.93,36.41,583.97,1,340.04
8526,10.0,49.66,46.57,28.01,36.96,632.15,1,341.04
8551,10.0,47.39,48.2,30.11,38.26,659.15,1,342.04
8576,10.0,44.34,49.59,31.92,36.83,681.82,1,343.04
8601,10.0,41.03,50.87,34.62,35.59,729.23,1,344.04
8626,10.0,38.51,51.99,37.55,36.39,776.44,1,345.04
8651,10.0,37.17,52.64,39.07,37.04,825.23,1,346.04
8676,10.0,36.45,52.74,39.16,37.16,882.34,1,347.04
8701,10.0,36.07,52.34,39.3,38.76,926.35,1,348.04
8726,10.0,35.94,51.81,37.74,40.95,956.05,1,349.04
8751,10.0,35.95,51.22,36.8,42.02,946.48,1,350.04
8776,10.0,36.5,50.1,36.47,42.59,961.08,1,351.04
8801,10.0,37.54,48.26,37.01,45.45,1024.87,1,352.04
8826,10.0,38.9,45.96,37.06,49.01,1104.05,1,353.04
8851,10.0,40.83,43.39,36.48,52.39,1177.55,1,354.04
8876,10.0,43.23,40.72,35.61,55.44,1229.28,1,355.04
8901,10.0,45.68,38.12,35.66,58.15,1271.01,1,356.04
8926,10.0,47.69,35.88,35.74,60.49,1315.1,1,357.04
8951,10.0,49.32,34.53,35.41,62.87,1338.36,1,358.04
8976,10.0,50.7,33.97,34.08,64.23,1303.65,1,359.04
9001,10.0,51.98,33.66,32.07,64.67,1223.39,1,360.04
9026,10.0,53.87,33.94,30.51,64.53,1145.36,1,361.04
9051,10.0,56.24,35.09,29.92,63.73,1093.36,1,362.04
9076,10.0,58.72,36.64,30.06,62.23,1061.91,1,363.04
9101,10.0,61.01,38.3,31.47,60.54,1060.31,1,364.04
9126,10.0,62.54,40.04,32.7,58.67,1045.94,1,365.04
9151,10.0,63.06,41.58,32.19,56.78,991.99,1,366.04
9176,10.0,63.18,42.55,31.03,55.51,958.75,1,367.04
9201,10.0,63.38,42.78,29.4,55.26,936.19,1,368.04
9226,10.0,63.6,42.28,28.21,55.69,909.05,1,369.04
9251,10.0,63.71,41.33,27.83,56.57,897.32,1,370.04
9276,10.0,63.51,40.27,27.83,57.13,942.13,1,371.04
9301,10.0,62.89,39.13,28.58,57.48,1034.36,1,372.04
9326,10.0,62.21,37.66,29.78,58.11,1112.57,1,373.04
9351,10.0,61.93,35.89,30.41,58.77,1134.47,1,374.04
9376,10.0,62.12,33.91,29.96,59.36,1109.84,1,375.04
9401,10.0,62.53,31.95,29.16,59.63,1074.32,1,376.04
9426,10.0,62.78,30.25,29.38,58.01,1047.96,1,377.04
9451,10.0,62.55,28.65,30.73,55.69,1040.26,1,378.04
9476,10.0,61.57,27.54,32.21,54.53,1038.83,1,379.04
9501,10.0,60.15,27.24,32.55,54.46,1020.89,1,380.04
9526,10.0,58.78,27.57,32.55,54.31,995.83,1,381.04
9551,10.0,57.92,28.23,32.87,53.75,964.98,1,382.04
9576,10.0,57.06,28.89,32.57,53.45,920.53,1,383.04
9601,10.0,55.91,29.51,31.9,53.95,912.34,1,384.04
9626,10.0,55.03,30.57,31.04,55.49,928.81,1,385.04
9651,10.0,54.96,31.93,29.53,57.29,924.51,1,386.04
9676,10.0,55.88,33.61,28.28,58.77,922.1,1,387.04
9701,10.0,57.45,35.35,29.01,59.01,1020.56,1,388.04
9726,10.0,59.52,36.7,34.21,57.24,1087.43,1,389.04
9751,10.0,62.2,37.79,38.3,54.87,1142.68,1,390.04
9776,10.0,65.36,38.57,40.27,52.89,1152.95,1,391.04
9801,10.0,68.83,38.7,40.84,50.34,1147.85,1,392.04
9826,10.0,72.23,38.34,41.72,46.43,1133.89,1,393.04
9851,10.0,75.17,37.94,42.45,40.41,1055.0,1,394.04
9876,10.0,77.76,37.54,44.26,34.13,975.78,1,395.04
9901,10.0,80.46,37.49,46.59,30.88,963.2,1,396.04
9926,10.0,82.9,37.87,48.85,30.49,1000.25,1,397.04
9951,10.0,84.22,38.56,49.3,30.63,1000.69,1,398.04
9976,10.0,84.69,39.22,47.84,31.66,973.41,1,399.04
10001,10.0,84.92,39.73,45.45,33.82,945.59,1,400.04
10026,10.0,84.88,40.4,42.78,35.56,901.26,1,401.04
10051,10.0,84.92,41.02,41.26,36.81,878.67,1,402.04
10076,10.0,85.09,41.35,39.53,37.65,867.47,1,403.04
10101,10.0,85.27,41.56,37.45,37.98,847.71,1,404.04
10126,10.0,85.48,41.79,38.5,37.92,862.67,1,405.04
10151,10.0,85.78,41.85,40.43,37.49,911.93,1,406.04
10176,10.0,86.06,41.76,41.51,36.25,915.29,1,407.04
10201,10.0,86.3,41.45,41.54,36.54,872.02,1,408.04
10226,10.0,86.59,40.91,40.94,35.74,803.18,1,409.04
10251,10.0,86.89,40.33,39.36,36.08,805.36,1,410.04
10276,10.0,87.25,39.86,39.08,36.61,793.07,1,411.04
10301,10.0,87.73,39.43,39.1,36.13,763.27,1,412.04
10326,10.0,88.34,38.89,38.8,35.8,729.84,1,413.04
10351,10.0,89.03,38.4,38.46,36.61,723.1,1,414.04
10376,10.0,89.64,38.09,38.05,37.22,719.24,1,415.04
10401,10.0,90.13,38.1,37.95,37.5,717.8,1,416.04
10426,10.0,90.5,38.17,38.19,37.75,737.79,1,417.04
10451,10.0,90.67,38.51,37.42,38.32,747.02,1,418.04
10476,10.0,90.69,39.19,35.96,39.08,723.8,1,419.04
10501,10.0,90.74,39.8,34.9,39.93,736.39,1,420.04
10526,10.0,90.13,40.65,34.1,40.67,762.33,1,421.04
10551,10.0,88.66,41.23,35.58,40.99,768.81,1,422.04
10576,10.0,86.38,42.28,35.81,41.17,805.19,1,423.04
10601,10.0,83.88,43.34,35.58,41.12,861.43,1,424.04
10626,10.0,81.63,44.19,35.79,40.64,893.44,1,425.04
10651,10.0,79.65,44.82,36.82,39.34,903.69,1,426.04
10676,10.0,77.9,45.41,38.08,42.46,897.75,1,427.04
10701,10.0,76.34,46.1,39.6,44.65,884.05,1,428.04
10726,10.0,74.85,46.64,40.76,45.95,945.58,1,429.04
10751,10.0,73.2,46.61,40.25,46.76,968.08,1,430.04
10776,10.0,71.23,45.83,38.73,47.54,978.14,1,431.04
10801,10.0,69.17,44.43,36.64,47.79,1009.58,1,432.04
10826,10.0,67.37,42.87,33.55,47.25,1063.52,1,433.04
10851,10.0,66.0,41.59,30.87,46.45,1081.94,1,434.04
10876,10.0,64.89,40.55,30.02,45.92,1095.48,1,435.04
10901,10.0,63.86,39.31,29.08,47.95,1127.54,1,436.04
10926,10.0,63.09,37.65,27.64,51.9,1161.93,1,437.04
10951,10.0,62.76,35.54,29.21,54.94,1180.71,1,438.04
10976,10.0,62.96,33.15,30.64,56.77,1156.73,1,439.04
11001,10.0,63.72,30.75,31.38,57.58,1135.57,1,440.04
11026,10.0,65.03,28.44,31.42,57.83,1215.94,1,441.04
11051,10.0,67.24,26.63,31.18,56.58,1259.56,1,442.04
11076,10.0,70.25,25.58,32.87,53.96,1266.27,1,443.04
11101,10.0,73.06,25.13,35.08,50.31,1249.34,1,444.04
11126,10.0,74.3,25.11,34.97,45.61,1119.37,1,445.04
11151,10.0,73.38,25.41,32.9,43.17,943.34,1,446.04
11176,10.0,71.25,26.18,31.35,42.56,836.1,1,447.04
11201,10.0,69.23,27.56,30.04,44.02,798.27,1,448.04
11226,10.0,68.13,29.07,28.94,46.68,787.51,1,449.04
11251,10.0,67.99,30.38,28.27,51.5,812.85,1,450.04
11276,10.0,68.45,31.79,27.33,55.54,832.92,1,451.04
11301,10.0,69.24,33.47,26.16,56.94,803.29,1,452.04
11326,10.0,70.33,35.2,26.4,56.19,792.6,1,453.04
11351,10.0,71.57,36.74,26.42,54.48,771.32,1,454.04
11376,10.0,72.58,37.94,26.2,52.08,751.62,1,455.04
11401,10.0,73.0,38.68,25.89,50.1,761.12,1,456.04
11426,10.0,72.99,39.01,25.57,50.52,792.22,1,457.04
11451,10.0,72.88,38.88,26.49,51.9,859.94,1,458.04
11476,10.0,72.76,38.04,27.72,53.23,907.04,1,459.04
11501,10.0,72.41,36.68,28.77,52.19,937.83,1,460.04
11526,10.0,71.83,35.43,29.88,49.77,943.4,1,461.04
11551,10.0,70.6,34.27,30.94,46.84,962.05,1,462.04
11576,10.0,68.08,32.89,33.38,44.3,965.34,1,463.04
11601,10.0,64.76,31.46,34.76,42.47,944.47,1,464.04
11626,10.0,61.52,30.93,34.82,40.68,921.01,1,465.04
11651,10.0,59.08,31.75,34.09,38.8,872.6,1,466.04
11676,10.0,58.17,32.8,32.73,37.59,822.48,1,467.04
11701,10.0,59.38,33.41,33.89,35.02,781.84,1,468.04
11726,10.0,61.65,34.17,37.21,31.42,815.53,1,469.04
11751,10.0,63.89,34.95,39.91,32.33,845.96,1,470.04
11776,10.0,66.0,35.16,43.54,33.16,884.76,1,471.04
11801,10.0,67.8,35.0,44.09,34.16,969.63,1,472.04
11826,10.0,69.6,35.06,43.25,35.32,1043.94,1,473.04
11851,10.0,71.77,35.55,42.88,37.74,1127.49,1,474.04
11876,10.0,73.89,36.23,42.85,41.08,1204.15,1,475.04
11901,10.0,75.6,36.52,42.43,43.53,1245.01,1,476.04
11926,10.0,77.28,36.86,41.52,45.17,1234.57,1,477.04
11951,10.0,78.53,37.72,40.0,45.02,1171.92,1,478.04
11976,10.0,78.95,38.7,38.2,42.24,1056.75,1,479.04
12001,10.0,79.18,39.45,36.91,38.29,949.38,1,480.04
12026,10.0,79.19,39.79,36.38,39.07,925.21,1,481.04
12051,10.0,78.75,39.6,35.97,40.49,890.33,1,482.04
12076,10.0,78.24,38.83,35.26,43.06,914.56,1,483.04
12101,10.0,78.54,37.1,34.63,46.08,979.67,1,484.04
12126,10.0,79.97,35.26,35.11,47.1,1019.86,1,485.04
12151,10.0,82.0,34.09,36.4,44.66,987.35,1,486.04
12176,10.0,83.97,33.21,37.69,40.26,937.06,1,487.04
12201,10.0,85.6,32.48,40.07,36.37,921.42,1,488.04
12226,10.0,86.36,32.31,42.75,34.92,922.57,1,489.04
12251,10.0,86.11,32.27,40.23,34.55,830.17,1,490.04
12276,10.0,85.64,32.57,34.64,33.32,676.77,1,491.04
12301,10.0,85.8,32.78,29.06,31.09,508.41,1,492.04
12326,10.0,87.08,31.71,25.06,28.57,427.08,1,493.04
12351,10.0,88.96,29.61,23.56,27.36,387.59,1,494.04
12376,10.0,90.67,27.4,22.1,27.59,365.27,1,495.04
12401,10.0,92.31,25.18,20.07,28.17,339.99,1,496.04
12426,10.0,93.83,23.21,17.61,29.21,298.94,1,497.04
12451,10.0,95.0,21.6,16.03,30.02,245.99,1,498.04
12476,10.0,96.07,20.3,14.91,29.89,194.86,1,499.04
12501,10.0,97.07,19.23,14.18,29.61,172.46,1,500.04
12526,10.0,97.44,18.59,13.93,28.27,165.86,1,501.04
12551,10.0,97.52,18.34,14.54,25.73,167.46,1,502.04
12576,10.0,97.41,18.15,15.1,23.69,168.33,1,503.04
12601,10.0,97.31,17.74,16.29,22.83,178.11,1,504.04
12626,10.0,97.21,17.18,17.66,22.43,188.53,1,505.04
12651,10.0,96.89,16.82,17.99,20.01,180.04,1,506.04
12676,10.0,96.11,16.74,17.99,18.1,172.24,1,507.04
12701,10.0,95.03,16.88,18.01,16.34,161.29,1,508.04
12726,10.0,93.86,17.14,18.24,14.45,151.29,1,509.04
12751,10.0,92.7,17.12,17.8,12.29,135.89,1,510.04
12776,10.0,91.64,17.23,17.64,10.29,120.82,1,511.04
12801,10.0,90.69,17.23,18.99,9.75,120.6,1,512.04
12826,10.0,90.06,17.43,19.14,9.43,106.4,1,513.04
12851,10.0,89.21,17.47,19.33,9.8,99.99,1,514.04
12876,10.0,88.27,17.55,20.03,10.18,100.28,1,515.04
12901,10.0,87.07,17.82,20.19,10.48,98.96,1,516.04
12926,10.0,85.82,18.09,20.26,10.54,99.11,1,517.04
12951,10.0,84.36,18.2,19.55,10.96,104.87,1,518.04
12976,10.0,82.54,19.47,18.94,10.28,104.82,1,519.04
13001,10.0,81.38,19.46,19.05,9.19,101.86,1,520.04
13026,10.0,79.9,19.8,18.77,9.03,108.65,1,521.04
13051,10.0,78.35,20.17,18.26,10.66,122.81,1,522.04
13076,10.0,76.88,20.56,17.71,12.53,138.11,1,523.04
13101,10.0,75.41,21.13,17.04,14.14,150.13,1,524.04
13126,10.0,73.91,22.15,16.4,14.89,151.53,1,525.04
13151,10.0,72.5,22.9,16.15,16.51,157.73,1,526.04
13176,9.0,70.25,23.77,15.81,18.2,162.14,1,527.04
13201,10.0,69.62,23.75,15.35,21.83,184.19,1,528.04
13226,10.0,68.16,24.35,14.76,23.71,189.77,1,529.04
13251,10.0,66.66,24.88,14.05,25.89,193.05,1,530.04
13276,10.0,65.15,25.44,14.12,28.03,206.07,1,531.04
13301,10.0,63.68,25.96,15.08,29.64,225.45,1,532.04
13326,10.0,62.24,26.49,16.06,30.88,245.79,1,533.04
13351,10.0,60.84,26.97,17.0,31.87,264.07,1,534.04
13376,10.0,59.46,27.37,17.63,32.57,277.46,1,535.04
13401,10.0,58.12,27.81,17.8,33.01,286.61,1,536.04
13426,10.0,56.84,28.28,17.71,33.52,295.11,1,537.04
13451,10.0,55.61,28.68,17.52,34.37,305.61,1,538.04
13476,9.0,53.72,29.44,16.94,34.75,309.43,1,539.04
13501,10.0,53.24,28.88,16.06,34.69,316.72,1,540.04
13526,10.0,52.12,29.54,14.79,34.89,316.17,1,541.04
13551,10.0,51.07,30.13,13.36,34.9,303.87,1,542.04
13576,10.0,50.05,30.49,12.81,34.54,296.03,1,543.04
13601,10.0,49.06,30.91,12.61,34.89,295.56,1,544.04
13626,10.0,47.65,32.41,12.02,34.4,287.06,1,545.04
13651,10.0,46.76,32.94,11.47,33.93,274.98,1,546.04
13676,10.0,45.97,33.5,11.56,33.47,269.77,1,547.04
13701,10.0,45.2,33.81,11.93,33.31,321.86,1,548.04
13726,10.0,44.65,33.98,13.44,33.96,361.12,1,549.04
13751,10.0,44.33,33.96,14.68,34.71,393.65,1,550.04
13776,10.0,44.12,33.88,15.53,35.56,424.03,1,551.04
13801,10.0,44.02,33.82,16.23,36.15,443.59,1,552.04
13826,10.0,44.18,33.71,17.33,36.93,475.92,1,553.04
13851,10.0,44.39,33.07,18.95,38.36,532.08,1,554.04
13876,10.0,44.14,32.56,21.04,39.99,596.83,1,555.04
13901,10.0,44.12,32.72,22.96,42.08,673.17,1,556.04
13926,10.0,44.47,33.89,24.6,43.14,738.22,1,557.04
13951,10.0,44.58,34.49,25.3,42.37,739.06,1,558.04
13976,10.0,44.27,33.44,23.3,41.32,682.13,1,559.04
14001,10.0,43.83,31.47,22.02,40.27,633.42,1,560.04
14026,10.0,44.23,29.92,23.4,40.11,647.28,1,561.04
14051,10.0,45.23,30.49,23.78,41.47,696.32,1,562.04
14076,10.0,45.57,32.89,23.81,42.26,710.92,1,563.04
14101,10.0,44.77,35.61,23.97,41.51,693.87,1,564.04
14126,10.0,43.04,38.08,24.57,39.7,684.13,1,565.04
14151,10.0,40.74,40.62,25.77,40.33,732.2,1,566.04
14176,10.0,37.72,43.12,28.02,41.97,836.96,1,567.04
14201,10.0,34.32,45.18,31.04,41.71,946.83,1,568.04
14226,10.0,31.01,46.55,33.7,38.25,957.2,1,569.04
14251,10.0,28.12,47.49,35.64,34.53,922.22,1,570.04
14276,10.0,26.19,48.68,36.27,33.21,926.28,1,571.04
14301,10.0,25.19,49.78,35.74,35.82,959.72,1,572.04
14326,10.0,24.77,50.18,35.03,37.44,1012.61,1,573.04
14351,10.0,24.79,50.0,37.06,40.29,1092.2,1,574.04
14376,10.0,24.8,49.42,39.45,42.63,1190.8,1,575.04
14401,10.0,24.94,48.54,41.43,44.55,1254.38,1,576.04
14426,10.0,25.51,47.75,42.28,46.36,1274.77,1,577.04
14451,10.0,26.28,47.59,42.23,48.05,1275.79,1,578.04
14476,10.0,26.93,47.86,41.23,48.82,1211.97,1,579.04
14501,10.0,27.36,48.07,40.15,48.53,1104.79,1,580.04
14526,10.0,28.21,48.55,39.03,48.15,1005.96,1,581.04
14551,10.0,29.64,49.5,37.59,47.87,954.99,1,582.04
14576,10.0,31.17,50.47,35.94,46.64,899.92,1,583.04
14601,10.0,32.63,51.0,34.73,44.92,826.24,1,584.04
14626,10.0,34.05,51.11,34.63,41.92,756.55,1,585.04
14651,10.0,35.47,51.02,34.7,39.36,721.53,1,586.04
14676,10.0,36.82,50.82,34.62,36.98,694.48,1,587.04
14701,10.0,38.08,50.61,34.39,35.45,679.61,1,588.04
14726,10.0,39.24,50.43,34.21,35.05,694.56,1,589.04
14751,10.0,40.34,50.32,34.29,35.14,720.62,1,590.04
14776,10.0,41.34,50.19,34.8,35.58,762.19,1,591.04
14801,10.0,42.21,50.06,36.09,36.34,824.72,1,592.04
14826,10.0,42.75,49.93,38.02,37.09,899.02,1,593.04
14851,10.0,42.49,49.66,39.76,37.98,985.37,1,594.04
14876,10.0,41.55,48.85,40.68,39.9,1083.86,1,595.04
14901,10.0,40.23,47.41,41.03,42.92,1197.86,1,596.04
14926,10.0,38.77,45.62,41.39,45.81,1322.06,1,597.04
14951,10.0,37.21,43.75,42.7,48.57,1467.72,1,598.04
14976,10.0,35.64,41.73,44.54,51.19,1602.98,1,599.04
15001,10.0,34.39,39.58,45.55,53.24,1709.17,1,600.04
15026,10.0,33.97,37.42,45.01,54.93,1739.27,1,601.04
15051,10.0,34.6,35.2,42.74,56.07,1682.44,1,602.04
15076,10.0,35.94,32.92,40.08,55.52,1555.7,1,603.04
15101,10.0,37.09,30.53,38.02,53.07,1396.29,1,604.04
15126,10.0,37.59,28.29,36.26,49.64,1200.2,1,605.04
15151,10.0,37.44,26.44,34.59,46.61,1046.01,1,606.04
15176,10.0,36.71,24.67,33.41,45.58,983.51,1,607.04
15201,10.0,36.09,22.87,33.04,45.82,980.4,1,608.04
15226,10.0,35.69,21.57,33.56,45.3,995.96,1,609.04
15251,10.0,34.75,20.87,34.4,44.31,1001.95,1,610.04
15276,10.0,32.98,20.6,34.37,41.75,943.69,1,611.04
15301,10.0,30.85,20.43,33.29,38.82,856.75,1,612.04
15326,10.0,28.92,20.22,31.47,37.11,774.0,1,613.04
15351,10.0,27.38,20.09,29.15,35.49,689.75,1,614.04
15376,10.0,26.31,20.05,26.74,34.73,615.32,1,615.04
15401,10.0,25.7,19.84,25.0,35.21,568.47,1,616.04
15426,10.0,25.57,19.56,23.73,35.66,548.91,1,617.04
15451,10.0,26.07,19.42,22.25,35.72,542.24,1,618.04
15476,10.0,27.34,19.85,20.24,36.38,524.75,1,619.04
15501,10.0,29.09,21.06,18.67,36.32,501.96,1,620.04
15526,10.0,30.85,22.98,17.66,36.48,507.07,1,621.04
15551,10.0,32.52,25.91,17.66,37.42,537.26,1,622.04
15576,10.0,33.65,29.51,19.12,38.99,593.37,1,623.04
15601,10.0,34.03,33.11,20.79,39.99,647.64,1,624.04
15626,10.0,34.8,35.64,22.8,39.64,689.32,1,625.04
15651,10.0,36.73,36.37,25.02,37.6,692.83,1,626.04
15676,10.0,39.19,35.76,26.76,36.53,703.9,1,627.04
15701,10.0,41.47,34.22,27.61,37.28,734.64,1,628.04
15726,10.0,42.96,31.96,26.47,38.99,741.89,1,629.04
15751,10.0,43.37,29.67,25.03,40.66,717.99,1,630.04
15776,10.0,42.91,28.03,24.77,40.02,689.63,1,631.04
15801,10.0,41.93,27.27,24.84,37.79,648.02,1,632.04
15826,10.0,40.55,27.29,24.95,38.01,626.72,1,633.04
15851,10.0,39.15,28.34,24.99,39.32,643.19,1,634.04
15876,10.0,38.31,30.59,26.07,40.62,690.14,1,635.04
15901,10.0,37.87,33.47,28.08,41.31,761.23,1,636.04
15926,10.0,37.14,36.22,30.55,40.65,819.46,1,637.04
15951,10.0,36.02,38.22,31.95,38.5,830.63,1,638.04
15976,10.0,35.3,39.7,31.17,36.71,804.35,1,639.04
16001,10.0,35.27,41.17,32.02,35.93,815.84,1,640.04
16026,10.0,35.56,42.44,32.48,35.19,827.36,1,641.04
16051,10.0,35.65,43.09,31.73,34.21,793.67,1,642.04
16076,10.0,35.03,42.97,30.18,31.84,694.59,1,643.04
16101,10.0,33.73,41.83,28.42,28.71,576.06,1,644.04
16126,10.0,32.15,39.71,26.85,27.01,501.1,1,645.04
16151,10.0,30.01,36.8,25.63,26.96,460.92,1,646.04
16176,10.0,26.9,33.92,26.08,25.86,471.47,1,647.04
16201,10.0,23.25,31.71,29.05,27.4,517.23,1,648.04
16226,10.0,20.23,29.89,31.71,30.74,582.46,1,649.04
16251,10.0,19.79,28.45,31.18,31.44,593.81,1,650.04
16276,10.0,22.15,27.97,29.93,28.71,522.65,1,651.04
16301,10.0,25.65,28.04,32.28,29.16,560.38,1,652.04
16326,10.0,29.98,28.73,36.37,29.9,622.91,1,653.04
16351,10.0,34.76,29.2,40.72,30.09,755.7,1,654.04
16376,10.0,39.73,29.45,44.4,29.53,876.71,1,655.04
16401,10.0,44.8,30.09,48.41,28.7,977.66,1,656.04
16426,10.0,49.72,30.74,52.07,27.96,1088.36,1,657.04
16451,10.0,54.4,31.01,55.12,28.4,1167.16,1,658.04
16476,10.0,58.59,31.24,55.39,29.38,1139.99,1,659.04
16501,10.0,62.23,31.36,53.73,30.11,1084.46,1,660.04
16526,10.0,65.12,31.72,54.95,30.47,1114.09,1,661.04
16551,10.0,66.83,32.15,57.81,30.79,1151.99,1,662.04
16576,10.0,67.32,32.6,59.98,31.04,1173.04,1,663.04
16601,10.0,66.85,33.57,61.09,31.42,1176.74,1,664.04
16626,10.0,65.85,35.04,61.67,32.72,1199.46,1,665.04
16651,10.0,64.74,36.59,61.42,33.91,1224.85,1,666.04
16676,10.0,63.79,37.82,60.15,35.06,1220.37,1,667.04
16701,10.0,63.03,39.49,58.14,36.82,1229.39,1,668.04
16726,10.0,62.52,40.62,56.71,37.08,1245.3,1,669.04
16751,10.0,62.19,41.54,55.37,35.69,1215.61,1,670.04
16776,10.0,61.95,41.92,53.74,34.62,1150.62,1,671.04
16801,10.0,61.55,41.49,51.56,33.86,1089.55,1,672.04
16826,10.0,60.8,40.49,49.67,33.85,1057.51,1,673.04
16851,10.0,59.72,39.18,48.35,34.01,1032.68,1,674.04
16876,10.0,58.3,37.68,47.76,33.91,1010.3,1,675.04
16901,10.0,56.4,35.96,48.29,33.9,1010.5,1,676.04
16926,10.0,54.01,34.15,49.3,34.34,1026.76,1,677.04
16951,10.0,51.16,32.35,49.76,34.07,1026.54,1,678.04
16976,10.0,47.8,30.7,50.41,33.01,999.62,1,679.04
17001,10.0,44.19,29.28,53.85,31.62,1025.23,1,680.04
17026,10.0,39.62,28.19,57.91,30.73,1072.59,1,681.04
17051,10.0,34.61,27.55,61.69,29.43,1102.32,1,682.04
17076,10.0,30.17,27.44,65.13,27.49,1060.88,1,683.04
17101,10.0,26.66,27.63,65.45,25.46,948.22,1,684.04
17126,10.0,24.74,28.06,63.89,22.8,833.6,1,685.04
17151,10.0,24.67,28.41,62.46,21.48,737.1,1,686.04
17176,10.0,24.89,28.3,60.18,20.78,685.25,1,687.04
17201,10.0,23.68,27.85,59.11,22.72,723.39,1,688.04
17226,10.0,22.17,27.63,60.48,24.91,745.65,1,689.04
17251,10.0,22.03,28.11,59.47,25.94,763.99,1,690.04
17276,10.0,22.45,28.6,57.09,26.05,817.58,1,691.04
17301,10.0,22.0,28.12,55.43,29.17,896.84,1,692.04
17326,10.0,20.71,27.31,53.74,30.92,904.79,1,693.04
17351,10.0,19.99,26.97,51.42,29.14,812.16,1,694.04
17376,10.0,20.31,27.2,48.43,26.5,697.42,1,695.04
17401,10.0,21.09,28.35,44.55,24.35,624.21,1,696.04
17426,10.0,21.76,30.32,40.22,24.64,574.52,1,697.04
17451,10.0,21.72,32.71,36.63,26.02,553.5,1,698.04
17476,10.0,20.62,35.22,34.56,28.45,567.46,1,699.04
17501,10.0,18.99,37.51,33.06,31.12,605.68,1,700.04
17526,10.0,17.98,39.59,30.29,33.32,601.08,1,701.04
17551,10.0,17.86,41.3,25.93,33.52,521.53,1,702.04
17576,10.0,18.37,42.72,21.16,32.57,441.55,1,703.04
17601,10.0,18.84,43.71,17.93,33.17,398.91,1,704.04
17626,10.0,19.55,44.82,16.79,34.63,361.55,1,705.04
17651,10.0,20.91,45.44,16.64,35.06,345.57,1,706.04
17676,10.0,22.99,45.26,17.93,33.71,344.34,1,707.04
17701,10.0,25.21,44.04,19.17,32.72,366.42,1,708.04
17726,10.0,27.07,42.11,17.79,32.63,392.38,1,709.04
17751,10.0,28.34,39.89,17.89,34.09,426.45,1,710.04
17776,10.0,29.04,37.5,18.49,35.89,465.76,1,711.04
17801,10.0,29.09,34.98,18.81,36.96,492.3,1,712.04
17826,10.0,28.59,32.58,18.75,37.52,498.04,1,713.04
17851,10.0,28.04,30.88,19.13,37.68,493.64,1,714.04
17876,10.0,27.87,29.85,19.52,37.4,489.36,1,715.04
17901,10.0,27.7,28.95,19.66,36.99,484.87,1,716.04
17926,10.0,27.2,28.27,19.49,36.69,461.67,1,717.04
17951,10.0,26.43,28.48,20.46,35.94,429.71,1,718.04
17976,10.0,25.64,29.51,19.95,34.37,375.5,1,719.04
18001,10.0,25.17,31.15,19.59,32.02,330.69,1,720.04
18026,10.0,24.96,32.82,19.99,30.19,314.1,1,721.04
18051,10.0,24.9,35.0,19.76,30.14,323.97,1,722.04
18076,10.0,24.55,37.26,19.73,30.92,338.89,1,723.04
18101,10.0,23.92,39.12,20.47,31.31,372.71,1,724.04
18126,10.0,23.16,40.87,21.64,31.25,420.84,1,725.04
18151,10.0,21.95,42.09,22.86,32.08,452.02,1,726.04
18176,10.0,20.15,42.81,23.88,32.28,463.63,1,727.04
18201,10.0,18.34,43.55,24.73,33.67,491.49,1,728.04
18226,10.0,17.6,44.36,24.38,35.35,497.09,1,729.04
18251,10.0,18.18,45.08,23.68,36.7,503.98,1,730.04
18276,10.0,19.24,45.64,23.33,36.86,506.2,1,731.04
18301,10.0,20.63,46.15,24.11,36.84,545.49,1,732.04
18326,10.0,22.31,46.48,25.69,37.33,603.04,1,733.04
18351,10.0,23.69,46.06,25.85,37.02,589.72,1,734.04
18376,10.0,24.46,44.95,25.28,35.39,536.64,1,735.04
18401,10.0,24.65,43.68,25.35,35.09,516.81,1,736.04
18426,10.0,24.44,42.47,27.46,36.8,619.7,1,737.04
18451,10.0,24.41,41.53,29.38,39.04,739.02,1,738.04
18476,10.0,24.66,40.49,29.69,40.02,804.48,1,739.04
18501,10.0,24.49,38.83,29.95,38.45,795.91,1,740.04
18526,10.0,23.35,37.12,31.97,37.1,800.13,1,741.04
18551,10.0,22.09,36.03,34.88,36.74,827.2,1,742.04
18576,10.0,21.29,35.4,35.44,35.98,801.03,1,743.04
18601,10.0,20.71,35.05,33.88,34.12,720.92,1,744.04
18626,10.0,20.19,34.85,31.33,31.58,631.48,1,745.04
18651,10.0,19.65,34.58,27.8,29.63,531.13,1,746.04
18676,10.0,19.0,34.3,24.64,27.41,427.69,1,747.04
18701,10.0,17.99,33.96,22.94,25.02,331.52,1,748.04
18726,10.0,16.77,33.57,21.58,22.25,271.59,1,749.04
18751,10.0,15.6,33.23,21.02,19.28,228.61,1,750.04
18776,10.0,14.51,33.06,19.79,16.09,182.35,1,751.04
18801,10.0,13.56,32.99,18.79,13.01,131.77,1,752.04
18826,10.0,12.74,32.98,17.7,11.44,79.58,1,753.04
18851,10.0,11.78,32.83,16.54,8.96,46.44,1,754.04
18876,10.0,10.64,32.55,15.43,7.49,35.49,1,755.04
18901,10.0,10.01,32.85,15.33,8.87,54.68,1,756.04
18926,10.0,9.41,32.97,15.19,9.28,72.57,1,757.04
18951,10.0,8.97,33.13,14.92,10.25,83.46,1,758.04
18976,10.0,7.93,32.88,14.37,11.46,91.13,1,759.04
19001,10.0,7.66,33.06,13.47,13.2,102.12,1,760.04
19026,10.0,7.46,33.34,12.42,14.13,107.99,1,761.04
19051,10.0,7.41,33.52,12.41,14.62,112.7,1,762.04
19076,10.0,7.39,33.68,12.43,14.74,110.33,1,763.04
19101,10.0,7.59,34.05,12.88,14.88,103.94,1,764.04
19126,10.0,7.69,33.97,13.43,15.58,112.38,1,765.04
19151,10.0,7.79,34.05,14.44,15.79,120.16,1,766.04
19176,10.0,8.1,34.3,14.6,15.87,117.63,1,767.04
19201,10.0,8.56,34.4,14.6,16.16,119.4,1,768.04
19226,10.0,8.75,34.25,14.9,16.27,117.6,1,769.04
19251,10.0,8.92,34.08,14.28,16.32,125.96,1,770.04
19276,10.0,8.95,33.78,12.35,15.9,113.57,1,771.04
19301,10.0,8.9,33.66,11.21,15.46,103.17,1,772.04
19326,10.0,8.98,33.72,12.03,16.55,108.94,1,773.04
19351,10.0,8.92,33.42,12.65,19.84,134.32,1,774.04
19376,10.0,8.68,32.81,12.03,23.0,147.86,1,775.04
19401,10.0,8.54,32.52,12.21,24.79,160.58,1,776.04
19426,9.0,7.95,32.1,11.49,24.43,152.78,1,777.04
19451,10.0,8.43,32.64,11.35,27.05,163.66,1,778.04
19476,10.0,7.9,32.11,11.32,27.97,160.34,1,779.04
19501,10.0,7.29,31.11,11.63,27.09,160.71,1,780.04
19526,10.0,7.46,30.79,12.12,25.13,169.19,1,781.04
19551,10.0,8.46,31.51,12.8,23.23,190.59,1,782.04
19576,10.0,9.57,32.82,12.4,23.52,195.48,1,783.04
19601,10.0,10.55,34.28,10.19,26.26,164.97,1,784.04
19626,10.0,10.84,35.54,10.51,29.03,168.12,1,785.04
19651,10.0,10.12,36.45,13.18,30.33,209.29,1,786.04
19676,10.0,9.63,37.07,15.1,29.16,248.0,1,787.04
19701,10.0,11.11,37.73,16.12,26.53,252.14,1,788.04
19726,10.0,14.23,38.01,18.12,25.22,278.68,1,789.04
19751,10.0,18.05,37.65,19.68,25.33,332.12,1,790.04
19776,10.0,21.92,36.85,20.88,26.22,384.39,1,791.04
19801,10.0,24.74,35.43,23.44,29.13,487.73,1,792.04
19826,10.0,25.41,33.33,26.39,33.42,622.11,1,793.04
19851,10.0,24.27,31.09,28.78,37.27,737.24,1,794.04
19876,10.0,22.98,29.07,29.83,39.14,825.03,1,795.04
19901,10.0,23.26,27.23,30.36,39.53,884.35,1,796.04
19926,10.0,24.99,25.79,31.38,40.64,943.79,1,797.04
19951,10.0,27.22,24.85,33.33,43.53,986.84,1,798.04
19976,10.0,29.9,24.48,35.27,45.78,1005.57,1,799.04
20001,10.0,33.04,24.82,36.36,46.66,1015.88,1,800.04
20026,10.0,36.56,25.54,36.26,46.63,1049.38,1,801.04
20051,10.0,40.03,26.38,35.41,46.98,1070.65,1,802.04
20076,10.0,43.21,27.66,34.47,47.9,1094.96,1,803.04
20101,10.0,46.18,29.63,33.4,48.88,1102.97,1,804.04
20126,10.0,48.8,31.94,31.61,50.36,1083.24,1,805.04
20151,10.0,51.28,33.92,31.23,50.64,1064.93,1,806.04
20176,10.0,53.58,35.53,31.45,49.0,1031.35,1,807.04
20201,10.0,55.59,36.54,31.69,45.91,967.86,1,808.04
20226,10.0,57.26,36.9,31.68,43.57,875.52,1,809.04
20251,10.0,58.56,37.04,31.43,43.68,781.16,1,810.04
20276,10.0,59.72,37.36,31.2,44.15,749.23,1,811.04
20301,10.0,60.96,37.89,31.01,47.14,821.95,1,812.04
20326,10.0,62.2,38.6,30.96,50.66,881.58,1,813.04
20351,10.0,63.12,39.3,30.84,53.28,931.13,1,814.04
20376,10.0,63.56,39.83,30.54,55.76,959.1,1,815.04
20401,10.0,63.75,40.32,30.49,57.25,976.47,1,816.04
20426,10.0,63.75,41.11,30.78,57.22,1003.09,1,817.04
20451,10.0,63.59,41.69,30.86,56.64,995.78,1,818.04
20476,10.0,63.28,41.9,30.64,56.8,996.38,1,819.04
20501,10.0,62.91,41.7,30.4,57.56,1020.09,1,820.04
20526,10.0,62.44,41.0,29.33,58.18,1067.5,1,821.04
20551,10.0,61.74,39.82,29.12,58.75,1122.29,1,822.04
20576,10.0,61.08,38.55,29.15,59.36,1180.13,1,823.04
20601,10.0,60.84,37.15,29.53,59.97,1223.79,1,824.04
20626,10.0,60.99,35.62,30.07,60.7,1226.71,1,825.04
20651,10.0,61.27,34.09,30.56,61.52,1249.37,1,826.04
20676,10.0,61.33,32.52,31.26,62.21,1318.5,1,827.04
20701,10.0,61.12,31.0,31.81,62.21,1364.28,1,828.04
20726,10.0,61.13,29.62,32.3,61.84,1349.27,1,829.04
20751,10.0,61.82,28.66,31.82,61.14,1278.67,1,830.04
20776,10.0,62.67,28.18,31.2,60.24,1194.56,1,831.04
20801,10.0,62.75,28.26,31.77,60.07,1137.96,1,832.04
20826,10.0,62.1,28.72,32.54,60.55,1146.58,1,833.04
20851,10.0,61.37,29.25,33.21,61.05,1160.7,1,834.04
20876,10.0,60.99,30.1,33.39,61.12,1155.08,1,835.04
20901,10.0,60.94,31.28,32.77,61.11,1120.32,1,836.04
20926,10.0,61.37,32.58,31.61,61.16,1070.54,1,837.04
20951,10.0,62.31,34.24,30.51,60.57,1016.59,1,838.04
20976,10.0,64.13,35.91,32.77,58.44,1049.43,1,839.04
21001,10.0,67.03,36.95,38.61,55.82,1162.3,1,840.04
21026,10.0,70.34,37.32,44.47,53.52,1270.94,1,841.04
21051,10.0,73.15,37.57,47.62,50.5,1277.76,1,842.04
21076,10.0,74.64,38.41,47.05,44.72,1127.91,1,843.04
21101,10.0,74.81,39.8,44.02,38.07,926.02,1,844.04
21126,10.0,74.06,41.52,40.37,37.45,811.86,1,845.04
21151,10.0,72.69,42.92,38.14,37.38,775.74,1,846.04
21176,10.0,70.87,43.12,34.64,36.31,722.55,1,847.04
21201,10.0,68.79,42.32,34.82,34.91,679.15,1,848.04
21226,10.0,66.62,41.13,35.24,33.39,673.85,1,849.04
21251,10.0,64.68,39.89,35.88,32.15,647.08,1,850.04
21276,10.0,63.78,38.98,36.75,31.36,616.85,1,851.04
21301,10.0,63.16,38.64,36.84,31.11,601.55,1,852.04
21326,10.0,62.06,38.38,36.18,30.97,600.41,1,853.04
21351,10.0,60.74,37.99,35.58,31.2,607.46,1,854.04
21376,10.0,59.33,37.5,35.15,31.55,618.16,1,855.04
21401,10.0,57.83,36.98,34.78,31.89,624.98,1,856.04
21426,10.0,56.29,36.44,34.36,32.16,624.09,1,857.04
21451,10.0,54.78,35.83,33.78,32.29,618.74,1,858.04
21476,10.0,53.34,35.12,32.65,32.53,603.4,1,859.04
21501,10.0,52.04,34.48,30.8,33.06,581.33,1,860.04
21526,10.0,50.86,33.97,29.73,34.13,562.41,1,861.04
21551,10.0,49.83,33.54,28.92,34.87,548.91,1,862.04
21576,10.0,48.93,33.08,27.72,35.59,533.45,1,863.04
21601,10.0,48.09,32.54,26.44,36.43,516.6,1,864.04
21626,10.0,47.22,32.09,25.3,36.88,522.31,1,865.04
21651,10.0,46.42,31.66,24.59,37.58,524.71,1,866.04
21676,10.0,45.76,30.84,24.26,38.72,548.66,1,867.04
21701,10.0,45.29,29.49,24.31,39.95,601.86,1,868.04
21726,10.0,45.23,28.01,24.45,40.81,648.97,1,869.04
21751,10.0,45.62,27.0,25.14,40.76,664.15,1,870.04
21776,10.0,46.33,26.13,24.08,39.96,657.4,1,871.04
21801,10.0,47.43,25.78,23.67,39.69,666.32,1,872.04
21826,10.0,48.51,26.12,23.88,40.73,713.57,1,873.04
21851,10.0,49.41,27.06,23.9,42.03,742.54,1,874.04
21876,10.0,50.15,28.24,23.39,43.0,749.74,1,875.04
21901,10.0,50.48,29.53,22.53,43.5,736.19,1,876.04
21926,10.0,50.3,31.0,21.7,43.56,707.5,1,877.04
21951,10.0,49.87,32.78,22.07,43.75,702.36,1,878.04
21976,10.0,49.64,34.86,24.16,44.09,738.85,1,879.04
22001,10.0,49.95,36.92,26.83,44.11,784.96,1,880.04
22026,10.0,50.58,37.73,28.47,44.36,805.06,1,881.04
22051,10.0,50.96,36.85,27.64,44.07,783.36,1,882.04
22076,10.0,50.84,35.09,25.93,42.94,737.57,1,883.04
22101,10.0,50.36,32.88,24.89,42.08,714.66,1,884.04
22126,10.0,49.74,30.38,24.33,41.3,739.33,1,885.04
22151,10.0,49.34,28.0,25.07,41.3,789.12,1,886.04
22176,10.0,49.09,26.37,26.53,40.58,821.56,1,887.04
22201,10.0,49.43,25.84,27.37,39.93,843.96,1,888.04
22226,10.0,50.66,26.37,28.34,39.76,896.86,1,889.04
22251,10.0,52.25,27.44,31.58,39.49,961.77,1,890.04
22276,10.0,54.05,28.92,34.14,39.43,1033.03,1,891.04
22301,10.0,56.04,30.59,34.48,39.22,1059.86,1,892.04
22326,10.0,57.92,31.95,33.69,40.32,1044.18,1,893.04
22351,10.0,59.41,33.35,33.35,41.35,1046.81,1,894.04
22376,10.0,60.62,35.37,34.3,41.67,1064.04,1,895.04
22401,10.0,61.87,37.7,35.37,41.59,1078.29,1,896.04
22426,10.0,63.2,39.73,36.69,41.75,1077.28,1,897.04
22451,10.0,63.69,41.79,37.01,40.84,1042.83,1,898.04
22476,10.0,62.67,43.62,38.44,39.57,1074.85,1,899.04
22501,10.0,60.37,45.32,41.27,39.32,1177.09,1,900.04
22526,10.0,57.64,47.01,42.55,38.8,1218.67,1,901.04
22551,10.0,55.02,48.2,41.83,37.5,1194.97,1,902.04
22576,10.0,52.32,48.93,41.67,35.84,1175.18,1,903.04
22601,10.0,49.32,49.41,43.4,34.65,1225.28,1,904.04
22626,10.0,46.24,49.47,45.46,34.05,1291.9,1,905.04
22651,10.0,43.36,49.18,46.54,34.85,1338.32,1,906.04
22676,10.0,40.74,48.77,47.27,35.09,1356.88,1,907.04
22701,10.0,38.24,48.44,47.41,33.71,1308.64,1,908.04
22726,10.0,35.65,48.29,46.5,31.58,1217.02,1,909.04
22751,10.0,32.94,48.18,45.11,29.31,1112.15,1,910.04
22776,10.0,30.24,48.14,43.86,26.88,1007.15,1,911.04
22801,10.0,27.71,48.23,42.26,25.35,915.87,1,912.04
22826,10.0,25.56,48.43,40.43,25.15,855.91,1,913.04
22851,10.0,23.74,48.41,39.99,25.31,793.3,1,914.04
22876,10.0,22.13,48.35,38.82,25.49,743.22,1,915.04
22901,10.0,20.72,48.34,36.22,25.85,688.16,1,916.04
22926,10.0,19.77,48.47,32.33,25.84,617.77,1,917.04
22951,10.0,19.48,48.82,27.49,26.75,539.79,1,918.04
22976,10.0,19.94,49.21,25.46,29.05,484.53,1,919.04
23001,10.0,21.41,49.22,22.61,29.86,439.02,1,920.04
23026,10.0,23.47,47.88,21.21,32.54,444.95,1,921.04
23051,10.0,25.53,45.82,20.71,34.91,471.25,1,922.04
23076,10.0,27.29,43.69,21.32,37.52,533.7,1,923.04
23101,10.0,28.85,41.64,22.32,40.02,585.35,1,924.04
23126,10.0,29.91,39.17,22.79,42.08,636.96,1,925.04
23151,10.0,30.25,36.42,22.76,43.28,682.8,1,926.04
23176,10.0,30.34,33.75,22.59,43.8,718.16,1,927.04
23201,10.0,30.48,31.32,22.02,43.37,740.78,1,928.04
23226,10.0,30.43,29.15,21.14,42.32,723.72,1,929.04
23251,10.0,30.37,26.96,21.05,42.23,711.12,1,930.04
23276,10.0,30.63,25.24,21.11,42.48,733.06,1,931.04
23301,10.0,30.93,24.04,21.38,42.5,756.02,1,932.04
23326,10.0,31.53,23.38,22.49,41.88,776.53,1,933.04
23351,10.0,32.95,23.53,22.2,41.55,744.93,1,934.04
23376,10.0,34.51,23.95,21.44,40.59,683.86,1,935.04
23401,10.0,35.9,25.03,21.05,39.41,613.69,1,936.04
23426,10.0,36.95,26.59,21.43,39.62,568.04,1,937.04
23451,10.0,37.94,28.51,22.48,40.81,577.19,1,938.04
23476,10.0,38.64,31.13,22.89,42.09,617.79,1,939.04
23501,10.0,39.17,34.19,22.92,42.61,653.38,1,940.04
23526,10.0,40.54,37.15,22.52,42.55,694.42,1,941.04
23551,10.0,43.2,39.33,24.4,43.1,744.13,1,942.04
23576,10.0,46.31,40.32,26.03,43.12,762.27,1,943.04
23601,10.0,48.76,40.55,23.82,43.05,741.47,1,944.04
23626,10.0,49.97,40.6,24.46,41.6,729.0,1,945.04
23651,10.0,50.4,40.48,26.92,39.45,727.19,1,946.04
23676,10.0,50.51,40.39,29.0,37.52,701.55,1,947.04
23701,10.0,49.89,40.06,29.67,35.16,624.61,1,948.04
23726,10.0,48.54,39.49,29.68,33.37,554.85,1,949.04
23751,10.0,46.6,39.18,29.78,30.41,525.5,1,950.04
23776,10.0,43.74,39.31,31.02,27.94,524.77,1,951.04
23801,10.0,40.17,39.94,33.31,28.37,557.13,1,952.04
23826,10.0,36.74,40.97,35.03,30.57,604.86,1,953.04
23851,10.0,34.17,41.99,35.87,32.47,663.9,1,954.04
23876,10.0,32.74,42.76,35.38,33.61,713.64,1,955.04
23901,10.0,31.86,43.26,32.96,33.51,716.48,1,956.04
23926,10.0,31.25,43.53,29.94,33.91,682.61,1,957.04
23951,10.0,30.62,43.49,27.17,33.17,573.59,1,958.04
23976,10.0,30.18,44.07,25.73,32.57,499.75,1,959.04
24001,10.0,30.3,44.26,25.21,32.64,453.99,1,960.04
24026,10.0,30.79,43.65,23.91,33.15,441.37,1,961.04
24051,10.0,31.39,42.1,21.65,34.45,456.31,1,962.04
24076,10.0,31.72,39.68,19.57,35.89,466.04,1,963.04
24101,10.0,31.6,36.94,19.41,37.54,495.48,1,964.04
24126,10.0,30.88,34.33,20.19,38.6,555.33,1,965.04
24151,10.0,29.49,32.15,21.75,38.02,599.49,1,966.04
24176,10.0,27.72,30.39,23.43,36.11,615.91,1,967.04
24201,10.0,25.65,28.9,25.55,34.56,614.3,1,968.04
24226,10.0,23.08,27.73,27.69,34.05,593.84,1,969.04
24251,10.0,20.35,26.85,29.82,33.41,583.97,1,970.04
24276,10.0,18.44,26.46,30.35,33.68,578.08,1,971.04
24301,10.0,18.07,26.41,29.07,33.31,563.52,1,972.04
24326,10.0,19.09,26.45,27.41,32.55,553.04,1,973.04
24351,10.0,20.87,26.64,25.43,32.35,534.53,1,974.04
24376,10.0,22.83,27.27,23.64,33.07,523.13,1,975.04
24401,10.0,24.49,28.7,22.28,34.37,530.84,1,976.04
24426,10.0,25.71,31.33,21.31,35.89,527.43,1,977.04
24451,10.0,26.4,34.78,21.47,37.56,536.36,1,978.04
24476,10.0,26.53,38.54,22.49,39.05,572.58,1,979.04
24501,10.0,26.22,41.85,23.19,40.6,588.26,1,980.04
24526,10.0,25.19,44.19,24.33,39.29,572.89,1,981.04
24551,10.0,23.72,45.06,26.58,35.24,574.38,1,982.04
24576,10.0,22.73,45.17,27.82,28.82,516.89,1,983.04
24601,10.0,22.51,45.32,27.64,26.3,459.74,1,984.04
24626,10.0,23.08,45.4,26.81,26.73,427.34,1,985.04
24651,10.0,24.44,45.18,26.17,28.68,438.77,1,986.04
24676,10.0,26.13,44.57,24.82,31.46,464.23,1,987.04
24701,10.0,27.88,43.86,23.36,33.84,482.33,1,988.04
24726,10.0,29.46,43.29,22.35,35.85,495.99,1,989.04
24751,10.0,30.62,42.35,22.23,37.27,516.13,1,990.04
24776,10.0,31.31,40.8,22.68,38.78,548.31,1,991.04
24801,10.0,31.53,38.72,21.79,41.0,585.26,1,992.04
24826,10.0,31.47,36.27,19.95,43.04,620.62,1,993.04
24851,10.0,31.31,33.95,19.81,43.6,647.97,1,994.04
24876,10.0,31.11,32.37,20.88,42.31,653.25,1,995.04
24901,10.0,30.72,31.51,22.03,39.62,637.14,1,996.04
24926,10.0,29.84,31.45,23.36,36.71,580.9,1,997.04
24951,10.0,28.25,32.16,24.59,33.6,508.75,1,998.04
24976,10.0,26.1,32.92,25.19,31.48,423.18,1,999.04
25001,10.0,24.02,33.68,26.77,27.28,362.47,1,1000.04
25026,10.0,22.85,34.99,28.6,23.29,326.97,1,1001.04
25051,10.0,23.48,36.38,29.47,21.15,319.31,1,1002.04
25076,10.0,25.69,37.03,29.66,19.99,350.57,1,1003.04
25101,10.0,28.62,36.88,29.74,19.82,403.26,1,1004.04
25126,10.0,31.61,36.54,30.13,23.7,467.18,1,1005.04
25151,10.0,33.85,36.46,32.26,28.85,564.07,1,1006.04
25176,10.0,35.13,36.74,34.23,34.76,669.11,1,1007.04
25201,10.0,36.19,37.18,35.55,40.0,768.43,1,1008.04
25226,10.0,37.67,37.71,36.55,44.53,862.27,1,1009.04
25251,10.0,39.45,38.33,37.48,48.65,950.99,1,1010.04
25276,10.0,41.14,38.93,37.96,51.98,1012.4,1,1011.04
25301,10.0,42.35,39.46,37.81,54.78,1046.76,1,1012.04
25326,10.0,42.99,39.81,37.68,57.48,1123.09,1,1013.04
25351,10.0,43.06,39.88,37.43,59.46,1195.82,1,1014.04
25376,10.0,42.9,39.6,36.41,60.87,1253.64,1,1015.04
25401,10.0,43.09,38.88,35.02,62.29,1275.5,1,1016.04
25426,10.0,43.83,37.78,33.7,63.15,1259.4,1,1017.04
25451,10.0,44.78,36.56,32.32,63.99,1231.6,1,1018.04
25476,10.0,45.85,35.14,31.37,63.11,1199.09,1,1019.04
25501,10.0,47.52,33.84,30.78,62.56,1185.68,1,1020.04
25526,10.0,49.72,32.46,29.91,61.76,1172.19,1,1021.04
25551,10.0,52.01,31.13,29.09,60.47,1142.42,1,1022.04
25576,10.0,54.02,29.97,28.86,58.88,1093.88,1,1023.04
25601,10.0,55.57,29.12,29.03,58.59,1063.47,1,1024.04
25626,10.0,56.67,28.6,29.33,59.25,1062.69,1,1025.04
25651,10.0,57.5,27.97,29.88,60.01,1091.08,1,1026.04
25676,10.0,58.75,27.17,30.66,60.0,1118.44,1,1027.04
25701,10.0,60.67,26.42,30.88,58.41,1102.28,1,1028.04
25726,10.0,62.62,25.68,31.31,56.45,1131.1,1,1029.04
25751,10.0,64.28,24.91,34.02,55.73,1167.14,1,1030.04
25776,10.0,65.64,24.26,35.38,55.65,1189.74,1,1031.04
25801,10.0,66.8,23.61,36.01,55.58,1196.03,1,1032.04
25826,10.0,67.85,22.93,36.3,55.3,1203.41,1,1033.04
25851,10.0,68.89,22.34,36.96,54.41,1213.7,1,1034.04
25876,10.0,69.79,21.72,37.38,53.28,1206.1,1,1035.04
25901,10.0,70.47,21.35,36.34,51.44,1151.87,1,1036.04
25926,10.0,70.95,21.03,35.28,49.97,1118.68,1,1037.04
25951,10.0,71.35,20.82,34.63,49.5,1096.72,1,1038.04
25976,10.0,71.53,21.33,34.04,49.69,1079.13,1,1039.04
26001,10.0,71.74,21.96,32.64,50.57,1052.16,1,1040.04
26026,10.0,72.14,22.44,31.94,51.6,1021.18,1,1041.04
26051,10.0,72.36,22.72,31.71,52.5,1000.6,1,1042.04
26076,10.0,72.2,23.14,31.77,53.61,1008.19,1,1043.04
26101,10.0,71.6,23.67,31.8,54.88,1040.92,1,1044.04
26126,10.0,70.45,24.32,31.75,56.63,1084.17,1,1045.04
26151,10.0,68.89,25.38,31.56,58.47,1150.34,1,1046.04
26176,10.0,67.28,26.74,30.43,60.04,1203.87,1,1047.04
26201,10.0,65.68,27.51,28.74,60.98,1228.51,1,1048.04
26226,10.0,64.42,27.28,28.21,60.8,1248.96,1,1049.04
26251,10.0,64.49,26.93,32.0,58.79,1272.15,1,1050.04
26276,10.0,65.9,26.46,36.96,56.4,1308.93,1,1051.04
26301,10.0,67.7,25.52,38.86,54.94,1285.92,1,1052.04
26326,10.0,69.82,24.94,37.09,53.22,1268.97,1,1053.04
26351,10.0,72.51,25.01,38.56,51.46,1301.08,1,1054.04
26376,10.0,75.01,25.31,40.65,48.25,1318.24,1,1055.04
26401,10.0,76.86,25.54,40.0,43.48,1218.12,1,1056.04
26426,10.0,78.1,25.47,38.3,41.57,1055.59,1,1057.04
26451,10.0,79.23,24.84,37.42,41.03,949.02,1,1058.04
26476,10.0,80.42,24.7,38.73,38.43,906.12,1,1059.04
26501,10.0,81.07,25.39,41.64,37.15,898.43,1,1060.04
26526,10.0,81.2,26.63,42.82,37.42,883.05,1,1061.04
26551,10.0,81.31,27.73,42.52,37.64,843.27,1,1062.04
26576,10.0,81.54,28.54,40.92,38.47,801.74,1,1063.04
26601,10.0,81.78,29.3,39.2,39.48,763.41,1,1064.04
26626,10.0,82.01,30.09,37.63,40.33,721.97,1,1065.04
26651,10.0,82.1,30.91,36.89,40.66,691.77,1,1066.04
26676,10.0,82.14,31.64,36.88,40.84,688.67,1,1067.04
26701,10.0,82.24,32.43,37.02,41.0,684.58,1,1068.04
26726,10.0,82.51,32.85,37.24,41.1,703.79,1,1069.04
26751,10.0,82.96,33.21,37.71,41.0,734.93,1,1070.04
26776,10.0,83.62,33.28,38.52,41.02,780.33,1,1071.04
26801,10.0,84.36,33.84,39.41,40.94,800.45,1,1072.04
26826,10.0,84.99,34.2,40.05,40.64,816.87,1,1073.04
26851,10.0,85.28,34.4,40.09,40.11,819.11,1,1074.04
26876,10.0,85.53,34.58,40.66,39.38,802.02,1,1075.04
26901,10.0,85.7,34.81,41.18,38.97,787.8,1,1076.04
26926,10.0,85.94,34.94,41.53,38.68,804.22,1,1077.04
26951,10.0,86.43,34.9,41.72,37.95,801.4,1,1078.04
26976,10.0,87.03,35.12,41.96,37.27,806.51,1,1079.04
27001,10.0,87.41,35.55,42.27,36.78,809.96,1,1080.04
27026,10.0,87.67,35.91,42.59,36.47,813.34,1,1081.04
27051,10.0,88.02,35.91,42.9,36.41,817.82,1,1082.04
27076,10.0,88.29,36.08,43.02,36.64,811.52,1,1083.04
27101,10.0,88.63,36.69,42.95,36.96,800.67,1,1084.04
27126,10.0,89.7,37.44,42.84,37.7,798.39,1,1085.04
27151,10.0,90.15,37.95,42.26,38.43,815.32,1,1086.04
27176,10.0,88.99,38.2,43.76,37.83,838.47,1,1087.04
27201,10.0,87.05,37.72,42.93,38.11,831.68,1,1088.04
27226,10.0,85.13,36.44,40.55,40.46,828.46,1,1089.04
27251,10.0,83.65,35.03,38.35,42.61,820.02,1,1090.04
27276,10.0,82.76,33.83,36.42,43.56,798.47,1,1091.04
27301,10.0,82.51,33.14,37.86,42.57,834.8,1,1092.04
27326,10.0,83.04,32.74,40.44,41.81,906.77,1,1093.04
27351,10.0,83.75,32.47,43.62,42.88,1001.57,1,1094.04
27376,10.0,83.86,32.83,46.13,44.22,1032.02,1,1095.04
27401,10.0,83.39,32.94,47.35,44.72,1058.07,1,1096.04
27426,10.0,82.25,33.14,47.26,44.63,1075.76,1,1097.04
27451,10.0,80.82,33.24,46.76,44.39,1082.06,1,1098.04
27476,10.0,79.35,33.18,46.63,43.62,1086.1,1,1099.04
27501,10.0,77.75,33.1,46.28,42.45,1059.04,1,1100.04
27526,10.0,75.88,33.17,44.35,41.28,998.35,1,1101.04
27551,10.0,73.78,33.14,41.22,40.04,934.2,1,1102.04
27576,10.0,71.57,33.37,37.88,38.99,896.58,1,1103.04
27601,10.0,69.43,33.5,36.62,38.06,908.84,1,1104.04
27626,10.0,67.4,33.55,36.48,37.2,925.98,1,1105.04
27651,10.0,65.52,33.62,36.29,36.34,931.84,1,1106.04
27676,10.0,63.86,33.65,35.67,35.44,922.09,1,1107.04
27701,10.0,62.45,33.6,34.72,34.46,899.26,1,1108.04
27726,10.0,61.23,33.71,34.5,33.62,881.27,1,1109.04
27751,10.0,60.24,33.8,34.7,34.43,893.27,1,1110.04
27776,10.0,59.45,33.79,34.87,36.75,929.76,1,1111.04
27801,10.0,58.82,33.66,35.12,38.87,982.16,1,1112.04
27826,10.0,58.32,33.41,35.74,40.33,1040.02,1,1113.04
27851,10.0,57.83,33.09,36.34,41.86,1103.26,1,1114.04
27876,10.0,57.16,32.74,36.51,43.43,1150.43,1,1115.04
27901,10.0,56.26,32.47,36.01,44.25,1156.79,1,1116.04
27926,10.0,55.14,32.28,35.13,43.43,1123.23,1,1117.04
27951,10.0,53.85,32.02,34.26,41.36,1065.15,1,1118.04
27976,10.0,52.52,31.73,33.45,39.27,1005.71,1,1119.04
28001,10.0,51.09,31.28,32.37,37.72,945.06,1,1120.04
28026,10.0,49.56,30.77,30.74,36.37,880.83,1,1121.04
28051,10.0,48.06,30.34,28.99,35.6,819.61,1,1122.04
28076,10.0,46.67,29.92,27.56,35.9,780.74,1,1123.04
28101,10.0,45.38,29.71,27.01,36.27,770.59,1,1124.04
28126,10.0,44.2,30.37,27.46,36.06,772.26,1,1125.04
28151,10.0,43.03,31.9,29.56,35.44,798.69,1,1126.04
28176,10.0,41.77,33.78,32.63,36.55,855.8,1,1127.04
28201,10.0,40.91,36.01,33.63,37.81,890.93,1,1128.04
28226,10.0,40.46,38.21,32.89,38.05,878.36,1,1129.04
28251,10.0,40.04,40.12,32.25,37.27,831.13,1,1130.04
28276,10.0,39.92,42.08,31.52,35.9,811.85,1,1131.04
28301,10.0,40.36,44.05,30.45,37.39,820.53,1,1132.04
28326,10.0,40.87,45.27,29.38,39.34,841.12,1,1133.04
28351,10.0,41.08,46.02,28.56,41.48,840.75,1,1134.04
28376,10.0,40.48,46.67,28.37,42.15,821.34,1,1135.04
28401,10.0,38.9,46.63,27.8,41.23,770.5,1,1136.04
28426,10.0,37.63,45.9,27.96,37.48,654.42,1,1137.04
28451,10.0,37.25,44.63,26.16,34.14,591.72,1,1138.04
28476,10.0,37.76,42.71,25.69,33.56,594.53,1,1139.04
28501,10.0,38.93,40.58,26.41,36.11,676.9,1,1140.04
28526,10.0,40.26,39.17,27.01,39.85,760.91,1,1141.04
28551,10.0,41.35,38.62,26.94,42.24,827.36,1,1142.04
28576,10.0,42.26,38.32,25.76,44.26,883.39,1,1143.04
28601,10.0,43.23,37.96,24.56,46.24,903.27,1,1144.04
28626,10.0,44.25,37.52,24.65,48.04,908.26,1,1145.04
28651,10.0,45.3,37.09,24.12,49.71,913.84,1,1146.04
28676,10.0,46.63,36.86,23.46,51.95,930.14,1,1147.04
28701,10.0,48.31,36.99,24.71,56.0,980.13,1,1148.04
28726,10.0,50.13,37.28,26.15,59.65,1025.98,1,1149.04
28751,10.0,51.81,37.54,27.16,60.54,1045.37,1,1150.04
28776,10.0,53.3,37.78,27.77,58.83,1034.73,1,1151.04
28801,10.0,54.59,38.06,28.29,56.94,1008.57,1,1152.04
28826,10.0,55.69,38.18,28.77,55.44,990.65,1,1153.04
28851,10.0,56.56,38.28,29.15,55.39,1021.41,1,1154.04
28876,10.0,56.79,38.04,29.94,55.49,1090.67,1,1155.04
28901,10.0,56.58,37.13,30.41,55.51,1151.08,1,1156.04
28926,10.0,56.57,36.41,30.99,55.4,1208.26,1,1157.04
28951,10.0,56.78,36.34,31.36,58.9,1259.33,1,1158.04
28976,10.0,57.01,35.97,31.13,61.67,1299.01,1,1159.04
29001,10.0,57.16,34.72,30.81,62.95,1334.74,1,1160.04
29026,10.0,57.38,32.96,31.03,62.97,1331.7,1,1161.04
29051,10.0,58.2,31.17,31.21,63.27,1285.5,1,1162.04
29076,10.0,59.06,29.71,31.34,63.79,1308.29,1,1163.04
29101,10.0,59.28,29.2,31.12,64.44,1388.25,1,1164.04
29126,10.0,59.2,29.84,30.62,64.87,1432.88,1,1165.04
29151,10.0,58.95,30.81,30.37,64.99,1416.66,1,1166.04
29176,10.0,58.75,31.92,30.66,64.6,1367.9,1,1167.04
29201,10.0,58.71,33.18,31.16,62.67,1341.51,1,1168.04
29226,10.0,58.25,34.47,31.85,60.89,1312.98,1,1169.04
29251,10.0,57.15,35.33,32.37,60.23,1295.98,1,1170.04
29276,10.0,55.88,35.08,31.89,60.5,1306.73,1,1171.04
29301,10.0,54.78,34.07,31.37,61.1,1345.37,1,1172.04
29326,10.0,53.96,32.93,31.26,61.27,1370.13,1,1173.04
29351,10.0,53.56,31.62,29.88,61.34,1374.69,1,1174.04
29376,10.0,53.43,30.12,30.29,60.89,1372.63,1,1175.04
29401,10.0,53.16,28.9,31.41,60.06,1388.4,1,1176.04
29426,10.0,52.95,27.87,32.64,59.82,1436.23,1,1177.04
29451,10.0,53.12,26.86,33.61,59.74,1479.78,1,1178.04
29476,10.0,53.98,26.19,33.83,59.22,1456.42,1,1179.04
29501,10.0,55.68,26.16,33.36,58.84,1360.38,1,1180.04
29526,10.0,57.58,26.77,32.83,59.06,1258.91,1,1181.04
29551,10.0,59.73,28.08,32.51,58.94,1177.95,1,1182.04
29576,10.0,62.32,29.94,33.08,57.73,1104.16,1,1183.04
29601,10.0,65.42,31.89,33.74,54.84,1037.09,1,1184.04
29626,10.0,68.86,33.39,34.33,48.95,972.11,1,1185.04
29651,10.0,72.53,34.62,36.8,43.38,954.39,1,1186.04
29676,10.0,75.95,35.79,39.51,39.54,960.66,1,1187.04
29701,10.0,78.59,36.62,40.4,36.45,926.24,1,1188.04
29726,10.0,80.29,37.08,39.96,35.38,870.97,1,1189.04
29751,10.0,81.17,37.54,39.72,34.26,854.36,1,1190.04
29776,10.0,81.78,38.02,41.32,31.99,855.82,1,1191.04
29801,10.0,82.12,38.55,44.38,31.13,881.88,1,1192.04
29826,10.0,82.17,39.36,47.62,31.42,920.12,1,1193.04
29851,10.0,82.22,40.16,48.17,32.55,934.15,1,1194.04
29876,10.0,82.56,40.35,45.64,33.19,889.51,1,1195.04
29901,10.0,82.68,40.23,43.35,33.16,875.81,1,1196.04
29926,10.0,82.05,39.87,41.45,32.95,844.91,1,1197.04
29951,10.0,80.97,39.36,40.22,32.59,804.67,1,1198.04
29976,10.0,79.63,38.96,39.71,32.82,781.43,1,1199.04
30001,10.0,78.14,38.58,39.5,33.43,773.67,1,1200.04
30026,10.0,76.57,38.17,38.83,34.39,775.06,1,1201.04
30051,10.0,74.91,37.78,37.8,35.29,788.0,1,1202.04
30076,10.0,73.15,37.36,37.24,36.38,808.01,1,1203.04
30101,10.0,71.38,36.86,37.16,37.85,829.88,1,1204.04
30126,10.0,69.7,36.3,37.1,39.18,851.82,1,1205.04
30151,10.0,68.22,35.77,36.94,40.15,876.41,1,1206.04
30176,10.0,66.94,35.32,36.78,40.97,901.12,1,1207.04
30201,10.0,65.76,34.94,36.4,41.75,914.94,1,1208.04
30226,10.0,64.66,34.72,35.47,42.34,919.8,1,1209.04
30251,10.0,63.68,34.69,34.15,42.33,913.01,1,1210.04
30276,10.0,62.81,34.72,32.88,41.68,902.1,1,1211.04
30301,10.0,62.06,34.62,31.91,40.74,903.46,1,1212.04
30326,10.0,61.39,34.54,31.32,39.9,907.12,1,1213.04
30351,10.0,60.72,34.61,30.95,39.31,905.33,1,1214.04
30376,10.0,59.98,34.9,31.03,39.45,906.3,1,1215.04
30401,10.0,59.25,35.51,31.52,40.06,912.59,1,1216.04
30426,10.0,58.55,36.49,31.68,40.52,929.89,1,1217.04
30451,10.0,57.77,37.72,31.57,40.52,934.88,1,1218.04
30476,10.0,56.97,38.92,31.26,39.75,910.08,1,1219.04
30501,10.0,56.45,39.63,30.73,38.96,865.9,1,1220.04
30526,10.0,56.3,39.7,30.46,39.33,841.41,1,1221.04
30551,10.0,56.37,39.16,30.64,39.83,843.14,1,1222.04
30576,10.0,56.48,38.06,31.84,39.47,864.3,1,1223.04
30601,10.0,56.55,36.37,33.53,38.4,899.93,1,1224.04
30626,10.0,56.66,34.38,34.32,37.11,938.57,1,1225.04
30651,10.0,56.69,32.34,34.11,37.38,966.74,1,1226.04
30676,10.0,56.47,30.39,32.14,39.54,959.19,1,1227.04
30701,10.0,56.15,29.07,29.19,39.69,899.02,1,1228.04
30726,10.0,55.81,28.42,28.1,39.48,836.48,1,1229.04
30751,10.0,55.76,28.36,27.26,40.12,816.64,1,1230.04
30776,10.0,56.03,29.08,26.28,40.47,808.76,1,1231.04
30801,10.0,55.99,30.51,25.49,40.1,775.01,1,1232.04
30826,10.0,55.45,32.17,25.27,39.4,745.14,1,1233.04
30851,10.0,54.51,33.72,25.12,38.78,709.38,1,1234.04
30876,10.0,53.46,35.28,24.65,38.21,697.89,1,1235.04
30901,10.0,52.97,37.66,25.86,39.29,743.03,1,1236.04
30926,10.0,53.09,40.65,27.63,41.45,816.73,1,1237.04
30951,10.0,53.63,43.46,29.56,42.65,885.04,1,1238.04
30976,10.0,54.26,45.9,30.0,43.76,900.61,1,1239.04
31001,10.0,55.12,47.59,28.87,43.27,869.03,1,1240.04
31026,10.0,56.65,48.35,27.18,42.64,850.46,1,1241.04
31051,10.0,58.76,48.59,26.85,43.16,865.0,1,1242.04
31076,10.0,61.17,48.73,30.93,43.74,912.06,1,1243.04
31101,10.0,63.67,48.7,34.44,42.98,1007.92,1,1244.04
31126,10.0,65.96,48.62,36.1,40.15,1040.37,1,1245.04
31151,10.0,67.97,48.41,36.82,41.33,1092.81,1,1246.04
31176,10.0,69.75,47.89,35.51,41.14,1048.49,1,1247.04
31201,10.0,71.53,47.11,35.85,40.33,978.0,1,1248.04
31226,10.0,72.99,46.51,37.09,39.6,917.79,1,1249.04
31251,10.0,73.73,45.89,37.19,40.57,884.8,1,1250.04
31276,10.0,74.51,44.62,35.77,43.28,877.28,1,1251.04
31301,10.0,75.73,42.57,32.91,46.32,879.21,1,1252.04
31326,10.0,76.45,40.09,32.18,46.33,888.99,1,1253.04
31351,10.0,75.51,37.51,34.82,42.69,914.0,1,1254.04
31376,10.0,73.4,34.97,35.72,39.62,902.8,1,1255.04
31401,10.0,71.63,32.93,35.69,38.1,870.57,1,1256.04
31426,10.0,69.91,31.95,34.78,38.9,875.05,1,1257.04
31451,10.0,67.67,31.81,34.91,40.63,936.17,1,1258.04
31476,10.0,65.77,32.66,34.8,42.43,969.56,1,1259.04
31501,10.0,64.46,33.41,34.75,44.73,1015.8,1,1260.04
31526,10.0,63.93,33.53,33.78,46.94,1029.33,1,1261.04
31551,10.0,64.26,33.33,32.95,48.72,1028.45,1,1262.04
31576,10.0,64.9,33.19,32.15,49.4,1004.92,1,1263.04
31601,10.0,65.4,33.12,31.02,48.26,923.48,1,1264.04
31626,10.0,65.8,33.24,29.77,46.27,827.33,1,1265.04
31651,10.0,66.05,33.7,29.87,43.91,768.61,1,1266.04
31676,10.0,66.15,34.21,30.69,41.32,722.81,1,1267.04
31701,10.0,66.36,34.55,30.05,38.93,655.8,1,1268.04
31726,10.0,66.71,34.75,28.21,36.43,570.49,1,1269.04
31751,10.0,67.04,34.95,26.13,33.81,483.91,1,1270.04
31776,10.0,67.41,35.2,24.01,31.27,403.06,1,1271.04
31801,10.0,67.79,35.24,22.17,28.62,334.99,1,1272.04
31826,10.0,68.15,35.37,20.58,26.08,284.69,1,1273.04
31851,10.0,68.63,35.61,19.06,23.77,236.05,1,1274.04
31876,10.0,69.26,35.65,17.55,22.59,212.44,1,1275.04
31901,10.0,69.98,35.37,16.41,22.13,198.11,1,1276.04
31926,10.0,70.64,35.03,15.7,21.39,184.66,1,1277.04
31951,10.0,71.42,34.69,14.68,20.71,169.77,1,1278.04
31976,10.0,72.14,34.26,13.5,19.06,151.29,1,1279.04
32001,10.0,72.73,33.81,12.56,16.61,134.71,1,1280.04
32026,10.0,73.26,33.78,11.73,15.14,128.86,1,1281.04
32051,10.0,73.71,33.91,12.05,14.69,134.22,1,1282.04
32076,10.0,74.12,33.77,13.02,14.3,143.25,1,1283.04
32101,10.0,74.59,33.58,13.69,14.78,148.15,1,1284.04
32126,10.0,75.12,33.59,14.67,16.02,154.84,1,1285.04
32151,10.0,75.6,33.61,15.75,17.07,170.57,1,1286.04
32176,10.0,75.94,33.62,16.75,17.98,186.81,1,1287.04
32201,10.0,76.25,33.66,17.05,18.9,193.62,1,1288.04
32226,10.0,76.63,33.52,16.97,19.67,203.68,1,1289.04
32251,10.0,76.95,33.35,19.51,20.38,222.4,1,1290.04
32276,10.0,77.51,33.04,21.29,21.05,249.35,1,1291.04
32301,10.0,77.94,33.04,21.63,21.37,265.94,1,1292.04
32326,10.0,78.23,33.15,22.76,21.66,289.11,1,1293.04
32351,10.0,78.46,33.24,24.22,21.99,316.06,1,1294.04
32376,10.0,78.65,33.41,25.66,22.22,341.73,1,1295.04
32401,10.0,78.94,33.55,26.95,22.35,363.71,1,1296.04
32426,10.0,79.23,33.57,28.02,22.47,366.61,1,1297.04
32451,10.0,79.35,33.75,28.61,23.07,368.99,1,1298.04
32476,10.0,79.42,33.69,28.86,24.55,385.86,1,1299.04
32501,10.0,79.56,33.61,29.05,26.12,405.94,1,1300.04
32526,10.0,79.69,33.47,29.23,29.22,445.74,1,1301.04
32551,10.0,79.88,33.57,29.2,27.63,415.53,1,1302.04
32576,10.0,80.01,33.22,29.39,28.54,427.51,1,1303.04
32601,10.0,79.99,33.12,30.42,29.08,445.51,1,1304.04
32626,10.0,79.9,33.17,31.48,29.32,462.24,1,1305.04
32651,10.0,79.9,33.16,32.22,29.29,477.64,1,1306.04
32676,10.0,79.99,33.12,32.9,29.68,499.22,1,1307.04
32701,10.0,80.22,33.15,33.61,31.0,530.75,1,1308.04
32726,10.0,80.46,33.45,34.29,31.57,555.67,1,1309.04
32751,10.0,80.63,33.62,34.54,31.72,564.71,1,1310.04
32776,10.0,80.82,33.56,34.78,31.76,564.89,1,1311.04
32801,10.0,80.97,33.58,35.01,32.14,575.4,1,1312.04
32826,10.0,81.09,33.51,35.41,33.08,599.1,1,1313.04
32851,9.0,80.64,31.93,36.57,32.98,615.4,1,1314.04
32876,10.0,82.28,33.37,40.06,31.4,630.08,1,1315.04
32901,10.0,82.24,33.29,40.62,27.35,587.64,1,1316.04
32926,10.0,80.62,33.22,39.87,25.03,563.51,1,1317.04
32951,10.0,78.1,34.18,37.87,27.18,607.16,1,1318.04
32976,10.0,75.35,35.84,36.07,31.4,678.25,1,1319.04
33001,10.0,72.6,37.46,34.93,35.73,746.4,1,1320.04
33026,10.0,69.82,38.84,34.28,38.32,800.86,1,1321.04
33051,10.0,67.06,40.1,33.98,39.68,837.92,1,1322.04
33076,10.0,64.51,41.1,33.41,40.68,877.36,1,1323.04
33101,10.0,62.39,41.45,31.98,41.82,891.83,1,1324.04
33126,10.0,60.69,41.22,29.77,42.45,871.47,1,1325.04
33151,10.0,59.33,41.01,28.06,43.31,872.16,1,1326.04
33176,10.0,58.23,40.96,28.16,44.02,885.51,1,1327.04
33201,10.0,57.43,41.09,29.21,44.09,908.34,1,1328.04
33226,10.0,56.74,41.28,30.91,43.67,936.61,1,1329.04
33251,10.0,55.99,41.45,32.55,46.7,979.86,1,1330.04
33276,10.0,55.23,41.28,33.44,49.98,1039.89,1,1331.04
33301,10.0,54.47,40.53,33.73,52.54,1109.44,1,1332.04
33326,10.0,53.29,39.82,33.74,54.81,1166.59,1,1333.04
33351,10.0,51.82,40.0,31.75,56.29,1148.92,1,1334.04
33376,10.0,50.74,41.25,29.12,56.69,1111.68,1,1335.04
33401,10.0,50.8,43.12,31.18,55.58,1110.4,1,1336.04
33426,10.0,52.42,44.52,33.07,52.48,1093.56,1,1337.04
33451,10.0,54.32,45.55,35.51,48.62,1015.0,1,1338.04
33476,10.0,56.17,46.52,36.94,46.35,935.31,1,1339.04
33501,10.0,57.76,47.45,36.55,44.2,854.11,1,1340.04
33526,10.0,58.6,47.54,34.97,40.54,761.43,1,1341.04
33551,10.0,58.96,46.6,32.36,37.58,666.0,1,1342.04
33576,10.0,59.08,44.93,29.95,35.6,599.65,1,1343.04
33601,10.0,59.1,42.65,29.51,34.93,589.34,1,1344.04
33626,10.0,58.55,39.58,29.44,35.96,648.76,1,1345.04
33651,10.0,57.19,36.65,29.3,37.41,728.46,1,1346.04
33676,10.0,55.04,33.89,29.61,38.34,798.43,1,1347.04
33701,10.0,52.39,31.43,30.17,39.25,858.14,1,1348.04
33726,10.0,49.99,29.62,30.23,39.8,888.76,1,1349.04
33751,10.0,48.14,28.88,30.34,40.57,868.44,1,1350.04
33776,10.0,46.32,28.68,30.39,41.04,829.39,1,1351.04
33801,10.0,44.17,28.42,30.56,40.3,801.51,1,1352.04
33826,10.0,41.47,27.86,33.15,38.45,807.19,1,1353.04
33851,10.0,37.96,27.28,38.53,36.16,859.07,1,1354.04
33876,10.0,33.91,27.02,45.14,33.43,924.71,1,1355.04
33901,10.0,29.8,27.12,51.71,30.36,979.69,1,1356.04
33926,10.0,26.28,27.41,56.49,27.56,999.04,1,1357.04
33951,10.0,24.17,27.97,58.95,27.18,1038.19,1,1358.04
33976,10.0,23.35,28.83,58.76,28.47,1058.87,1,1359.04
34001,10.0,23.36,29.79,57.35,29.38,1076.81,1,1360.04
34026,10.0,23.8,30.67,55.37,29.77,1084.15,1,1361.04
34051,10.0,24.49,31.42,53.19,30.0,1089.39,1,1362.04
34076,10.0,25.39,32.07,50.83,30.55,1089.36,1,1363.04
34101,10.0,26.44,32.71,48.6,31.2,1066.45,1,1364.04
34126,10.0,27.57,33.24,46.17,32.24,1042.03,1,1365.04
34151,10.0,28.87,33.75,43.44,33.06,1007.17,1,1366.04
34176,10.0,30.16,34.24,41.7,33.7,987.9,1,1367.04
34201,10.0,31.4,34.55,40.35,34.75,995.15,1,1368.04
34226,10.0,32.84,34.9,39.26,35.85,1000.74,1,1369.04
34251,10.0,34.32,35.25,38.28,37.4,1008.97,1,1370.04
34276,10.0,35.67,35.5,37.55,38.8,1025.31,1,1371.04
34301,10.0,36.94,35.66,36.8,39.95,1036.06,1,1372.04
34326,10.0,38.12,35.86,35.79,41.36,1039.99,1,1373.04
34351,10.0,39.19,36.15,34.07,42.84,1027.71,1,1374.04
34376,10.0,40.16,36.55,32.24,44.39,1004.23,1,1375.04
34401,10.0,41.04,37.12,30.01,45.66,966.76,1,1376.04
34426,10.0,41.81,37.9,28.09,46.01,934.22,1,1377.04
34451,10.0,42.51,38.71,27.01,45.93,899.53,1,1378.04
34476,10.0,43.25,39.56,26.65,45.43,869.33,1,1379.04
34501,10.0,44.07,40.54,26.54,44.56,835.83,1,1380.04
34526,10.0,44.82,41.37,27.03,43.52,827.62,1,1381.04
34551,10.0,45.52,42.27,28.04,42.3,828.76,1,1382.04
34576,10.0,46.05,43.21,29.06,41.19,871.13,1,1383.04
34601,10.0,46.05,44.09,33.47,40.41,930.19,1,1384.04
34626,10.0,45.82,44.41,37.77,39.75,1030.89,1,1385.04
34651,10.0,45.19,44.9,40.8,39.27,1120.81,1,1386.04
34676,10.0,43.85,44.93,42.67,39.25,1218.37,1,1387.04
34701,10.0,42.11,44.93,42.77,39.53,1310.79,1,1388.04
34726,10.0,40.47,45.12,43.18,40.22,1361.79,1,1389.04
34751,10.0,39.52,45.71,44.61,40.59,1353.54,1,1390.04
34776,10.0,40.01,46.43,44.59,40.16,1294.44,1,1391.04
34801,10.0,42.07,46.71,45.43,38.89,1235.71,1,1392.04
34826,10.0,44.92,46.48,48.92,38.64,1209.07,1,1393.04
34851,10.0,47.77,46.16,52.17,38.92,1198.19,1,1394.04
34876,10.0,50.16,45.68,53.33,39.17,1171.24,1,1395.04
34901,10.0,51.95,44.61,52.09,38.83,1124.74,1,1396.04
34926,10.0,53.03,42.91,49.06,38.66,1067.03,1,1397.04
34951,10.0,53.04,40.76,45.48,38.13,987.53,1,1398.04
34976,10.0,52.17,38.29,42.81,37.61,925.68,1,1399.04
35001,10.0,50.51,35.44,40.92,37.71,926.96,1,1400.04
35026,10.0,48.05,32.56,39.71,38.62,970.34,1,1401.04
35051,10.0,45.04,29.95,40.75,39.32,1050.18,1,1402.04
35076,10.0,42.48,27.92,40.52,39.3,1095.91,1,1403.04
35101,10.0,41.47,26.92,38.04,37.95,1062.56,1,1404.04
35126,10.0,41.91,26.61,35.37,36.28,1024.68,1,1405.04
35151,10.0,42.94,26.88,33.09,36.42,965.33,1,1406.04
35176,10.0,44.01,27.76,30.53,36.79,867.9,1,1407.04
35201,10.0,44.99,28.56,28.25,37.01,839.06,1,1408.04
35226,10.0,45.66,28.46,28.06,36.57,804.48,1,1409.04
35251,10.0,46.5,28.43,28.08,35.79,771.8,1,1410.04
35276,10.0,47.74,29.73,28.63,36.07,757.02,1,1411.04
35301,10.0,48.81,31.34,28.63,36.52,733.15,1,1412.04
35326,10.0,49.24,31.59,28.44,36.86,704.73,1,1413.04
35351,10.0,48.47,29.98,27.44,37.59,708.27,1,1414.04
35376,10.0,46.29,27.6,26.24,38.44,742.07,1,1415.04
35401,10.0,43.21,25.5,27.78,39.37,787.47,1,1416.04
35426,10.0,40.37,24.22,29.03,38.91,787.49,1,1417.04
35451,10.0,38.68,23.81,28.56,38.34,747.1,1,1418.04
35476,10.0,37.89,24.46,27.62,38.96,679.86,1,1419.04
35501,10.0,37.31,26.2,26.0,37.83,613.41,1,1420.04
35526,10.0,36.62,28.5,24.91,35.36,558.42,1,1421.04
35551,10.0,35.58,29.99,24.62,35.41,531.49,1,1422.04
35576,10.0,34.35,30.59,25.14,36.22,553.31,1,1423.04
35601,10.0,33.49,30.78,24.64,36.54,547.84,1,1424.04
35626,10.0,32.5,29.67,24.48,38.95,577.62,1,1425.04
35651,10.0,30.97,27.93,25.57,40.36,627.43,1,1426.04
35676,10.0,29.19,26.22,26.72,41.19,653.78,1,1427.04
35701,10.0,27.85,25.55,26.99,39.37,651.29,1,1428.04
35726,10.0,27.08,26.2,26.13,37.1,577.2,1,1429.04
35751,10.0,26.43,27.47,25.08,36.71,545.7,1,1430.04
35776,10.0,25.51,29.55,24.9,38.18,546.21,1,1431.04
35801,10.0,24.07,32.29,25.5,40.95,595.03,1,1432.04
35826,10.0,22.11,34.86,26.81,42.53,661.51,1,1433.04
35851,10.0,20.09,37.2,30.03,42.57,724.07,1,1434.04
35876,10.0,18.84,39.4,29.37,41.45,724.7,1,1435.04
35901,10.0,18.53,41.33,28.56,38.32,652.45,1,1436.04
35926,10.0,19.16,42.6,27.36,33.88,600.78,1,1437.04
35951,10.0,19.72,43.17,26.0,31.89,517.02,1,1438.04
35976,10.0,18.84,43.46,25.02,30.32,462.5,1,1439.04
36001,10.0,16.77,43.43,26.6,28.5,448.25,1,1440.04
36026,10.0,14.63,42.62,31.53,25.41,436.65,1,1441.04
36051,10.0,13.2,41.15,35.8,23.35,465.95,1,1442.04
36076,10.0,12.66,39.28,36.24,23.68,484.69,1,1443.04
36101,10.0,12.62,37.27,34.41,25.78,481.32,1,1444.04
36126,10.0,12.78,35.2,31.95,28.09,476.82,1,1445.04
36151,10.0,13.0,33.14,30.08,30.56,505.88,1,1446.04
36176,10.0,13.34,31.37,28.19,32.5,520.5,1,1447.04
36201,10.0,13.68,29.72,26.82,34.26,525.86,1,1448.04
36226,10.0,13.88,28.21,25.73,35.37,506.13,1,1449.04
36251,10.0,14.39,27.07,24.2,35.19,476.88,1,1450.04
36276,10.0,15.9,26.54,22.32,34.53,470.26,1,1451.04
36301,10.0,18.12,26.67,20.92,34.3,472.16,1,1452.04
36326,10.0,19.73,26.23,20.67,34.64,480.43,1,1453.04
36351,10.0,20.59,25.64,21.16,34.72,479.77,1,1454.04
36376,10.0,20.42,24.81,22.3,36.73,491.11,1,1455.04
36401,10.0,19.47,24.14,23.76,37.56,517.31,1,1456.04
36426,10.0,18.55,23.73,25.36,35.62,533.13,1,1457.04
36451,10.0,18.48,23.6,26.37,33.17,515.09,1,1458.04
36476,10.0,19.35,23.29,27.95,33.04,554.73,1,1459.04
36501,10.0,20.65,22.81,29.43,34.07,647.33,1,1460.04
36526,10.0,21.97,22.34,29.91,36.39,741.02,1,1461.04
36551,10.0,23.04,22.0,29.93,38.18,783.53,1,1462.04
36576,10.0,23.82,21.78,30.04,38.45,791.53,1,1463.04
36601,10.0,24.69,21.64,30.35,38.54,799.21,1,1464.04
36626,10.0,25.73,21.75,30.57,38.89,805.53,1,1465.04
36651,10.0,26.88,22.07,30.92,39.99,826.61,1,1466.04
36676,10.0,28.09,22.35,31.71,41.21,851.14,1,1467.04
36701,10.0,29.17,22.38,33.08,42.54,895.71,1,1468.04
36726,10.0,30.15,22.53,34.67,44.12,964.36,1,1469.04
36751,10.0,30.83,22.74,36.26,45.35,1035.19,1,1470.04
36776,10.0,31.45,22.95,37.63,46.78,1106.64,1,1471.04
36801,10.0,32.32,23.13,38.97,48.48,1200.63,1,1472.04
36826,10.0,33.33,23.22,39.96,50.14,1296.8,1,1473.04
36851,10.0,34.43,23.38,40.66,51.85,1384.92,1,1474.04
36876,10.0,35.51,23.74,41.21,53.42,1437.32,1,1475.04
36901,10.0,36.47,23.93,41.58,55.81,1464.64,1,1476.04
36926,10.0,37.26,23.69,41.96,58.26,1514.88,1,1477.04
36951,10.0,38.07,24.13,42.15,55.39,1513.44,1,1478.04
36976,10.0,39.04,24.69,42.09,54.24,1511.34,1,1479.04
37001,10.0,40.02,24.63,42.3,53.34,1507.13,1,1480.04
37026,10.0,40.98,24.06,42.74,54.23,1527.35,1,1481.04
37051,10.0,41.9,23.3,43.63,53.64,1524.77,1,1482.04
37076,10.0,42.65,22.86,45.19,50.21,1491.95,1,1483.04
37101,10.0,42.92,22.67,46.9,47.9,1486.95,1,1484.04
37126,10.0,42.73,22.82,47.33,47.74,1491.88,1,1485.04
37151,10.0,42.67,22.9,46.17,48.28,1482.97,1,1486.04
37176,10.0,43.13,22.88,44.15,48.71,1456.9,1,1487.04
37201,10.0,44.25,22.98,41.38,46.88,1361.95,1,1488.04
37226,10.0,45.67,22.12,39.36,45.26,1279.88,1,1489.04
37251,10.0,47.37,21.14,38.53,44.32,1220.54,1,1490.04
37276,10.0,49.46,20.82,37.29,42.05,1121.21,1,1491.04
37301,10.0,51.71,20.27,34.99,39.18,987.87,1,1492.04
37326,10.0,54.34,19.98,33.84,36.93,893.94,1,1493.04
37351,10.0,57.38,20.52,35.92,35.52,889.53,1,1494.04
37376,10.0,60.38,21.95,39.39,35.15,935.78,1,1495.04
37401,10.0,62.95,23.95,42.28,35.5,985.38,1,1496.04
37426,10.0,64.9,26.3,45.48,36.31,1053.58,1,1497.04
37451,10.0,65.81,29.28,47.52,38.84,1111.89,1,1498.04
37476,10.0,65.52,32.6,47.85,41.72,1186.37,1,1499.04
37501,10.0,64.32,35.69,49.39,44.37,1252.2,1,1500.04
37526,10.0,62.13,38.28,52.58,45.86,1427.22,1,1501.04
37551,10.0,58.75,40.75,54.48,45.36,1528.71,1,1502.04
37576,10.0,54.99,42.75,57.28,44.38,1640.36,1,1503.04
37601,10.0,51.12,44.32,61.28,47.4,1793.64,1,1504.04
37626,10.0,47.63,45.62,64.82,48.35,1918.82,1,1505.04
37651,10.0,44.79,46.47,64.67,45.2,1954.21,1,1506.04
37676,10.0,42.43,47.23,64.12,44.08,1954.01,1,1507.04
37701,10.0,40.86,47.85,61.95,43.93,1890.79,1,1508.04
37726,10.0,39.82,48.29,58.8,42.93,1770.45,1,1509.04
37751,10.0,39.12,48.64,55.13,41.53,1639.17,1,1510.04
37776,10.0,38.71,48.91,52.23,41.39,1518.18,1,1511.04
37801,10.0,38.37,49.11,50.14,41.19,1422.17,1,1512.04
37826,10.0,38.01,49.28,48.39,40.45,1341.6,1,1513.04
37851,10.0,37.62,49.33,46.95,39.73,1289.54,1,1514.04
37876,10.0,37.22,49.19,45.86,39.61,1269.91,1,1515.04
37901,10.0,36.84,49.04,44.92,40.7,1270.33,1,1516.04
37926,10.0,36.47,48.98,43.81,42.43,1271.28,1,1517.04
37951,10.0,36.13,49.08,42.52,43.08,1263.93,1,1518.04
37976,10.0,35.86,49.31,41.28,43.01,1239.24,1,1519.04
38001,10.0,35.58,49.68,40.39,42.38,1198.09,1,1520.04
38026,10.0,35.25,50.15,39.83,41.25,1147.15,1,1521.04
38051,10.0,34.94,50.64,39.04,39.95,1094.87,1,1522.04
38076,10.0,34.54,51.17,37.53,38.48,1030.68,1,1523.04
38101,10.0,34.06,51.77,35.45,36.9,948.3,1,1524.04
38126,10.0,33.74,52.4,33.18,35.3,863.86,1,1525.04
38151,10.0,33.51,52.92,30.93,33.76,781.7,1,1526.04
38176,10.0,33.32,53.33,28.8,32.34,702.28,1,1527.04
38201,10.0,33.23,53.71,26.87,31.01,636.48,1,1528.04
38226,10.0,33.24,54.09,24.76,29.83,584.87,1,1529.04
38251,10.0,33.39,54.56,22.34,28.62,535.88,1,1530.04
38276,10.0,33.68,55.01,20.26,27.7,488.18,1,1531.04
38301,10.0,34.14,55.39,19.48,28.07,443.14,1,1532.04
38326,10.0,34.96,55.6,18.47,27.96,401.33,1,1533.04
38351,10.0,36.55,55.44,17.85,27.35,390.89,1,1534.04
38376,10.0,38.7,54.42,20.88,27.99,420.22,1,1535.04
38401,10.0,40.54,53.42,22.65,28.5,446.6,1,1536.04
38426,10.0,41.35,53.05,23.22,29.14,461.59,1,1537.04
38451,10.0,42.35,52.58,22.77,30.76,473.56,1,1538.04
38476,10.0,43.76,51.03,22.1,32.04,479.77,1,1539.04
38501,10.0,44.48,48.29,21.62,31.65,493.64,1,1540.04
38526,10.0,44.33,44.76,23.11,31.73,569.0,1,1541.04
38551,10.0,43.8,40.85,24.62,33.31,651.02,1,1542.04
38576,10.0,43.16,36.7,25.82,35.5,737.46,1,1543.04
38601,10.0,42.39,32.73,25.67,37.75,797.99,1,1544.04
38626,10.0,41.33,29.24,25.0,40.01,829.41,1,1545.04
38651,10.0,39.54,26.43,27.24,41.51,910.06,1,1546.04
38676,10.0,37.05,24.59,31.17,42.64,1036.19,1,1547.04
38701,10.0,34.67,23.53,34.62,44.82,1148.99,1,1548.04
38726,10.0,32.97,22.77,37.62,46.76,1245.98,1,1549.04
38751,10.0,31.82,22.23,40.34,47.1,1309.36,1,1550.04
38776,10.0,31.19,21.91,41.38,46.59,1344.94,1,1551.04
38801,10.0,30.93,21.62,40.74,47.67,1360.61,1,1552.04
38826,10.0,30.82,21.35,40.97,49.45,1384.05,1,1553.04
38851,10.0,30.84,21.11,41.58,50.46,1388.1,1,1554.04
38876,10.0,30.97,20.84,41.48,50.29,1360.27,1,1555.04
38901,10.0,31.23,20.59,40.94,50.15,1333.81,1,1556.04
38926,10.0,31.53,20.33,40.08,50.14,1311.84,1,1557.04
38951,10.0,31.83,19.87,39.07,50.17,1280.78,1,1558.04
38976,10.0,32.15,19.47,37.92,50.36,1250.45,1,1559.04
39001,10.0,32.51,19.02,37.0,50.55,1225.02,1,1560.04
39026,10.0,32.93,18.32,36.32,50.24,1190.7,1,1561.04
39051,10.0,33.19,17.67,35.23,49.51,1145.07,1,1562.04
39076,10.0,33.07,17.24,34.26,48.8,1116.65,1,1563.04
39101,10.0,32.81,16.99,33.66,48.51,1105.03,1,1564.04
39126,10.0,32.41,16.84,33.1,49.02,1094.63,1,1565.04
39151,10.0,31.96,16.79,32.59,49.63,1079.47,1,1566.04
39176,10.0,31.42,16.91,32.7,49.35,1074.29,1,1567.04
39201,10.0,30.54,17.62,34.47,48.16,1098.57,1,1568.04
39226,10.0,29.7,19.08,37.08,47.45,1090.77,1,1569.04
39251,10.0,29.38,19.05,38.19,46.57,1094.01,1,1570.04
39276,10.0,29.98,18.17,35.87,44.22,1068.21,1,1571.04
39301,10.0,31.35,17.44,31.32,42.17,996.91,1,1572.04
39326,10.0,33.2,17.19,27.07,40.49,878.15,1,1573.04
39351,10.0,35.13,17.03,23.3,40.46,791.81,1,1574.04
39376,10.0,36.7,17.21,21.21,39.14,722.67,1,1575.04
39401,10.0,37.18,17.51,21.41,38.11,713.33,1,1576.04
39426,10.0,36.81,17.94,21.38,36.16,666.37,1,1577.04
39451,10.0,36.01,18.52,20.02,33.65,575.99,1,1578.04
39476,10.0,35.06,19.15,19.13,33.58,514.16,1,1579.04
39501,10.0,34.15,19.85,18.97,33.77,465.27,1,1580.04
39526,10.0,33.45,20.59,18.67,34.04,442.53,1,1581.04
39551,10.0,33.02,21.24,18.58,34.81,442.37,1,1582.04
39576,10.0,32.78,21.84,18.89,35.84,460.4,1,1583.04
39601,10.0,32.64,22.71,18.99,36.58,494.28,1,1584.04
39626,10.0,32.82,23.9,20.33,37.29,542.31,1,1585.04
39651,10.0,33.33,24.88,22.19,38.18,580.16,1,1586.04
39676,10.0,34.16,25.58,22.49,39.04,597.8,1,1587.04
39701,10.0,35.34,26.34,22.93,39.51,625.57,1,1588.04
39726,10.0,36.61,27.38,23.79,39.57,657.88,1,1589.04
39751,10.0,37.73,28.45,24.65,39.35,668.16,1,1590.04
39776,10.0,38.89,29.26,25.24,39.1,672.85,1,1591.04
39801,10.0,39.99,29.75,25.12,39.2,680.66,1,1592.04
39826,10.0,40.34,29.22,24.54,39.96,685.94,1,1593.04
39851,10.0,39.48,27.85,24.71,40.63,702.79,1,1594.04
39876,10.0,37.65,26.58,25.58,39.75,703.31,1,1595.04
39901,10.0,35.82,25.77,26.0,38.59,686.08,1,1596.04
39926,10.0,34.34,25.08,26.83,39.26,713.92,1,1597.04
39951,10.0,32.65,24.2,26.92,40.22,731.78,1,1598.04
39976,10.0,30.58,23.26,26.73,40.76,730.82,1,1599.04
40001,10.0,28.74,22.69,26.53,40.72,711.94,1,1600.04
40026,10.0,27.22,22.32,25.64,40.73,697.84,1,1601.04
40051,10.0,26.11,21.94,24.77,39.84,685.49,1,1602.04
40076,10.0,25.68,21.52,23.95,39.25,679.94,1,1603.04
40101,10.0,26.13,21.21,22.89,39.7,668.55,1,1604.04
40126,10.0,27.32,21.38,21.42,39.61,629.74,1,1605.04
40151,10.0,28.73,22.39,20.5,39.57,578.86,1,1606.04
40176,10.0,29.62,24.17,19.78,38.4,517.88,1,1607.04
40201,10.0,29.58,25.36,20.33,35.92,469.8,1,1608.04
40226,10.0,28.7,25.66,21.21,32.74,420.34,1,1609.04
40251,10.0,27.47,25.88,22.95,29.42,406.72,1,1610.04
40276,10.0,27.23,26.73,23.62,27.06,398.94,1,1611.04
40301,10.0,27.85,28.07,24.04,25.89,399.83,1,1612.04
40326,10.0,28.88,29.17,24.79,25.75,409.9,1,1613.04
40351,10.0,30.86,29.61,26.71,26.17,453.88,1,1614.04
40376,10.0,33.6,29.33,30.58,26.91,535.14,1,1615.04
40401,10.0,36.51,28.56,34.46,28.65,628.71,1,1616.04
40426,10.0,39.07,27.6,37.65,32.42,828.21,1,1617.04
40451,10.0,40.66,26.7,40.45,36.45,1019.47,1,1618.04
40476,10.0,40.95,26.36,42.52,39.09,1187.66,1,1619.04
40501,10.0,39.99,26.17,45.61,44.06,1355.27,1,1620.04
40526,10.0,38.48,26.34,47.89,48.41,1503.82,1,1621.04
40551,10.0,37.21,27.64,48.11,49.77,1587.78,1,1622.04
40576,10.0,36.48,29.68,47.05,51.64,1637.85,1,1623.04
40601,10.0,36.45,31.87,44.86,53.26,1643.72,1,1624.04
40626,10.0,37.24,33.99,41.08,54.4,1600.27,1,1625.04
40651,10.0,38.76,35.78,36.81,56.83,1503.47,1,1626.04
40676,10.0,40.37,37.25,33.37,59.09,1388.05,1,1627.04
40701,10.0,41.22,38.41,32.65,60.56,1340.76,1,1628.04
40726,10.0,41.38,39.43,34.03,60.8,1364.09,1,1629.04
40751,10.0,41.34,40.56,35.73,60.06,1378.58,1,1630.04
40776,10.0,41.12,41.57,37.67,58.76,1356.73,1,1631.04
40801,10.0,41.24,42.23,38.33,56.42,1276.73,1,1632.04
40826,10.0,41.89,42.89,38.28,53.03,1179.11,1,1633.04
40851,10.0,42.82,43.88,38.18,51.22,1134.38,1,1634.04
40876,10.0,43.28,45.08,38.31,52.48,1171.0,1,1635.04
40901,10.0,42.8,45.75,37.7,52.9,1178.26,1,1636.04
40926,10.0,41.69,45.77,35.54,52.46,1129.02,1,1637.04
40951,10.0,40.38,45.81,34.25,52.66,1113.98,1,1638.04
40976,10.0,39.31,46.18,33.82,52.71,1096.45,1,1639.04
41001,10.0,38.55,46.8,33.26,51.43,1066.22,1,1640.04
41026,10.0,38.46,47.05,32.41,50.23,1002.45,1,1641.04
41051,10.0,39.47,46.92,31.58,49.27,972.5,1,1642.04
41076,10.0,41.05,46.76,31.98,49.48,974.63,1,1643.04
41101,10.0,42.54,46.46,32.07,50.1,1001.4,1,1644.04
41126,10.0,43.89,45.47,31.88,52.91,1042.19,1,1645.04
41151,10.0,45.39,43.39,31.78,55.12,1077.41,1,1646.04
41176,10.0,47.32,40.87,31.37,56.03,1139.16,1,1647.04
41201,10.0,49.6,38.32,31.64,56.36,1193.32,1,1648.04
41226,10.0,51.87,35.98,31.81,56.46,1181.18,1,1649.04
41251,10.0,53.75,33.85,31.68,55.44,1125.2,1,1650.04
41276,10.0,55.13,32.13,31.47,52.95,1065.97,1,1651.04
41301,10.0,56.21,31.18,31.12,49.69,1001.19,1,1652.04
41326,10.0,57.21,31.06,30.57,50.17,964.55,1,1653.04
41351,10.0,58.22,31.57,30.16,53.61,963.92,1,1654.04
41376,10.0,59.24,32.63,30.1,56.03,997.92,1,1655.04
41401,10.0,60.75,34.27,30.47,56.58,1010.54,1,1656.04
41426,10.0,62.72,35.97,30.69,55.41,968.99,1,1657.04
41451,10.0,64.65,37.32,29.91,52.98,896.18,1,1658.04
41476,10.0,66.1,38.3,29.38,50.86,843.09,1,1659.04
41501,10.0,66.89,39.25,28.31,49.3,810.8,1,1660.04
41526,10.0,67.01,40.37,28.83,46.13,775.39,1,1661.04
41551,10.0,66.51,41.74,28.91,43.18,738.33,1,1662.04
41576,10.0,65.73,43.08,29.04,41.41,716.53,1,1663.04
41601,10.0,64.67,44.02,29.03,40.18,690.88,1,1664.04
41626,10.0,63.48,44.52,28.63,39.22,653.55,1,1665.04
41651,10.0,62.39,44.79,28.02,38.63,636.14,1,1666.04
41676,10.0,61.43,44.75,27.44,38.45,639.79,1,1667.04
41701,10.0,60.62,44.47,26.95,38.15,641.31,1,1668.04
41726,10.0,59.99,44.06,26.41,37.53,640.48,1,1669.04
41751,10.0,59.43,43.55,26.01,37.0,641.33,1,1670.04
41776,10.0,58.84,43.09,26.04,37.01,646.89,1,1671.04
41801,10.0,58.25,42.64,26.25,37.6,674.03,1,1672.04
41826,10.0,57.7,42.17,26.63,37.91,700.95,1,1673.04
41851,10.0,57.24,41.64,28.19,37.99,717.15,1,1674.04
41876,10.0,57.02,40.7,29.36,37.92,730.75,1,1675.04
41901,10.0,57.1,39.03,29.99,37.84,754.12,1,1676.04
41926,10.0,57.38,36.73,31.44,37.83,808.65,1,1677.04
41951,10.0,57.77,34.12,32.78,38.08,868.48,1,1678.04
41976,10.0,58.4,31.47,33.75,40.54,930.18,1,1679.04
42001,10.0,59.31,29.21,35.12,41.64,967.26,1,1680.04
42026,10.0,60.19,27.66,36.2,40.78,954.28,1,1681.04
42051,10.0,60.63,26.78,36.23,36.87,893.74,1,1682.04
42076,10.0,60.95,27.19,35.65,35.85,801.08,1,1683.04
42101,10.0,61.36,28.0,35.17,35.45,790.7,1,1684.04
42126,10.0,61.67,27.8,35.21,35.93,829.93,1,1685.04
42151,10.0,61.04,26.48,35.09,37.08,888.58,1,1686.04
42176,10.0,59.56,24.72,34.64,38.44,914.33,1,1687.04
42201,10.0,57.65,22.73,34.3,39.88,926.47,1,1688.04
42226,10.0,56.33,21.48,33.07,40.15,900.2,1,1689.04
42251,10.0,55.93,21.06,30.14,40.62,861.86,1,1690.04
42276,10.0,56.31,21.56,28.18,40.46,822.46,1,1691.04
42301,10.0,56.94,22.62,28.48,39.04,786.39,1,1692.04
42326,10.0,56.96,23.46,28.32,38.45,745.8,1,1693.04
42351,10.0,56.35,24.12,26.63,37.31,708.58,1,1694.04
42376,10.0,55.44,24.76,25.88,35.86,677.78,1,1695.04
42401,10.0,54.46,25.29,26.17,34.93,666.66,1,1696.04
42426,10.0,53.48,25.76,26.29,35.78,665.15,1,1697.04
42451,10.0,52.65,26.07,26.3,37.19,673.6,1,1698.04
42476,10.0,51.99,26.2,26.76,38.57,682.58,1,1699.04
42501,10.0,51.44,26.24,27.89,40.49,709.19,1,1700.04
42526,10.0,50.94,26.26,28.72,41.32,685.35,1,1701.04
42551,10.0,50.51,26.31,27.8,40.54,600.47,1,1702.04
42576,10.0,50.14,26.58,25.34,40.05,557.73,1,1703.04
42601,10.0,49.94,27.71,24.2,39.52,575.62,1,1704.04
42626,10.0,49.66,29.68,23.17,39.23,618.71,1,1705.04
42651,10.0,49.11,32.19,22.6,39.99,684.67,1,1706.04
42676,10.0,48.52,34.87,24.36,39.79,755.9,1,1707.04
42701,10.0,48.39,37.16,27.3,38.64,831.71,1,1708.04
42726,10.0,49.13,39.17,29.95,41.02,891.6,1,1709.04
42751,10.0,50.24,41.41,31.35,43.33,948.93,1,1710.04
42776,10.0,50.74,43.54,32.15,43.63,997.18,1,1711.04
42801,10.0,50.56,45.06,32.51,42.07,968.8,1,1712.04
42826,10.0,49.85,46.21,32.7,41.1,917.48,1,1713.04
42851,10.0,48.51,47.19,33.01,41.2,890.26,1,1714.04
42876,10.0,46.83,47.96,33.4,40.99,864.32,1,1715.04
42901,10.0,45.24,48.28,33.56,40.51,832.77,1,1716.04
42926,10.0,43.99,48.31,32.9,40.02,798.16,1,1717.04
42951,10.0,42.84,48.23,31.66,39.01,758.52,1,1718.04
42976,10.0,41.65,48.03,29.82,37.77,705.3,1,1719.04
43001,10.0,40.31,47.63,27.42,37.28,655.75,1,1720.04
43026,10.0,39.05,47.14,25.29,37.07,620.66,1,1721.04
43051,10.0,38.09,46.61,24.37,36.38,587.65,1,1722.04
43076,10.0,37.47,46.07,23.38,35.47,553.78,1,1723.04
43101,10.0,37.19,45.57,22.42,34.89,519.83,1,1724.04
43126,10.0,37.21,45.03,21.76,34.7,499.78,1,1725.04
43151,10.0,37.44,44.29,21.54,33.98,498.54,1,1726.04
43176,10.0,37.75,43.45,21.63,33.46,512.86,1,1727.04
43201,10.0,37.97,42.61,21.89,34.03,529.23,1,1728.04
43226,10.0,38.09,41.42,22.12,34.8,536.4,1,1729.04
43251,10.0,38.01,39.68,22.04,36.48,546.46,1,1730.04
43276,10.0,37.64,37.52,21.44,38.04,550.59,1,1731.04
43301,10.0,36.98,35.24,20.96,39.46,553.96,1,1732.04
43326,10.0,36.23,33.34,21.38,40.44,553.19,1,1733.04
43351,10.0,35.42,31.88,22.11,40.45,556.83,1,1734.04
43376,10.0,33.48,29.17,23.36,38.82,630.03,1,1735.04
43401,10.0,31.01,27.69,25.79,38.02,706.42,1,1736.04
43426,10.0,27.7,26.56,29.43,37.66,802.36,1,1737.04
43451,10.0,23.6,26.2,32.78,36.25,879.32,1,1738.04
43476,10.0,19.47,26.52,39.26,34.58,918.93,1,1739.04
43501,10.0,16.26,26.72,42.83,32.9,911.28,1,1740.04
43526,10.0,14.48,26.77,43.11,30.23,852.41,1,1741.04
43551,10.0,13.93,26.86,42.98,28.8,802.76,1,1742.04
43576,10.0,14.29,27.07,43.64,29.23,778.91,1,1743.04
43601,10.0,14.93,27.05,45.1,29.81,775.32,1,1744.04
43626,10.0,15.53,26.96,47.07,30.26,785.44,1,1745.04
43651,10.0,16.13,27.1,48.32,30.54,787.54,1,1746.04
43676,10.0,16.65,27.15,50.3,30.06,783.85,1,1747.04
43701,10.0,17.08,27.07,52.09,30.96,805.21,1,1748.04
43726,10.0,17.42,26.85,53.75,33.3,842.35,1,1749.04
43751,10.0,18.02,27.06,55.24,33.18,833.12,1,1750.04
43776,10.0,18.78,27.29,56.69,34.58,864.74,1,1751.04
43801,10.0,19.51,27.53,58.3,36.48,902.74,1,1752.04
43826,10.0,20.31,28.0,58.28,36.79,923.01,1,1753.04
43851,10.0,20.88,28.11,58.93,38.81,986.13,1,1754.04
43876,10.0,21.48,28.08,59.54,41.78,1064.23,1,1755.04
43901,10.0,22.31,28.41,59.52,41.86,1081.74,1,1756.04
43926,10.0,23.08,28.64,60.36,43.64,1139.64,1,1757.04
43951,10.0,23.88,28.94,60.76,45.09,1193.61,1,1758.04
43976,10.0,24.72,29.1,60.39,46.26,1229.96,1,1759.04
44001,10.0,25.54,29.48,60.86,46.96,1245.6,1,1760.04
44026,10.0,26.2,29.9,61.97,47.06,1260.18,1,1761.04
44051,10.0,26.77,30.07,63.61,48.0,1296.93,1,1762.04
44076,10.0,27.37,30.35,64.34,48.12,1321.51,1,1763.04
44101,10.0,27.91,30.66,64.65,48.28,1355.07,1,1764.04
44126,10.0,28.36,30.77,64.72,48.99,1403.02,1,1765.04
44151,10.0,28.71,30.73,65.0,50.79,1474.85,1,1766.04
44176,10.0,29.3,31.01,63.95,49.93,1496.8,1,1767.04
44201,10.0,29.93,31.2,62.66,49.37,1561.92,1,1768.04
44226,10.0,30.63,31.61,61.36,49.1,1599.35,1,1769.04
44251,10.0,31.41,32.26,60.2,48.43,1600.06,1,1770.04
44276,10.0,32.08,32.76,59.31,48.78,1616.5,1,1771.04
44301,10.0,32.85,33.28,57.58,49.29,1614.64,1,1772.04
44326,10.0,33.74,33.75,55.38,49.87,1610.17,1,1773.04
44351,10.0,34.7,34.06,53.54,49.93,1586.55,1,1774.04
44376,10.0,35.69,34.37,51.16,49.74,1535.76,1,1775.04
44401,10.0,36.65,34.75,48.55,49.58,1478.15,1,1776.04
44426,10.0,37.56,35.25,45.71,49.88,1421.79,1,1777.04
44451,10.0,38.38,35.97,42.71,50.02,1368.21,1,1778.04
44476,10.0,39.17,36.76,39.71,50.17,1323.48,1,1779.04
44501,10.0,39.96,37.49,39.34,50.33,1318.57,1,1780.04
44526,10.0,40.8,38.33,38.46,50.38,1296.22,1,1781.04
44551,10.0,41.78,39.39,36.12,50.4,1261.29,1,1782.04
44576,10.0,42.77,40.43,33.51,50.43,1221.43,1,1783.04
44601,10.0,43.77,41.58,31.52,49.83,1160.07,1,1784.04
44626,10.0,44.79,42.69,30.15,48.66,1086.92,1,1785.04
44651,10.0,45.83,43.73,29.31,47.04,1011.97,1,1786.04
44676,10.0,46.82,44.64,29.08,45.25,947.05,1,1787.04
44701,10.0,47.7,45.33,29.14,43.76,890.95,1,1788.04
44726,10.0,48.41,45.91,29.17,42.86,822.96,1,1789.04
44751,10.0,48.93,46.57,29.18,42.51,815.13,1,1790.04
44776,10.0,49.3,47.1,29.18,40.92,807.49,1,1791.04
44801,10.0,49.62,47.37,28.93,36.92,765.46,1,1792.04
44826,10.0,50.03,47.42,28.29,33.63,715.65,1,1793.04
44851,10.0,51.09,47.03,27.48,33.74,707.18,1,1794.04
44876,10.0,52.74,46.79,27.44,36.36,738.94,1,1795.04
44901,10.0,54.52,46.92,27.58,39.57,786.1,1,1796.04
44926,10.0,56.61,47.18,31.02,41.59,850.39,1,1797.04
44951,10.0,59.0,47.45,34.65,42.21,909.3,1,1798.04
44976,10.0,61.24,47.85,36.55,42.2,939.96,1,1799.04
45001,10.0,63.27,48.29,38.41,42.21,964.04,1,1800.04
45026,10.0,65.07,48.44,39.24,40.98,967.35,1,1801.04
45051,10.0,66.45,48.45,37.89,38.4,929.79,1,1802.04
45076,10.0,67.61,48.5,35.98,36.3,885.89,1,1803.04
45101,10.0,68.72,48.61,35.06,34.93,865.32,1,1804.04
45126,10.0,69.82,48.81,34.98,34.24,866.24,1,1805.04
45151,10.0,70.79,49.02,35.06,34.87,870.79,1,1806.04
45176,10.0,71.54,49.22,34.7,35.72,861.27,1,1807.04
45201,10.0,72.13,49.45,34.12,36.54,849.8,1,1808.04
45226,10.0,72.65,49.66,33.94,37.07,853.9,1,1809.04
45251,10.0,73.09,49.85,33.92,37.23,872.71,1,1810.04
45276,10.0,73.35,50.06,33.7,37.08,896.0,1,1811.04
45301,10.0,73.43,50.3,32.96,36.68,913.94,1,1812.04
45326,10.0,73.17,50.52,31.73,36.24,923.56,1,1813.04
45351,10.0,72.28,50.76,31.86,37.3,972.88,1,1814.04
45376,10.0,70.7,50.35,33.42,39.87,1065.39,1,1815.04
45401,10.0,68.66,49.21,36.36,42.0,1133.98,1,1816.04
45426,10.0,66.25,47.7,38.58,44.63,1199.02,1,1817.04
45451,10.0,63.77,46.01,39.99,47.63,1298.81,1,1818.04
45476,10.0,61.16,44.51,40.27,50.27,1399.36,1,1819.04
45501,10.0,58.34,43.24,39.85,52.28,1474.14,1,1820.04
45526,10.0,55.34,42.05,40.1,54.35,1532.88,1,1821.04
45551,10.0,52.26,41.19,42.06,56.32,1575.03,1,1822.04
45576,10.0,49.38,40.69,43.9,57.47,1578.56,1,1823.04
45601,10.0,47.2,39.89,44.93,58.02,1573.71,1,1824.04
45626,10.0,46.08,38.29,44.09,57.89,1554.48,1,1825.04
45651,10.0,45.72,36.36,41.38,56.59,1499.23,1,1826.04
45676,10.0,45.47,34.47,38.53,54.18,1415.2,1,1827.04
45701,10.0,44.63,32.37,36.56,52.81,1334.61,1,1828.04
45726,10.0,42.87,30.04,35.55,54.3,1328.3,1,1829.04
45751,10.0,40.61,28.21,35.14,54.36,1304.66,1,1830.04
45776,10.0,38.48,26.94,35.48,51.61,1245.78,1,1831.04
45801,10.0,36.87,25.74,35.82,50.17,1218.99,1,1832.04
45826,10.0,35.96,24.85,35.77,49.7,1198.76,1,1833.04
45851,10.0,35.17,24.35,35.14,47.92,1136.32,1,1834.04
45876,10.0,33.95,24.1,34.11,44.66,1037.13,1,1835.04
45901,10.0,32.54,23.96,32.88,42.23,944.9,1,1836.04
45926,10.0,31.28,23.64,31.79,41.09,888.45,1,1837.04
45951,10.0,30.53,23.24,30.78,39.75,844.67,1,1838.04
45976,10.0,30.55,22.76,29.6,39.04,815.53,1,1839.04
46001,10.0,31.66,22.6,28.73,39.34,804.78,1,1840.04
46026,10.0,33.53,23.17,27.79,39.87,807.19,1,1841.04
46051,10.0,35.52,24.56,27.03,39.56,801.51,1,1842.04
46076,10.0,37.63,26.49,26.73,38.96,813.14,1,1843.04
46101,10.0,39.68,28.86,26.99,40.23,832.99,1,1844.04
46126,9.0,42.67,32.66,28.23,41.62,873.16,1,1845.04
46151,10.0,43.23,34.95,30.32,43.62,919.25,1,1846.04
46176,10.0,44.92,37.55,31.85,44.42,940.82,1,1847.04
46201,10.0,46.43,39.71,32.5,44.02,919.79,1,1848.04
46226,10.0,47.06,41.57,32.02,43.28,871.54,1,1849.04
46251,10.0,46.16,43.33,31.71,42.66,870.71,1,1850.04
46276,10.0,44.27,44.92,31.87,42.74,892.72,1,1851.04
46301,10.0,42.98,46.04,31.29,42.34,901.62,1,1852.04
46326,10.0,43.17,46.23,29.91,40.09,844.22,1,1853.04
46351,10.0,44.27,45.61,28.68,38.84,779.96,1,1854.04
46376,10.0,45.96,44.94,28.76,38.3,790.89,1,1855.04
46401,10.0,48.29,44.73,29.34,38.92,887.07,1,1856.04
46426,10.0,50.93,44.61,31.67,41.94,1022.24,1,1857.04
46451,10.0,53.84,44.05,35.29,43.48,1161.72,1,1858.04
46476,10.0,56.98,43.12,39.41,43.68,1287.64,1,1859.04
46501,10.0,60.02,42.1,43.36,42.93,1358.61,1,1860.04
46526,10.0,62.46,41.16,44.77,41.92,1343.86,1,1861.04
46551,10.0,64.32,40.77,46.1,41.0,1303.67,1,1862.04
46576,10.0,65.66,41.26,45.3,39.28,1221.81,1,1863.04
46601,10.0,66.32,41.54,41.69,37.39,1074.9,1,1864.04
46626,10.0,66.2,41.01,37.95,37.07,935.51,1,1865.04
46651,10.0,65.28,39.68,36.05,37.76,835.22,1,1866.04
46676,10.0,63.96,37.58,35.03,38.09,780.2,1,1867.04
46701,10.0,62.45,35.08,34.02,36.72,775.89,1,1868.04
46726,10.0,60.57,32.25,33.8,36.0,818.42,1,1869.04
46751,10.0,58.04,29.6,34.55,35.98,859.09,1,1870.04
46776,10.0,54.41,27.82,36.41,35.0,877.12,1,1871.04
46801,10.0,49.76,26.63,39.18,34.33,917.17,1,1872.04
46826,10.0,44.61,25.8,42.14,34.78,970.7,1,1873.04
46851,10.0,39.38,25.39,44.83,35.22,1023.09,1,1874.04
46876,10.0,34.19,25.19,46.84,35.72,1073.85,1,1875.04
46901,10.0,29.68,24.99,47.79,36.53,1095.43,1,1876.04
46926,10.0,27.25,25.17,46.55,37.17,1040.87,1,1877.04
46951,10.0,26.75,26.02,43.95,37.43,1005.25,1,1878.04
46976,10.0,27.25,26.71,40.87,37.18,950.91,1,1879.04
47001,10.0,28.51,26.9,38.51,38.13,937.54,1,1880.04
47026,10.0,30.33,26.94,37.98,39.94,950.87,1,1881.04
47051,10.0,32.32,26.89,38.56,39.58,934.8,1,1882.04
47076,10.0,34.09,26.19,39.25,38.28,1020.9,1,1883.04
47101,10.0,36.22,25.46,39.5,37.47,1120.19,1,1884.04
47126,10.0,39.06,25.44,38.89,37.57,1171.17,1,1885.04
47151,10.0,42.13,25.74,37.7,38.13,1179.99,1,1886.04
47176,10.0,44.89,26.2,36.39,37.97,1130.5,1,1887.04
47201,10.0,47.1,26.49,35.23,38.32,1079.06,1,1888.04
47226,10.0,49.17,26.61,34.63,40.99,1066.73,1,1889.04
47251,10.0,51.13,26.62,34.32,43.24,1074.17,1,1890.04
47276,10.0,52.72,26.21,34.17,44.61,1108.53,1,1891.04
47301,10.0,53.55,25.55,34.61,45.82,1178.92,1,1892.04
47326,10.0,53.69,25.07,35.23,47.6,1243.73,1,1893.04
47351,10.0,53.75,25.12,34.86,49.93,1281.99,1,1894.04
47376,10.0,54.22,25.74,33.6,52.29,1280.87,1,1895.04
47401,10.0,55.31,26.88,32.36,53.65,1238.41,1,1896.04
47426,10.0,56.87,28.56,31.74,54.08,1181.47,1,1897.04
47451,10.0,58.5,30.38,31.12,54.5,1164.0,1,1898.04
47476,10.0,60.23,32.02,30.35,55.48,1141.07,1,1899.04
47501,10.0,61.92,33.46,30.21,55.71,1116.35,1,1900.04
47526,10.0,63.26,34.75,30.61,55.32,1087.44,1,1901.04
47551,10.0,64.47,35.82,30.49,55.2,1068.06,1,1902.04
47576,10.0,65.54,36.53,31.13,56.18,1075.97,1,1903.04
47601,10.0,66.0,36.84,31.56,57.29,1101.13,1,1904.04
47626,10.0,66.08,37.01,32.19,57.3,1120.37,1,1905.04
47651,10.0,66.18,37.39,33.31,56.94,1143.6,1,1906.04
47676,10.0,66.31,37.94,34.84,56.23,1162.46,1,1907.04
47701,10.0,66.22,38.53,36.07,55.57,1166.38,1,1908.04
47726,10.0,65.84,39.0,36.47,56.23,1174.9,1,1909.04
47751,10.0,65.34,39.76,35.97,57.48,1200.97,1,1910.04
47776,10.0,65.08,41.08,35.48,58.51,1225.6,1,1911.04
47801,10.0,65.55,42.4,35.41,58.46,1238.84,1,1912.04
47826,10.0,67.01,43.42,35.85,57.56,1267.89,1,1913.04
47851,10.0,69.1,44.15,38.78,56.6,1310.8,1,1914.04
47876,10.0,71.09,44.69,40.33,55.25,1312.25,1,1915.04
47901,10.0,72.55,45.0,39.03,52.0,1226.9,1,1916.04
47926,10.0,73.9,44.68,36.46,49.37,1139.75,1,1917.04
47951,10.0,74.93,44.05,37.62,47.33,1139.83,1,1918.04
47976,10.0,74.34,43.94,37.91,45.27,1173.63,1,1919.04
48001,10.0,72.06,44.34,38.85,44.02,1252.96,1,1920.04
48026,10.0,69.03,44.72,40.75,44.49,1356.11,1,1921.04
48051,10.0,65.88,44.73,42.71,44.02,1410.73,1,1922.04
48076,10.0,62.87,44.75,44.25,41.93,1404.21,1,1923.04
48101,10.0,60.4,44.92,44.98,41.05,1334.79,1,1924.04
48126,10.0,58.45,45.0,43.86,40.72,1241.43,1,1925.04
48151,10.0,56.44,44.65,43.05,40.14,1166.27,1,1926.04
48176,10.0,54.5,43.84,43.52,40.28,1137.95,1,1927.04
48201,10.0,52.78,43.17,43.23,40.01,1129.9,1,1928.04
48226,10.0,50.95,42.89,41.68,37.82,1064.22,1,1929.04
48251,10.0,48.92,42.92,39.18,36.05,954.24,1,1930.04
48276,10.0,46.88,43.11,36.16,34.25,832.41,1,1931.04
48301,10.0,44.96,43.29,33.05,32.55,713.3,1,1932.04
48326,10.0,43.25,43.44,30.01,30.7,623.89,1,1933.04
48351,10.0,41.81,43.49,27.24,28.96,554.46,1,1934.04
48376,10.0,40.61,43.51,24.97,27.69,502.05,1,1935.04
48401,10.0,39.53,43.55,23.3,26.68,466.27,1,1936.04
48426,10.0,38.47,43.57,22.2,25.81,439.36,1,1937.04
48451,10.0,37.48,43.58,21.39,25.18,420.31,1,1938.04
48476,10.0,36.59,43.65,20.52,24.85,409.76,1,1939.04
48501,10.0,35.79,43.74,19.54,24.94,405.51,1,1940.04
48526,10.0,35.08,43.74,18.36,26.64,402.35,1,1941.04
48551,10.0,34.48,43.67,17.53,28.06,398.53,1,1942.04
48576,10.0,34.07,43.72,17.61,29.73,402.46,1,1943.04
48601,10.0,33.9,43.9,18.41,32.52,427.02,1,1944.04
48626,10.0,33.86,44.01,19.59,34.69,451.91,1,1945.04
48651,10.0,33.86,43.97,20.67,36.32,475.45,1,1946.04
48676,10.0,33.82,43.58,21.81,36.61,485.47,1,1947.04
48701,10.0,33.87,43.21,22.77,36.62,494.98,1,1948.04
48726,10.0,34.16,43.22,23.27,37.83,518.23,1,1949.04
48751,10.0,34.76,43.55,23.32,39.25,551.98,1,1950.04
48776,10.0,35.64,43.76,23.02,39.79,584.27,1,1951.04
48801,10.0,36.59,43.52,23.0,40.02,594.08,1,1952.04
48826,10.0,37.35,42.62,23.53,40.06,597.07,1,1953.04
48851,10.0,37.95,41.27,24.37,40.12,619.17,1,1954.04
48876,10.0,38.63,40.1,26.23,40.9,674.48,1,1955.04
48901,10.0,39.33,40.17,28.98,42.48,768.36,1,1956.04
48926,10.0,39.87,41.22,31.43,43.66,857.87,1,1957.04
48951,10.0,39.69,42.92,32.81,43.81,908.04,1,1958.04
48976,10.0,38.26,44.38,33.47,43.36,917.18,1,1959.04
49001,10.0,36.64,45.17,34.51,41.12,846.41,1,1960.04
49026,10.0,35.59,45.39,33.75,38.04,759.37,1,1961.04
49051,10.0,34.09,45.14,34.6,34.11,709.33,1,1962.04
49076,10.0,32.13,45.05,35.52,29.08,656.0,1,1963.04
49101,10.0,30.98,44.78,35.6,25.33,590.33,1,1964.04
49126,10.0,30.97,44.32,34.29,23.99,550.17,1,1965.04
49151,10.0,31.54,44.11,32.67,24.43,545.28,1,1966.04
49176,10.0,32.58,44.3,31.9,26.75,576.35,1,1967.04
49201,10.0,34.25,44.35,31.04,29.46,618.38,1,1968.04
49226,10.0,36.4,44.03,30.26,32.66,676.75,1,1969.04
49251,10.0,38.31,41.96,29.52,35.58,709.95,1,1970.04
49276,10.0,39.87,39.98,29.63,37.65,727.32,1,1971.04
49301,10.0,41.02,38.0,29.31,39.1,736.55,1,1972.04
49326,10.0,41.99,36.67,28.08,39.51,740.96,1,1973.04
49351,10.0,42.87,36.21,27.31,39.15,732.48,1,1974.04
49376,10.0,43.62,36.07,28.02,38.77,739.17,1,1975.04
49401,10.0,44.01,35.38,28.39,38.47,757.94,1,1976.04
49426,10.0,43.74,33.98,26.73,37.62,744.91,1,1977.04
49451,10.0,42.57,32.16,24.26,36.76,723.9,1,1978.04
49476,10.0,40.11,30.22,24.68,37.11,725.25,1,1979.04
49501,10.0,36.63,28.55,27.06,38.56,758.26,1,1980.04
49526,10.0,33.25,27.51,29.15,36.62,745.42,1,1981.04
49551,10.0,30.27,26.94,30.17,31.23,681.21,1,1982.04
49576,10.0,26.89,26.03,32.11,29.55,671.15,1,1983.04
49601,10.0,23.06,25.39,34.43,29.57,707.56,1,1984.04
49626,10.0,19.95,25.69,37.65,28.94,701.69,1,1985.04
49651,10.0,18.47,26.53,38.39,26.93,651.48,1,1986.04
49676,10.0,17.32,27.23,37.52,25.23,591.93,1,1987.04
49701,10.0,16.09,28.0,38.0,25.22,569.17,1,1988.04
49726,10.0,15.24,28.3,37.45,28.23,606.44,1,1989.04
49751,10.0,14.69,27.79,36.28,32.57,630.54,1,1990.04
49776,10.0,14.23,26.65,35.55,36.08,639.78,1,1991.04
49801,10.0,13.94,25.71,34.09,38.31,622.79,1,1992.04
49826,10.0,13.92,25.46,32.28,35.58,562.84,1,1993.04
49851,10.0,14.37,25.54,29.95,32.35,513.59,1,1994.04
49876,10.0,15.43,25.43,26.98,31.62,494.22,1,1995.04
49901,10.0,16.89,26.12,23.76,29.6,442.35,1,1996.04
49926,10.0,17.77,27.12,22.65,28.42,416.29,1,1997.04
49951,10.0,17.38,27.11,22.11,29.37,415.44,1,1998.04
49976,10.0,16.33,26.75,22.05,31.72,411.34,1,1999.04
50001,10.0,16.14,26.87,21.65,31.1,394.21,1,2000.04
50026,10.0,17.02,27.57,21.25,29.32,381.0,1,2001.04
50051,10.0,17.92,28.52,20.83,27.36,359.97,1,2002.04
50076,10.0,18.7,29.5,19.87,27.04,340.06,1,2003.04
50101,10.0,19.63,30.93,17.29,28.12,304.59,1,2004.04
50126,10.0,20.46,32.97,15.61,29.18,269.96,1,2005.04
50151,10.0,20.73,35.58,15.75,30.94,253.46,1,2006.04
50176,10.0,20.69,38.71,16.94,32.61,256.38,1,2007.04
50201,10.0,21.39,41.56,18.39,33.38,301.98,1,2008.04
50226,10.0,22.83,43.79,19.39,34.24,363.42,1,2009.04
50251,10.0,24.16,45.73,19.32,36.03,410.07,1,2010.04
50276,10.0,24.66,47.44,17.92,36.79,410.59,1,2011.04
50301,10.0,24.24,48.49,17.5,36.12,370.72,1,2012.04
50326,10.0,23.77,48.7,18.49,34.99,392.17,1,2013.04
50351,10.0,23.76,48.72,19.43,35.56,427.34,1,2014.04
50376,10.0,24.7,48.32,21.54,37.16,467.35,1,2015.04
50401,10.0,26.13,47.32,23.88,38.21,512.64,1,2016.04
50426,10.0,27.31,45.84,26.94,38.51,554.87,1,2017.04
50451,10.0,29.19,43.96,30.14,39.58,605.32,1,2018.04
50476,10.0,32.1,41.96,32.7,42.19,672.85,1,2019.04
50501,10.0,35.39,40.05,34.79,45.09,780.15,1,2020.04
50526,10.0,38.65,38.78,36.57,47.86,870.39,1,2021.04
50551,10.0,40.98,38.31,37.54,48.64,922.84,1,2022.04
50576,10.0,41.14,38.07,37.38,45.88,903.65,1,2023.04
50601,10.0,39.38,37.53,37.22,40.43,853.16,1,2024.04
50626,10.0,36.33,36.57,38.21,35.38,808.17,1,2025.04
50651,10.0,32.5,35.36,40.5,35.01,819.41,1,2026.04
50676,10.0,29.01,34.21,42.62,33.85,791.87,1,2027.04
50701,10.0,26.97,33.05,42.63,33.94,754.78,1,2028.04
50726,10.0,26.22,31.84,41.87,36.97,743.8,1,2029.04
50751,10.0,26.0,30.86,41.08,40.3,755.58,1,2030.04
50776,10.0,26.18,30.37,39.43,42.47,769.0,1,2031.04
50801,10.0,26.71,30.45,38.0,43.69,777.1,1,2032.04
50826,10.0,27.46,31.27,38.09,45.01,801.84,1,2033.04
50851,9.0,28.16,32.43,38.72,46.51,833.85,1,2034.04
50876,10.0,29.11,32.34,37.85,48.2,846.73,1,2035.04
50901,10.0,30.69,33.57,36.82,50.04,873.3,1,2036.04
50926,10.0,32.5,34.97,37.73,51.36,933.64,1,2037.04
50951,10.0,34.4,36.28,38.31,51.2,980.37,1,2038.04
50976,10.0,36.73,37.55,38.48,50.66,1004.29,1,2039.04
51001,10.0,38.84,38.58,38.38,49.93,1005.45,1,2040.04
51026,10.0,40.87,39.2,38.52,47.83,992.45,1,2041.04
51051,10.0,42.97,39.66,38.73,46.34,1002.26,1,2042.04
51076,10.0,45.02,40.09,39.06,47.58,1038.43,1,2043.04
51101,10.0,46.81,39.94,39.32,49.32,1076.8,1,2044.04
51126,10.0,48.28,39.02,39.01,49.85,1096.95,1,2045.04
51151,10.0,49.59,37.61,38.6,50.14,1114.59,1,2046.04
51176,10.0,50.85,36.27,38.49,51.68,1142.27,1,2047.04
51201,10.0,52.12,35.15,38.21,53.85,1149.34,1,2048.04
51226,10.0,53.35,34.35,37.57,55.57,1132.17,1,2049.04
51251,10.0,54.24,34.13,36.54,56.97,1107.13,1,2050.04
51276,10.0,54.61,34.65,34.81,58.39,1071.19,1,2051.04
51301,10.0,54.62,35.9,32.71,59.63,1026.37,1,2052.04
51326,10.0,55.01,36.85,31.15,60.44,985.72,1,2053.04
51351,10.0,55.34,38.08,30.65,60.35,939.66,1,2054.04
51376,10.0,55.85,39.11,31.2,59.2,924.71,1,2055.04
51401,10.0,56.8,40.28,32.87,58.04,957.88,1,2056.04
51426,10.0,58.66,41.53,34.98,57.14,1007.24,1,2057.04
51451,10.0,61.57,42.11,36.72,56.0,1035.96,1,2058.04
51476,10.0,64.88,41.74,37.3,54.25,1051.88,1,2059.04
51501,10.0,68.22,40.85,37.72,51.43,1068.87,1,2060.04
51526,10.0,71.2,40.02,40.53,47.1,1061.76,1,2061.04
51551,10.0,73.33,39.21,44.5,41.45,1056.99,1,2062.04
51576,10.0,74.0,38.64,46.76,35.68,992.46,1,2063.04
51601,10.0,73.33,38.64,47.72,30.76,870.43,1,2064.04
51626,10.0,72.42,38.23,47.91,27.31,781.48,1,2065.04
51651,10.0,71.76,36.51,47.53,26.37,787.63,1,2066.04
51676,10.0,70.48,33.9,47.08,27.39,856.82,1,2067.04
51701,10.0,68.12,31.43,47.21,28.92,892.75,1,2068.04
51726,10.0,65.08,29.45,47.98,29.99,959.7,1,2069.04
51751,10.0,61.58,27.75,49.17,30.66,978.99,1,2070.04
51776,10.0,58.06,25.66,50.3,32.87,1037.23,1,2071.04
51801,10.0,54.57,23.54,50.42,36.1,1071.75,1,2072.04
51826,10.0,51.1,22.07,49.34,36.82,1045.77,1,2073.04
51851,10.0,47.53,21.51,50.3,35.04,990.84,1,2074.04
51876,10.0,43.76,22.17,54.2,32.12,1008.43,1,2075.04
51901,10.0,39.85,24.01,59.08,30.3,1046.38,1,2076.04
51926,10.0,35.63,26.35,63.47,28.74,1124.41,1,2077.04
51951,10.0,31.61,28.97,67.14,28.47,1202.53,1,2078.04
51976,10.0,28.11,31.43,70.84,30.63,1292.46,1,2079.04
52001,10.0,24.75,33.4,75.53,29.99,1302.42,1,2080.04
52026,10.0,22.35,34.86,76.77,33.02,1381.64,1,2081.04
52051,10.0,21.14,35.93,76.28,35.47,1473.43,1,2082.04
52076,10.0,20.91,36.66,74.05,36.63,1502.49,1,2083.04
52101,10.0,21.09,37.1,71.73,36.6,1479.55,1,2084.04
52126,10.0,21.52,37.48,69.52,36.77,1435.74,1,2085.04
52151,10.0,22.02,37.86,67.73,37.06,1391.7,1,2086.04
52176,10.0,22.61,38.32,65.65,36.76,1351.48,1,2087.04
52201,10.0,23.27,38.77,63.48,35.81,1363.4,1,2088.04
52226,10.0,23.91,38.98,61.32,36.24,1400.78,1,2089.04
52251,10.0,24.54,39.15,59.71,39.1,1432.14,1,2090.04
52276,10.0,25.34,39.69,57.47,42.15,1478.67,1,2091.04
52301,10.0,26.11,40.03,55.64,44.43,1495.53,1,2092.04
52326,10.0,26.85,40.22,53.7,44.25,1445.1,1,2093.04
52351,10.0,27.52,40.09,51.78,42.42,1350.37,1,2094.04
52376,10.0,28.2,39.71,49.95,39.83,1231.66,1,2095.04
52401,10.0,28.95,39.33,47.85,36.58,1114.02,1,2096.04
52426,10.0,29.65,39.06,45.67,32.59,1009.71,1,2097.04
52451,10.0,30.32,38.99,43.47,28.25,909.51,1,2098.04
52476,10.0,31.01,39.02,41.25,27.71,822.81,1,2099.04
52501,10.0,31.77,39.02,39.36,29.03,783.25,1,2100.04
52526,10.0,32.55,38.92,39.07,30.05,762.02,1,2101.04
52551,10.0,33.31,38.87,39.07,30.82,739.43,1,2102.04
52576,10.0,34.06,39.0,38.43,30.96,706.03,1,2103.04
52601,10.0,34.71,39.24,36.87,30.66,661.22,1,2104.04
52626,10.0,35.34,39.47,35.14,29.99,621.49,1,2105.04
52651,10.0,36.25,39.19,34.54,29.06,640.93,1,2106.04
52676,10.0,37.59,38.05,33.92,29.05,680.45,1,2107.04
52701,10.0,39.04,36.75,32.95,29.33,683.8,1,2108.04
52726,10.0,40.39,35.42,32.1,30.48,695.72,1,2109.04
52751,10.0,41.35,33.8,31.18,31.9,756.51,1,2110.04
52776,10.0,41.9,32.21,30.42,34.21,803.54,1,2111.04
52801,10.0,42.16,30.97,30.26,37.15,816.61,1,2112.04
52826,10.0,41.9,30.28,29.05,38.87,777.35,1,2113.04
52851,10.0,40.95,30.15,26.52,38.09,689.21,1,2114.04
52876,10.0,39.36,30.66,24.94,36.51,633.65,1,2115.04
52901,10.0,37.12,32.02,26.42,36.48,635.38,1,2116.04
52926,10.0,34.46,34.19,28.43,39.55,677.83,1,2117.04
52951,10.0,31.59,36.54,29.57,42.36,727.83,1,2118.04
52976,10.0,28.37,38.0,31.96,41.86,792.95,1,2119.04
53001,10.0,25.29,38.49,35.27,38.63,805.89,1,2120.04
53026,10.0,22.78,38.63,36.3,34.68,773.93,1,2121.04
53051,10.0,20.6,38.26,37.21,31.09,756.41,1,2122.04
53076,10.0,18.72,37.37,39.81,29.29,737.88,1,2123.04
53101,10.0,17.46,36.64,42.35,27.96,733.36,1,2124.04
53126,10.0,17.05,36.24,42.58,26.94,713.64,1,2125.04
53151,10.0,17.17,35.92,41.3,26.2,674.6,1,2126.04
53176,10.0,17.53,35.68,39.44,25.02,616.45,1,2127.04
53201,10.0,18.01,35.53,38.0,24.77,574.36,1,2128.04
53226,10.0,18.57,35.38,36.9,25.09,552.34,1,2129.04
53251,10.0,19.18,35.22,35.86,25.17,530.8,1,2130.04
53276,10.0,19.92,35.06,34.55,25.2,507.13,1,2131.04
53301,10.0,20.56,34.86,33.21,25.22,484.36,1,2132.04
53326,10.0,21.12,34.73,31.96,25.19,468.05,1,2133.04
53351,10.0,21.77,34.75,30.9,25.18,461.28,1,2134.04
53376,10.0,22.45,35.25,29.57,25.11,469.41,1,2135.04
53401,10.0,22.92,35.87,28.23,28.0,497.98,1,2136.04
53426,10.0,23.71,35.45,27.64,30.9,536.52,1,2137.04
53451,10.0,24.51,35.76,27.52,33.43,560.36,1,2138.04
53476,10.0,25.18,35.77,27.46,35.44,592.15,1,2139.04
53501,10.0,25.96,35.74,27.06,37.41,618.39,1,2140.04
53526,10.0,26.77,35.59,26.68,38.95,624.67,1,2141.04
53551,10.0,27.66,35.45,26.31,40.12,617.66,1,2142.04
53576,10.0,28.48,35.2,25.49,41.34,613.43,1,2143.04
53601,9.0,29.72,36.25,24.43,42.3,602.94,1,2144.04
53626,10.0,30.24,35.8,23.55,42.82,591.24,1,2145.04
53651,10.0,30.98,36.12,22.55,43.22,586.89,1,2146.04
53676,10.0,31.65,36.44,21.86,43.34,584.62,1,2147.04
53701,10.0,32.32,36.46,21.67,43.2,584.23,1,2148.04
53726,10.0,33.02,36.46,21.67,43.33,585.47,1,2149.04
53751,10.0,33.71,36.33,21.71,43.38,576.62,1,2150.04
53776,10.0,34.3,36.15,21.93,43.21,575.91,1,2151.04
53801,10.0,34.88,35.9,22.37,42.7,587.07,1,2152.04
53826,10.0,35.38,35.61,22.68,42.16,593.24,1,2153.04
53851,10.0,35.97,35.5,22.79,42.02,599.44,1,2154.04
53876,10.0,36.59,35.41,22.85,42.06,604.36,1,2155.04
53901,10.0,37.19,35.31,22.98,42.06,607.88,1,2156.04
53926,10.0,37.75,35.25,22.99,41.63,618.67,1,2157.04
53951,10.0,38.24,35.39,22.67,40.99,632.13,1,2158.04
53976,10.0,38.76,35.54,22.27,40.37,651.42,1,2159.04
54001,10.0,39.32,35.37,22.09,39.69,658.98,1,2160.04
54026,10.0,39.85,35.14,21.54,39.19,654.88,1,2161.04
54051,10.0,40.41,34.96,20.82,39.98,640.16,1,2162.04
54076,10.0,40.97,34.89,20.06,41.23,623.28,1,2163.04
54101,10.0,41.45,34.69,19.41,42.14,604.68,1,2164.04
54126,10.0,41.74,34.35,20.13,43.1,618.1,1,2165.04
54151,10.0,42.09,34.24,19.39,44.47,604.15,1,2166.04
54176,10.0,42.44,34.2,18.59,46.11,593.78,1,2167.04
54201,10.0,42.82,34.21,17.82,47.77,585.13,1,2168.04
54226,10.0,43.21,34.42,17.08,49.07,579.04,1,2169.04
54251,10.0,43.55,34.81,17.15,49.79,579.31,1,2170.04
54276,10.0,43.67,34.37,17.57,50.5,589.13,1,2171.04
54301,10.0,43.86,34.42,18.06,51.43,611.06,1,2172.04
54326,10.0,44.08,34.37,18.54,51.9,632.37,1,2173.04
54351,10.0,44.33,34.29,19.03,52.12,654.07,1,2174.04
54376,10.0,44.54,34.3,19.48,52.24,672.84,1,2175.04
54401,10.0,44.62,34.43,20.18,52.18,693.56,1,2176.04
54426,10.0,44.57,34.49,20.86,52.25,712.31,1,2177.04
54451,10.0,44.56,34.49,20.79,52.32,709.56,1,2178.04
54476,10.0,44.74,34.47,20.14,52.7,692.81,1,2179.04
54501,10.0,45.07,34.25,20.64,53.38,701.38,1,2180.04
54526,10.0,45.53,34.07,22.55,54.82,722.06,1,2181.04
54551,10.0,46.33,34.43,24.45,57.02,729.01,1,2182.04
54576,10.0,47.76,35.28,26.34,58.67,796.75,1,2183.04
54601,10.0,49.26,36.05,27.27,60.13,882.05,1,2184.04
54626,10.0,50.49,36.3,28.15,61.45,955.29,1,2185.04
54651,10.0,51.92,35.96,28.59,63.06,1010.66,1,2186.04
54676,10.0,53.58,35.11,29.01,64.29,1050.7,1,2187.04
54701,10.0,55.28,33.98,29.38,64.47,1062.72,1,2188.04
54726,10.0,56.91,32.79,29.37,63.34,1063.2,1,2189.04
54751,10.0,58.6,31.65,28.91,61.3,1087.25,1,2190.04
54776,10.0,60.04,30.65,29.54,59.24,1113.74,1,2191.04
54801,10.0,60.91,29.87,30.35,58.28,1141.75,1,2192.04
54826,10.0,61.18,29.45,31.25,59.37,1193.58,1,2193.04
54851,10.0,61.43,29.22,32.85,61.33,1274.74,1,2194.04
54876,10.0,62.23,29.03,35.03,62.06,1330.1,1,2195.04
54901,10.0,62.33,28.82,34.83,60.09,1269.05,1,2196.04
54926,10.0,60.7,28.48,33.61,56.07,1187.93,1,2197.04
54951,10.0,57.59,28.02,34.62,50.86,1130.77,1,2198.04
54976,10.0,53.38,27.14,38.06,45.58,1116.04,1,2199.04
55001,10.0,48.28,26.39,41.73,41.82,1133.84,1,2200.04
55026,10.0,42.7,26.18,45.27,38.39,1122.96,1,2201.04
55051,10.0,37.4,26.55,47.85,31.96,1047.91,1,2202.04
55076,10.0,33.64,26.94,49.6,27.96,995.15,1,2203.04
55101,10.0,32.37,26.79,48.47,26.26,961.57,1,2204.04
55126,10.0,33.29,26.37,45.08,25.95,928.22,1,2205.04
55151,10.0,35.29,26.09,40.74,27.28,903.25,1,2206.04
55176,10.0,37.7,26.25,38.54,30.26,883.1,1,2207.04
55201,10.0,40.37,26.87,37.6,32.45,874.76,1,2208.04
55226,10.0,43.17,27.63,37.01,35.31,893.03,1,2209.04
55251,10.0,45.8,28.32,36.17,38.96,898.88,1,2210.04
55276,10.0,48.11,28.9,35.49,42.61,951.2,1,2211.04
55301,10.0,50.14,29.62,35.2,46.34,1030.71,1,2212.04
55326,10.0,52.01,30.69,34.38,49.54,1066.48,1,2213.04
55351,10.0,53.91,31.83,33.19,52.29,1082.13,1,2214.04
55376,10.0,56.06,32.9,32.22,54.08,1102.05,1,2215.04
55401,10.0,58.4,33.98,31.23,55.04,1095.49,1,2216.04
55426,10.0,60.62,35.11,29.88,55.21,1067.7,1,2217.04
55451,10.0,62.49,36.16,28.63,54.45,1021.58,1,2218.04
55476,10.0,63.61,37.1,28.3,53.17,1032.41,1,2219.04
55501,10.0,63.8,37.73,29.46,51.43,1075.32,1,2220.04
55526,10.0,63.3,37.83,31.03,51.04,1137.66,1,2221.04
55551,10.0,62.45,37.61,31.41,52.55,1182.07,1,2222.04
55576,10.0,61.59,37.19,30.81,54.24,1203.76,1,2223.04
55601,10.0,60.96,36.89,30.62,55.56,1233.74,1,2224.04
55626,10.0,60.46,37.1,31.49,57.83,1259.17,1,2225.04
55651,10.0,60.02,37.79,33.47,59.24,1284.0,1,2226.04
55676,10.0,59.79,38.2,35.36,59.46,1293.08,1,2227.04
55701,10.0,59.93,37.8,35.97,59.53,1291.59,1,2228.04
55726,10.0,60.39,36.65,35.55,60.13,1267.96,1,2229.04
55751,10.0,61.42,34.94,35.22,60.84,1233.07,1,2230.04
55776,10.0,62.79,33.16,35.28,62.25,1215.23,1,2231.04
55801,10.0,64.07,31.51,35.13,62.41,1205.96,1,2232.04
55826,10.0,65.64,29.86,34.48,60.65,1180.03,1,2233.04
55851,10.0,67.91,28.55,34.02,57.32,1134.89,1,2234.04
55876,10.0,70.61,27.52,34.16,54.04,1113.74,1,2235.04
55901,10.0,73.38,26.72,34.64,50.89,1097.93,1,2236.04
55926,10.0,75.85,26.33,35.13,48.83,1036.29,1,2237.04
55951,10.0,77.5,26.04,35.44,47.04,981.6,1,2238.04
55976,10.0,78.51,25.89,35.65,44.29,915.92,1,2239.04
56001,10.0,79.19,25.88,35.35,41.24,843.27,1,2240.04
56026,10.0,79.83,26.12,34.45,37.74,759.61,1,2241.04
56051,10.0,80.82,26.74,33.7,34.89,731.33,1,2242.04
56076,10.0,81.95,27.04,34.34,31.75,725.31,1,2243.04
56101,10.0,82.45,27.09,34.26,30.07,707.58,1,2244.04
56126,10.0,82.32,27.24,34.72,31.15,703.36,1,2245.04
56151,10.0,81.59,27.56,34.96,31.95,702.12,1,2246.04
56176,10.0,80.34,28.04,34.23,32.34,687.38,1,2247.04
56201,10.0,78.83,28.59,33.77,32.09,677.25,1,2248.04
56226,10.0,77.16,29.32,33.62,31.67,680.7,1,2249.04
56251,10.0,75.49,30.08,33.44,31.63,676.27,1,2250.04
56276,10.0,73.82,30.79,33.05,31.86,681.66,1,2251.04
56301,10.0,72.16,31.37,32.83,32.03,702.1,1,2252.04
56326,10.0,70.63,31.8,33.26,32.03,732.89,1,2253.04
56351,10.0,69.22,32.16,33.95,32.03,773.16,1,2254.04
56376,10.0,67.88,32.48,34.51,31.99,803.58,1,2255.04
56401,10.0,66.63,32.75,34.95,32.13,824.42,1,2256.04
56426,10.0,65.55,32.9,34.87,33.31,843.99,1,2257.04
56451,10.0,64.61,32.84,34.3,34.92,865.35,1,2258.04
56476,10.0,63.64,32.69,33.73,36.45,881.69,1,2259.04
56501,10.0,62.59,32.6,33.34,37.54,885.26,1,2260.04
56526,10.0,61.53,32.58,32.42,38.41,876.34,1,2261.04
56551,10.0,60.51,32.57,31.38,39.13,858.57,1,2262.04
56576,10.0,59.48,32.49,30.46,39.75,837.3,1,2263.04
56601,10.0,58.46,32.5,29.67,40.09,814.24,1,2264.04
56626,10.0,57.37,32.63,29.04,39.98,794.5,1,2265.04
56651,10.0,56.17,32.76,28.53,39.35,772.23,1,2266.04
56676,10.0,54.9,32.9,27.89,38.6,745.27,1,2267.04
56701,10.0,53.57,33.04,27.22,38.11,717.41,1,2268.04
56726,10.0,52.22,33.2,26.68,38.19,693.4,1,2269.04
56751,10.0,50.89,33.33,26.38,38.29,678.83,1,2270.04
56776,10.0,49.68,33.33,26.11,38.26,666.23,1,2271.04
56801,10.0,48.66,33.3,25.67,37.98,645.13,1,2272.04
56826,10.0,47.78,33.19,25.2,37.82,616.89,1,2273.04
56851,10.0,47.01,32.92,24.71,37.81,589.41,1,2274.04
56876,10.0,46.27,32.61,24.14,37.31,563.07,1,2275.04
56901,10.0,45.4,32.47,23.54,36.94,548.19,1,2276.04
56926,10.0,44.42,32.49,23.14,38.28,551.44,1,2277.04
56951,10.0,43.71,32.45,22.86,38.05,574.31,1,2278.04
56976,10.0,43.46,32.56,23.74,36.93,599.68,1,2279.04
57001,10.0,43.49,33.53,23.71,36.82,617.78,1,2280.04
57026,10.0,43.37,35.54,23.63,37.8,624.39,1,2281.04
57051,10.0,43.08,37.99,24.12,39.51,632.34,1,2282.04
57076,10.0,42.94,40.35,24.09,41.1,634.5,1,2283.04
57101,10.0,43.83,41.57,23.92,41.49,622.43,1,2284.04
57126,10.0,45.72,41.03,25.33,41.03,630.33,1,2285.04
57151,10.0,47.64,39.59,26.71,40.82,689.17,1,2286.04
57176,10.0,49.27,38.88,28.34,41.25,798.67,1,2287.04
57201,10.0,50.55,40.03,29.91,41.88,912.8,1,2288.04
57226,10.0,51.03,42.04,31.79,44.26,1018.66,1,2289.04
57251,10.0,50.05,43.91,34.7,46.58,1134.27,1,2290.04
57276,10.0,47.3,45.09,38.94,46.86,1255.34,1,2291.04
57301,10.0,43.47,45.52,43.4,44.84,1339.7,1,2292.04
57326,10.0,39.41,45.61,48.35,41.79,1440.12,1,2293.04
57351,10.0,35.59,45.72,53.86,39.04,1520.72,1,2294.04
57376,10.0,32.41,45.78,57.82,37.71,1551.08,1,2295.04
57401,10.0,30.03,45.81,59.6,37.11,1590.17,1,2296.04
57426,10.0,28.54,45.9,60.03,36.66,1601.83,1,2297.04
57451,10.0,27.86,45.86,59.76,36.55,1601.16,1,2298.04
57476,10.0,27.85,45.54,59.02,36.88,1594.17,1,2299.04
57501,10.0,28.37,45.07,57.72,37.37,1582.56,1,2300.04
57526,10.0,29.25,44.49,56.28,37.76,1575.42,1,2301.04
57551,10.0,30.3,43.97,54.99,38.42,1573.84,1,2302.04
57576,10.0,31.46,43.61,53.95,40.74,1571.57,1,2303.04
57601,10.0,32.62,43.25,53.05,43.03,1565.94,1,2304.04
57626,10.0,33.75,42.81,51.95,45.18,1554.89,1,2305.04
57651,10.0,34.9,42.17,50.08,47.14,1557.93,1,2306.04
57676,10.0,36.08,41.48,47.48,48.91,1552.87,1,2307.04
57701,10.0,37.3,40.85,44.75,50.7,1553.95,1,2308.04
57726,10.0,38.49,40.34,42.63,52.37,1566.44,1,2309.04
57751,10.0,39.72,40.1,41.82,53.98,1556.46,1,2310.04
57776,10.0,40.95,40.27,39.99,55.38,1501.76,1,2311.04
57801,10.0,42.16,40.65,38.5,56.25,1418.58,1,2312.04
57826,10.0,43.39,41.2,36.72,56.45,1314.46,1,2313.04
57851,10.0,44.5,41.86,35.23,55.01,1203.27,1,2314.04
57876,10.0,45.39,42.51,33.99,52.24,1091.42,1,2315.04
57901,10.0,46.21,43.13,32.62,49.59,1005.48,1,2316.04
57926,10.0,46.95,43.83,31.9,46.66,925.0,1,2317.04
57951,10.0,47.57,44.61,31.41,41.86,838.95,1,2318.04
57976,10.0,48.28,45.33,31.63,37.21,808.88,1,2319.04
58001,10.0,48.77,46.32,32.44,37.91,841.33,1,2320.04
58026,10.0,48.71,47.22,32.34,37.16,855.54,1,2321.04
58051,10.0,48.18,47.67,31.75,36.64,839.42,1,2322.04
58076,10.0,47.27,47.98,31.19,35.38,811.03,1,2323.04
58101,10.0,46.13,48.24,30.52,33.46,771.44,1,2324.04
58126,10.0,45.06,48.49,29.91,32.03,735.02,1,2325.04
58151,10.0,44.17,48.85,29.62,31.49,710.84,1,2326.04
58176,10.0,43.43,49.21,29.6,31.43,693.46,1,2327.04
58201,10.0,42.88,49.54,30.07,31.73,687.83,1,2328.04
58226,10.0,42.3,49.92,30.59,32.34,692.24,1,2329.04
58251,10.0,41.27,50.17,30.64,32.78,684.96,1,2330.04
58276,10.0,40.05,50.18,30.18,31.56,654.82,1,2331.04
58301,10.0,39.64,50.07,29.37,30.63,631.18,1,2332.04
58326,10.0,40.5,49.65,28.78,32.64,630.81,1,2333.04
58351,10.0,42.46,48.71,29.97,35.34,640.89,1,2334.04
58376,10.0,45.26,47.48,32.99,37.37,673.37,1,2335.04
58401,10.0,48.61,45.97,36.21,39.1,771.18,1,2336.04
58426,10.0,52.15,43.81,39.15,40.53,902.81,1,2337.04
58451,10.0,55.65,41.1,41.2,43.66,1032.47,1,2338.04
58476,10.0,59.41,38.19,41.91,47.03,1129.45,1,2339.04
58501,10.0,63.39,35.85,41.6,48.11,1151.94,1,2340.04
58526,10.0,67.35,34.25,41.18,45.42,1109.38,1,2341.04
58551,10.0,71.2,33.13,41.06,40.7,1065.94,1,2342.04
58576,10.0,74.91,32.11,41.24,38.7,1034.75,1,2343.04
58601,10.0,78.29,31.09,41.77,40.9,1090.24,1,2344.04
58626,10.0,80.33,30.34,41.83,41.47,1079.35,1,2345.04
58651,10.0,80.66,29.87,39.21,39.79,1046.32,1,2346.04
58676,10.0,79.95,29.61,37.94,36.81,970.28,1,2347.04
58701,10.0,78.31,29.11,36.46,33.72,910.05,1,2348.04
58726,10.0,75.88,28.36,35.61,30.24,887.71,1,2349.04
58751,10.0,73.21,27.7,35.34,30.26,904.02,1,2350.04
58776,10.0,70.86,27.51,35.11,32.14,945.16,1,2351.04
58801,10.0,69.08,27.74,36.46,33.2,978.09,1,2352.04
58826,10.0,67.46,27.67,37.22,34.15,1019.99,1,2353.04
58851,10.0,65.77,27.35,36.84,38.22,1089.29,1,2354.04
58876,10.0,64.14,26.94,37.32,42.37,1162.79,1,2355.04
58901,10.0,62.59,26.54,37.84,46.12,1222.74,1,2356.04
58926,10.0,61.2,26.37,37.94,48.78,1262.14,1,2357.04
58951,10.0,60.35,26.75,37.4,50.59,1262.3,1,2358.04
58976,10.0,59.95,27.57,35.93,52.82,1197.54,1,2359.04
59001,10.0,59.71,28.56,33.95,55.08,1146.5,1,2360.04
59026,10.0,59.53,29.88,32.02,56.76,1099.09,1,2361.04
59051,10.0,59.38,31.53,30.79,57.92,1067.77,1,2362.04
59076,10.0,59.45,33.29,30.6,58.67,1047.49,1,2363.04
59101,10.0,59.99,34.99,30.82,59.37,1038.91,1,2364.04
59126,10.0,60.67,36.74,31.07,59.38,1042.62,1,2365.04
59151,10.0,61.08,38.32,31.54,58.58,1059.63,1,2366.04
59176,10.0,61.23,39.62,32.19,56.8,1060.0,1,2367.04
59201,10.0,61.39,41.02,32.86,54.89,1097.63,1,2368.04
59226,10.0,60.99,42.52,33.94,53.61,1161.68,1,2369.04
59251,10.0,59.77,43.77,36.04,55.0,1254.15,1,2370.04
59276,10.0,58.13,44.72,38.8,55.48,1366.82,1,2371.04
59301,10.0,56.24,45.08,42.39,55.62,1519.71,1,2372.04
59326,10.0,54.31,44.59,44.93,56.61,1660.79,1,2373.04
59351,10.0,52.82,43.67,44.09,57.93,1681.1,1,2374.04
59376,10.0,52.0,42.64,40.98,59.13,1594.68,1,2375.04
59401,10.0,52.02,41.57,37.74,59.94,1447.51,1,2376.04
59426,10.0,52.83,40.49,35.31,60.56,1305.08,1,2377.04
59451,10.0,53.82,39.75,33.54,61.37,1207.63,1,2378.04
59476,10.0,54.56,39.29,32.06,62.1,1122.81,1,2379.04
59501,10.0,55.13,38.68,30.9,62.58,1057.07,1,2380.04
59526,10.0,55.72,37.45,30.24,63.2,1021.47,1,2381.04
59551,10.0,56.6,35.8,29.77,63.64,1049.35,1,2382.04
59576,10.0,57.81,34.15,29.44,63.67,1096.08,1,2383.04
59601,10.0,59.31,32.57,30.05,63.19,1131.6,1,2384.04
59626,10.0,60.78,30.9,30.96,62.6,1139.62,1,2385.04
59651,10.0,62.32,29.24,31.79,61.91,1111.16,1,2386.04
59676,10.0,64.17,28.09,32.38,60.18,1056.59,1,2387.04
59701,10.0,66.45,27.5,32.74,57.84,1006.24,1,2388.04
59726,10.0,69.14,27.13,33.27,55.12,976.62,1,2389.04
59751,10.0,71.82,26.66,34.19,51.59,954.45,1,2390.04
59776,10.0,73.98,26.19,35.23,48.46,967.85,1,2391.04
59801,10.0,75.32,26.11,35.73,46.71,946.24,1,2392.04
59826,10.0,75.95,26.24,35.7,44.69,877.15,1,2393.04
59851,10.0,76.34,26.27,35.63,42.35,837.12,1,2394.04
59876,10.0,76.99,26.38,35.48,40.22,818.07,1,2395.04
59901,10.0,78.32,26.58,37.21,37.24,871.31,1,2396.04
59926,10.0,80.18,27.12,42.93,34.19,949.12,1,2397.04
59951,10.0,82.26,27.78,48.61,31.02,980.19,1,2398.04
59976,10.0,83.75,28.04,52.59,30.75,954.85,1,2399.04
60001,10.0,83.97,28.38,53.57,29.76,898.88,1,2400.04
60026,10.0,83.12,28.8,53.86,28.54,889.99,1,2401.04
60051,10.0,81.77,29.32,54.62,28.32,915.78,1,2402.04
60076,10.0,80.55,29.58,55.72,28.44,916.02,1,2403.04
60101,10.0,79.33,29.98,56.95,28.5,935.17,1,2404.04
60126,10.0,77.95,30.46,56.83,28.65,932.5,1,2405.04
60151,10.0,76.42,30.86,54.92,29.21,939.73,1,2406.04
60176,10.0,74.9,31.2,51.67,29.93,927.24,1,2407.04
60201,10.0,73.29,31.55,48.1,30.11,895.79,1,2408.04
60226,10.0,71.78,31.81,44.23,30.95,878.65,1,2409.04
60251,10.0,70.29,32.04,40.05,31.87,865.85,1,2410.04
60276,10.0,68.74,32.22,38.51,32.27,857.73,1,2411.04
60301,10.0,67.24,32.36,37.4,32.58,838.33,1,2412.04
60326,10.0,65.83,32.37,36.34,32.65,830.49,1,2413.04
60351,10.0,64.54,32.27,35.21,32.38,828.74,1,2414.04
60376,10.0,63.41,32.23,34.14,32.08,824.57,1,2415.04
60401,10.0,62.46,32.24,33.11,32.18,816.17,1,2416.04
60426,10.0,61.65,32.29,32.17,32.99,807.18,1,2417.04
60451,10.0,60.89,32.4,31.39,33.52,798.07,1,2418.04
60476,10.0,60.08,32.7,31.01,34.14,794.35,1,2419.04
60501,10.0,59.21,33.26,31.13,34.6,801.83,1,2420.04
60526,10.0,58.28,33.85,31.3,34.98,820.86,1,2421.04
60551,10.0,57.21,34.37,31.24,35.54,829.85,1,2422.04
60576,10.0,55.94,34.8,31.0,35.87,825.93,1,2423.04
60601,10.0,54.58,35.17,30.57,35.71,810.05,1,2424.04
60626,10.0,53.19,35.54,30.06,35.38,787.75,1,2425.04
60651,10.0,51.92,35.92,29.72,35.17,771.43,1,2426.04
60676,10.0,50.95,36.19,29.61,35.48,763.12,1,2427.04
60701,10.0,50.43,36.24,30.13,35.56,794.47,1,2428.04
60726,10.0,50.26,36.2,31.19,35.59,844.22,1,2429.04
60751,10.0,50.06,36.21,32.01,36.16,889.45,1,2430.04
60776,10.0,49.66,36.31,32.18,36.97,903.77,1,2431.04
60801,10.0,49.11,36.55,31.79,37.5,891.21,1,2432.04
60826,10.0,48.43,36.86,31.4,37.68,867.29,1,2433.04
60851,10.0,47.63,37.15,31.11,37.24,833.95,1,2434.04
60876,10.0,46.65,37.02,30.73,35.94,790.18,1,2435.04
60901,10.0,45.54,36.07,30.32,34.94,773.27,1,2436.04
60926,10.0,44.67,34.76,30.45,34.21,772.91,1,2437.04
60951,10.0,44.52,33.73,30.76,33.33,755.53,1,2438.04
60976,10.0,45.5,33.0,31.4,32.52,734.13,1,2439.04
61001,10.0,47.51,32.27,31.49,32.33,720.6,1,2440.04
61026,10.0,49.74,31.67,29.86,32.98,711.78,1,2441.04
61051,10.0,51.28,30.77,30.25,33.88,728.75,1,2442.04
61076,10.0,52.0,28.84,29.8,35.47,771.82,1,2443.04
61101,10.0,52.34,26.34,29.27,37.84,825.71,1,2444.04
61126,10.0,52.09,24.0,28.4,39.79,838.75,1,2445.04
61151,10.0,51.22,22.07,27.46,41.0,852.93,1,2446.04
61176,10.0,50.8,20.62,27.79,41.15,844.94,1,2447.04
61201,10.0,51.29,20.15,27.82,40.98,816.43,1,2448.04
61226,10.0,52.88,20.45,29.73,42.13,860.96,1,2449.04
61251,10.0,55.56,21.05,34.46,42.07,995.07,1,2450.04
61276,10.0,58.71,21.51,40.59,41.31,1165.64,1,2451.04
61301,10.0,61.81,21.47,45.95,41.1,1299.95,1,2452.04
61326,10.0,64.27,21.29,48.55,40.23,1333.39,1,2453.04
61351,10.0,65.66,21.47,48.21,39.18,1250.99,1,2454.04
61376,10.0,66.26,22.04,46.11,38.46,1162.58,1,2455.04
61401,10.0,66.52,23.33,43.84,38.46,1109.94,1,2456.04
61426,10.0,66.44,25.42,41.35,40.11,1066.86,1,2457.04
61451,10.0,66.17,27.93,40.23,42.53,1047.21,1,2458.04
61476,10.0,65.72,30.62,39.73,44.82,1082.38,1,2459.04
61501,10.0,64.87,33.65,39.07,46.99,1131.25,1,2460.04
61526,10.0,63.92,36.73,38.95,48.25,1181.44,1,2461.04
61551,10.0,62.57,39.48,39.32,48.0,1251.01,1,2462.04
61576,10.0,60.86,41.89,38.96,47.54,1294.95,1,2463.04
61601,10.0,60.25,43.62,37.73,46.77,1284.96,1,2464.04
61626,10.0,60.81,44.92,36.15,45.27,1264.53,1,2465.04
61651,10.0,61.1,46.51,34.98,43.1,1211.83,1,2466.04
61676,10.0,60.51,48.08,35.7,42.77,1206.78,1,2467.04
61701,10.0,58.98,49.07,37.83,43.82,1234.36,1,2468.04
61726,10.0,56.74,49.45,40.34,43.78,1258.67,1,2469.04
61751,10.0,54.49,49.29,42.6,43.97,1300.32,1,2470.04
61776,10.0,52.35,48.63,45.21,44.65,1398.72,1,2471.04
61801,10.0,50.27,47.69,48.08,45.77,1534.62,1,2472.04
61826,10.0,48.33,46.71,50.79,47.44,1701.38,1,2473.04
61851,10.0,46.58,45.65,52.3,48.87,1856.31,1,2474.04
61876,10.0,45.17,44.41,52.65,50.11,1953.33,1,2475.04
61901,10.0,44.26,42.91,51.29,51.33,1986.98,1,2476.04
61926,10.0,44.04,40.97,49.36,53.96,1980.32,1,2477.04
61951,10.0,44.65,38.92,47.18,57.49,1906.11,1,2478.04
61976,10.0,45.59,36.93,44.96,60.46,1802.62,1,2479.04
62001,10.0,46.36,34.91,43.17,61.48,1710.59,1,2480.04
62026,10.0,46.52,33.03,41.59,61.37,1676.36,1,2481.04
62051,10.0,45.59,31.39,40.78,61.24,1695.35,1,2482.04
62076,10.0,43.93,30.5,41.47,60.75,1728.63,1,2483.04
62101,10.0,42.22,30.29,42.71,61.29,1773.95,1,2484.04
62126,10.0,40.71,30.7,43.89,62.42,1819.16,1,2485.04
62151,10.0,39.6,31.55,44.53,62.62,1825.91,1,2486.04
62176,10.0,39.4,32.15,43.43,61.56,1736.01,1,2487.04
62201,10.0,39.83,32.2,40.55,59.75,1565.48,1,2488.04
62226,10.0,40.17,31.96,36.62,57.84,1360.43,1,2489.04
62251,10.0,40.42,31.58,32.92,55.37,1192.36,1,2490.04
62276,10.0,40.77,30.58,30.13,53.0,1059.84,1,2491.04
62301,10.0,41.16,29.01,28.04,50.51,983.87,1,2492.04
62326,10.0,41.88,27.88,25.97,47.31,939.05,1,2493.04
62351,10.0,42.83,27.64,24.39,44.33,880.87,1,2494.04
62376,10.0,43.73,28.22,24.21,41.71,832.86,1,2495.04
62401,10.0,44.68,29.2,25.25,39.7,812.21,1,2496.04
62426,10.0,45.77,30.1,27.14,38.3,824.36,1,2497.04
62451,10.0,47.1,31.21,29.55,37.85,868.23,1,2498.04
62476,10.0,48.19,31.92,31.45,37.9,916.92,1,2499.04
62501,10.0,48.59,31.12,31.37,37.6,924.06,1,2500.04
62526,10.0,48.79,29.71,30.62,36.86,905.12,1,2501.04
62551,10.0,48.9,28.16,29.8,38.57,914.39,1,2502.04
62576,10.0,48.64,26.7,29.92,39.98,930.62,1,2503.04
62601,10.0,48.03,25.55,30.54,40.09,924.42,1,2504.04
62626,10.0,47.47,24.58,30.41,40.07,911.72,1,2505.04
62651,10.0,47.04,23.72,29.98,39.48,890.97,1,2506.04
62676,10.0,46.64,22.94,29.52,38.69,868.24,1,2507.04
62701,10.0,46.3,22.23,28.93,38.05,843.56,1,2508.04
62726,10.0,46.07,21.6,28.14,37.48,816.87,1,2509.04
62751,10.0,46.1,21.11,26.8,37.74,778.67,1,2510.04
62776,10.0,46.35,20.78,25.2,37.84,734.76,1,2511.04
62801,10.0,46.52,20.6,24.44,37.93,704.64,1,2512.04
62826,10.0,47.0,20.65,24.14,39.13,708.49,1,2513.04
62851,10.0,48.05,21.78,24.49,40.55,729.36,1,2514.04
62876,10.0,49.18,24.15,24.71,41.48,757.9,1,2515.04
62901,10.0,49.98,26.84,24.79,42.71,806.61,1,2516.04
62926,10.0,50.49,29.56,25.61,43.8,848.64,1,2517.04
62951,10.0,50.88,32.19,26.29,43.84,863.7,1,2518.04
62976,10.0,51.28,34.61,26.71,42.33,873.22,1,2519.04
63001,10.0,51.76,36.36,26.57,39.55,870.72,1,2520.04
63026,10.0,52.22,37.18,28.02,38.79,838.46,1,2521.04
63051,10.0,52.27,37.91,29.69,38.12,810.55,1,2522.04
63076,10.0,51.45,38.84,30.71,36.59,772.5,1,2523.04
63101,10.0,50.04,39.78,31.82,35.4,771.79,1,2524.04
63126,10.0,47.75,40.4,34.21,32.97,797.49,1,2525.04
63151,10.0,44.53,40.26,37.38,28.89,788.7,1,2526.04
63176,10.0,40.77,39.35,40.11,25.96,784.66,1,2527.04
63201,10.0,36.53,37.78,43.46,26.49,790.81,1,2528.04
63226,10.0,32.22,35.89,44.68,27.4,823.85,1,2529.04
63251,10.0,28.41,34.37,45.14,27.48,809.44,1,2530.04
63276,10.0,25.0,33.14,45.77,27.19,775.63,1,2531.04
63301,10.0,21.76,31.67,46.59,28.13,774.26,1,2532.04
63326,10.0,19.18,30.73,46.44,30.2,776.05,1,2533.04
63351,10.0,17.53,30.92,45.88,29.45,799.19,1,2534.04
63376,10.0,16.71,31.65,48.53,28.99,855.08,1,2535.04
63401,10.0,16.87,32.44,49.25,29.51,896.39,1,2536.04
63426,10.0,17.68,33.13,49.17,29.52,913.87,1,2537.04
63451,10.0,18.65,33.64,48.62,32.5,904.8,1,2538.04
63476,10.0,19.79,34.01,47.23,35.29,873.24,1,2539.04
63501,10.0,21.01,34.32,45.63,36.91,836.93,1,2540.04
63526,10.0,22.3,34.54,44.19,37.87,820.36,1,2541.04
63551,10.0,23.7,34.82,42.83,38.79,809.48,1,2542.04
63576,10.0,25.09,35.1,41.54,39.95,799.33,1,2543.04
63601,10.0,26.46,35.47,40.17,41.28,789.39,1,2544.04
63626,10.0,27.84,35.96,38.96,42.43,775.1,1,2545.04
63651,10.0,29.31,36.43,38.02,43.03,773.47,1,2546.04
63676,10.0,30.8,36.88,37.13,43.28,771.34,1,2547.04
63701,10.0,32.17,37.34,36.14,43.36,769.96,1,2548.04
63726,10.0,33.42,37.86,35.08,43.16,800.48,1,2549.04
63751,10.0,34.59,38.35,34.19,42.74,850.8,1,2550.04
63776,10.0,35.71,38.83,33.99,42.29,905.11,1,2551.04
63801,10.0,36.71,39.24,34.98,41.84,947.72,1,2552.04
63826,10.0,37.65,39.63,35.29,41.59,976.49,1,2553.04
63851,10.0,38.6,40.04,35.13,41.22,992.38,1,2554.04
63876,10.0,39.57,40.41,35.0,41.69,1002.68,1,2555.04
63901,10.0,40.63,40.77,34.85,42.05,1011.4,1,2556.04
63926,10.0,41.81,41.3,34.4,42.8,1007.68,1,2557.04
63951,10.0,42.95,42.0,33.72,43.27,1004.03,1,2558.04
63976,10.0,43.86,42.84,33.25,43.46,1010.0,1,2559.04
64001,10.0,44.24,43.62,34.12,43.42,1049.13,1,2560.04
64026,10.0,44.07,44.13,36.9,43.87,1143.17,1,2561.04
64051,10.0,43.63,44.46,39.95,44.14,1240.45,1,2562.04
64076,10.0,43.31,44.81,41.69,44.05,1290.78,1,2563.04
64101,10.0,43.57,45.17,42.18,44.54,1283.55,1,2564.04
64126,10.0,44.57,45.36,41.25,43.52,1208.49,1,2565.04
64151,10.0,46.06,45.75,38.4,40.85,1064.73,1,2566.04
64176,10.0,47.73,46.55,35.26,38.11,927.85,1,2567.04
64201,10.0,48.85,47.2,32.25,36.27,811.05,1,2568.04
64226,10.0,48.67,46.85,30.17,36.63,747.7,1,2569.04
64251,10.0,47.56,45.62,31.11,36.61,760.0,1,2570.04
64276,10.0,46.23,44.35,33.79,36.28,820.73,1,2571.04
64301,10.0,44.82,43.68,34.57,37.43,903.63,1,2572.04
64326,10.0,43.55,43.88,36.17,39.51,969.05,1,2573.04
64351,10.0,42.63,44.78,37.0,40.84,1021.33,1,2574.04
64376,10.0,42.41,45.96,36.51,41.3,1051.2,1,2575.04
64401,10.0,42.7,46.98,35.46,42.03,1040.86,1,2576.04
64426,10.0,42.54,47.63,34.26,41.75,983.73,1,2577.04
64451,10.0,41.18,47.76,32.84,38.77,892.37,1,2578.04
64476,10.0,39.26,46.98,31.51,33.39,760.06,1,2579.04
64501,10.0,37.39,45.63,30.0,26.94,585.27,1,2580.04
64526,10.0,35.53,43.75,29.36,21.4,449.92,1,2581.04
64551,10.0,33.4,41.5,30.54,20.24,408.44,1,2582.04
64576,10.0,30.78,38.81,32.33,21.77,442.34,1,2583.04
64601,10.0,27.92,36.13,33.96,23.36,484.97,1,2584.04
64626,10.0,25.37,33.93,34.62,25.16,523.17,1,2585.04
64651,10.0,23.43,32.28,35.86,25.66,550.13,1,2586.04
64676,10.0,22.36,31.56,36.05,25.24,535.12,1,2587.04
64701,10.0,21.79,31.66,35.89,22.57,474.91,1,2588.04
64726,10.0,21.0,31.87,37.64,17.64,442.16,1,2589.04
64751,10.0,20.46,31.91,39.23,16.29,442.9,1,2590.04
64776,10.0,20.85,32.18,39.01,15.63,428.06,1,2591.04
64801,10.0,21.37,32.62,39.82,16.35,444.44,1,2592.04
64826,10.0,21.79,33.05,41.46,17.78,490.78,1,2593.04
64851,10.0,22.75,33.5,42.6,20.01,551.78,1,2594.04
64876,10.0,24.21,33.88,42.85,25.06,654.65,1,2595.04
64901,10.0,26.01,34.11,42.11,29.64,777.59,1,2596.04
64926,10.0,28.19,34.41,40.4,33.26,864.88,1,2597.04
64951,10.0,30.67,34.83,38.41,36.09,946.14,1,2598.04
64976,10.0,33.23,35.36,38.37,37.58,1060.38,1,2599.04
65001,10.0,35.53,35.95,38.49,42.72,1168.64,1,2600.04
65026,10.0,37.28,36.53,38.55,47.64,1253.76,1,2601.04
65051,10.0,38.83,36.97,38.46,51.96,1317.18,1,2602.04
65076,10.0,40.68,37.01,38.08,54.38,1353.29,1,2603.04
65101,10.0,42.6,36.66,37.62,55.65,1360.87,1,2604.04
65126,10.0,44.43,35.74,37.27,56.72,1355.15,1,2605.04
65151,10.0,46.56,34.32,36.97,58.01,1340.48,1,2606.04
65176,10.0,49.31,32.83,36.72,59.24,1309.85,1,2607.04
65201,10.0,52.43,31.48,36.49,59.4,1258.59,1,2608.04
65226,10.0,55.45,30.46,36.52,58.8,1210.73,1,2609.04
65251,10.0,58.31,29.6,36.8,57.64,1215.44,1,2610.04
65276,10.0,60.97,28.64,37.05,55.87,1189.86,1,2611.04
65301,10.0,63.2,27.82,36.93,55.09,1159.9,1,2612.04
65326,10.0,64.96,27.39,36.2,54.4,1169.86,1,2613.04
65351,10.0,66.38,27.47,35.25,53.56,1158.19,1,2614.04
65376,10.0,67.43,28.06,34.13,53.64,1130.05,1,2615.04
65401,10.0,68.15,29.03,32.93,54.73,1096.66,1,2616.04
65426,10.0,68.27,30.25,31.92,56.7,1100.21,1,2617.04
65451,10.0,67.89,31.48,31.22,58.89,1131.44,1,2618.04
65476,10.0,67.61,32.88,30.79,60.29,1143.23,1,2619.04
65501,10.0,67.67,33.81,30.26,61.1,1114.21,1,2620.04
65526,10.0,68.1,34.76,29.94,61.65,1081.39,1,2621.04
65551,10.0,68.83,36.21,30.27,61.71,1078.36,1,2622.04
65576,10.0,69.71,37.93,30.27,60.91,1098.62,1,2623.04
65601,10.0,70.3,39.57,30.18,59.82,1111.7,1,2624.04
65626,10.0,70.57,41.08,28.87,58.51,1081.21,1,2625.04
65651,10.0,71.19,42.4,29.02,55.84,1061.08,1,2626.04
65676,10.0,72.3,43.39,29.87,53.24,1022.83,1,2627.04
65701,10.0,73.49,44.37,29.53,52.85,975.12,1,2628.04
65726,10.0,74.51,45.23,28.8,52.54,901.2,1,2629.04
65751,10.0,75.43,45.76,28.15,52.28,842.82,1,2630.04
65776,10.0,76.28,45.86,27.72,52.29,810.1,1,2631.04
65801,10.0,76.75,45.5,27.69,52.17,785.5,1,2632.04
65826,10.0,76.54,44.85,27.16,52.26,797.56,1,2633.04
65851,10.0,75.56,43.95,25.42,53.34,835.77,1,2634.04
65876,10.0,74.23,43.31,23.56,54.79,872.11,1,2635.04
65901,10.0,73.19,43.38,24.35,55.44,893.66,1,2636.04
65926,10.0,72.79,43.96,26.41,55.6,909.51,1,2637.04
65951,10.0,72.56,44.73,28.56,55.62,950.95,1,2638.04
65976,10.0,72.08,45.46,30.31,55.1,996.67,1,2639.04
66001,10.0,71.32,45.94,31.43,54.6,1012.47,1,2640.04
66026,10.0,70.39,46.16,32.06,54.63,1018.85,1,2641.04
66051,10.0,69.6,46.42,32.76,55.05,1037.88,1,2642.04
66076,10.0,69.3,46.95,33.5,54.77,1081.66,1,2643.04
66101,10.0,69.79,47.24,35.5,54.61,1107.95,1,2644.04
66126,10.0,70.88,47.13,38.57,52.7,1095.32,1,2645.04
66151,10.0,71.8,46.77,39.22,49.96,1025.7,1,2646.04
66176,10.0,72.54,46.44,37.3,47.06,911.1,1,2647.04
66201,10.0,73.46,46.75,35.08,44.43,830.92,1,2648.04
66226,10.0,74.76,47.32,35.61,42.45,800.72,1,2649.04
66251,10.0,76.45,47.14,37.56,40.82,802.48,1,2650.04
66276,10.0,77.89,46.67,36.91,38.84,792.62,1,2651.04
66301,10.0,78.13,46.38,35.28,35.68,740.92,1,2652.04
66326,10.0,76.74,45.99,33.77,30.99,669.13,1,2653.04
66351,10.0,74.33,45.31,34.46,31.25,665.16,1,2654.04
66376,10.0,71.62,44.68,36.27,33.01,710.71,1,2655.04
66401,10.0,69.27,44.81,36.52,34.1,724.58,1,2656.04
66426,10.0,67.98,44.91,34.67,34.73,740.42,1,2657.04
66451,10.0,68.46,44.01,33.28,35.59,799.62,1,2658.04
66476,10.0,70.36,42.41,33.06,36.57,886.59,1,2659.04
66501,10.0,72.95,40.49,34.14,37.16,980.44,1,2660.04
66526,10.0,75.68,38.59,37.86,37.4,1039.64,1,2661.04
66551,10.0,78.13,36.94,38.91,37.62,1040.78,1,2662.04
66576,10.0,79.81,35.68,38.97,37.16,1025.54,1,2663.04
66601,10.0,80.24,34.89,40.35,36.32,1022.98,1,2664.04
66626,10.0,79.7,34.41,40.58,36.1,1036.73,1,2665.04
66651,10.0,78.74,34.08,39.6,36.1,1032.48,1,2666.04
66676,10.0,77.64,33.7,37.58,35.51,1018.27,1,2667.04
66701,10.0,76.55,33.12,37.2,34.76,1002.49,1,2668.04
66726,10.0,75.2,32.12,37.09,34.59,992.36,1,2669.04
66751,10.0,73.32,31.11,37.43,35.64,1048.13,1,2670.04
66776,10.0,71.02,30.2,38.07,38.27,1056.73,1,2671.04
66801,10.0,68.55,29.35,38.98,39.04,1066.28,1,2672.04
66826,10.0,66.31,28.4,39.82,37.37,1095.43,1,2673.04
66851,10.0,64.93,27.72,39.49,37.98,1099.68,1,2674.04
66876,10.0,64.61,27.69,37.53,42.5,1066.19,1,2675.04
66901,10.0,65.49,28.7,37.35,46.03,1061.13,1,2676.04
66926,10.0,67.36,30.16,38.98,48.6,1148.92,1,2677.04
66951,10.0,69.5,31.78,39.7,50.18,1208.6,1,2678.04
66976,10.0,71.85,33.52,39.27,49.93,1207.17,1,2679.04
67001,10.0,74.23,34.82,39.17,46.67,1161.83,1,2680.04
67026,10.0,76.53,35.63,39.04,41.89,1085.84,1,2681.04
67051,10.0,78.63,36.43,38.78,37.48,1007.7,1,2682.04
67076,10.0,80.02,37.32,39.11,34.36,947.65,1,2683.04
67101,10.0,80.57,38.03,40.01,32.79,917.49,1,2684.04
67126,10.0,80.38,38.48,40.49,31.96,894.01,1,2685.04
67151,10.0,79.62,38.75,40.28,31.45,863.44,1,2686.04
67176,10.0,78.58,38.78,40.03,31.12,831.81,1,2687.04
67201,10.0,77.42,38.65,39.86,30.79,799.31,1,2688.04
67226,10.0,76.21,38.47,39.65,30.55,783.34,1,2689.04
67251,10.0,75.01,38.14,39.63,30.48,777.84,1,2690.04
67276,10.0,73.81,37.79,39.67,30.35,766.08,1,2691.04
67301,10.0,72.6,37.52,39.79,30.1,755.6,1,2692.04
67326,10.0,71.46,37.28,39.81,30.07,741.69,1,2693.04
67351,10.0,70.39,36.96,39.61,29.96,722.32,1,2694.04
67376,10.0,69.3,36.56,39.31,29.76,711.11,1,2695.04
67401,10.0,68.23,36.27,38.8,29.6,709.56,1,2696.04
67426,10.0,67.17,36.0,38.33,29.61,710.52,1,2697.04
67451,10.0,66.15,35.63,37.88,29.88,713.86,1,2698.04
67476,10.0,65.14,35.3,37.24,29.94,714.88,1,2699.04
67501,10.0,64.19,35.04,36.56,29.62,708.21,1,2700.04
67526,10.0,63.39,34.82,35.82,29.43,703.36,1,2701.04
67551,10.0,62.79,34.62,35.16,29.93,714.1,1,2702.04
67576,10.0,62.21,34.58,34.77,30.52,728.37,1,2703.04
67601,10.0,61.6,34.83,34.25,30.73,726.42,1,2704.04
67626,10.0,61.05,35.46,33.91,31.04,710.46,1,2705.04
67651,10.0,60.51,36.41,33.28,31.36,688.97,1,2706.04
67676,10.0,60.0,37.57,32.41,31.59,670.94,1,2707.04
67701,10.0,59.52,38.95,31.28,31.69,653.57,1,2708.04
67726,10.0,59.1,40.4,30.22,31.78,630.95,1,2709.04
67751,10.0,58.84,41.77,29.22,31.88,596.56,1,2710.04
67776,10.0,58.64,43.18,28.14,31.98,575.28,1,2711.04
67801,10.0,58.37,44.56,27.07,32.26,554.87,1,2712.04
67826,10.0,58.09,45.85,26.16,32.42,528.26,1,2713.04
67851,10.0,57.81,47.17,25.26,32.43,498.95,1,2714.04
67876,10.0,57.53,48.5,24.3,32.48,471.14,1,2715.04
67901,10.0,57.24,49.81,23.4,32.51,446.08,1,2716.04
67926,10.0,56.97,51.14,22.49,32.53,420.66,1,2717.04
67951,9.0,44.15,31.0,18.74,54.03,769.67,2,2718.04
67976,10.0,46.71,30.2,18.36,54.06,549.88,2,2719.04
68001,10.0,46.96,29.98,19.37,53.13,546.98,2,2720.04
68026,10.0,47.3,29.58,19.62,50.35,539.6,2,2721.04
68051,10.0,47.27,29.4,20.08,47.99,524.06,2,2722.04
68076,10.0,46.88,29.26,19.3,46.82,495.25,2,2723.04
68101,10.0,46.56,29.06,18.36,45.47,461.76,2,2724.04
68126,10.0,46.42,28.97,17.96,44.13,442.14,2,2725.04
68151,10.0,46.36,28.95,18.54,43.75,444.81,2,2726.04
68176,10.0,46.35,28.96,18.93,43.46,450.83,2,2727.04
68201,10.0,46.32,28.93,18.97,42.98,453.42,2,2728.04
68226,10.0,46.31,28.86,18.76,42.74,451.96,2,2729.04
68251,10.0,46.31,28.89,18.63,41.96,444.29,2,2730.04
68276,10.0,46.29,28.82,18.63,41.87,443.4,2,2731.04
68301,10.0,46.28,28.77,18.75,42.02,448.11,2,2732.04
68326,10.0,46.28,28.74,18.97,41.71,447.34,2,2733.04
68351,10.0,46.31,28.99,19.1,41.29,444.68,2,2734.04
68376,10.0,46.25,28.77,19.08,41.63,446.42,2,2735.04
68401,10.0,46.23,28.59,18.85,41.7,438.86,2,2736.04
68426,10.0,46.5,28.43,19.24,40.44,432.82,2,2737.04
68451,10.0,47.68,28.35,23.12,39.53,486.28,2,2738.04
68476,10.0,50.08,28.16,28.49,40.67,605.52,2,2739.04
68501,10.0,53.48,27.65,32.39,41.24,711.76,2,2740.04
68526,10.0,57.3,26.95,33.09,39.76,754.5,2,2741.04
68551,10.0,60.41,26.3,33.92,36.48,763.08,2,2742.04
68576,10.0,62.32,25.65,35.18,34.26,753.21,2,2743.04
68601,10.0,63.6,24.49,35.01,33.51,752.1,2,2744.04
68626,10.0,64.47,23.22,34.68,33.73,771.33,2,2745.04
68651,10.0,65.07,21.85,34.5,35.8,806.73,2,2746.04
68676,10.0,65.37,20.55,34.77,38.13,874.19,2,2747.04
68701,10.0,65.11,19.9,35.48,38.95,918.96,2,2748.04
68726,10.0,64.3,19.73,35.97,38.37,910.06,2,2749.04
68751,10.0,63.32,19.76,36.28,37.19,869.49,2,2750.04
68776,10.0,62.54,19.64,36.72,35.85,822.89,2,2751.04
68801,10.0,62.08,19.42,37.54,34.08,793.36,2,2752.04
68826,10.0,61.75,19.02,38.77,32.11,788.16,2,2753.04
68851,10.0,61.59,18.5,39.86,30.57,778.18,2,2754.04
68876,10.0,61.66,17.82,40.82,29.76,764.68,2,2755.04
68901,10.0,61.92,16.96,41.13,29.51,744.36,2,2756.04
68926,10.0,62.18,16.12,40.43,29.35,715.77,2,2757.04
68951,10.0,62.36,15.5,39.47,28.43,683.98,2,2758.04
68976,10.0,62.53,15.06,38.52,27.63,663.22,2,2759.04
69001,10.0,62.9,14.74,37.28,27.18,658.24,2,2760.04
69026,10.0,63.7,15.0,36.22,26.52,661.14,2,2761.04
69051,10.0,64.16,16.64,36.14,26.06,661.95,2,2762.04
69076,10.0,63.43,19.72,36.72,27.14,682.88,2,2763.04
69101,10.0,61.73,23.68,37.01,30.32,710.76,2,2764.04
69126,10.0,59.63,27.89,37.12,33.09,774.75,2,2765.04
69151,10.0,57.82,31.99,37.38,37.05,869.84,2,2766.04
69176,10.0,56.34,35.96,36.61,40.96,990.24,2,2767.04
69201,10.0,54.25,39.25,36.46,43.25,1110.23,2,2768.04
69226,10.0,51.25,41.2,37.62,43.09,1146.81,2,2769.04
69251,10.0,47.97,42.51,39.29,41.11,1135.72,2,2770.04
69276,10.0,44.43,43.8,40.2,39.02,1139.45,2,2771.04
69301,10.0,40.4,44.72,39.93,37.38,1116.48,2,2772.04
69326,10.0,36.33,45.26,38.65,36.77,1062.29,2,2773.04
69351,10.0,32.96,45.71,36.25,37.74,997.05,2,2774.04
69376,10.0,31.04,45.83,33.25,37.35,914.47,2,2775.04
69401,10.0,30.61,45.38,28.99,36.01,785.17,2,2776.04
69426,10.0,30.98,44.2,23.91,36.22,641.02,2,2777.04
69451,10.0,32.09,41.89,21.48,35.82,551.33,2,2778.04
69476,10.0,33.67,38.78,21.8,36.28,563.43,2,2779.04
69501,10.0,35.24,35.9,23.67,37.16,582.11,2,2780.04
69526,10.0,36.75,33.81,23.38,37.66,559.73,2,2781.04
69551,10.0,38.15,31.88,24.04,37.82,556.72,2,2782.04
69576,10.0,39.06,29.53,25.55,37.33,650.95,2,2783.04
69601,10.0,39.12,27.18,26.72,38.64,748.83,2,2784.04
69626,10.0,38.7,25.39,27.84,40.48,805.59,2,2785.04
69651,10.0,38.75,24.62,28.39,39.52,787.11,2,2786.04
69676,10.0,38.87,24.88,28.99,38.09,738.38,2,2787.04
69701,10.0,37.73,25.52,29.75,36.07,699.45,2,2788.04
69726,10.0,35.57,25.68,30.69,32.87,678.88,2,2789.04
69751,10.0,32.63,25.37,32.56,32.82,690.96,2,2790.04
69776,10.0,28.53,24.99,35.79,32.3,742.88,2,2791.04
69801,10.0,24.03,24.61,38.65,30.19,778.4,2,2792.04
69826,10.0,20.39,24.21,38.43,27.38,746.51,2,2793.04
69851,10.0,18.49,24.33,38.18,24.74,700.62,2,2794.04
69876,10.0,18.51,25.31,36.37,24.43,652.05,2,2795.04
69901,10.0,18.92,26.52,33.96,23.78,594.8,2,2796.04
69926,10.0,19.11,27.68,35.19,22.77,564.6,2,2797.04
69951,10.0,19.83,28.59,36.05,22.23,552.24,2,2798.04
69976,10.0,21.13,29.13,36.49,22.04,554.12,2,2799.04
70001,10.0,22.67,29.46,36.72,23.19,566.15,2,2800.04
70026,10.0,24.26,29.69,36.65,25.78,591.53,2,2801.04
70051,10.0,25.89,29.82,36.31,28.17,616.99,2,2802.04
70076,10.0,27.49,29.79,35.94,29.81,631.44,2,2803.04
70101,10.0,29.12,29.86,35.61,31.0,675.4,2,2804.04
70126,10.0,30.86,30.13,35.31,33.12,735.79,2,2805.04
70151,10.0,32.66,30.39,35.21,35.81,814.72,2,2806.04
70176,10.0,34.4,30.84,35.18,38.45,902.76,2,2807.04
70201,10.0,36.03,31.59,34.96,40.99,984.99,2,2808.04
70226,10.0,37.6,32.42,35.73,43.24,1042.82,2,2809.04
70251,10.0,39.09,33.33,36.13,45.35,1079.24,2,2810.04
70276,10.0,40.5,34.23,35.9,46.94,1094.83,2,2811.04
70301,10.0,41.77,35.11,35.56,47.32,1097.26,2,2812.04
70326,10.0,42.85,35.97,35.08,46.98,1100.05,2,2813.04
70351,10.0,43.83,36.74,34.46,46.49,1086.23,2,2814.04
70376,10.0,44.8,37.54,33.95,45.88,1059.95,2,2815.04
70401,10.0,45.71,38.39,33.72,44.99,1026.83,2,2816.04
70426,10.0,46.47,39.26,33.75,43.73,986.38,2,2817.04
70451,10.0,47.04,40.14,33.81,42.42,929.49,2,2818.04
70476,10.0,47.29,40.91,33.58,41.47,885.07,2,2819.04
70501,10.0,47.14,41.35,32.75,41.32,843.81,2,2820.04
70526,10.0,46.99,41.34,31.51,41.47,802.01,2,2821.04
70551,10.0,46.96,41.39,30.32,40.5,747.44,2,2822.04
70576,10.0,46.71,41.29,29.09,38.95,688.13,2,2823.04
70601,10.0,46.26,41.14,28.06,37.44,634.3,2,2824.04
70626,10.0,45.65,41.05,27.19,35.92,587.74,2,2825.04
70651,10.0,44.84,40.88,26.35,33.91,538.92,2,2826.04
70676,10.0,43.9,40.67,25.55,31.63,490.7,2,2827.04
70701,10.0,42.9,40.46,25.0,30.02,459.19,2,2828.04
70726,10.0,41.95,40.19,24.89,29.36,446.6,2,2829.04
70751,10.0,41.09,39.88,24.65,29.3,443.93,2,2830.04
70776,10.0,40.28,39.54,24.26,30.07,444.19,2,2831.04
70801,10.0,39.52,39.21,23.81,31.37,446.94,2,2832.04
70826,10.0,38.83,38.82,23.47,32.49,449.58,2,2833.04
70851,10.0,38.22,38.38,23.2,33.24,459.6,2,2834.04
70876,10.0,37.68,37.93,23.23,33.88,477.22,2,2835.04
70901,10.0,37.29,37.44,23.4,34.39,492.72,2,2836.04
70926,10.0,37.29,36.85,24.0,35.43,521.2,2,2837.04
70951,10.0,37.99,35.72,24.84,37.15,565.73,2,2838.04
70976,10.0,39.22,34.48,26.34,39.31,615.52,2,2839.04
71001,10.0,40.5,34.47,27.26,40.72,659.37,2,2840.04
71026,10.0,41.9,35.87,26.89,41.86,703.47,2,2841.04
71051,10.0,43.5,38.05,26.54,43.06,755.18,2,2842.04
71076,10.0,45.05,40.64,28.49,43.34,810.34,2,2843.04
71101,10.0,46.89,43.1,30.19,43.76,850.21,2,2844.04
71126,10.0,48.5,45.12,30.91,44.03,896.31,2,2845.04
71151,10.0,48.05,47.01,33.01,43.32,1000.52,2,2846.04
71176,10.0,45.77,48.54,35.65,41.46,1114.28,2,2847.04
71201,10.0,43.15,49.52,37.71,40.25,1188.18,2,2848.04
71226,10.0,40.64,49.99,38.0,38.84,1169.83,2,2849.04
71251,10.0,38.21,49.97,36.62,35.98,1083.34,2,2850.04
71276,10.0,36.05,49.69,34.61,33.27,968.05,2,2851.04
71301,10.0,34.21,49.45,33.51,32.36,865.89,2,2852.04
71326,10.0,32.77,49.47,32.92,31.8,793.0,2,2853.04
71351,10.0,31.77,49.73,32.09,31.77,750.52,2,2854.04
71376,10.0,31.18,50.06,31.22,31.69,725.85,2,2855.04
71401,10.0,30.82,50.46,30.34,31.84,710.48,2,2856.04
71426,10.0,30.49,50.91,29.81,32.2,703.19,2,2857.04
71451,10.0,30.19,51.22,29.86,32.03,691.87,2,2858.04
71476,10.0,29.76,51.48,29.92,32.08,676.03,2,2859.04
71501,10.0,29.19,51.68,29.88,32.01,647.2,2,2860.04
71526,10.0,28.54,51.69,28.92,31.01,609.08,2,2861.04
71551,10.0,28.48,51.5,28.25,29.74,580.63,2,2862.04
71576,10.0,29.57,51.36,27.19,30.67,577.81,2,2863.04
71601,10.0,31.27,51.3,26.44,32.64,572.81,2,2864.04
71626,10.0,33.02,50.73,25.83,32.98,547.3,2,2865.04
71651,10.0,34.94,49.24,24.93,33.07,554.18,2,2866.04
71676,10.0,36.67,46.27,24.11,34.26,593.54,2,2867.04
71701,10.0,37.61,42.19,23.34,36.1,641.11,2,2868.04
71726,10.0,37.67,37.91,23.83,38.22,686.87,2,2869.04
71751,10.0,37.22,33.81,24.76,40.24,739.21,2,2870.04
71776,10.0,36.99,30.06,25.01,41.68,779.95,2,2871.04
71801,10.0,36.96,27.56,25.47,41.5,755.3,2,2872.04
71826,10.0,36.06,26.58,25.78,40.05,682.79,2,2873.04
71851,10.0,34.24,25.98,26.33,38.82,610.07,2,2874.04
71876,10.0,32.11,24.65,27.31,38.82,605.05,2,2875.04
71901,10.0,29.51,23.17,29.31,38.4,638.44,2,2876.04
71926,10.0,26.38,22.57,32.32,36.4,717.67,2,2877.04
71951,10.0,23.09,22.91,38.71,34.72,802.12,2,2878.04
71976,10.0,19.93,23.79,44.61,33.14,878.37,2,2879.04
72001,10.0,17.67,24.82,48.0,31.74,914.41,2,2880.04
72026,10.0,17.08,25.99,48.78,32.63,919.66,2,2881.04
72051,10.0,18.06,26.99,48.29,34.39,954.29,2,2882.04
72076,10.0,19.84,27.59,47.12,35.54,966.95,2,2883.04
72101,10.0,21.75,28.11,45.49,36.18,983.82,2,2884.04
72126,10.0,23.61,28.67,43.32,36.46,1009.81,2,2885.04
72151,10.0,25.42,29.34,41.79,38.13,1055.21,2,2886.04
72176,10.0,27.27,30.07,40.65,39.48,1098.02,2,2887.04
72201,10.0,29.12,30.89,39.77,40.71,1142.78,2,2888.04
72226,10.0,30.82,31.78,38.9,42.36,1194.84,2,2889.04
72251,10.0,32.33,32.69,38.11,43.95,1254.36,2,2890.04
72276,10.0,33.68,33.57,37.48,45.57,1325.95,2,2891.04
72301,10.0,34.89,34.42,37.63,47.07,1407.36,2,2892.04
72326,10.0,35.87,35.43,38.57,48.09,1488.98,2,2893.04
72351,10.0,36.61,36.6,39.73,49.36,1558.42,2,2894.04
72376,10.0,37.12,37.77,41.55,50.79,1588.38,2,2895.04
72401,10.0,37.54,38.92,43.17,51.78,1577.05,2,2896.04
72426,10.0,37.96,40.63,44.05,51.77,1577.78,2,2897.04
72451,10.0,37.75,42.3,44.39,50.9,1591.49,2,2898.04
72476,10.0,36.69,43.15,44.03,50.09,1611.58,2,2899.04
72501,10.0,35.52,43.7,42.58,49.21,1634.63,2,2900.04
72526,10.0,34.98,44.44,41.08,48.89,1563.57,2,2901.04
72551,10.0,35.15,45.11,38.57,46.67,1376.73,2,2902.04
72576,10.0,36.06,45.28,36.17,43.47,1158.33,2,2903.04
72601,10.0,37.81,45.06,36.02,40.77,975.45,2,2904.04
72626,10.0,39.92,45.06,35.99,38.37,847.11,2,2905.04
72651,10.0,42.0,45.84,33.76,37.42,745.11,2,2906.04
72676,10.0,43.43,47.08,30.69,37.62,674.94,2,2907.04
72701,10.0,43.54,48.16,28.53,36.51,595.0,2,2908.04
72726,10.0,42.46,49.02,28.29,34.24,544.79,2,2909.04
72751,10.0,40.36,49.9,28.91,31.95,529.88,2,2910.04
72776,10.0,37.6,50.63,30.08,30.8,549.41,2,2911.04
72801,10.0,34.5,51.06,31.94,33.22,598.05,2,2912.04
72826,10.0,30.94,51.27,35.0,33.7,669.0,2,2913.04
72851,10.0,27.39,51.59,37.85,33.74,734.62,2,2914.04
72876,10.0,24.48,51.62,38.87,33.27,750.9,2,2915.04
72901,10.0,22.03,51.08,37.95,32.08,713.73,2,2916.04
72926,10.0,20.17,50.22,35.45,30.93,659.04,2,2917.04
72951,10.0,18.99,49.23,32.33,29.23,595.44,2,2918.04
72976,10.0,18.36,48.53,29.55,28.49,565.6,2,2919.04
73001,10.0,18.28,48.37,26.85,30.27,554.38,2,2920.04
73026,10.0,18.4,48.35,23.75,32.46,532.58,2,2921.04
73051,10.0,18.35,48.21,21.75,31.93,489.43,2,2922.04
73076,10.0,18.12,48.04,20.79,31.08,459.23,2,2923.04
73101,10.0,17.84,48.02,19.56,30.79,433.16,2,2924.04
73126,10.0,17.62,48.11,18.11,29.86,406.64,2,2925.04
73151,10.0,17.66,48.38,17.71,29.37,380.71,2,2926.04
73176,10.0,18.14,48.69,17.43,28.24,344.79,2,2927.04
73201,10.0,18.2,49.05,17.93,28.56,341.86,2,2928.04
73226,10.0,16.9,49.11,19.1,30.22,389.1,2,2929.04
73251,10.0,15.21,48.49,19.49,32.86,453.93,2,2930.04
73276,10.0,14.26,47.96,19.43,34.66,449.92,2,2931.04
73301,10.0,14.49,47.53,17.44,34.74,401.08,2,2932.04
73326,10.0,15.88,46.95,15.33,33.36,345.03,2,2933.04
73351,10.0,17.84,46.57,14.87,32.6,323.26,2,2934.04
73376,10.0,20.32,46.45,15.32,32.93,331.59,2,2935.04
73401,10.0,23.34,46.22,16.67,33.3,372.68,2,2936.04
73426,10.0,26.33,45.51,18.33,34.75,439.46,2,2937.04
73451,10.0,28.52,44.7,19.68,36.57,525.6,2,2938.04
73476,10.0,29.13,44.75,21.26,37.02,606.23,2,2939.04
73501,10.0,28.43,44.97,24.49,35.5,647.83,2,2940.04
73526,10.0,27.62,44.81,27.75,33.61,651.99,2,2941.04
73551,10.0,27.39,43.88,29.22,31.18,625.23,2,2942.04
73576,10.0,28.19,42.49,28.83,30.01,608.56,2,2943.04
73601,10.0,30.42,40.93,28.83,30.42,637.5,2,2944.04
73626,10.0,33.87,39.65,29.86,32.03,713.1,2,2945.04
73651,10.0,37.85,39.0,33.04,34.25,828.81,2,2946.04
73676,10.0,42.21,39.14,37.54,36.39,949.65,2,2947.04
73701,10.0,46.75,39.72,42.31,38.18,1023.28,2,2948.04
73726,10.0,51.25,40.05,45.24,39.11,1036.56,2,2949.04
73751,10.0,55.64,39.96,46.02,38.11,1024.64,2,2950.04
73776,10.0,59.82,39.71,46.5,36.1,994.3,2,2951.04
73801,10.0,63.62,39.59,47.34,35.04,981.15,2,2952.04
73826,10.0,66.78,39.83,48.0,35.31,990.67,2,2953.04
73851,10.0,69.39,40.1,47.65,34.83,978.54,2,2954.04
73876,10.0,71.41,39.83,47.31,32.83,927.57,2,2955.04
73901,10.0,72.98,39.29,46.52,31.72,921.19,2,2956.04
73926,10.0,74.65,38.82,48.25,31.7,992.98,2,2957.04
73951,10.0,76.3,38.43,49.17,30.85,1012.03,2,2958.04
73976,10.0,77.89,38.31,50.07,30.21,1049.09,2,2959.04
74001,10.0,79.29,38.03,50.29,29.79,1096.46,2,2960.04
74026,10.0,80.8,37.11,51.28,29.67,1104.84,2,2961.04
74051,10.0,82.64,35.17,50.75,28.79,1069.34,2,2962.04
74076,10.0,84.52,32.2,49.38,26.89,1009.48,2,2963.04
74101,10.0,86.23,28.57,48.51,24.81,978.52,2,2964.04
74126,10.0,87.57,24.64,49.84,27.86,971.71,2,2965.04
74151,10.0,88.61,20.97,52.38,30.4,932.62,2,2966.04
74176,10.0,89.44,17.9,55.04,29.81,834.02,2,2967.04
74201,10.0,89.93,15.83,58.34,27.81,735.78,2,2968.04
74226,10.0,90.1,14.48,61.3,27.58,668.7,2,2969.04
74251,10.0,90.06,13.41,63.7,27.37,606.91,2,2970.04
74276,10.0,89.95,12.66,64.59,27.28,502.81,2,2971.04
74301,10.0,89.85,12.06,65.43,27.28,394.35,2,2972.04
74326,10.0,89.5,11.73,66.52,26.66,302.8,2,2973.04
74351,10.0,88.71,11.79,66.22,26.4,271.18,2,2974.04
74376,10.0,88.13,11.46,65.92,26.22,246.49,2,2975.04
74401,10.0,87.44,11.32,65.08,26.48,216.59,2,2976.04
74426,10.0,86.92,11.26,65.03,26.67,206.09,2,2977.04
74451,10.0,86.44,11.27,65.34,26.93,215.78,2,2978.04
74476,10.0,85.67,11.45,66.02,27.21,236.92,2,2979.04
74501,10.0,84.89,11.74,66.64,27.93,269.48,2,2980.04
74526,10.0,84.38,11.86,67.24,27.74,272.4,2,2981.04
74551,10.0,83.91,12.56,72.52,28.39,476.73,2,2982.04
74576,10.0,82.44,12.55,69.57,29.19,377.62,2,2983.04
74601,10.0,81.56,12.8,71.0,30.48,431.99,2,2984.04
74626,10.0,81.11,12.99,72.24,31.48,447.56,2,2985.04
74651,10.0,80.14,13.27,72.84,32.2,481.25,2,2986.04
74676,10.0,79.1,13.52,73.83,32.85,523.3,2,2987.04
74701,10.0,78.4,13.98,74.98,32.94,571.8,2,2988.04
74726,10.0,77.51,14.29,73.66,33.17,571.72,2,2989.04
74751,10.0,76.79,14.82,72.77,33.51,599.66,2,2990.04
74776,10.0,76.12,15.62,72.64,33.94,729.32,2,2991.04
74801,10.0,74.95,15.71,69.65,34.38,675.21,2,2992.04
74826,10.0,73.92,15.98,68.0,34.82,654.25,2,2993.04
74851,10.0,72.97,16.44,66.22,35.26,693.3,2,2994.04
74876,10.0,72.0,16.97,64.4,35.69,737.27,2,2995.04
74901,10.0,70.98,17.37,62.64,36.13,746.51,2,2996.04
74926,10.0,69.97,17.7,60.97,36.56,739.28,2,2997.04
74951,10.0,69.02,18.03,59.51,37.0,742.89,2,2998.04
74976,10.0,68.08,18.48,58.34,37.44,764.78,2,2999.04
75001,10.0,67.0,19.07,56.91,37.87,784.83,2,3000.04
75026,10.0,65.71,19.61,55.12,38.32,801.77,2,3001.04
75051,10.0,64.3,20.12,53.05,38.58,801.94,2,3002.04
75076,10.0,62.84,20.7,51.01,38.76,803.45,2,3003.04
75101,10.0,61.38,21.25,48.55,39.03,802.55,2,3004.04
75126,10.0,59.94,21.72,46.53,38.77,783.46,2,3005.04
75151,10.0,58.51,22.22,44.42,38.89,798.5,2,3006.04
75176,10.0,57.03,22.7,42.63,39.11,796.75,2,3007.04
75201,10.0,55.55,23.26,40.97,38.89,799.76,2,3008.04
75226,10.0,54.03,23.8,39.25,38.58,791.81,2,3009.04
75251,10.0,52.44,24.44,37.34,37.77,782.14,2,3010.04
75276,10.0,50.75,25.13,35.15,36.15,746.2,2,3011.04
75301,10.0,49.17,25.91,32.85,34.7,700.09,2,3012.04
75326,10.0,47.73,26.79,30.57,32.91,649.35,2,3013.04
75351,10.0,46.51,27.64,28.39,31.41,594.86,2,3014.04
75376,10.0,45.4,28.24,26.28,30.33,546.89,2,3015.04
75401,10.0,44.44,28.72,24.35,30.27,512.68,2,3016.04
75426,10.0,43.72,29.24,22.76,30.17,486.7,2,3017.04
75451,10.0,43.13,29.79,21.35,29.65,464.68,2,3018.04
75476,10.0,42.56,30.37,19.87,29.81,444.09,2,3019.04
75501,10.0,42.13,30.81,19.34,30.05,441.16,2,3020.04
75526,10.0,42.06,31.01,19.8,30.61,455.11,2,3021.04
75551,10.0,42.98,32.75,20.75,31.19,483.77,2,3022.04
75576,10.0,43.73,33.26,21.96,33.32,536.39,2,3023.04
75601,10.0,44.38,34.86,22.81,36.37,607.72,2,3024.04
75626,10.0,44.73,37.0,23.94,38.85,658.1,2,3025.04
75651,10.0,44.9,38.75,25.22,39.17,678.03,2,3026.04
75676,10.0,44.73,40.02,25.96,39.12,685.97,2,3027.04
75701,10.0,43.99,41.18,25.93,38.72,667.58,2,3028.04
75726,10.0,42.58,42.33,25.76,36.75,660.9,2,3029.04
75751,10.0,39.9,43.58,27.87,35.18,728.67,2,3030.04
75776,10.0,35.92,44.69,33.37,34.01,849.19,2,3031.04
75801,10.0,31.51,45.16,40.21,33.03,984.7,2,3032.04
75826,10.0,27.54,45.17,46.9,32.54,1125.65,2,3033.04
75851,10.0,24.76,45.07,51.22,31.92,1217.77,2,3034.04
75876,10.0,23.62,44.79,53.35,31.61,1264.27,2,3035.04
75901,10.0,23.9,44.37,54.79,32.06,1287.35,2,3036.04
75926,10.0,25.05,43.88,54.92,32.45,1282.64,2,3037.04
75951,10.0,26.41,43.43,54.72,33.16,1279.1,2,3038.04
75976,10.0,27.81,42.78,54.35,34.66,1268.73,2,3039.04
76001,10.0,29.35,42.58,53.76,36.13,1276.8,2,3040.04
76026,10.0,30.97,42.23,53.03,37.29,1272.34,2,3041.04
76051,10.0,32.6,42.03,52.1,38.22,1269.18,2,3042.04
76076,10.0,34.23,41.85,50.77,39.15,1258.88,2,3043.04
76101,10.0,35.82,41.68,49.19,39.94,1239.65,2,3044.04
76126,10.0,37.33,41.54,47.22,40.74,1213.04,2,3045.04
76151,10.0,38.7,41.42,44.66,41.56,1178.96,2,3046.04
76176,10.0,40.02,41.42,41.69,42.24,1128.87,2,3047.04
76201,10.0,41.33,41.57,38.74,42.89,1076.75,2,3048.04
76226,10.0,42.56,41.72,36.7,42.61,1039.15,2,3049.04
76251,10.0,43.62,41.94,35.35,41.72,1025.3,2,3050.04
76276,10.0,44.61,42.29,34.83,40.71,1011.38,2,3051.04
76301,10.0,45.52,42.57,34.09,39.58,964.63,2,3052.04
76326,10.0,46.3,42.91,32.71,38.27,895.98,2,3053.04
76351,10.0,46.93,43.45,32.27,36.76,824.45,2,3054.04
76376,10.0,47.39,44.02,31.91,35.29,752.09,2,3055.04
76401,10.0,47.82,43.89,31.33,33.82,667.29,2,3056.04
76426,10.0,48.88,42.82,31.74,31.71,615.81,2,3057.04
76451,10.0,50.79,41.54,35.53,29.92,632.47,2,3058.04
76476,10.0,53.11,39.95,39.95,29.23,694.98,2,3059.04
76501,10.0,54.8,37.4,42.72,29.04,762.09,2,3060.04
76526,10.0,54.55,33.99,43.86,31.18,818.44,2,3061.04
76551,10.0,52.34,30.5,44.23,33.31,883.86,2,3062.04
76576,10.0,48.87,27.19,44.78,34.53,950.14,2,3063.04
76601,10.0,45.36,24.36,45.14,34.09,935.78,2,3064.04
76626,10.0,42.59,22.71,44.6,31.34,834.35,2,3065.04
76651,10.0,40.73,22.47,42.79,28.69,721.93,2,3066.04
76676,10.0,39.69,23.14,39.76,25.78,593.16,2,3067.04
76701,10.0,39.2,23.47,36.26,25.38,498.36,2,3068.04
76726,10.0,38.83,23.35,32.78,25.58,481.78,2,3069.04
76751,10.0,38.46,23.54,29.34,25.64,439.04,2,3070.04
76776,10.0,37.95,23.82,25.85,26.29,413.54,2,3071.04
76801,10.0,37.17,24.11,22.84,27.36,407.01,2,3072.04
76826,10.0,36.39,24.56,20.88,28.64,414.81,2,3073.04
76851,10.0,35.71,25.06,20.18,30.0,433.47,2,3074.04
76876,10.0,35.12,25.62,19.59,31.42,437.77,2,3075.04
76901,10.0,34.81,26.05,18.86,33.04,444.12,2,3076.04
76926,10.0,34.86,26.12,19.68,34.25,467.98,2,3077.04
76951,10.0,35.14,25.76,21.93,34.93,509.79,2,3078.04
76976,10.0,35.45,25.14,24.0,36.18,534.16,2,3079.04
77001,10.0,35.71,24.18,24.74,37.35,537.22,2,3080.04
77026,10.0,35.59,23.02,23.8,36.01,545.69,2,3081.04
77051,10.0,34.51,22.27,22.78,32.93,561.98,2,3082.04
77076,10.0,33.04,21.82,24.19,31.18,580.42,2,3083.04
77101,10.0,32.39,21.43,25.43,29.71,591.51,2,3084.04
77126,10.0,32.94,20.95,25.9,30.01,620.5,2,3085.04
77151,10.0,34.73,20.87,27.17,30.45,662.12,2,3086.04
77176,10.0,37.21,21.08,28.24,31.93,681.85,2,3087.04
77201,10.0,39.51,21.66,28.93,34.0,687.66,2,3088.04
77226,10.0,41.44,22.75,30.02,36.26,727.73,2,3089.04
77251,10.0,43.27,24.59,31.07,39.27,799.96,2,3090.04
77276,10.0,45.53,26.97,32.14,42.33,880.37,2,3091.04
77301,10.0,48.54,29.38,33.9,44.41,942.76,2,3092.04
77326,10.0,51.99,31.53,36.05,45.4,975.62,2,3093.04
77351,10.0,55.26,33.83,37.16,47.24,1028.09,2,3094.04
77376,10.0,58.07,36.4,36.86,50.84,1086.12,2,3095.04
77401,10.0,60.35,38.83,35.29,53.3,1096.23,2,3096.04
77426,10.0,61.97,40.89,32.58,52.39,1069.73,2,3097.04
77451,10.0,62.94,42.59,33.7,49.91,1023.37,2,3098.04
77476,10.0,62.98,43.96,33.65,48.74,994.0,2,3099.04
77501,10.0,62.21,44.64,31.4,47.01,965.61,2,3100.04
77526,10.0,61.23,44.58,30.56,44.17,937.68,2,3101.04
77551,10.0,60.22,44.17,30.88,42.27,912.26,2,3102.04
77576,10.0,59.45,43.93,30.95,43.28,884.18,2,3103.04
77601,10.0,59.16,44.16,30.98,45.17,875.64,2,3104.04
77626,10.0,59.1,44.79,33.04,46.62,865.01,2,3105.04
77651,10.0,59.06,45.55,33.31,46.58,829.48,2,3106.04
77676,10.0,59.06,46.16,31.92,45.32,780.78,2,3107.04
77701,10.0,59.27,46.49,30.55,43.31,730.87,2,3108.04
77726,10.0,59.75,46.42,29.81,42.67,688.62,2,3109.04
77751,10.0,60.3,46.27,29.36,41.42,659.9,2,3110.04
77776,10.0,60.94,45.94,28.33,39.16,612.46,2,3111.04
77801,10.0,61.59,45.5,27.05,36.2,551.09,2,3112.04
77826,10.0,62.1,45.29,26.1,33.39,513.36,2,3113.04
77851,10.0,62.76,45.28,25.34,32.78,466.41,2,3114.04
77876,10.0,63.46,45.39,24.51,32.99,433.72,2,3115.04
77901,10.0,64.11,45.71,23.67,33.21,418.03,2,3116.04
77926,10.0,64.83,46.08,23.1,33.55,401.98,2,3117.04
77951,10.0,65.57,46.22,22.83,33.63,396.85,2,3118.04
77976,10.0,66.17,45.99,22.7,31.89,380.42,2,3119.04
78001,10.0,66.65,45.85,22.51,32.03,387.08,2,3120.04
78026,10.0,67.13,45.58,22.16,32.67,395.32,2,3121.04
78051,10.0,67.43,45.16,22.49,34.37,428.38,2,3122.04
78076,10.0,67.56,44.9,23.37,38.07,500.43,2,3123.04
78101,10.0,67.33,44.4,24.49,43.06,588.2,2,3124.04
78126,10.0,66.83,43.57,26.78,47.64,694.84,2,3125.04
78151,10.0,66.53,42.61,28.92,51.99,846.63,2,3126.04
78176,10.0,66.05,41.37,31.03,56.06,1013.58,2,3127.04
78201,10.0,64.89,39.85,33.59,59.63,1183.64,2,3128.04
78226,10.0,63.18,38.18,36.53,62.33,1321.62,2,3129.04
78251,10.0,61.43,36.57,39.06,63.93,1433.4,2,3130.04
78276,10.0,60.16,34.88,40.02,64.33,1487.19,2,3131.04
78301,10.0,59.44,33.12,39.67,63.42,1452.66,2,3132.04
78326,10.0,58.91,31.35,38.61,61.77,1373.98,2,3133.04
78351,10.0,57.74,29.85,38.27,61.07,1343.2,2,3134.04
78376,10.0,55.37,29.17,40.2,61.31,1417.38,2,3135.04
78401,10.0,52.3,29.27,43.19,61.26,1538.88,2,3136.04
78426,10.0,49.15,29.44,45.03,61.08,1630.16,2,3137.04
78451,10.0,46.24,29.59,45.1,61.04,1700.35,2,3138.04
78476,10.0,43.74,29.89,45.25,60.97,1745.47,2,3139.04
78501,10.0,41.51,30.2,45.51,61.03,1798.6,2,3140.04
78526,10.0,39.67,30.15,44.75,60.58,1816.91,2,3141.04
78551,10.0,38.53,29.88,41.33,60.37,1693.4,2,3142.04
78576,10.0,38.07,30.0,36.87,60.24,1501.86,2,3143.04
78601,10.0,38.46,30.78,33.76,59.7,1323.53,2,3144.04
78626,10.0,39.7,31.95,31.18,58.41,1151.4,2,3145.04
78651,10.0,41.39,33.2,28.61,56.42,1003.47,2,3146.04
78676,10.0,42.95,34.54,30.48,52.24,959.32,2,3147.04
78701,10.0,44.0,36.4,32.21,47.59,897.89,2,3148.04
78726,10.0,44.71,38.67,32.02,44.88,817.52,2,3149.04
78751,10.0,44.69,40.15,28.24,41.36,631.24,2,3150.04
78776,10.0,44.11,40.4,22.56,39.81,530.37,2,3151.04
78801,10.0,43.79,39.8,21.41,38.88,489.61,2,3152.04
78826,10.0,43.81,38.85,20.73,38.19,492.98,2,3153.04
78851,10.0,43.31,38.56,20.97,37.04,477.09,2,3154.04
78876,10.0,41.74,38.39,22.24,35.18,424.47,2,3155.04
78901,10.0,39.81,37.27,23.96,32.87,401.36,2,3156.04
78926,10.0,37.77,35.65,25.79,30.88,401.83,2,3157.04
78951,10.0,35.67,33.97,27.36,29.21,412.07,2,3158.04
78976,10.0,33.7,32.48,29.77,27.91,426.12,2,3159.04
79001,10.0,32.29,31.35,33.32,25.99,465.72,2,3160.04
79026,10.0,31.85,30.92,36.0,25.42,523.1,2,3161.04
79051,10.0,32.21,31.27,36.64,27.52,553.54,2,3162.04
79076,10.0,32.9,32.07,36.6,29.29,621.06,2,3163.04
79101,10.0,33.35,32.7,37.32,31.29,701.64,2,3164.04
79126,10.0,33.93,33.53,37.7,32.94,745.35,2,3165.04
79151,10.0,35.04,34.53,36.68,33.4,753.44,2,3166.04
79176,10.0,36.88,35.94,35.53,35.57,756.87,2,3167.04
79201,10.0,38.86,37.52,34.84,37.9,772.34,2,3168.04
79226,10.0,40.57,39.04,34.39,39.89,789.17,2,3169.04
79251,10.0,41.91,40.36,33.97,40.98,809.35,2,3170.04
79276,10.0,43.02,41.35,33.53,41.29,823.09,2,3171.04
79301,10.0,44.12,42.16,33.09,41.25,826.73,2,3172.04
79326,10.0,45.34,42.92,32.66,41.84,820.81,2,3173.04
79351,10.0,46.73,43.66,32.26,41.72,805.14,2,3174.04
79376,10.0,48.28,44.11,31.36,41.72,782.16,2,3175.04
79401,10.0,49.9,43.92,31.04,41.98,753.55,2,3176.04
79426,10.0,51.42,43.03,31.29,42.62,742.54,2,3177.04
79451,10.0,52.71,41.52,31.54,43.75,777.37,2,3178.04
79476,10.0,53.59,39.55,30.47,45.04,838.63,2,3179.04
79501,10.0,53.92,37.31,29.27,45.81,874.67,2,3180.04
79526,10.0,53.85,34.99,28.44,45.84,897.57,2,3181.04
79551,10.0,53.53,32.87,28.27,45.07,892.98,2,3182.04
79576,10.0,53.18,31.24,28.08,43.86,875.76,2,3183.04
79601,10.0,53.09,30.43,27.83,43.06,861.49,2,3184.04
79626,10.0,53.19,30.44,27.58,43.28,856.3,2,3185.04
79651,10.0,53.36,31.12,29.03,43.53,854.56,2,3186.04
79676,10.0,53.57,32.68,30.5,44.26,863.11,2,3187.04
79701,10.0,53.43,34.95,30.4,44.53,866.46,2,3188.04
79726,10.0,52.55,37.34,30.12,43.89,860.72,2,3189.04
79751,10.0,50.91,39.68,30.43,42.91,856.76,2,3190.04
79776,10.0,48.54,41.9,31.86,42.7,901.92,2,3191.04
79801,10.0,45.96,43.55,33.98,42.72,920.66,2,3192.04
79826,10.0,43.74,44.14,34.83,40.96,876.4,2,3193.04
79851,10.0,42.4,43.75,33.56,38.98,824.34,2,3194.04
79876,10.0,41.56,42.83,30.65,37.57,769.66,2,3195.04
79901,10.0,40.21,41.47,30.22,36.33,742.42,2,3196.04
79926,10.0,38.76,40.01,31.49,35.23,739.57,2,3197.04
79951,10.0,38.25,39.07,32.93,34.62,718.99,2,3198.04
79976,10.0,38.78,38.5,34.83,34.27,681.29,2,3199.04
80001,10.0,40.02,37.87,36.52,35.03,667.17,2,3200.04
80026,10.0,41.95,37.21,38.28,37.47,734.54,2,3201.04
80051,10.0,44.08,36.33,39.85,41.15,845.38,2,3202.04
80076,10.0,45.72,35.27,40.25,45.37,895.56,2,3203.04
80101,10.0,46.84,34.43,39.42,49.03,963.19,2,3204.04
80126,10.0,48.03,34.23,37.85,52.91,1038.36,2,3205.04
80151,10.0,49.61,34.78,36.28,56.69,1095.67,2,3206.04
80176,10.0,51.38,35.85,35.15,59.74,1139.28,2,3207.04
80201,10.0,53.3,37.37,34.31,61.22,1146.71,2,3208.04
80226,10.0,55.6,38.88,33.87,60.5,1107.18,2,3209.04
80251,10.0,58.42,40.13,34.6,58.62,1070.95,2,3210.04
80276,10.0,61.61,40.9,36.07,55.12,1029.24,2,3211.04
80301,10.0,64.94,41.19,37.56,50.74,980.9,2,3212.04
80326,10.0,68.07,41.44,38.71,46.41,949.92,2,3213.04
80351,10.0,70.61,41.83,39.15,41.63,906.17,2,3214.04
80376,10.0,72.4,42.45,42.58,39.32,855.05,2,3215.04
80401,10.0,72.78,43.76,42.48,37.44,837.01,2,3216.04
80426,10.0,71.56,45.49,40.18,37.12,829.14,2,3217.04
80451,10.0,69.67,46.9,38.71,38.65,822.35,2,3218.04
80476,10.0,68.0,47.93,35.63,40.96,814.9,2,3219.04
80501,10.0,66.66,48.47,31.49,42.92,805.64,2,3220.04
80526,10.0,65.52,48.54,28.93,44.16,789.02,2,3221.04
80551,10.0,64.87,48.58,26.49,44.82,765.43,2,3222.04
80576,10.0,64.97,48.64,25.52,44.03,740.09,2,3223.04
80601,10.0,65.56,48.8,26.23,43.45,719.84,2,3224.04
80626,10.0,66.08,48.87,26.44,44.04,701.9,2,3225.04
80651,10.0,66.46,48.72,27.02,45.92,712.97,2,3226.04
80676,10.0,66.76,48.48,28.11,47.39,751.52,2,3227.04
80701,10.0,67.03,48.5,29.85,47.46,789.97,2,3228.04
80726,10.0,67.06,48.54,30.7,48.03,829.59,2,3229.04
80751,10.0,66.78,48.08,31.36,49.24,863.09,2,3230.04
80776,10.0,66.28,46.79,31.79,51.16,922.06,2,3231.04
80801,10.0,65.9,44.94,32.7,53.94,1001.69,2,3232.04
80826,10.0,65.93,42.52,33.93,56.48,1079.27,2,3233.04
80851,10.0,66.14,39.82,34.56,57.25,1103.36,2,3234.04
80876,10.0,66.16,37.43,34.82,56.09,1104.8,2,3235.04
80901,10.0,65.76,35.04,34.79,55.53,1127.77,2,3236.04
80926,10.0,64.77,32.98,33.84,56.04,1174.23,2,3237.04
80951,10.0,63.29,31.71,34.56,56.51,1201.01,2,3238.04
80976,10.0,61.45,31.2,33.71,57.45,1192.28,2,3239.04
81001,10.0,59.54,31.12,34.33,58.87,1216.82,2,3240.04
81026,10.0,57.93,30.65,34.72,60.62,1236.56,2,3241.04
81051,10.0,56.57,29.69,34.15,61.66,1235.35,2,3242.04
81076,10.0,55.57,28.73,32.99,61.92,1261.23,2,3243.04
81101,10.0,55.35,27.74,33.31,61.6,1297.16,2,3244.04
81126,10.0,56.05,26.79,34.34,61.05,1336.48,2,3245.04
81151,10.0,57.74,25.91,34.87,60.06,1372.9,2,3246.04
81176,10.0,60.6,25.44,38.69,56.82,1453.46,2,3247.04
81201,10.0,64.19,25.62,44.44,52.24,1520.66,2,3248.04
81226,10.0,67.79,26.28,49.76,47.68,1565.64,2,3249.04
81251,10.0,70.88,26.59,52.3,43.84,1547.66,2,3250.04
81276,10.0,73.28,26.34,51.92,41.46,1471.47,2,3251.04
81301,10.0,75.21,25.97,49.73,38.98,1352.49,2,3252.04
81326,10.0,76.87,25.7,46.84,37.05,1231.18,2,3253.04
81351,10.0,78.29,25.66,43.84,35.99,1132.67,2,3254.04
81376,10.0,79.54,25.72,42.01,35.54,1069.48,2,3255.04
81401,10.0,80.63,25.82,42.35,35.4,1026.25,2,3256.04
81426,10.0,81.57,25.92,42.8,35.19,973.99,2,3257.04
81451,10.0,82.43,26.06,43.27,35.12,916.26,2,3258.04
81476,10.0,83.08,26.26,42.07,36.1,863.23,2,3259.04
81501,10.0,83.97,26.7,44.11,35.26,795.12,2,3260.04
81526,10.0,84.33,26.86,41.6,37.22,716.83,2,3261.04
81551,10.0,85.32,27.47,43.34,35.57,649.51,2,3262.04
81576,10.0,86.01,27.95,43.6,35.67,652.26,2,3263.04
81601,10.0,86.49,28.48,43.8,35.77,660.0,2,3264.04
81626,10.0,86.91,28.99,43.85,36.47,662.16,2,3265.04
81651,10.0,87.14,29.26,43.93,36.63,656.75,2,3266.04
81676,10.0,87.4,29.46,44.15,36.72,662.91,2,3267.04
81701,10.0,87.75,29.65,44.41,37.49,694.35,2,3268.04
81726,10.0,88.08,29.62,44.47,37.74,703.35,2,3269.04
81751,10.0,88.53,29.41,44.41,37.74,706.53,2,3270.04
81776,10.0,88.77,29.09,44.31,38.4,738.63,2,3271.04
81801,10.0,88.86,28.86,44.19,38.73,769.94,2,3272.04
81826,10.0,88.9,28.78,44.07,38.85,797.47,2,3273.04
81851,10.0,89.11,28.83,44.12,39.21,832.34,2,3274.04
81876,10.0,89.3,28.89,44.27,40.51,896.18,2,3275.04
81901,10.0,89.07,28.74,44.52,41.58,942.74,2,3276.04
81926,10.0,88.81,28.68,44.78,40.64,942.84,2,3277.04
81951,10.0,88.88,28.84,45.03,40.09,938.15,2,3278.04
81976,10.0,89.15,28.92,45.06,40.36,938.43,2,3279.04
82001,10.0,89.16,28.66,44.03,40.52,928.53,2,3280.04
82026,10.0,88.91,28.46,44.13,40.68,946.32,2,3281.04
82051,10.0,88.77,28.39,44.45,41.44,968.81,2,3282.04
82076,10.0,88.91,28.55,44.64,42.28,983.23,2,3283.04
82101,10.0,88.89,28.64,45.26,42.27,993.55,2,3284.04
82126,10.0,88.85,28.6,45.99,41.11,994.75,2,3285.04
82151,10.0,88.78,28.48,45.82,40.24,981.66,2,3286.04
82176,10.0,88.75,28.33,46.14,39.8,982.25,2,3287.04
82201,10.0,88.66,28.19,46.45,39.48,979.45,2,3288.04
82226,10.0,88.6,28.05,46.75,39.13,963.0,2,3289.04
82251,10.0,88.72,28.13,47.06,38.85,966.69,2,3290.04
82276,10.0,88.73,28.4,47.36,38.69,975.18,2,3291.04
82301,10.0,88.77,28.65,47.66,38.54,973.86,2,3292.04
82326,10.0,88.87,28.76,47.96,38.31,974.45,2,3293.04
82351,10.0,88.95,28.79,48.26,38.7,981.99,2,3294.04
82376,10.0,89.05,28.5,48.55,38.0,973.1,2,3295.04
82401,10.0,89.41,27.55,48.84,37.85,953.9,2,3296.04
82426,10.0,89.87,26.84,49.13,36.96,964.03,2,3297.04
82451,10.0,90.2,26.44,50.67,35.3,975.14,2,3298.04
82476,10.0,90.05,26.76,50.25,31.8,893.47,2,3299.04
82501,10.0,89.77,27.4,48.78,29.87,775.18,2,3300.04
82526,10.0,90.07,27.65,50.67,27.65,761.27,2,3301.04
82551,10.0,90.09,27.39,51.96,27.19,741.92,2,3302.04
82576,10.0,88.88,26.91,51.64,25.54,681.26,2,3303.04
82601,10.0,86.42,26.34,50.6,21.79,570.59,2,3304.04
82626,10.0,83.06,25.33,49.49,21.41,520.77,2,3305.04
82651,10.0,79.59,23.77,47.9,25.34,573.19,2,3306.04
82676,10.0,76.58,22.26,45.85,30.85,670.84,2,3307.04
82701,10.0,74.03,20.66,43.58,33.81,738.73,2,3308.04
82726,10.0,72.27,20.04,41.36,40.52,866.06,2,3309.04
82751,10.0,71.24,19.49,39.82,43.6,871.44,2,3310.04
82776,10.0,70.42,19.38,38.9,46.44,887.39,2,3311.04
82801,10.0,69.92,20.18,37.96,49.37,927.92,2,3312.04
82826,10.0,70.25,21.5,36.85,52.15,1011.59,2,3313.04
82851,10.0,71.05,22.8,36.67,54.75,1123.26,2,3314.04
82876,10.0,71.52,24.18,37.5,57.29,1212.2,2,3315.04
82901,10.0,71.72,25.89,38.17,58.54,1266.34,2,3316.04
82926,10.0,71.92,27.95,38.38,57.59,1278.28,2,3317.04
82951,10.0,71.92,29.97,38.08,55.75,1254.34,2,3318.04
82976,10.0,71.49,31.72,37.25,53.46,1190.0,2,3319.04
83001,10.0,70.51,33.26,36.88,50.98,1123.13,2,3320.04
83026,10.0,68.93,34.5,37.15,48.05,1124.59,2,3321.04
83051,10.0,67.01,35.42,38.12,45.54,1202.32,2,3322.04
83076,10.0,64.95,35.56,38.74,46.34,1292.42,2,3323.04
83101,10.0,63.05,34.76,37.84,49.95,1380.74,2,3324.04
83126,10.0,61.45,33.63,35.78,53.88,1404.91,2,3325.04
83151,10.0,60.45,32.6,33.77,56.94,1343.38,2,3326.04
83176,10.0,60.36,31.34,32.0,58.6,1198.89,2,3327.04
83201,10.0,61.29,29.93,31.25,59.7,1109.28,2,3328.04
83226,10.0,62.89,28.76,31.28,59.58,1091.24,2,3329.04
83251,10.0,64.5,27.83,30.85,58.45,1069.48,2,3330.04
83276,10.0,65.95,26.92,30.12,57.09,1036.32,2,3331.04
83301,10.0,67.49,25.99,29.86,54.6,992.5,2,3332.04
83326,10.0,69.36,25.2,31.53,50.7,1000.52,2,3333.04
83351,10.0,71.12,24.67,33.16,45.11,998.29,2,3334.04
83376,10.0,72.31,24.32,33.98,43.37,969.72,2,3335.04
83401,10.0,73.28,23.98,35.12,41.98,955.08,2,3336.04
83426,10.0,74.16,23.5,36.06,41.2,951.52,2,3337.04
83451,10.0,74.43,22.86,36.11,41.29,944.77,2,3338.04
83476,10.0,74.43,22.84,35.33,42.33,962.17,2,3339.04
83501,10.0,74.76,23.92,34.27,44.54,959.91,2,3340.04
83526,10.0,75.09,25.27,33.65,46.26,961.04,2,3341.04
83551,10.0,75.43,26.9,33.48,46.97,944.71,2,3342.04
83576,10.0,75.77,28.84,33.52,46.71,910.88,2,3343.04
83601,10.0,74.88,30.74,31.66,44.56,825.21,2,3344.04
83626,10.0,71.87,32.71,27.96,41.17,738.55,2,3345.04
83651,10.0,67.29,34.74,27.7,38.0,707.28,2,3346.04
83676,10.0,62.23,36.44,29.19,34.88,679.21,2,3347.04
83701,10.0,57.66,37.08,29.22,32.18,598.26,2,3348.04
83726,10.0,53.64,36.55,27.42,30.46,520.7,2,3349.04
83751,10.0,49.9,35.31,24.67,30.0,454.2,2,3350.04
83776,10.0,46.13,33.75,21.54,29.68,388.02,2,3351.04
83801,10.0,42.42,32.26,21.01,28.93,322.81,2,3352.04
83826,10.0,39.23,30.7,22.69,29.41,370.79,2,3353.04
83851,10.0,36.32,29.02,25.22,31.3,475.64,2,3354.04
83876,10.0,33.52,27.44,27.05,33.6,560.66,2,3355.04
83901,10.0,31.28,26.18,27.78,36.26,631.73,2,3356.04
83926,10.0,29.99,25.63,27.25,37.03,653.94,2,3357.04
83951,10.0,29.41,25.84,26.16,36.46,621.23,2,3358.04
83976,10.0,29.08,26.44,24.87,35.75,583.83,2,3359.04
84001,10.0,28.72,27.38,23.69,35.14,548.72,2,3360.04
84026,10.0,28.06,28.82,22.59,34.19,520.76,2,3361.04
84051,10.0,27.19,30.85,21.58,34.24,517.9,2,3362.04
84076,10.0,26.32,33.41,22.42,37.28,547.49,2,3363.04
84101,10.0,25.46,36.11,23.31,39.52,590.1,2,3364.04
84126,10.0,24.59,38.71,24.33,41.58,642.66,2,3365.04
84151,10.0,23.97,41.02,25.35,42.87,651.37,2,3366.04
84176,10.0,24.07,42.27,25.76,40.81,637.92,2,3367.04
84201,10.0,24.52,42.47,25.19,38.13,565.76,2,3368.04
84226,10.0,25.33,42.16,23.96,35.57,507.52,2,3369.04
84251,10.0,26.22,41.62,23.32,33.72,447.31,2,3370.04
84276,10.0,26.89,41.4,22.16,33.01,401.12,2,3371.04
84301,10.0,27.4,41.31,20.53,32.47,346.15,2,3372.04
84326,10.0,27.87,41.2,18.68,32.13,279.39,2,3373.04
84351,10.0,28.19,41.37,16.82,31.88,232.07,2,3374.04
84376,10.0,28.27,41.47,15.33,31.3,207.89,2,3375.04
84401,10.0,28.02,41.32,14.34,30.11,208.19,2,3376.04
84426,10.0,27.62,41.35,13.46,28.44,216.72,2,3377.04
84451,10.0,27.25,41.34,12.57,27.16,212.14,2,3378.04
84476,10.0,26.8,41.44,12.5,26.18,200.92,2,3379.04
84501,10.0,26.29,41.21,12.15,24.92,185.08,2,3380.04
84526,10.0,25.65,40.75,11.98,23.47,169.41,2,3381.04
84551,10.0,24.87,40.49,12.28,22.03,158.22,2,3382.04
84576,10.0,24.14,40.12,12.77,21.21,150.69,2,3383.04
84601,10.0,23.37,39.71,13.35,21.21,146.18,2,3384.04
84626,10.0,22.59,39.31,13.79,21.18,136.87,2,3385.04
84651,10.0,21.94,38.85,14.17,20.59,126.93,2,3386.04
84676,10.0,21.37,38.27,14.26,19.66,120.44,2,3387.04
84701,10.0,20.8,37.85,14.24,19.21,120.67,2,3388.04
84726,10.0,20.29,37.69,14.35,19.42,118.89,2,3389.04
84751,10.0,19.86,37.61,14.74,19.38,113.64,2,3390.04
84776,10.0,19.59,37.37,15.13,19.45,107.37,2,3391.04
84801,10.0,19.4,37.05,15.36,20.09,109.8,2,3392.04
84826,10.0,19.21,36.91,15.7,20.32,114.36,2,3393.04
84851,10.0,19.01,37.0,15.31,20.06,114.38,2,3394.04
84876,10.0,18.93,37.29,15.09,20.03,113.0,2,3395.04
84901,10.0,18.73,37.23,15.62,21.55,124.17,2,3396.04
84926,10.0,18.64,37.48,15.56,21.94,131.13,2,3397.04
84951,10.0,18.63,37.59,15.22,22.37,136.73,2,3398.04
84976,10.0,18.47,37.91,13.85,17.99,103.83,2,3399.04
85001,10.0,18.14,37.98,13.49,17.1,104.31,2,3400.04
85026,10.0,17.95,37.69,12.98,18.28,106.56,2,3401.04
85051,10.0,17.99,37.49,12.69,18.36,102.55,2,3402.04
85076,10.0,18.05,37.43,12.05,17.81,91.18,2,3403.04
85101,10.0,18.0,37.34,11.48,17.98,85.53,2,3404.04
85126,10.0,17.96,37.06,10.59,18.25,77.72,2,3405.04
85151,10.0,18.0,36.75,9.17,18.07,62.89,2,3406.04
85176,10.0,17.95,36.61,8.28,18.36,48.23,2,3407.04
85201,10.0,17.64,36.45,7.57,17.96,38.32,2,3408.04
85226,10.0,17.4,36.22,7.04,17.36,38.24,2,3409.04
85251,10.0,17.31,35.68,6.96,17.79,41.75,2,3410.04
85276,10.0,17.41,34.98,7.1,17.53,39.34,2,3411.04
85301,10.0,17.42,35.05,7.06,17.07,34.16,2,3412.04
85326,10.0,17.21,35.44,6.89,16.69,36.92,2,3413.04
85351,10.0,16.94,35.59,7.24,17.46,46.64,2,3414.04
85376,10.0,16.87,34.89,7.63,18.98,48.49,2,3415.04
85401,10.0,16.77,34.75,7.42,19.32,48.12,2,3416.04
85426,10.0,16.8,34.54,7.46,18.71,44.31,2,3417.04
85451,10.0,16.9,35.16,7.57,18.12,44.01,2,3418.04
85476,10.0,16.58,35.87,8.31,16.98,47.61,2,3419.04
85501,10.0,14.72,36.99,10.54,15.43,53.08,2,3420.04
85526,9.0,11.79,38.51,14.42,15.24,56.25,2,3421.04
85551,10.0,8.87,38.79,18.47,15.61,87.66,2,3422.04
85576,10.0,7.37,38.89,20.97,15.55,105.87,2,3423.04
85601,10.0,6.78,38.3,21.03,12.41,91.43,2,3424.04
85626,10.0,6.66,37.7,19.2,8.63,61.34,2,3425.04
85651,10.0,6.49,37.48,16.84,4.5,34.85,2,3426.04
85676,10.0,6.75,36.68,14.41,4.45,36.15,2,3427.04
85701,10.0,7.16,36.02,13.08,4.46,33.25,2,3428.04
85726,10.0,7.31,35.88,11.93,5.25,22.17,2,3429.04
85751,10.0,7.54,35.61,11.22,6.7,26.13,2,3430.04
85776,10.0,7.87,35.31,10.46,7.56,28.59,2,3431.04
85801,10.0,8.06,34.86,10.51,7.93,33.37,2,3432.04
85826,10.0,7.99,34.71,11.13,7.99,47.27,2,3433.04
85851,10.0,7.98,34.83,12.05,9.37,64.44,2,3434.04
85876,10.0,8.32,34.96,13.37,11.66,89.21,2,3435.04
85901,10.0,8.5,35.16,14.15,12.37,104.63,2,3436.04
85926,10.0,8.59,35.03,13.82,12.18,109.03,2,3437.04
85951,10.0,8.5,34.93,13.41,13.79,112.13,2,3438.04
85976,10.0,8.42,34.49,13.24,16.37,124.61,2,3439.04
86001,10.0,8.54,33.51,13.4,21.45,152.38,2,3440.04
86026,10.0,8.35,33.5,13.39,27.0,199.76,2,3441.04
86051,10.0,8.16,32.77,13.52,31.88,229.41,2,3442.04
86076,10.0,8.11,32.38,13.07,35.36,242.96,2,3443.04
86101,10.0,8.55,32.3,10.74,37.77,222.95,2,3444.04
86126,10.0,8.57,31.68,9.55,37.43,188.49,2,3445.04
86151,10.0,7.86,30.77,11.33,32.52,133.31,2,3446.04
86176,10.0,8.32,30.08,12.59,27.63,144.05,2,3447.04
86201,10.0,10.35,29.82,12.91,24.08,168.12,2,3448.04
86226,10.0,12.11,29.87,15.48,20.83,184.71,2,3449.04
86251,10.0,13.74,29.93,17.63,18.38,181.24,2,3450.04
86276,10.0,15.7,30.13,19.37,17.32,173.31,2,3451.04
86301,10.0,17.8,30.51,21.45,16.49,174.89,2,3452.04
86326,10.0,19.92,30.76,23.76,15.26,167.35,2,3453.04
86351,10.0,22.0,31.23,26.03,13.87,171.58,2,3454.04
86376,10.0,23.96,31.55,28.11,12.73,208.17,2,3455.04
86401,10.0,26.06,31.74,30.02,15.11,269.53,2,3456.04
86426,10.0,28.17,31.93,31.71,17.73,348.87,2,3457.04
86451,10.0,30.29,32.06,33.12,20.33,421.79,2,3458.04
86476,10.0,32.4,32.09,33.86,22.67,480.31,2,3459.04
86501,10.0,34.36,32.06,34.14,24.7,536.93,2,3460.04
86526,10.0,36.13,32.11,34.5,27.07,623.58,2,3461.04
86551,10.0,37.84,32.19,34.73,31.21,703.03,2,3462.04
86576,10.0,39.54,32.32,34.7,35.1,782.85,2,3463.04
86601,10.0,41.26,32.82,34.14,38.7,846.69,2,3464.04
86626,10.0,42.84,33.7,32.77,41.89,877.07,2,3465.04
86651,10.0,44.2,34.81,31.04,44.11,882.12,2,3466.04
86676,10.0,45.34,36.02,29.51,45.42,870.13,2,3467.04
86701,10.0,46.37,37.18,28.54,46.0,849.54,2,3468.04
86726,10.0,47.31,38.19,27.87,45.94,814.84,2,3469.04
86751,10.0,48.14,39.1,27.51,45.4,787.26,2,3470.04
86776,10.0,48.78,39.96,27.71,44.35,768.11,2,3471.04
86801,10.0,49.21,40.73,28.35,43.13,752.61,2,3472.04
86826,10.0,49.46,41.41,29.06,41.65,736.19,2,3473.04
86851,10.0,49.75,42.02,29.58,40.27,710.85,2,3474.04
86876,10.0,50.18,42.69,29.82,39.75,682.11,2,3475.04
86901,10.0,50.78,43.48,29.91,40.51,697.56,2,3476.04
86926,10.0,51.58,44.0,29.97,40.87,717.67,2,3477.04
86951,10.0,52.52,44.35,29.9,38.87,711.8,2,3478.04
86976,10.0,53.41,44.38,29.4,36.3,676.42,2,3479.04
87001,10.0,54.11,43.95,28.7,35.1,641.39,2,3480.04
87026,10.0,54.69,43.64,28.04,35.2,645.83,2,3481.04
87051,10.0,55.46,42.87,28.5,36.71,688.12,2,3482.04
87076,10.0,56.43,40.8,31.64,38.97,783.05,2,3483.04
87101,10.0,57.55,37.99,35.93,41.24,937.44,2,3484.04
87126,10.0,58.7,34.9,38.01,43.29,1085.23,2,3485.04
87151,10.0,59.71,32.22,37.48,44.2,1126.13,2,3486.04
87176,10.0,60.33,30.43,35.91,43.73,1050.58,2,3487.04
87201,10.0,60.04,29.07,34.5,42.05,944.09,2,3488.04
87226,10.0,58.98,27.62,33.84,40.15,890.95,2,3489.04
87251,10.0,58.25,26.25,33.78,38.35,861.86,2,3490.04
87276,10.0,58.88,25.48,35.44,36.73,894.04,2,3491.04
87301,10.0,59.98,25.25,39.23,35.92,930.33,2,3492.04
87326,10.0,60.22,25.19,43.9,35.3,962.06,2,3493.04
87351,10.0,59.75,25.29,47.28,34.59,974.0,2,3494.04
87376,10.0,58.72,25.42,48.08,33.82,952.32,2,3495.04
87401,10.0,57.46,25.54,46.96,33.13,918.15,2,3496.04
87426,10.0,56.14,25.73,45.04,33.04,878.07,2,3497.04
87451,10.0,54.76,25.83,42.48,33.71,832.41,2,3498.04
87476,10.0,53.37,25.9,40.69,34.79,797.96,2,3499.04
87501,10.0,52.03,26.0,38.78,36.12,784.27,2,3500.04
87526,10.0,50.78,25.98,36.51,37.51,787.09,2,3501.04
87551,10.0,49.53,25.97,34.26,38.54,774.96,2,3502.04
87576,10.0,48.27,26.08,31.94,39.18,748.65,2,3503.04
87601,10.0,47.12,26.29,29.74,39.35,709.91,2,3504.04
87626,10.0,46.15,26.5,27.84,38.95,673.56,2,3505.04
87651,10.0,45.33,26.64,26.28,38.28,645.44,2,3506.04
87676,10.0,44.63,26.83,25.23,37.8,620.83,2,3507.04
87701,10.0,44.0,27.18,24.52,38.25,603.16,2,3508.04
87726,10.0,43.4,27.64,23.67,39.23,599.58,2,3509.04
87751,10.0,42.87,28.07,23.46,40.13,622.72,2,3510.04
87776,10.0,42.54,28.25,23.74,40.88,653.02,2,3511.04
87801,10.0,42.4,28.12,24.21,40.73,660.51,2,3512.04
87826,10.0,42.31,27.78,24.71,39.89,645.45,2,3513.04
87851,10.0,42.26,27.51,24.69,38.91,631.48,2,3514.04
87876,10.0,42.34,27.32,24.48,38.15,620.05,2,3515.04
87901,10.0,42.51,27.11,24.15,37.52,607.73,2,3516.04
87926,10.0,42.67,27.0,23.87,36.82,599.15,2,3517.04
87951,10.0,42.74,27.02,23.78,36.44,597.95,2,3518.04
87976,10.0,42.71,27.14,23.8,36.38,594.31,2,3519.04
88001,10.0,42.63,27.26,23.72,36.54,591.24,2,3520.04
88026,10.0,42.48,27.49,23.68,37.1,594.47,2,3521.04
88051,10.0,42.24,27.72,23.62,37.58,596.68,2,3522.04
88076,10.0,41.96,27.81,23.39,37.62,594.23,2,3523.04
88101,10.0,41.71,27.83,23.3,37.15,582.3,2,3524.04
88126,10.0,41.56,27.88,23.67,36.97,572.32,2,3525.04
88151,10.0,41.49,27.99,24.48,37.31,573.14,2,3526.04
88176,10.0,41.52,28.01,24.93,37.81,582.98,2,3527.04
88201,10.0,41.64,27.95,24.69,38.72,591.67,2,3528.04
88226,10.0,41.79,27.91,24.61,39.7,610.37,2,3529.04
88251,10.0,41.96,27.88,24.55,40.39,632.28,2,3530.04
88276,10.0,42.31,28.03,23.78,40.87,632.57,2,3531.04
88301,10.0,42.73,28.44,21.69,41.45,604.22,2,3532.04
88326,10.0,43.02,29.52,20.24,42.44,579.63,2,3533.04
88351,10.0,43.18,31.76,20.89,44.0,605.27,2,3534.04
88376,10.0,42.89,34.62,20.81,45.01,612.05,2,3535.04
88401,10.0,42.0,37.38,21.93,44.09,645.53,2,3536.04
88426,10.0,40.75,39.88,23.66,41.82,707.41,2,3537.04
88451,10.0,39.38,42.09,24.98,41.27,797.73,2,3538.04
88476,10.0,38.16,43.84,26.31,43.08,851.88,2,3539.04
88501,10.0,37.55,44.84,26.87,40.76,801.58,2,3540.04
88526,10.0,37.71,45.01,26.29,35.91,660.69,2,3541.04
88551,10.0,37.94,45.29,25.97,36.01,577.21,2,3542.04
88576,10.0,37.99,46.31,26.4,37.43,568.7,2,3543.04
88601,10.0,38.7,47.53,26.67,38.26,583.92,2,3544.04
88626,10.0,40.82,48.01,26.91,37.77,592.27,2,3545.04
88651,10.0,43.43,47.36,27.84,36.74,606.46,2,3546.04
88676,10.0,45.72,45.93,28.94,36.73,646.84,2,3547.04
88701,10.0,47.76,44.17,30.25,38.42,723.23,2,3548.04
88726,10.0,49.66,42.12,31.75,40.82,804.07,2,3549.04
88751,10.0,51.13,39.57,31.46,43.04,846.44,2,3550.04
88776,10.0,51.87,36.69,29.65,44.93,833.0,2,3551.04
88801,10.0,51.69,33.77,27.65,45.53,796.72,2,3552.04
88826,10.0,50.6,31.32,26.11,44.86,734.37,2,3553.04
88851,10.0,48.93,29.63,25.51,43.81,680.03,2,3554.04
88876,10.0,47.19,28.32,25.22,42.16,672.07,2,3555.04
88901,10.0,45.65,27.35,25.54,39.04,646.3,2,3556.04
88926,10.0,44.37,26.81,26.14,35.59,616.28,2,3557.04
88951,10.0,43.24,26.86,26.88,33.94,618.19,2,3558.04
88976,10.0,41.67,27.99,27.6,34.52,648.66,2,3559.04
89001,10.0,39.73,30.26,28.22,37.6,714.17,2,3560.04
89026,10.0,38.15,33.12,29.1,40.39,803.81,2,3561.04
89051,10.0,36.85,35.84,29.82,40.37,862.87,2,3562.04
89076,10.0,35.05,37.97,32.29,39.26,897.58,2,3563.04
89101,10.0,32.79,39.42,36.02,38.88,942.23,2,3564.04
89126,10.0,30.77,40.54,38.97,39.5,996.22,2,3565.04
89151,10.0,29.79,41.72,39.87,40.39,1030.84,2,3566.04
89176,10.0,29.87,42.77,39.39,39.93,1005.88,2,3567.04
89201,10.0,30.2,43.29,37.55,36.99,893.26,2,3568.04
89226,10.0,30.49,43.51,35.16,34.65,805.07,2,3569.04
89251,10.0,30.88,43.38,33.45,33.48,781.49,2,3570.04
89276,10.0,31.52,43.02,32.51,35.38,784.09,2,3571.04
89301,10.0,32.65,42.66,31.98,37.85,812.47,2,3572.04
89326,10.0,34.57,41.98,31.89,40.39,872.78,2,3573.04
89351,10.0,37.11,40.83,31.33,42.77,933.06,2,3574.04
89376,10.0,40.17,39.77,31.33,44.69,997.24,2,3575.04
89401,10.0,43.93,39.09,36.45,45.02,1074.59,2,3576.04
89426,10.0,47.95,38.3,41.37,43.63,1104.42,2,3577.04
89451,10.0,51.66,37.32,44.45,43.37,1035.5,2,3578.04
89476,10.0,54.52,36.24,44.7,44.24,1071.64,2,3579.04
89501,10.0,56.66,35.51,42.99,45.48,1054.26,2,3580.04
89526,10.0,58.56,35.48,40.88,46.8,1001.79,2,3581.04
89551,10.0,60.4,35.88,38.85,47.73,972.39,2,3582.04
89576,10.0,62.16,36.06,37.17,47.99,949.49,2,3583.04
89601,10.0,63.93,35.58,35.88,48.23,993.81,2,3584.04
89626,10.0,65.62,34.48,35.22,48.36,1018.4,2,3585.04
89651,10.0,66.94,33.04,35.25,48.25,1023.62,2,3586.04
89676,10.0,67.79,31.67,35.57,47.74,1006.62,2,3587.04
89701,10.0,68.02,30.36,35.75,46.98,971.88,2,3588.04
89726,10.0,67.95,29.21,35.29,46.36,929.86,2,3589.04
89751,10.0,68.08,28.61,33.85,45.75,891.08,2,3590.04
89776,10.0,68.33,28.16,32.12,44.68,868.67,2,3591.04
89801,10.0,68.61,27.43,31.07,44.78,863.55,2,3592.04
89826,10.0,68.92,26.42,30.88,46.94,869.1,2,3593.04
89851,10.0,69.19,25.48,31.42,48.56,886.87,2,3594.04
89876,10.0,69.25,24.72,32.1,49.98,917.55,2,3595.04
89901,10.0,68.8,24.27,32.39,50.87,961.0,2,3596.04
89926,10.0,66.82,24.75,32.14,49.91,949.76,2,3597.04
89951,10.0,63.09,26.03,33.36,46.66,923.66,2,3598.04
89976,10.0,58.3,27.63,36.21,42.62,900.7,2,3599.04
90001,10.0,52.98,29.56,39.14,38.8,885.25,2,3600.04
90026,10.0,47.4,31.77,42.03,35.5,895.15,2,3601.04
90051,10.0,41.61,33.95,44.73,32.58,919.06,2,3602.04
90076,10.0,35.74,35.75,47.54,29.88,923.45,2,3603.04
90101,10.0,30.22,37.27,49.78,27.45,895.22,2,3604.04
90126,10.0,25.49,38.72,50.4,26.24,829.74,2,3605.04
90151,10.0,21.24,40.09,50.91,23.11,726.13,2,3606.04
90176,10.0,17.2,40.33,51.91,21.42,634.54,2,3607.04
90201,10.0,14.2,39.14,52.15,20.98,568.97,2,3608.04
90226,9.0,13.75,37.73,52.74,21.64,508.49,2,3609.04
90251,10.0,11.48,37.41,52.17,21.62,552.77,2,3610.04
90276,10.0,10.82,36.76,49.93,20.76,476.65,2,3611.04
90301,10.0,10.3,36.26,47.36,19.46,400.87,2,3612.04
90326,10.0,9.95,36.12,43.62,17.06,338.08,2,3613.04
90351,10.0,9.8,35.8,40.05,16.56,304.72,2,3614.04
90376,10.0,9.7,35.33,36.51,16.41,267.87,2,3615.04
90401,10.0,9.53,35.25,32.29,15.77,240.28,2,3616.04
90426,10.0,9.71,34.93,27.18,15.11,202.44,2,3617.04
90451,10.0,9.75,34.8,23.13,13.95,162.68,2,3618.04
90476,10.0,9.72,34.79,19.07,12.07,119.94,2,3619.04
90501,10.0,9.54,34.87,16.53,9.85,85.32,2,3620.04
90526,10.0,9.34,35.03,15.65,7.0,62.34,2,3621.04
90551,10.0,9.46,34.97,15.04,6.27,47.34,2,3622.04
90576,10.0,9.59,34.86,13.71,5.11,33.52,2,3623.04
90601,10.0,9.62,35.03,12.32,4.25,27.06,2,3624.04
90626,10.0,9.23,35.04,11.24,6.2,36.38,2,3625.04
90651,10.0,8.75,34.82,10.4,7.54,45.68,2,3626.04
90676,10.0,8.28,34.79,10.26,8.17,50.48,2,3627.04
90701,10.0,7.74,35.01,9.75,9.55,59.34,2,3628.04
90726,10.0,7.62,34.98,9.73,10.46,70.53,2,3629.04
90751,10.0,7.71,34.58,9.96,8.76,68.15,2,3630.04
90776,10.0,7.48,34.61,10.81,9.11,68.91,2,3631.04
90801,10.0,7.51,34.44,10.72,9.2,64.99,2,3632.04
90826,10.0,7.36,34.21,9.88,8.79,57.84,2,3633.04
90851,10.0,7.08,34.08,9.45,9.65,57.2,2,3634.04
90876,10.0,6.77,34.11,9.36,10.33,58.2,2,3635.04
90901,10.0,6.56,33.69,9.24,10.68,57.81,2,3636.04
90926,10.0,6.11,32.87,8.44,11.94,53.39,2,3637.04
90951,10.0,5.25,32.47,6.1,14.53,44.74,2,3638.04
90976,10.0,4.71,31.65,4.55,16.59,39.74,2,3639.04
91001,10.0,5.12,29.95,4.4,20.41,48.63,2,3640.04
91026,10.0,5.95,28.17,4.16,24.51,51.64,2,3641.04
91051,10.0,6.68,27.6,3.52,26.34,49.55,2,3642.04
91076,10.0,8.56,27.33,6.94,25.5,68.42,2,3643.04
91101,10.0,11.6,26.78,11.52,26.09,120.15,2,3644.04
91126,10.0,15.02,26.68,16.58,30.53,221.44,2,3645.04
91151,10.0,18.75,26.16,20.46,34.9,355.36,2,3646.04
91176,10.0,22.17,25.2,22.05,38.3,503.15,2,3647.04
91201,10.0,24.96,23.84,22.42,41.34,629.05,2,3648.04
91226,10.0,27.0,22.82,24.31,43.12,715.3,2,3649.04
91251,10.0,28.61,21.85,25.62,42.72,743.65,2,3650.04
91276,10.0,30.19,21.43,26.72,41.88,779.18,2,3651.04
91301,10.0,31.62,21.37,26.86,42.38,782.48,2,3652.04
91326,10.0,32.59,21.86,26.46,39.96,738.57,2,3653.04
91351,10.0,32.61,23.06,25.66,36.92,671.98,2,3654.04
91376,10.0,31.59,24.93,25.09,34.65,601.07,2,3655.04
91401,10.0,30.27,27.0,25.99,32.82,562.51,2,3656.04
91426,10.0,29.04,29.04,27.32,31.72,571.8,2,3657.04
91451,10.0,27.88,31.17,28.79,33.9,607.26,2,3658.04
91476,10.0,26.52,33.28,30.28,36.81,665.57,2,3659.04
91501,10.0,25.1,35.02,31.22,39.84,717.09,2,3660.04
91526,10.0,24.02,36.56,31.44,42.62,780.29,2,3661.04
91551,10.0,23.55,37.72,32.11,44.03,812.42,2,3662.04
91576,10.0,23.51,38.81,33.0,44.2,830.65,2,3663.04
91601,10.0,23.89,39.69,33.77,44.01,841.91,2,3664.04
91626,10.0,24.48,40.35,34.49,43.54,851.6,2,3665.04
91651,10.0,25.1,40.92,35.03,42.92,855.84,2,3666.04
91676,10.0,25.64,41.41,35.41,41.55,843.29,2,3667.04
91701,10.0,26.08,42.02,35.63,41.38,837.72,2,3668.04
91726,10.0,26.45,42.64,35.58,41.56,835.67,2,3669.04
91751,10.0,26.89,43.16,35.26,41.22,820.61,2,3670.04
91776,10.0,27.26,43.71,34.89,41.07,803.08,2,3671.04
91801,10.0,27.47,44.36,35.06,40.76,792.49,2,3672.04
91826,10.0,27.68,45.18,35.68,40.0,812.2,2,3673.04
91851,10.0,27.61,45.96,36.7,39.19,829.76,2,3674.04
91876,10.0,27.3,46.77,37.93,37.99,834.98,2,3675.04
91901,10.0,26.79,47.48,38.48,36.63,819.57,2,3676.04
91926,10.0,26.39,47.93,38.61,35.26,798.58,2,3677.04
91951,10.0,26.26,48.1,39.02,34.95,795.75,2,3678.04
91976,10.0,26.59,48.39,38.95,35.44,788.59,2,3679.04
92001,10.0,27.59,48.31,37.91,34.76,726.43,2,3680.04
92026,10.0,29.22,47.58,36.46,34.28,652.18,2,3681.04
92051,10.0,30.97,46.2,35.31,35.98,671.52,2,3682.04
92076,10.0,32.59,44.24,34.46,39.32,759.26,2,3683.04
92101,10.0,34.01,42.14,33.83,42.82,855.09,2,3684.04
92126,10.0,35.07,40.29,34.05,46.03,932.98,2,3685.04
92151,10.0,35.95,38.5,34.32,48.51,988.39,2,3686.04
92176,10.0,36.82,36.42,35.35,50.36,1042.12,2,3687.04
92201,10.0,37.86,33.96,36.02,51.81,1090.31,2,3688.04
92226,10.0,39.06,31.46,36.36,52.59,1160.76,2,3689.04
92251,10.0,40.24,29.16,36.55,52.1,1238.64,2,3690.04
92276,10.0,41.41,27.08,37.39,50.98,1296.75,2,3691.04
92301,10.0,42.49,25.13,37.59,50.46,1351.38,2,3692.04
92326,10.0,43.24,23.57,36.98,49.8,1346.29,2,3693.04
92351,10.0,43.49,22.49,37.47,48.68,1305.25,2,3694.04
92376,10.0,42.95,22.25,38.05,47.51,1283.73,2,3695.04
92401,10.0,41.9,22.67,38.37,46.79,1288.5,2,3696.04
92426,10.0,41.19,22.71,38.17,46.12,1272.53,2,3697.04
92451,10.0,41.38,22.2,37.23,45.78,1215.38,2,3698.04
92476,10.0,42.21,21.67,36.75,45.06,1195.48,2,3699.04
92501,10.0,43.4,21.3,37.0,44.85,1175.89,2,3700.04
92526,10.0,44.58,20.92,37.12,44.78,1154.95,2,3701.04
92551,10.0,45.76,20.72,36.6,44.54,1129.91,2,3702.04
92576,10.0,46.81,20.87,35.85,43.51,1096.96,2,3703.04
92601,10.0,47.62,21.42,34.88,43.33,1059.1,2,3704.04
92626,10.0,48.3,22.63,33.42,45.3,1054.5,2,3705.04
92651,10.0,49.31,24.53,31.07,49.78,1074.82,2,3706.04
92676,10.0,50.79,26.82,28.82,54.83,1095.6,2,3707.04
92701,10.0,52.42,29.19,27.7,58.99,1113.13,2,3708.04
92726,10.0,53.8,31.7,27.59,61.67,1134.89,2,3709.04
92751,10.0,54.77,33.83,28.65,61.7,1168.91,2,3710.04
92776,10.0,55.45,35.17,30.51,60.04,1179.76,2,3711.04
92801,10.0,55.89,36.17,32.16,58.98,1192.1,2,3712.04
92826,10.0,56.16,36.76,33.38,58.83,1203.47,2,3713.04
92851,10.0,56.52,36.71,33.93,59.38,1188.89,2,3714.04
92876,10.0,57.33,36.04,33.52,59.95,1129.82,2,3715.04
92901,10.0,58.5,34.9,32.83,60.27,1087.55,2,3716.04
92926,10.0,60.0,33.65,32.96,60.26,1099.19,2,3717.04
92951,10.0,61.88,32.65,33.56,60.06,1140.65,2,3718.04
92976,10.0,63.97,31.79,33.84,59.56,1159.97,2,3719.04
93001,10.0,65.87,30.83,33.99,57.64,1157.02,2,3720.04
93026,10.0,67.34,29.8,33.99,55.22,1154.43,2,3721.04
93051,10.0,68.36,28.8,33.44,54.03,1156.25,2,3722.04
93076,10.0,68.9,27.92,32.32,54.57,1165.14,2,3723.04
93101,10.0,68.86,27.04,31.3,55.78,1200.17,2,3724.04
93126,10.0,68.21,26.05,31.19,56.67,1251.1,2,3725.04
93151,10.0,67.7,25.01,31.75,57.24,1255.6,2,3726.04
93176,10.0,68.02,24.42,32.37,56.48,1182.15,2,3727.04
93201,10.0,68.65,24.56,32.52,54.22,1059.08,2,3728.04
93226,10.0,68.87,25.0,31.78,51.93,944.36,2,3729.04
93251,10.0,68.83,25.13,31.24,51.49,896.77,2,3730.04
93276,10.0,68.92,24.83,31.99,52.55,916.3,2,3731.04
93301,10.0,69.13,24.41,32.84,53.75,946.63,2,3732.04
93326,10.0,69.64,24.16,33.03,53.83,970.79,2,3733.04
93351,10.0,70.34,24.0,33.04,53.47,980.36,2,3734.04
93376,10.0,70.82,23.84,33.29,53.86,1048.67,2,3735.04
93401,10.0,70.78,23.74,33.74,55.55,1089.15,2,3736.04
93426,10.0,70.05,23.85,34.56,57.69,1126.0,2,3737.04
93451,10.0,68.63,24.25,35.72,59.07,1177.16,2,3738.04
93476,10.0,66.64,25.09,36.98,59.74,1216.38,2,3739.04
93501,10.0,64.3,26.15,37.73,60.35,1284.24,2,3740.04
93526,10.0,61.97,27.04,37.16,61.36,1365.39,2,3741.04
93551,10.0,59.9,27.68,34.77,62.21,1396.3,2,3742.04
93576,10.0,58.02,27.71,32.45,62.36,1377.43,2,3743.04
93601,10.0,56.29,27.17,30.36,62.28,1322.54,2,3744.04
93626,10.0,54.91,26.49,29.27,61.91,1228.64,2,3745.04
93651,10.0,54.2,25.65,29.31,60.95,1160.22,2,3746.04
93676,10.0,54.24,24.67,29.6,59.06,1108.57,2,3747.04
93701,10.0,54.56,23.55,29.05,56.28,1078.75,2,3748.04
93726,10.0,54.33,22.08,29.05,53.94,1052.56,2,3749.04
93751,10.0,53.73,20.63,29.06,53.51,1018.34,2,3750.04
93776,10.0,53.37,19.65,28.97,53.4,976.26,2,3751.04
93801,10.0,53.45,19.12,28.71,52.56,974.34,2,3752.04
93826,10.0,53.77,18.9,29.01,51.76,988.4,2,3753.04
93851,10.0,53.67,18.78,30.75,51.71,1044.47,2,3754.04
93876,10.0,53.17,19.12,33.2,52.89,1138.53,2,3755.04
93901,10.0,52.71,20.31,34.93,55.17,1243.59,2,3756.04
93926,10.0,52.55,21.98,35.42,56.49,1322.44,2,3757.04
93951,10.0,52.87,23.89,35.27,57.75,1362.31,2,3758.04
93976,10.0,53.52,25.66,35.07,59.05,1397.86,2,3759.04
94001,10.0,54.16,27.16,34.37,60.13,1412.44,2,3760.04
94026,10.0,54.71,28.41,33.7,60.88,1411.87,2,3761.04
94051,10.0,55.8,28.85,33.89,61.65,1406.66,2,3762.04
94076,10.0,57.91,28.55,34.6,62.18,1416.77,2,3763.04
94101,10.0,60.85,27.93,35.7,61.25,1460.3,2,3764.04
94126,10.0,64.02,27.01,37.01,59.13,1500.04,2,3765.04
94151,10.0,66.98,26.11,38.41,56.04,1477.56,2,3766.04
94176,10.0,69.58,25.47,39.76,53.26,1473.67,2,3767.04
94201,10.0,71.72,24.99,40.78,50.19,1447.2,2,3768.04
94226,10.0,73.18,24.54,40.81,47.99,1396.59,2,3769.04
94251,10.0,73.4,24.07,39.67,47.6,1345.0,2,3770.04
94276,10.0,72.82,23.95,37.62,48.66,1303.84,2,3771.04
94301,10.0,72.36,24.35,34.98,50.05,1250.04,2,3772.04
94326,10.0,72.42,25.05,32.64,51.42,1202.26,2,3773.04
94351,10.0,72.83,25.95,30.1,51.05,1120.42,2,3774.04
94376,10.0,73.39,27.28,31.48,48.19,1086.17,2,3775.04
94401,10.0,74.24,29.18,31.7,47.4,1065.22,2,3776.04
94426,10.0,75.1,31.55,29.21,48.82,1024.03,2,3777.04
94451,10.0,75.57,33.94,30.44,49.12,1031.3,2,3778.04
94476,10.0,75.45,36.17,31.08,49.28,1043.78,2,3779.04
94501,10.0,74.94,38.16,31.99,48.65,1055.94,2,3780.04
94526,10.0,74.43,39.92,32.07,48.16,1035.49,2,3781.04
94551,10.0,73.61,41.76,31.55,47.69,976.25,2,3782.04
94576,10.0,72.1,43.66,30.99,46.19,913.45,2,3783.04
94601,10.0,70.5,45.32,30.6,48.05,912.67,2,3784.04
94626,10.0,69.39,46.55,30.31,49.73,956.69,2,3785.04
94651,10.0,68.81,47.52,30.36,50.52,985.51,2,3786.04
94676,10.0,68.36,48.41,30.54,51.05,988.05,2,3787.04
94701,10.0,67.92,49.07,30.4,51.52,984.17,2,3788.04
94726,10.0,67.5,49.53,30.18,51.81,979.25,2,3789.04
94751,10.0,67.07,50.0,30.22,52.14,990.42,2,3790.04
94776,10.0,66.61,50.3,30.68,52.2,998.83,2,3791.04
94801,10.0,66.16,50.43,31.03,51.99,999.45,2,3792.04
94826,10.0,65.68,50.5,31.24,53.22,999.96,2,3793.04
94851,10.0,65.17,50.48,31.25,53.11,997.75,2,3794.04
94876,10.0,64.77,50.47,31.19,53.34,1004.84,2,3795.04
94901,10.0,64.51,50.35,31.13,52.74,991.82,2,3796.04
94926,10.0,64.34,49.99,31.12,49.94,946.14,2,3797.04
94951,10.0,64.25,49.44,31.42,47.76,913.16,2,3798.04
94976,10.0,64.23,48.93,31.27,47.14,880.65,2,3799.04
95001,10.0,64.07,48.68,30.4,46.6,832.15,2,3800.04
95026,10.0,63.84,48.53,29.04,45.75,787.72,2,3801.04
95051,10.0,63.66,48.31,27.54,44.95,743.71,2,3802.04
95076,10.0,63.54,48.13,25.67,46.01,706.07,2,3803.04
95101,10.0,63.38,48.05,23.17,47.36,654.06,2,3804.04
95126,10.0,63.19,47.96,20.7,47.95,587.63,2,3805.04
95151,10.0,63.05,47.94,21.24,48.78,562.62,2,3806.04
95176,10.0,63.05,47.99,21.94,49.48,575.88,2,3807.04
95201,10.0,63.16,48.01,22.18,49.9,586.05,2,3808.04
95226,10.0,63.36,48.02,22.13,50.29,597.74,2,3809.04
95251,10.0,63.55,48.06,22.06,50.45,609.11,2,3810.04
95276,10.0,63.69,47.91,22.03,50.25,618.66,2,3811.04
95301,10.0,63.82,47.84,22.12,50.21,664.8,2,3812.04
95326,10.0,63.94,47.73,22.28,50.07,700.76,2,3813.04
95351,10.0,64.12,47.56,23.42,49.79,736.43,2,3814.04
95376,10.0,64.36,47.41,24.63,49.79,777.03,2,3815.04
95401,10.0,64.63,47.27,25.67,50.24,813.37,2,3816.04
95426,10.0,64.9,47.18,26.58,50.67,839.81,2,3817.04
95451,10.0,65.07,47.13,27.31,50.81,879.4,2,3818.04
95476,10.0,65.09,47.01,28.09,50.87,917.49,2,3819.04
95501,10.0,65.02,46.86,29.05,50.61,961.14,2,3820.04
95526,10.0,64.94,46.68,29.91,51.78,1013.21,2,3821.04
95551,10.0,64.89,46.51,30.56,54.33,1077.34,2,3822.04
95576,10.0,64.95,46.4,31.21,56.99,1150.39,2,3823.04
95601,10.0,65.12,46.21,31.79,59.79,1215.98,2,3824.04
95626,10.0,65.37,46.01,32.11,62.15,1256.21,2,3825.04
95651,10.0,65.64,45.84,32.38,64.48,1296.88,2,3826.04
95676,10.0,65.85,45.66,32.81,67.88,1380.57,2,3827.04
95701,10.0,66.18,45.7,33.4,68.92,1454.15,2,3828.04
95726,10.0,66.63,45.87,34.28,67.57,1488.96,2,3829.04
95751,10.0,67.41,46.59,37.5,64.17,1539.71,2,3830.04
95776,10.0,67.55,46.75,36.91,59.86,1460.29,2,3831.04
95801,10.0,67.87,47.35,38.22,55.64,1390.86,2,3832.04
95826,10.0,68.32,48.14,39.52,51.7,1317.7,2,3833.04
95851,10.0,68.82,48.99,40.4,49.76,1245.78,2,3834.04
95876,10.0,69.31,49.78,39.72,48.6,1183.71,2,3835.04
95901,10.0,69.66,50.58,37.98,47.16,1088.28,2,3836.04
95926,10.0,69.59,51.11,36.02,47.11,1056.07,2,3837.04
95951,10.0,68.66,50.91,34.36,48.81,1069.39,2,3838.04
95976,10.0,66.96,49.96,34.7,50.87,1118.42,2,3839.04
96001,10.0,65.25,48.55,34.95,52.79,1187.98,2,3840.04
96026,10.0,63.89,47.66,34.96,53.5,1220.22,2,3841.04
96051,10.0,62.9,47.85,33.57,52.91,1194.49,2,3842.04
96076,10.0,62.35,48.26,32.42,50.96,1123.27,2,3843.04
96101,10.0,61.94,48.57,32.99,48.48,1086.54,2,3844.04
96126,10.0,60.77,48.45,35.25,46.02,1127.61,2,3845.04
96151,10.0,58.88,47.6,37.13,47.04,1177.22,2,3846.04
96176,10.0,56.57,46.38,37.65,49.13,1260.64,2,3847.04
96201,10.0,53.9,45.05,36.85,51.69,1332.87,2,3848.04
96226,10.0,51.42,43.89,35.84,54.12,1406.95,2,3849.04
96251,10.0,49.95,43.49,37.16,55.15,1446.66,2,3850.04
96276,10.0,50.01,43.62,38.8,53.92,1416.1,2,3851.04
96301,10.0,51.11,43.72,39.42,52.17,1361.9,2,3852.04
96326,10.0,52.54,43.23,38.55,52.52,1319.41,2,3853.04
96351,10.0,53.97,42.03,36.97,54.5,1282.42,2,3854.04
96376,10.0,55.26,40.44,35.36,56.53,1260.86,2,3855.04
96401,10.0,56.49,38.91,34.3,58.29,1231.11,2,3856.04
96426,10.0,57.63,37.23,33.78,59.37,1211.78,2,3857.04
96451,10.0,58.99,35.29,33.12,60.21,1226.37,2,3858.04
96476,10.0,60.94,33.64,32.81,60.27,1237.06,2,3859.04
96501,10.0,63.3,32.28,32.94,57.62,1198.79,2,3860.04
96526,10.0,66.0,31.12,33.63,53.77,1144.12,2,3861.04
96551,10.0,68.75,30.11,34.77,49.95,1131.72,2,3862.04
96576,10.0,70.99,29.09,35.74,47.51,1068.45,2,3863.04
96601,10.0,72.9,28.3,36.45,45.19,1019.34,2,3864.04
96626,10.0,74.12,27.6,36.94,42.24,997.03,2,3865.04
96651,10.0,73.83,26.22,36.87,40.72,971.97,2,3866.04
96676,10.0,72.76,24.57,36.07,40.39,1023.21,2,3867.04
96701,10.0,71.67,23.34,35.22,40.95,1051.72,2,3868.04
96726,10.0,70.86,22.38,34.33,40.71,1043.66,2,3869.04
96751,10.0,70.71,21.54,33.91,40.14,999.76,2,3870.04
96776,10.0,70.94,20.84,33.67,40.03,942.78,2,3871.04
96801,10.0,71.17,20.54,33.61,40.98,921.03,2,3872.04
96826,10.0,71.36,20.5,34.04,42.65,941.52,2,3873.04
96851,10.0,71.62,20.51,34.04,44.05,963.69,2,3874.04
96876,10.0,71.81,20.58,33.59,44.61,986.0,2,3875.04
96901,10.0,72.44,20.92,32.89,44.64,1012.25,2,3876.04
96926,10.0,73.77,21.22,34.11,43.81,1078.39,2,3877.04
96951,10.0,74.82,21.8,38.68,42.5,1126.99,2,3878.04
96976,10.0,74.76,22.74,41.84,41.0,1119.03,2,3879.04
97001,10.0,73.79,23.99,41.76,38.69,1053.85,2,3880.04
97026,10.0,72.4,25.2,39.51,36.1,977.81,2,3881.04
97051,10.0,70.94,26.22,37.16,34.0,950.44,2,3882.04
97076,10.0,69.56,27.08,35.23,33.89,938.21,2,3883.04
97101,10.0,68.29,27.91,34.71,34.08,921.12,2,3884.04
97126,10.0,67.11,28.67,34.37,33.96,900.75,2,3885.04
97151,10.0,66.04,29.37,34.11,33.98,888.85,2,3886.04
97176,10.0,64.99,30.04,33.74,34.98,885.53,2,3887.04
97201,10.0,63.98,30.67,33.2,35.82,876.13,2,3888.04
97226,10.0,63.0,31.02,33.09,36.03,888.81,2,3889.04
97251,10.0,61.98,31.18,33.02,36.28,916.2,2,3890.04
97276,10.0,60.92,31.28,32.82,36.64,929.18,2,3891.04
97301,10.0,59.85,31.33,32.66,36.99,926.61,2,3892.04
97326,10.0,58.76,31.39,32.5,37.17,916.39,2,3893.04
97351,10.0,57.61,31.34,32.19,37.05,892.42,2,3894.04
97376,10.0,56.34,31.18,31.85,36.82,862.93,2,3895.04
97401,10.0,54.96,30.96,31.4,36.41,831.52,2,3896.04
97426,10.0,53.47,30.84,30.59,35.68,793.65,2,3897.04
97451,10.0,51.8,31.04,29.7,34.84,762.41,2,3898.04
97476,10.0,50.05,31.72,29.11,33.81,743.41,2,3899.04
97501,10.0,48.71,33.13,29.07,32.41,724.7,2,3900.04
97526,10.0,47.81,35.16,30.45,32.92,734.67,2,3901.04
97551,10.0,47.01,36.85,31.52,35.07,765.05,2,3902.04
97576,10.0,46.74,38.44,32.07,36.7,803.22,2,3903.04
97601,10.0,47.27,40.11,32.51,35.62,807.01,2,3904.04
97626,10.0,48.81,41.02,33.52,36.5,861.6,2,3905.04
97651,10.0,51.73,40.92,36.49,38.58,957.3,2,3906.04
97676,10.0,55.44,40.05,40.83,38.98,1052.02,2,3907.04
97701,10.0,59.18,38.86,44.59,38.82,1130.94,2,3908.04
97726,10.0,62.79,37.48,46.83,38.85,1188.84,2,3909.04
97751,10.0,66.28,36.11,47.65,38.48,1202.65,2,3910.04
97776,10.0,69.46,34.71,48.16,37.17,1190.13,2,3911.04
97801,10.0,72.14,33.55,49.91,35.25,1188.05,2,3912.04
97826,10.0,74.16,33.08,51.59,33.14,1180.17,2,3913.04
97851,10.0,75.65,33.17,51.97,31.3,1135.83,2,3914.04
97876,10.0,76.76,33.56,51.54,29.67,1060.72,2,3915.04
97901,10.0,77.66,34.12,50.3,27.89,958.99,2,3916.04
97926,10.0,78.35,34.56,48.18,25.99,843.49,2,3917.04
97951,10.0,78.9,34.8,46.17,23.93,723.77,2,3918.04
97976,10.0,79.4,34.84,44.62,22.03,656.38,2,3919.04
98001,10.0,79.87,34.85,42.61,20.05,606.67,2,3920.04
98026,10.0,80.31,34.87,40.15,18.88,570.76,2,3921.04
98051,10.0,80.77,34.99,37.92,19.55,535.9,2,3922.04
98076,10.0,81.23,35.1,36.03,19.83,515.91,2,3923.04
98101,10.0,81.77,35.33,35.09,20.4,504.16,2,3924.04
98126,10.0,82.33,35.59,34.02,20.94,508.22,2,3925.04
98151,10.0,82.87,35.86,32.99,23.17,536.1,2,3926.04
98176,10.0,83.47,36.29,34.44,25.68,567.88,2,3927.04
98201,10.0,84.02,36.7,35.97,28.06,595.13,2,3928.04
98226,10.0,84.49,37.07,37.41,30.6,645.9,2,3929.04
98251,10.0,84.92,37.41,38.33,32.79,691.88,2,3930.04
98276,10.0,85.38,37.67,38.63,34.59,727.22,2,3931.04
98301,10.0,85.81,37.94,38.69,36.69,755.53,2,3932.04
98326,10.0,86.17,38.16,38.64,38.56,768.42,2,3933.04
98351,10.0,86.49,38.3,38.61,40.12,774.18,2,3934.04
98376,10.0,86.88,38.53,38.73,41.66,788.22,2,3935.04
98401,10.0,87.29,38.61,38.75,42.5,804.83,2,3936.04
98426,10.0,87.65,38.56,38.37,42.44,806.3,2,3937.04
98451,10.0,87.99,38.57,37.84,42.12,797.59,2,3938.04
98476,10.0,88.21,38.77,37.36,41.98,779.38,2,3939.04
98501,10.0,88.26,38.98,36.93,41.82,755.71,2,3940.04
98526,10.0,88.31,39.02,36.38,41.48,721.15,2,3941.04
98551,10.0,88.55,39.16,36.13,41.62,676.3,2,3942.04
98576,10.0,88.87,39.18,36.19,41.77,651.73,2,3943.04
98601,10.0,89.12,38.9,36.11,41.66,631.69,2,3944.04
98626,10.0,89.31,38.84,36.14,40.33,623.28,2,3945.04
98651,10.0,89.52,39.16,36.92,40.29,614.82,2,3946.04
98676,10.0,90.07,39.79,38.04,39.66,606.57,2,3947.04
98701,10.0,91.28,40.53,37.44,39.05,628.61,2,3948.04
98726,10.0,91.94,40.4,35.77,39.66,696.3,2,3949.04
98751,10.0,91.18,39.94,36.3,39.63,728.29,2,3950.04
98776,10.0,88.73,39.77,36.07,38.04,688.98,2,3951.04
98801,10.0,85.96,40.21,36.23,35.45,640.82,2,3952.04
98826,10.0,84.32,40.81,36.62,32.55,598.1,2,3953.04
98851,10.0,83.96,41.06,37.75,29.27,588.19,2,3954.04
98876,10.0,84.51,41.31,41.35,25.62,691.95,2,3955.04
98901,10.0,85.0,41.32,42.92,22.89,751.8,2,3956.04
98926,10.0,85.32,41.27,43.13,22.43,746.29,2,3957.04
98951,10.0,85.22,40.94,42.15,22.15,727.4,2,3958.04
98976,10.0,84.95,40.56,40.94,23.41,734.72,2,3959.04
99001,10.0,84.59,40.32,42.06,24.02,768.59,2,3960.04
99026,10.0,83.98,40.06,41.02,25.27,769.59,2,3961.04
99051,10.0,83.51,39.9,38.71,27.14,741.05,2,3962.04
99076,10.0,82.96,40.04,39.12,28.08,809.34,2,3963.04
99101,10.0,82.87,40.04,40.03,28.57,807.37,2,3964.04
99126,10.0,82.98,40.05,40.8,29.89,803.4,2,3965.04
99151,10.0,83.21,40.17,41.41,31.62,807.99,2,3966.04
99176,10.0,83.51,40.36,42.66,33.54,839.49,2,3967.04
99201,10.0,83.47,40.37,43.84,35.39,898.66,2,3968.04
99226,10.0,82.91,40.42,44.99,37.7,963.8,2,3969.04
99251,10.0,81.93,40.38,46.01,39.34,1001.26,2,3970.04
99276,10.0,80.43,40.19,46.37,39.89,974.5,2,3971.04
99301,10.0,78.64,40.04,45.99,40.03,909.55,2,3972.04
99326,10.0,76.8,39.76,45.59,40.1,898.88,2,3973.04
99351,10.0,74.97,39.38,45.18,40.13,892.38,2,3974.04
99376,10.0,73.22,39.02,44.51,40.14,878.12,2,3975.04
99401,10.0,71.54,38.52,43.25,40.27,862.89,2,3976.04
99426,10.0,69.95,37.75,41.09,40.71,849.4,2,3977.04
99451,10.0,68.36,36.86,38.35,41.47,845.93,2,3978.04
99476,10.0,66.7,36.13,35.44,42.19,833.54,2,3979.04
99501,10.0,65.02,35.64,32.48,42.73,809.66,2,3980.04
99526,10.0,63.37,35.41,29.61,42.99,792.43,2,3981.04
99551,10.0,61.83,35.28,28.59,42.97,782.62,2,3982.04
99576,10.0,60.36,35.21,28.17,42.96,772.82,2,3983.04
99601,10.0,58.93,35.16,27.73,42.98,761.82,2,3984.04
99626,10.0,57.64,34.99,27.26,42.95,749.51,2,3985.04
99651,10.0,56.55,34.76,26.75,42.87,739.33,2,3986.04
99676,10.0,55.57,34.64,26.36,42.76,726.05,2,3987.04
99701,10.0,54.79,34.56,26.32,42.6,715.65,2,3988.04
99726,10.0,54.39,34.35,27.16,42.38,733.92,2,3989.04
99751,10.0,54.55,33.7,28.49,42.32,787.98,2,3990.04
99776,10.0,54.99,32.65,30.26,42.43,865.25,2,3991.04
99801,10.0,55.31,31.43,32.24,42.26,939.42,2,3992.04
99826,10.0,55.45,30.11,33.72,42.18,1003.48,2,3993.04
99851,10.0,55.66,29.39,34.5,41.68,1036.5,2,3994.04
99876,10.0,56.27,29.53,34.9,39.61,1025.66,2,3995.04
99901,10.0,57.48,29.54,34.53,38.62,1003.2,2,3996.04
99926,10.0,59.01,28.95,33.99,38.08,1022.29,2,3997.04
99951,10.0,60.13,27.96,34.04,38.0,1050.55,2,3998.04
99976,10.0,59.84,26.69,34.8,37.22,1039.31,2,3999.04
100001,10.0,57.66,25.22,36.88,37.32,1051.81,2,4000.04
100026,10.0,54.35,23.74,40.38,38.66,1112.82,2,4001.04
100051,10.0,50.82,22.28,43.26,40.51,1180.92,2,4002.04
100076,10.0,47.62,21.03,44.29,42.17,1234.07,2,4003.04
100101,10.0,44.65,20.29,44.56,45.04,1275.18,2,4004.04
100126,10.0,41.3,19.77,44.69,44.37,1230.75,2,4005.04
100151,10.0,37.94,19.53,44.04,40.65,1136.36,2,4006.04
100176,10.0,35.05,19.45,41.91,35.97,1026.18,2,4007.04
100201,10.0,33.03,19.38,38.38,34.09,904.19,2,4008.04
100226,10.0,32.21,19.08,34.22,33.25,809.54,2,4009.04
100251,10.0,32.22,18.47,29.95,34.46,755.78,2,4010.04
100276,10.0,32.32,17.92,26.98,36.02,696.23,2,4011.04
100301,10.0,32.08,17.46,25.1,37.92,649.04,2,4012.04
100326,10.0,32.05,17.19,23.77,38.49,623.71,2,4013.04
100351,10.0,32.59,17.26,22.66,38.0,596.31,2,4014.04
100376,10.0,32.85,17.61,22.45,36.82,583.12,2,4015.04
100401,10.0,32.62,18.12,23.07,38.19,621.51,2,4016.04
100426,10.0,32.85,19.02,23.19,39.12,668.95,2,4017.04
100451,10.0,34.02,20.32,25.06,39.84,698.22,2,4018.04
100476,10.0,35.98,21.86,27.65,41.38,789.05,2,4019.04
100501,10.0,37.93,23.78,29.96,43.21,889.75,2,4020.04
100526,10.0,39.81,26.11,31.66,45.33,987.05,2,4021.04
100551,10.0,42.3,28.65,32.45,47.71,1081.98,2,4022.04
100576,10.0,45.25,31.14,32.63,49.21,1133.82,2,4023.04
100601,10.0,47.66,33.54,32.92,48.31,1088.2,2,4024.04
100626,10.0,49.05,35.89,33.27,46.22,1036.36,2,4025.04
100651,10.0,49.75,38.11,34.23,47.79,1063.22,2,4026.04
100676,10.0,50.36,39.81,35.33,49.18,1088.33,2,4027.04
100701,10.0,51.03,40.83,34.73,47.94,1071.15,2,4028.04
100726,10.0,51.09,40.85,31.88,47.57,1013.03,2,4029.04
100751,10.0,49.97,40.12,28.02,45.99,911.9,2,4030.04
100776,10.0,47.91,38.96,26.18,42.91,823.39,2,4031.04
100801,10.0,45.94,38.19,29.31,39.86,764.72,2,4032.04
100826,10.0,44.77,38.68,30.44,37.77,735.9,2,4033.04
100851,10.0,43.78,40.07,29.86,35.69,715.94,2,4034.04
100876,10.0,41.81,41.72,29.28,36.56,720.93,2,4035.04
100901,10.0,38.86,42.94,29.87,36.57,754.87,2,4036.04
100926,10.0,35.33,43.59,31.5,35.73,795.64,2,4037.04
100951,10.0,31.66,44.01,33.38,32.32,769.75,2,4038.04
100976,10.0,28.4,44.37,34.58,28.03,692.13,2,4039.04
101001,10.0,25.94,44.07,34.5,27.61,637.01,2,4040.04
101026,10.0,24.61,42.64,34.09,28.39,598.18,2,4041.04
101051,10.0,24.01,40.59,32.63,30.43,589.16,2,4042.04
101076,10.0,23.39,38.09,31.02,33.53,612.7,2,4043.04
101101,10.0,22.46,35.38,30.53,38.03,652.32,2,4044.04
101126,10.0,21.29,32.84,30.71,42.37,695.08,2,4045.04
101151,10.0,20.32,30.92,30.65,44.22,723.33,2,4046.04
101176,10.0,20.36,29.62,29.66,43.11,729.1,2,4047.04
101201,10.0,21.68,28.67,28.33,41.51,726.03,2,4048.04
101226,10.0,23.74,27.95,26.99,41.41,737.29,2,4049.04
101251,10.0,26.05,27.4,25.67,41.79,755.44,2,4050.04
101276,10.0,28.37,27.26,24.77,40.25,756.58,2,4051.04
101301,10.0,30.45,27.77,23.97,38.82,741.9,2,4052.04
101326,10.0,32.23,28.93,23.12,38.38,731.01,2,4053.04
101351,10.0,33.54,30.37,23.36,38.23,723.74,2,4054.04
101376,10.0,34.32,31.83,23.51,37.69,717.29,2,4055.04
101401,10.0,34.86,33.25,24.27,36.61,698.67,2,4056.04
101426,10.0,35.2,34.13,23.77,35.01,653.5,2,4057.04
101451,10.0,34.94,34.05,22.88,33.63,600.07,2,4058.04
101476,10.0,34.14,33.53,22.25,32.25,554.9,2,4059.04
101501,10.0,33.17,33.82,21.45,31.99,519.03,2,4060.04
101526,10.0,32.03,35.34,21.31,31.86,513.41,2,4061.04
101551,10.0,30.24,37.36,22.38,33.72,529.45,2,4062.04
101576,10.0,27.67,39.01,24.36,36.35,574.01,2,4063.04
101601,10.0,24.43,40.38,27.82,38.46,649.88,2,4064.04
101626,10.0,21.7,41.42,30.97,38.25,710.01,2,4065.04
101651,10.0,20.93,42.26,31.68,37.03,680.25,2,4066.04
101676,10.0,21.68,42.85,30.42,36.38,605.59,2,4067.04
101701,10.0,22.98,42.69,28.81,35.93,546.5,2,4068.04
101726,10.0,24.3,41.96,27.22,35.81,509.85,2,4069.04
101751,10.0,25.55,40.95,25.86,35.86,485.06,2,4070.04
101776,10.0,26.78,39.34,24.67,36.22,503.68,2,4071.04
101801,10.0,27.9,37.07,23.85,36.82,547.23,2,4072.04
101826,10.0,28.71,34.51,23.71,38.13,589.09,2,4073.04
101851,10.0,29.09,31.99,23.15,39.07,607.51,2,4074.04
101876,10.0,28.81,29.91,22.37,37.64,580.82,2,4075.04
101901,10.0,27.88,28.53,22.51,34.2,542.07,2,4076.04
101926,10.0,26.73,27.94,24.19,30.92,497.56,2,4077.04
101951,10.0,25.68,28.01,25.58,27.41,466.71,2,4078.04
101976,10.0,25.08,28.15,26.68,23.45,429.44,2,4079.04
102001,10.0,25.52,28.46,27.38,20.95,421.5,2,4080.04
102026,10.0,26.51,29.23,27.45,20.46,428.8,2,4081.04
102051,10.0,27.16,30.14,27.35,21.01,420.33,2,4082.04
102076,10.0,27.15,31.48,27.31,22.92,416.15,2,4083.04
102101,10.0,26.45,33.39,27.27,26.15,426.34,2,4084.04
102126,10.0,25.23,35.45,27.44,29.54,452.21,2,4085.04
102151,10.0,23.49,37.34,27.81,32.59,475.8,2,4086.04
102176,10.0,21.0,38.9,28.75,34.27,487.75,2,4087.04
102201,10.0,18.17,40.1,30.18,33.42,490.78,2,4088.04
102226,10.0,15.68,41.12,32.01,30.69,506.92,2,4089.04
102251,10.0,14.21,42.24,34.15,29.16,531.88,2,4090.04
102276,10.0,13.95,43.36,34.48,33.06,586.96,2,4091.04
102301,10.0,14.32,44.24,34.14,34.28,635.1,2,4092.04
102326,10.0,14.84,44.91,34.79,33.9,668.21,2,4093.04
102351,10.0,15.31,45.41,36.02,36.12,675.21,2,4094.04
102376,10.0,15.59,45.72,36.5,35.33,664.33,2,4095.04
102401,10.0,15.6,46.1,35.84,35.01,644.87,2,4096.04
102426,10.0,15.44,46.68,36.07,36.92,668.3,2,4097.04
102451,10.0,15.17,47.18,36.72,38.01,699.23,2,4098.04
102476,10.0,14.93,47.89,36.55,38.3,693.55,2,4099.04
102501,10.0,14.96,48.25,34.92,39.18,668.85,2,4100.04
102526,10.0,14.94,48.31,34.48,40.06,679.97,2,4101.04
102551,10.0,15.01,48.63,34.73,40.13,674.4,2,4102.04
102576,10.0,15.52,48.95,34.7,39.69,649.14,2,4103.04
102601,10.0,16.17,49.2,34.26,38.45,625.25,2,4104.04
102626,10.0,16.84,49.34,33.47,37.38,618.39,2,4105.04
102651,10.0,17.44,49.56,33.32,38.38,634.24,2,4106.04
102676,10.0,17.94,49.58,33.28,37.19,655.75,2,4107.04
102701,10.0,18.35,49.87,33.12,37.49,690.68,2,4108.04
102726,10.0,18.72,50.27,32.76,37.66,713.15,2,4109.04
102751,10.0,19.1,50.41,32.06,37.35,716.99,2,4110.04
102776,10.0,19.35,50.88,31.21,36.98,724.25,2,4111.04
102801,10.0,19.56,51.36,30.33,37.76,731.88,2,4112.04
102826,10.0,19.74,51.72,29.27,37.58,724.62,2,4113.04
102851,10.0,19.97,51.97,27.73,36.44,697.38,2,4114.04
102876,10.0,20.21,52.09,26.57,35.16,663.7,2,4115.04
102901,10.0,20.32,52.35,26.0,34.17,634.13,2,4116.04
102926,10.0,20.36,52.43,25.6,33.08,614.61,2,4117.04
102951,10.0,20.31,52.63,25.6,32.86,617.85,2,4118.04
102976,10.0,20.24,52.98,26.07,34.19,630.53,2,4119.04
103001,10.0,20.31,53.14,25.47,33.78,623.12,2,4120.04
103026,10.0,20.41,53.34,25.76,33.05,611.64,2,4121.04
103051,10.0,20.51,53.64,26.33,32.61,605.65,2,4122.04
103076,10.0,20.65,53.89,26.26,32.68,595.75,2,4123.04
103101,10.0,20.72,53.98,25.75,32.46,579.66,2,4124.04
103126,10.0,20.67,54.09,25.47,32.34,562.39,2,4125.04
103151,10.0,20.66,54.36,24.58,32.14,533.0,2,4126.04
103176,10.0,20.99,54.63,22.92,31.44,507.91,2,4127.04
103201,10.0,21.66,55.0,22.17,30.9,508.47,2,4128.04
103226,10.0,22.57,54.99,22.31,30.19,498.82,2,4129.04
103251,10.0,23.73,54.79,21.43,32.44,504.66,2,4130.04
103276,10.0,25.21,54.15,21.03,33.04,489.93,2,4131.04
103301,10.0,26.92,52.71,19.57,30.4,444.99,2,4132.04
103326,10.0,28.94,50.99,19.4,29.57,443.83,2,4133.04
103351,10.0,30.94,48.47,21.41,30.09,463.76,2,4134.04
103376,10.0,32.27,45.12,22.46,30.91,496.95,2,4135.04
103401,10.0,32.77,41.32,23.23,32.19,543.8,2,4136.04
103426,10.0,32.51,37.47,24.05,33.35,580.73,2,4137.04
103451,10.0,31.55,33.95,24.92,34.07,604.97,2,4138.04
103476,10.0,29.92,31.0,25.69,34.54,616.85,2,4139.04
103501,10.0,27.83,29.28,27.0,33.09,605.98,2,4140.04
103526,10.0,26.01,28.76,29.33,29.11,552.39,2,4141.04
103551,10.0,25.14,29.45,30.44,26.03,508.23,2,4142.04
103576,10.0,25.27,31.06,30.9,23.92,490.6,2,4143.04
103601,10.0,26.98,32.6,31.87,23.9,493.14,2,4144.04
103626,10.0,30.15,33.53,33.76,24.43,593.81,2,4145.04
103651,10.0,33.84,33.74,35.4,25.08,691.99,2,4146.04
103676,10.0,37.62,33.62,36.32,26.21,750.08,2,4147.04
103701,10.0,41.53,33.28,38.37,27.47,837.64,2,4148.04
103726,10.0,45.77,32.66,40.52,28.67,965.38,2,4149.04
103751,10.0,50.38,31.59,42.39,32.49,1102.94,2,4150.04
103776,10.0,55.09,30.24,43.1,37.61,1226.68,2,4151.04
103801,10.0,59.67,29.14,43.17,42.08,1309.98,2,4152.04
103826,10.0,64.02,28.8,43.4,42.75,1324.35,2,4153.04
103851,10.0,68.06,28.94,43.72,39.55,1263.49,2,4154.04
103876,10.0,71.5,29.12,44.16,34.82,1162.59,2,4155.04
103901,10.0,74.18,29.19,45.05,30.45,1107.09,2,4156.04
103926,10.0,76.27,29.71,47.36,27.36,1056.75,2,4157.04
103951,10.0,77.62,30.41,50.54,27.13,1061.24,2,4158.04
103976,10.0,78.03,31.54,53.02,30.73,1121.95,2,4159.04
104001,10.0,77.84,33.34,53.2,35.88,1205.67,2,4160.04
104026,10.0,77.52,35.61,52.3,43.01,1308.64,2,4161.04
104051,10.0,76.99,37.81,49.29,49.23,1367.84,2,4162.04
104076,10.0,76.09,39.28,43.37,50.06,1324.27,2,4163.04
104101,10.0,75.36,40.32,38.62,48.89,1253.1,2,4164.04
104126,10.0,75.15,40.95,36.05,47.83,1190.76,2,4165.04
104151,10.0,75.51,41.1,35.99,46.61,1140.44,2,4166.04
104176,10.0,75.98,40.97,34.43,45.86,1049.49,2,4167.04
104201,10.0,76.2,40.71,30.57,46.66,938.05,2,4168.04
104226,10.0,76.52,40.84,28.13,48.5,897.44,2,4169.04
104251,10.0,77.16,41.19,29.18,50.89,932.6,2,4170.04
104276,10.0,77.54,40.78,30.38,53.38,973.42,2,4171.04
104301,10.0,77.31,39.65,30.83,54.71,999.0,2,4172.04
104326,10.0,77.04,38.38,31.8,55.22,1045.46,2,4173.04
104351,10.0,77.15,36.87,32.58,54.35,1083.46,2,4174.04
104376,10.0,77.5,34.93,33.05,50.56,1047.67,2,4175.04
104401,10.0,77.95,33.13,33.55,44.86,1004.33,2,4176.04
104426,10.0,78.92,31.82,35.31,38.62,994.71,2,4177.04
104451,10.0,80.42,30.83,40.09,33.49,996.7,2,4178.04
104476,10.0,82.26,30.38,43.85,29.96,985.67,2,4179.04
104501,10.0,83.59,30.06,45.85,27.44,941.49,2,4180.04
104526,10.0,83.19,29.49,45.66,25.8,873.04,2,4181.04
104551,10.0,81.43,28.5,44.73,25.96,834.96,2,4182.04
104576,10.0,79.34,26.96,44.12,28.92,840.59,2,4183.04
104601,10.0,77.43,25.4,43.12,31.39,835.37,2,4184.04
104626,10.0,75.52,24.33,42.12,32.04,795.39,2,4185.04
104651,10.0,73.72,23.85,41.45,31.77,756.64,2,4186.04
104676,10.0,72.36,23.5,40.81,31.36,740.62,2,4187.04
104701,10.0,71.45,23.1,40.09,31.06,725.86,2,4188.04
104726,10.0,70.89,22.75,39.41,30.94,741.97,2,4189.04
104751,10.0,70.47,22.47,38.87,32.84,773.8,2,4190.04
104776,10.0,70.29,22.28,38.18,34.72,820.37,2,4191.04
104801,10.0,70.65,22.36,36.87,36.24,864.41,2,4192.04
104826,10.0,71.68,22.72,36.47,35.75,867.35,2,4193.04
104851,10.0,73.03,23.36,37.96,32.6,864.94,2,4194.04
104876,10.0,74.57,23.93,39.42,29.11,846.35,2,4195.04
104901,10.0,76.2,24.26,40.36,26.53,831.43,2,4196.04
104926,10.0,77.75,24.63,40.72,25.29,835.1,2,4197.04
104951,10.0,78.85,25.1,39.47,25.82,820.61,2,4198.04
104976,10.0,79.26,25.62,39.3,26.62,781.13,2,4199.04
105001,10.0,79.01,26.27,37.35,26.51,749.06,2,4200.04
105026,10.0,78.08,26.86,36.22,26.05,733.34,2,4201.04
105051,10.0,76.63,27.66,36.77,26.55,749.19,2,4202.04
105076,10.0,74.71,28.74,38.46,27.39,774.69,2,4203.04
105101,10.0,72.56,29.68,39.96,28.69,810.95,2,4204.04
105126,10.0,70.58,30.33,41.64,29.71,858.31,2,4205.04
105151,10.0,68.9,30.83,43.15,30.12,893.89,2,4206.04
105176,10.0,67.47,31.14,44.17,29.83,919.59,2,4207.04
105201,10.0,66.2,31.32,44.52,29.38,926.76,2,4208.04
105226,10.0,64.97,31.52,44.7,28.86,919.91,2,4209.04
105251,10.0,63.78,31.73,44.01,29.07,898.44,2,4210.04
105276,10.0,62.71,31.97,43.28,28.79,868.15,2,4211.04
105301,10.0,61.81,32.29,42.66,28.16,831.47,2,4212.04
105326,10.0,61.03,32.58,41.96,27.35,792.39,2,4213.04
105351,10.0,60.31,32.7,41.36,26.37,753.19,2,4214.04
105376,10.0,59.63,32.73,40.69,25.66,706.16,2,4215.04
105401,10.0,59.0,32.77,39.98,24.89,668.77,2,4216.04
105426,10.0,58.41,32.74,38.94,24.09,635.14,2,4217.04
105451,10.0,57.89,32.64,38.37,23.22,587.9,2,4218.04
105476,10.0,57.49,32.49,38.36,22.74,560.52,2,4219.04
105501,10.0,57.08,33.0,38.33,24.67,610.34,2,4220.04
105526,10.0,56.77,32.96,37.93,24.9,597.46,2,4221.04
105551,10.0,56.39,32.96,36.96,25.58,589.88,2,4222.04
105576,10.0,55.9,33.18,35.9,26.65,591.65,2,4223.04
105601,10.0,55.46,33.33,35.19,27.62,598.13,2,4224.04
105626,10.0,54.99,33.31,34.27,28.79,606.96,2,4225.04
105651,10.0,54.52,33.28,32.96,30.06,614.21,2,4226.04
105676,10.0,54.1,33.26,31.73,30.99,617.61,2,4227.04
105701,10.0,53.75,33.23,30.77,31.69,619.2,2,4228.04
105726,10.0,53.59,33.19,30.12,32.44,624.92,2,4229.04
105751,10.0,53.57,33.07,29.66,33.28,632.67,2,4230.04
105776,10.0,53.66,32.85,29.38,34.27,645.27,2,4231.04
105801,10.0,53.79,32.66,29.41,35.47,671.87,2,4232.04
105826,10.0,53.87,32.6,29.47,36.8,703.49,2,4233.04
105851,10.0,53.95,32.53,29.96,38.22,729.41,2,4234.04
105876,10.0,54.05,32.39,30.53,40.12,761.16,2,4235.04
105901,10.0,54.13,32.25,30.89,41.98,788.46,2,4236.04
105926,10.0,54.14,32.18,30.78,43.7,821.63,2,4237.04
105951,10.0,54.03,32.27,30.32,45.23,856.15,2,4238.04
105976,10.0,53.93,32.36,29.68,46.78,894.5,2,4239.04
106001,10.0,53.89,32.26,29.22,48.28,936.77,2,4240.04
106026,10.0,53.91,32.03,29.74,49.87,984.34,2,4241.04
106051,10.0,53.94,31.76,30.59,51.73,1032.62,2,4242.04
106076,10.0,53.89,31.56,31.36,53.9,1080.53,2,4243.04
106101,10.0,53.8,31.5,31.96,55.27,1117.37,2,4244.04
106126,10.0,53.74,31.57,32.11,54.93,1115.72,2,4245.04
106151,10.0,53.74,31.77,31.85,52.57,1074.12,2,4246.04
106176,10.0,53.82,32.17,31.84,48.16,1001.77,2,4247.04
106201,10.0,53.98,32.71,31.85,42.91,918.05,2,4248.04
106226,10.0,54.2,33.32,31.84,37.91,872.83,2,4249.04
106251,10.0,54.38,33.95,31.83,37.38,877.03,2,4250.04
106276,10.0,54.45,34.57,31.62,36.89,884.26,2,4251.04
106301,10.0,54.49,35.0,31.14,36.56,889.79,2,4252.04
106326,10.0,54.5,35.26,30.78,36.42,893.53,2,4253.04
106351,10.0,54.3,35.55,30.65,36.6,900.98,2,4254.04
106376,10.0,53.73,35.87,30.96,36.42,904.31,2,4255.04
106401,10.0,52.62,36.28,31.31,35.56,894.49,2,4256.04
106426,10.0,51.11,36.8,31.09,34.8,860.61,2,4257.04
106451,10.0,49.45,37.4,30.33,34.47,811.74,2,4258.04
106476,10.0,47.77,38.0,28.8,34.01,760.53,2,4259.04
106501,10.0,46.16,38.43,27.27,32.98,709.08,2,4260.04
106526,10.0,44.66,38.51,26.52,32.42,677.74,2,4261.04
106551,10.0,43.1,37.97,26.91,32.55,672.16,2,4262.04
106576,10.0,41.19,36.42,27.73,32.05,683.99,2,4263.04
106601,10.0,38.7,34.21,29.0,32.59,738.88,2,4264.04
106626,10.0,36.26,31.93,31.9,34.35,799.9,2,4265.04
106651,10.0,34.7,29.98,32.95,36.22,839.01,2,4266.04
106676,10.0,33.7,28.68,33.04,36.83,891.3,2,4267.04
106701,10.0,33.04,27.91,33.65,36.83,949.2,2,4268.04
106726,10.0,32.86,27.31,33.85,36.52,1003.72,2,4269.04
106751,10.0,33.18,26.9,34.19,36.74,1048.59,2,4270.04
106776,10.0,34.17,26.46,34.73,39.11,1076.74,2,4271.04
106801,10.0,35.45,25.65,35.19,41.95,1092.23,2,4272.04
106826,10.0,37.02,24.54,35.09,44.9,1093.35,2,4273.04
106851,10.0,39.02,23.46,34.66,47.15,1079.64,2,4274.04
106876,10.0,40.86,22.57,34.39,47.18,1080.13,2,4275.04
106901,10.0,41.96,21.93,33.92,45.87,1037.29,2,4276.04
106926,10.0,42.12,21.39,32.75,44.02,956.47,2,4277.04
106951,10.0,41.63,20.87,31.09,41.85,879.06,2,4278.04
106976,10.0,40.86,20.29,29.24,39.44,822.86,2,4279.04
107001,10.0,40.23,19.72,27.59,38.53,783.88,2,4280.04
107026,10.0,40.24,19.37,26.89,37.76,759.29,2,4281.04
107051,10.0,41.26,19.73,26.65,37.03,734.91,2,4282.04
107076,10.0,42.9,21.27,26.27,36.48,720.87,2,4283.04
107101,10.0,44.47,23.47,25.62,36.59,721.56,2,4284.04
107126,10.0,45.34,25.6,24.35,36.99,714.65,2,4285.04
107151,10.0,45.57,27.65,23.81,37.23,700.34,2,4286.04
107176,10.0,45.56,29.88,23.9,37.79,713.5,2,4287.04
107201,10.0,45.4,32.14,24.16,38.73,739.01,2,4288.04
107226,10.0,45.13,34.39,24.57,40.09,774.5,2,4289.04
107251,10.0,44.82,36.58,25.94,41.5,820.06,2,4290.04
107276,10.0,45.07,38.93,27.71,44.02,881.06,2,4291.04
107301,10.0,45.58,41.25,29.03,46.53,925.24,2,4292.04
107326,10.0,44.92,43.35,30.16,47.82,998.21,2,4293.04
107351,10.0,43.07,44.97,32.52,48.06,1098.01,2,4294.04
107376,10.0,41.21,45.96,34.59,47.88,1154.04,2,4295.04
107401,10.0,39.77,46.45,34.82,47.24,1135.9,2,4296.04
107426,10.0,38.6,46.59,33.64,46.5,1078.58,2,4297.04
107451,10.0,37.69,46.58,32.02,45.54,1009.48,2,4298.04
107476,10.0,37.04,46.59,31.1,44.32,940.71,2,4299.04
107501,10.0,36.55,46.74,30.06,43.09,879.28,2,4300.04
107526,10.0,36.31,47.02,28.94,42.03,828.37,2,4301.04
107551,10.0,36.53,47.18,27.77,40.98,782.75,2,4302.04
107576,10.0,37.49,46.84,26.27,39.96,746.64,2,4303.04
107601,10.0,39.08,45.65,25.94,39.15,715.93,2,4304.04
107626,10.0,40.66,43.62,25.98,38.38,691.3,2,4305.04
107651,10.0,41.71,41.02,25.44,37.82,667.16,2,4306.04
107676,10.0,42.09,38.2,24.59,37.76,650.47,2,4307.04
107701,10.0,41.93,35.49,23.43,38.26,638.88,2,4308.04
107726,10.0,41.45,33.02,22.55,38.79,634.15,2,4309.04
107751,10.0,40.75,30.82,22.76,39.23,631.61,2,4310.04
107776,10.0,39.94,29.05,22.94,39.23,623.66,2,4311.04
107801,10.0,39.06,27.92,23.26,37.39,605.75,2,4312.04
107826,10.0,38.01,27.28,23.52,35.45,567.87,2,4313.04
107851,10.0,36.72,26.79,23.87,34.73,547.1,2,4314.04
107876,10.0,35.33,25.99,24.58,34.89,560.48,2,4315.04
107901,10.0,34.37,25.44,24.89,34.54,566.64,2,4316.04
107926,10.0,33.9,24.8,25.03,34.71,588.28,2,4317.04
107951,10.0,33.21,23.59,26.4,34.51,623.84,2,4318.04
107976,10.0,32.06,22.87,28.51,33.23,613.05,2,4319.04
108001,10.0,31.76,22.93,30.06,32.13,604.66,2,4320.04
108026,10.0,33.33,23.61,30.67,30.7,636.65,2,4321.04
108051,10.0,36.21,24.75,30.74,31.64,680.2,2,4322.04
108076,10.0,39.38,26.17,32.13,33.38,778.32,2,4323.04
108101,10.0,41.36,28.08,32.54,34.0,864.74,2,4324.04
108126,10.0,40.51,30.08,32.56,33.59,867.79,2,4325.04
108151,10.0,37.41,31.21,32.89,33.39,826.03,2,4326.04
108176,10.0,33.98,31.98,33.5,34.13,783.93,2,4327.04
108201,10.0,31.67,32.52,34.67,34.68,768.87,2,4328.04
108226,10.0,31.04,32.57,34.45,34.83,755.04,2,4329.04
108251,10.0,31.33,32.38,34.17,34.29,724.15,2,4330.04
108276,10.0,31.46,32.47,33.71,33.82,678.62,2,4331.04
108301,10.0,31.06,32.69,32.63,32.99,619.32,2,4332.04
108326,10.0,30.7,32.66,31.12,31.6,547.88,2,4333.04
108351,10.0,30.45,32.79,29.68,30.04,484.98,2,4334.04
108376,10.0,30.03,33.0,28.63,27.96,430.17,2,4335.04
108401,10.0,29.18,33.52,27.22,25.98,399.49,2,4336.04
108426,10.0,27.02,34.73,26.47,24.94,419.64,2,4337.04
108451,10.0,23.55,36.4,28.61,25.16,477.07,2,4338.04
108476,10.0,19.78,38.0,31.75,26.67,541.03,2,4339.04
108501,10.0,16.46,38.77,35.18,25.7,589.95,2,4340.04
108526,10.0,14.18,38.09,37.85,24.6,629.0,2,4341.04
108551,10.0,13.32,36.65,40.35,25.52,658.69,2,4342.04
108576,10.0,13.51,35.42,40.98,26.4,669.0,2,4343.04
108601,10.0,14.11,34.3,40.91,27.08,668.85,2,4344.04
108626,10.0,14.92,33.1,40.79,27.35,647.05,2,4345.04
108651,10.0,15.76,31.95,41.8,27.57,621.42,2,4346.04
108676,10.0,16.47,30.96,42.74,28.01,616.06,2,4347.04
108701,10.0,17.06,30.07,43.3,28.64,618.16,2,4348.04
108726,10.0,17.57,28.92,43.04,29.31,606.89,2,4349.04
108751,10.0,17.87,27.75,42.23,30.14,590.36,2,4350.04
108776,10.0,18.02,26.45,41.49,30.99,584.58,2,4351.04
108801,10.0,18.12,25.03,40.91,31.81,581.83,2,4352.04
108826,10.0,18.17,23.66,40.45,32.72,587.67,2,4353.04
108851,10.0,18.22,22.32,40.02,33.71,603.14,2,4354.04
108876,10.0,18.25,21.0,39.33,34.34,605.68,2,4355.04
108901,10.0,18.04,19.72,38.46,35.03,605.47,2,4356.04
108926,10.0,17.69,18.35,37.44,35.65,603.13,2,4357.04
108951,10.0,17.6,17.21,35.65,35.98,593.31,2,4358.04
108976,10.0,17.38,16.1,33.21,35.76,568.44,2,4359.04
109001,10.0,17.16,15.17,30.89,35.05,532.53,2,4360.04
109026,10.0,16.99,14.33,29.13,34.26,495.04,2,4361.04
109051,10.0,16.84,13.68,28.0,33.49,462.06,2,4362.04
109076,10.0,16.71,13.2,26.98,32.74,445.05,2,4363.04
109101,10.0,16.69,12.87,26.43,32.01,437.54,2,4364.04
109126,10.0,16.78,12.69,25.92,31.41,430.79,2,4365.04
109151,10.0,16.94,12.71,25.2,30.99,425.0,2,4366.04
109176,10.0,17.23,12.81,24.07,30.81,414.22,2,4367.04
109201,10.0,17.85,12.78,22.2,30.67,395.25,2,4368.04
109226,10.0,18.83,12.88,19.99,29.52,362.18,2,4369.04
109251,10.0,20.14,13.42,18.73,29.94,345.54,2,4370.04
109276,10.0,21.96,14.4,18.07,31.17,361.04,2,4371.04
109301,10.0,24.0,15.19,17.72,33.11,398.99,2,4372.04
109326,10.0,25.19,15.31,19.16,35.53,454.65,2,4373.04
109351,10.0,25.41,15.54,20.81,38.07,528.05,2,4374.04
109376,10.0,25.67,16.02,23.41,40.08,610.5,2,4375.04
109401,10.0,26.93,16.39,26.53,38.88,655.79,2,4376.04
109426,10.0,29.31,16.73,29.53,36.32,641.22,2,4377.04
109451,10.0,32.36,17.77,32.92,35.13,643.82,2,4378.04
109476,10.0,36.31,19.3,35.33,34.4,674.28,2,4379.04
109501,10.0,41.12,21.24,37.48,34.17,705.24,2,4380.04
109526,10.0,46.54,23.04,40.66,34.05,778.4,2,4381.04
109551,10.0,52.14,24.94,44.24,33.95,832.77,2,4382.04
109576,10.0,56.94,26.83,46.12,33.5,852.57,2,4383.04
109601,10.0,60.04,28.51,44.78,32.81,813.9,2,4384.04
109626,10.0,61.73,29.67,42.07,32.31,750.11,2,4385.04
109651,10.0,62.83,30.43,39.5,31.62,684.01,2,4386.04
109676,10.0,63.59,30.99,38.78,30.83,651.68,2,4387.04
109701,10.0,64.1,31.5,38.52,30.16,642.4,2,4388.04
109726,10.0,64.51,31.98,38.24,29.68,639.44,2,4389.04
109751,10.0,64.89,32.4,37.94,30.02,648.24,2,4390.04
109776,10.0,65.34,32.8,37.76,30.95,659.38,2,4391.04
109801,10.0,65.79,33.15,37.75,31.96,657.09,2,4392.04
109826,10.0,66.27,33.53,37.65,33.14,642.17,2,4393.04
109851,10.0,66.86,33.79,37.5,34.29,619.31,2,4394.04
109876,10.0,67.48,33.96,37.78,35.27,611.03,2,4395.04
109901,10.0,67.93,33.68,38.34,36.15,635.02,2,4396.04
109926,10.0,68.38,33.18,39.14,36.96,659.45,2,4397.04
109951,10.0,69.1,33.08,39.89,37.67,696.12,2,4398.04
109976,10.0,69.94,32.94,39.63,37.47,700.84,2,4399.04
110001,10.0,70.64,32.74,39.1,36.38,688.28,2,4400.04
110026,10.0,71.26,32.68,38.49,34.94,672.31,2,4401.04
110051,10.0,71.89,32.69,37.86,33.22,654.17,2,4402.04
110076,10.0,72.57,32.74,37.48,31.32,638.17,2,4403.04
110101,10.0,73.2,32.82,37.22,30.8,620.27,2,4404.04
110126,10.0,73.81,32.87,37.02,30.49,606.2,2,4405.04
110151,10.0,74.49,32.86,37.0,30.19,617.06,2,4406.04
110176,10.0,75.2,32.71,36.95,29.87,625.25,2,4407.04
110201,10.0,75.96,32.61,36.98,29.29,628.08,2,4408.04
110226,10.0,76.71,32.54,36.85,28.25,617.55,2,4409.04
110251,10.0,77.39,32.41,36.58,27.36,595.62,2,4410.04
110276,10.0,78.0,32.26,36.35,26.7,569.85,2,4411.04
110301,10.0,78.6,32.15,36.75,26.16,543.23,2,4412.04
110326,10.0,79.13,32.06,37.48,26.82,528.89,2,4413.04
110351,10.0,79.44,31.87,37.46,28.0,505.51,2,4414.04
110376,10.0,79.53,31.3,36.67,28.41,498.1,2,4415.04
110401,10.0,79.68,30.86,35.99,28.26,488.16,2,4416.04
110426,10.0,79.86,30.62,35.82,28.34,486.18,2,4417.04
110451,10.0,79.92,30.33,35.89,28.56,485.97,2,4418.04
110476,10.0,79.93,30.05,35.83,28.77,481.37,2,4419.04
110501,10.0,80.08,29.94,35.53,29.27,501.28,2,4420.04
110526,10.0,80.21,29.85,34.95,29.51,511.37,2,4421.04
110551,10.0,80.25,29.92,34.55,30.35,516.49,2,4422.04
110576,10.0,80.27,30.13,34.41,31.65,520.68,2,4423.04
110601,10.0,80.16,30.27,34.44,32.68,527.4,2,4424.04
110626,10.0,79.96,30.36,34.1,33.15,527.18,2,4425.04
110651,10.0,79.8,30.6,33.64,33.72,533.63,2,4426.04
110676,10.0,79.84,30.82,33.65,34.24,543.27,2,4427.04
110701,10.0,79.98,30.82,33.58,33.9,542.57,2,4428.04
110726,10.0,80.24,30.96,33.62,33.83,546.19,2,4429.04
110751,10.0,80.55,31.09,33.99,33.99,553.77,2,4430.04
110776,10.0,80.65,31.08,33.82,33.8,546.06,2,4431.04
110801,10.0,80.73,31.12,33.43,33.2,530.16,2,4432.04
110826,10.0,80.95,31.34,33.37,32.7,527.33,2,4433.04
110851,10.0,81.22,31.56,33.98,32.65,539.87,2,4434.04
110876,10.0,81.67,31.74,35.86,33.09,569.8,2,4435.04
110901,10.0,82.01,31.89,36.16,32.95,577.26,2,4436.04
110926,10.0,82.26,31.86,35.13,30.43,539.84,2,4437.04
110951,10.0,82.93,31.94,36.62,29.15,538.81,2,4438.04
110976,10.0,83.71,32.14,40.2,29.12,565.83,2,4439.04
111001,10.0,83.42,32.44,42.04,27.86,585.11,2,4440.04
111026,10.0,81.61,33.1,42.86,27.62,645.97,2,4441.04
111051,10.0,78.59,34.05,44.94,28.19,729.71,2,4442.04
111076,10.0,74.89,35.23,46.74,30.57,821.79,2,4443.04
111101,10.0,71.14,37.08,47.67,33.73,910.8,2,4444.04
111126,10.0,67.44,39.56,47.83,37.28,1022.51,2,4445.04
111151,10.0,63.62,41.97,49.19,41.76,1218.05,2,4446.04
111176,10.0,59.32,43.77,53.39,45.58,1447.78,2,4447.04
111201,10.0,54.55,44.9,56.97,46.86,1591.6,2,4448.04
111226,10.0,49.67,45.71,59.42,47.17,1675.29,2,4449.04
111251,10.0,45.13,46.29,62.0,49.15,1728.36,2,4450.04
111276,10.0,40.94,46.53,63.4,50.63,1764.91,2,4451.04
111301,10.0,37.68,46.38,63.87,48.99,1714.43,2,4452.04
111326,10.0,34.78,45.88,63.46,45.47,1600.85,2,4453.04
111351,10.0,32.07,45.39,62.01,42.95,1508.68,2,4454.04
111376,10.0,29.99,44.72,59.55,39.97,1398.84,2,4455.04
111401,10.0,28.66,44.13,56.24,36.74,1290.89,2,4456.04
111426,10.0,27.93,43.77,51.93,35.28,1196.33,2,4457.04
111451,10.0,27.68,43.31,46.51,33.77,1074.44,2,4458.04
111476,10.0,27.91,42.73,41.08,31.09,922.15,2,4459.04
111501,10.0,28.48,41.88,36.2,29.58,763.63,2,4460.04
111526,10.0,29.07,40.97,32.1,29.47,618.47,2,4461.04
111551,10.0,29.04,40.15,29.17,28.41,509.89,2,4462.04
111576,10.0,28.1,38.75,28.12,27.06,461.2,2,4463.04
111601,10.0,26.36,36.61,28.44,26.72,457.7,2,4464.04
111626,10.0,24.15,34.18,28.88,27.27,473.79,2,4465.04
111651,10.0,21.58,32.03,29.55,28.29,451.52,2,4466.04
111676,10.0,18.87,30.56,32.05,28.5,463.76,2,4467.04
111701,10.0,15.95,29.51,35.41,27.12,489.25,2,4468.04
111726,10.0,13.3,28.66,38.26,25.32,506.66,2,4469.04
111751,10.0,11.92,28.83,39.49,23.81,521.78,2,4470.04
111776,10.0,11.39,29.99,39.77,23.13,526.89,2,4471.04
111801,10.0,11.27,30.97,39.39,23.97,529.2,2,4472.04
111826,10.0,11.51,31.56,37.43,23.69,491.46,2,4473.04
111851,10.0,11.9,31.88,34.1,21.52,405.53,2,4474.04
111876,10.0,12.12,31.92,30.29,18.82,314.17,2,4475.04
111901,10.0,12.11,31.79,27.57,16.29,242.51,2,4476.04
111926,10.0,11.98,31.6,25.45,13.66,183.62,2,4477.04
111951,10.0,11.8,31.39,23.56,12.07,146.33,2,4478.04
111976,10.0,11.58,31.16,22.1,11.68,131.94,2,4479.04
112001,10.0,11.43,31.01,20.88,10.38,111.26,2,4480.04
112026,10.0,11.42,30.92,19.3,9.39,93.65,2,4481.04
112051,10.0,11.26,30.97,17.47,9.65,87.01,2,4482.04
112076,10.0,11.01,31.26,15.59,9.9,79.99,2,4483.04
112101,10.0,10.72,31.62,14.0,10.23,74.26,2,4484.04
112126,10.0,10.47,31.78,12.68,11.31,75.51,2,4485.04
112151,10.0,10.06,32.21,11.84,11.72,72.34,2,4486.04
112176,10.0,9.72,32.41,11.39,12.16,74.61,2,4487.04
112201,10.0,9.85,31.92,10.76,13.3,72.72,2,4488.04
112226,10.0,9.8,31.85,10.15,14.89,72.75,2,4489.04
112251,10.0,9.56,32.43,9.55,14.15,63.53,2,4490.04
112276,10.0,9.49,32.13,8.86,13.86,56.87,2,4491.04
112301,10.0,9.39,31.83,8.11,14.31,52.37,2,4492.04
112326,10.0,9.25,31.89,7.84,13.98,50.16,2,4493.04
112351,10.0,9.17,32.11,7.76,13.98,49.46,2,4494.04
112376,10.0,9.22,32.24,7.47,13.24,44.9,2,4495.04
112401,10.0,9.28,32.35,6.97,12.83,40.6,2,4496.04
112426,10.0,9.31,32.5,7.13,12.74,36.16,2,4497.04
112451,10.0,9.5,32.35,7.54,13.0,34.79,2,4498.04
112476,10.0,9.82,31.99,7.67,12.93,35.41,2,4499.04
112501,10.0,10.0,31.84,6.97,12.77,33.18,2,4500.04
112526,10.0,10.13,31.85,5.84,12.6,28.57,2,4501.04
112551,10.0,10.32,31.7,4.76,12.3,27.15,2,4502.04
112576,10.0,10.43,31.82,5.08,11.23,25.7,2,4503.04
112601,10.0,10.42,32.09,4.96,10.49,29.69,2,4504.04
112626,10.0,10.47,31.85,5.02,10.16,33.93,2,4505.04
112651,10.0,10.51,31.62,6.54,10.15,42.66,2,4506.04
112676,10.0,10.44,31.7,8.03,9.51,49.76,2,4507.04
112701,10.0,10.4,31.76,9.7,7.76,48.04,2,4508.04
112726,10.0,10.68,31.1,12.23,6.3,49.31,2,4509.04
112751,10.0,10.51,31.56,14.68,10.28,88.89,2,4510.04
112776,10.0,10.33,32.01,16.51,11.34,109.43,2,4511.04
112801,10.0,10.33,32.17,17.21,11.25,115.04,2,4512.04
112826,10.0,10.33,32.35,17.3,10.35,105.79,2,4513.04
112851,10.0,10.31,32.61,18.05,8.06,83.35,2,4514.04
112876,10.0,10.27,32.89,18.85,7.71,85.55,2,4515.04
112901,10.0,10.09,32.95,20.08,7.01,78.71,2,4516.04
112926,10.0,9.93,32.95,20.37,6.26,72.64,2,4517.04
112951,10.0,9.85,32.89,20.59,6.4,76.06,2,4518.04
112976,10.0,9.88,32.88,21.4,5.93,73.29,2,4519.04
113001,10.0,9.94,32.88,21.69,7.34,80.81,2,4520.04
113026,10.0,10.02,32.93,22.08,8.94,95.05,2,4521.04
113051,10.0,10.2,32.9,22.47,8.89,97.82,2,4522.04
113076,10.0,10.41,32.65,22.61,8.93,98.68,2,4523.04
113101,10.0,10.61,32.7,22.64,9.09,101.27,2,4524.04
113126,10.0,10.93,32.5,22.74,9.4,113.89,2,4525.04
113151,10.0,11.18,32.34,23.23,10.11,123.32,2,4526.04
113176,10.0,11.35,32.25,23.5,10.39,127.66,2,4527.04
113201,10.0,11.62,31.94,23.42,10.98,135.79,2,4528.04
113226,10.0,11.89,31.53,23.11,11.43,141.7,2,4529.04
113251,10.0,11.99,31.36,22.88,11.96,148.91,2,4530.04
113276,10.0,11.98,31.35,22.47,12.9,159.89,2,4531.04
113301,10.0,11.95,31.44,21.58,13.42,161.88,2,4532.04
113326,10.0,12.17,31.19,20.52,14.17,160.0,2,4533.04
113351,10.0,12.48,30.94,19.04,14.31,149.77,2,4534.04
113376,10.0,12.58,31.03,17.63,13.17,126.42,2,4535.04
113401,10.0,12.53,31.16,16.24,12.2,107.2,2,4536.04
113426,10.0,12.52,31.29,15.25,11.31,98.62,2,4537.04
113451,10.0,12.46,31.42,14.56,10.45,92.56,2,4538.04
113476,10.0,12.24,31.58,14.21,10.06,90.71,2,4539.04
113501,10.0,11.9,31.85,14.11,10.13,90.33,2,4540.04
113526,10.0,11.67,32.04,14.83,10.44,93.07,2,4541.04
113551,10.0,11.65,32.04,15.55,10.67,96.48,2,4542.04
113576,10.0,11.76,31.95,16.01,10.67,98.68,2,4543.04
113601,10.0,11.86,31.9,16.5,10.69,97.88,2,4544.04
113626,10.0,12.04,31.83,16.5,10.68,94.55,2,4545.04
113651,10.0,12.15,31.84,16.76,10.88,95.86,2,4546.04
113676,10.0,12.22,32.01,17.48,11.79,108.16,2,4547.04
113701,10.0,12.52,32.16,17.33,12.87,115.38,2,4548.04
113726,10.0,12.94,32.33,16.71,13.81,117.5,2,4549.04
113751,10.0,13.36,32.44,15.69,14.35,117.05,2,4550.04
113776,10.0,13.86,32.55,14.57,15.24,117.86,2,4551.04
113801,10.0,14.2,32.81,13.45,16.03,114.52,2,4552.04
113826,10.0,14.49,32.85,12.49,14.77,98.67,2,4553.04
113851,10.0,14.82,32.83,11.65,14.16,86.69,2,4554.04
113876,10.0,15.1,32.83,10.92,14.57,86.79,2,4555.04
113901,10.0,15.41,32.79,10.15,14.7,85.82,2,4556.04
113926,10.0,15.63,32.89,9.94,14.99,89.23,2,4557.04
113951,10.0,15.72,33.17,10.0,15.98,95.48,2,4558.04
113976,10.0,15.92,33.21,9.55,16.56,95.44,2,4559.04
114001,10.0,16.11,33.08,9.05,17.03,94.99,2,4560.04
114026,10.0,16.18,33.28,8.9,17.7,93.24,2,4561.04
114051,10.0,16.27,33.41,8.96,17.71,91.2,2,4562.04
114076,10.0,16.42,33.47,8.92,17.58,91.36,2,4563.04
114101,10.0,16.62,33.59,8.91,18.48,90.16,2,4564.04
114126,10.0,16.8,33.86,8.64,19.07,86.77,2,4565.04
114151,10.0,16.89,34.05,8.55,18.99,85.53,2,4566.04
114176,10.0,16.97,34.13,8.53,18.8,85.17,2,4567.04
114201,10.0,16.84,33.92,8.6,19.36,88.74,2,4568.04
114226,10.0,16.94,33.99,8.56,19.95,90.92,2,4569.04
114251,9.0,17.09,34.45,7.88,20.0,83.51,2,4570.04
114276,10.0,17.04,35.08,7.45,19.66,78.42,2,4571.04
114301,10.0,17.07,35.16,7.42,19.4,77.59,2,4572.04
114326,10.0,16.98,35.28,7.61,19.24,78.76,2,4573.04
114351,10.0,16.88,35.39,7.85,19.85,84.36,2,4574.04
114376,10.0,16.96,35.25,8.33,20.3,95.32,2,4575.04
114401,10.0,16.91,35.11,8.93,20.4,105.33,2,4576.04
114426,10.0,16.9,35.06,8.6,20.08,99.59,2,4577.04
114451,10.0,17.22,34.83,8.22,19.88,94.55,2,4578.04
114476,10.0,17.15,35.07,7.72,19.89,87.14,2,4579.04
114501,10.0,17.33,35.05,7.56,19.7,86.53,2,4580.04
114526,10.0,17.29,35.16,6.7,19.72,82.68,2,4581.04
114551,10.0,17.19,35.28,6.19,19.38,79.47,2,4582.04
114576,10.0,17.27,35.63,5.6,19.29,74.12,2,4583.04
114601,10.0,17.38,35.77,4.95,19.34,68.4,2,4584.04
114626,10.0,17.53,35.7,4.53,18.83,63.35,2,4585.04
114651,10.0,17.61,36.02,4.18,19.73,62.0,2,4586.04
114676,9.0,17.78,37.67,3.83,20.27,60.62,2,4587.04
114701,10.0,17.69,36.66,3.92,19.94,57.81,2,4588.04
114726,10.0,17.66,36.58,4.08,19.74,58.8,2,4589.04
114751,10.0,17.65,36.5,3.83,20.02,57.91,2,4590.04
114776,10.0,17.69,36.11,3.67,19.13,55.43,2,4591.04
114801,10.0,17.67,35.97,3.42,19.44,53.66,2,4592.04
114826,10.0,17.64,36.22,3.32,21.15,55.77,2,4593.04
114851,10.0,17.66,36.11,4.09,20.38,63.31,2,4594.04
114876,10.0,17.86,35.63,4.89,19.25,63.87,2,4595.04
114901,10.0,17.71,35.73,5.23,20.03,66.26,2,4596.04
114926,10.0,17.73,35.79,5.21,21.26,66.82,2,4597.04
114951,10.0,17.67,35.73,4.9,21.55,61.76,2,4598.04
114976,10.0,17.64,35.71,4.87,21.09,61.31,2,4599.04
115001,10.0,17.45,35.94,5.23,21.07,65.26,2,4600.04
115026,10.0,16.36,35.84,7.0,20.2,86.53,2,4601.04
115051,10.0,14.69,35.35,11.65,19.93,138.84,2,4602.04
115076,9.0,14.4,34.49,13.84,20.84,166.95,2,4603.04
115101,10.0,13.46,34.68,16.76,21.35,211.89,2,4604.04
115126,10.0,13.64,34.93,18.11,19.22,203.48,2,4605.04
115151,10.0,14.15,35.34,18.57,16.81,187.73,2,4606.04
115176,10.0,14.77,35.5,18.66,14.04,157.87,2,4607.04
115201,10.0,16.06,34.76,18.65,17.2,182.39,2,4608.04
115226,10.0,17.13,34.44,18.99,17.66,192.94,2,4609.04
115251,10.0,18.15,34.11,19.71,17.61,192.26,2,4610.04
115276,10.0,19.39,33.54,20.7,17.38,197.63,2,4611.04
115301,10.0,20.7,33.12,21.57,18.25,216.45,2,4612.04
115326,10.0,22.09,32.91,21.69,18.77,228.75,2,4613.04
115351,10.0,23.47,32.65,21.47,18.63,232.33,2,4614.04
115376,10.0,24.68,32.62,21.36,18.82,231.54,2,4615.04
115401,10.0,25.97,32.34,21.29,18.98,226.64,2,4616.04
115426,10.0,27.29,32.16,21.22,18.9,221.49,2,4617.04
115451,10.0,28.65,32.36,21.27,18.97,219.22,2,4618.04
115476,10.0,29.91,32.32,21.36,19.36,220.75,2,4619.04
115501,10.0,31.11,32.3,21.46,20.11,225.99,2,4620.04
115526,10.0,32.45,32.14,21.47,20.68,228.17,2,4621.04
115551,10.0,33.67,31.74,21.34,20.85,225.53,2,4622.04
115576,10.0,34.78,31.39,21.16,20.68,220.59,2,4623.04
115601,10.0,35.8,31.25,21.0,20.06,213.4,2,4624.04
115626,10.0,36.83,31.21,20.9,19.83,213.47,2,4625.04
115651,10.0,37.86,31.21,20.74,20.39,228.76,2,4626.04
115676,10.0,38.77,31.24,20.46,21.41,248.03,2,4627.04
115701,9.0,40.09,30.1,20.0,20.35,238.6,2,4628.04
115726,9.0,40.75,30.03,19.85,21.96,270.98,2,4629.04
115751,9.0,41.32,30.12,20.2,24.88,303.46,2,4630.04
115776,10.0,41.14,31.15,20.19,26.75,323.69,2,4631.04
115801,10.0,41.49,31.18,19.97,27.49,332.06,2,4632.04
115826,10.0,42.01,31.03,19.47,28.31,338.1,2,4633.04
115851,10.0,42.47,31.05,18.91,29.43,346.17,2,4634.04
115876,10.0,43.47,31.08,18.21,30.08,349.94,2,4635.04
115901,10.0,43.95,31.22,17.39,30.56,346.13,2,4636.04
115926,10.0,44.43,31.22,16.68,31.24,341.85,2,4637.04
115951,10.0,44.86,31.08,16.07,31.17,335.95,2,4638.04
115976,10.0,45.17,30.76,15.61,30.84,332.08,2,4639.04
116001,10.0,45.42,30.45,15.45,30.57,325.71,2,4640.04
116026,10.0,45.73,30.54,15.74,30.47,326.86,2,4641.04
116051,10.0,45.98,30.38,15.3,30.24,311.86,2,4642.04
116076,10.0,46.2,30.5,15.36,30.16,313.11,2,4643.04
116101,10.0,46.31,30.77,15.51,30.7,317.97,2,4644.04
116126,10.0,46.33,30.9,15.62,30.45,312.49,2,4645.04
116151,10.0,46.33,30.81,15.43,29.89,303.06,2,4646.04
116176,9.0,46.34,29.75,15.14,30.33,297.57,2,4647.04
116201,10.0,45.63,30.83,14.66,31.78,326.86,2,4648.04
116226,10.0,45.53,30.8,14.34,32.59,324.35,2,4649.04
116251,10.0,45.38,30.89,14.4,32.87,326.31,2,4650.04
116276,10.0,45.23,30.96,14.54,32.96,329.42,2,4651.04
116301,10.0,45.1,30.87,14.6,32.93,330.55,2,4652.04
116326,10.0,45.0,30.74,14.62,33.01,331.72,2,4653.04
116351,10.0,44.91,30.62,14.76,33.02,335.23,2,4654.04
116376,10.0,44.93,30.51,15.07,32.86,336.57,2,4655.04
116401,10.0,45.05,30.34,15.02,32.88,335.19,2,4656.04
116426,10.0,45.15,30.19,14.92,32.51,329.91,2,4657.04
116451,10.0,45.27,30.11,14.69,32.3,324.4,2,4658.04
116476,10.0,45.4,30.07,14.58,32.72,321.74,2,4659.04
116501,10.0,45.51,30.11,14.45,33.61,320.84,2,4660.04
116526,10.0,45.62,30.23,14.24,34.24,314.38,2,4661.04
116551,10.0,45.81,30.29,13.99,34.74,306.98,2,4662.04
116576,10.0,46.12,30.29,13.7,35.09,301.5,2,4663.04
116601,10.0,46.48,30.27,13.75,35.45,305.88,2,4664.04
116626,10.0,46.75,30.26,13.38,36.0,310.31,2,4665.04
116651,10.0,46.85,30.28,12.74,36.39,309.45,2,4666.04
116676,10.0,46.77,30.44,12.26,36.65,307.32,2,4667.04
116701,10.0,46.67,30.59,12.46,36.94,312.02,2,4668.04
116726,10.0,46.71,30.93,12.56,37.29,323.97,2,4669.04
116751,10.0,47.17,31.26,15.01,38.08,384.05,2,4670.04
116776,10.0,48.1,31.16,20.38,39.26,496.29,2,4671.04
116801,10.0,49.36,30.8,26.05,40.78,631.31,2,4672.04
116826,9.0,50.65,29.83,30.78,42.81,776.82,2,4673.04
116851,10.0,52.64,32.79,34.09,44.57,920.8,2,4674.04
116876,10.0,54.1,33.46,36.43,45.84,1013.16,2,4675.04
116901,10.0,54.72,33.19,37.58,47.74,1067.2,2,4676.04
116926,10.0,55.01,32.0,36.81,50.27,1070.28,2,4677.04
116951,10.0,55.59,30.44,35.99,52.06,1066.58,2,4678.04
116976,10.0,57.11,28.97,36.31,52.29,1066.68,2,4679.04
117001,10.0,59.81,27.75,37.14,51.7,1104.79,2,4680.04
117026,10.0,63.06,26.62,38.1,50.91,1136.33,2,4681.04
117051,10.0,66.25,25.7,38.88,49.54,1145.42,2,4682.04
117076,10.0,69.1,25.31,38.69,48.02,1116.59,2,4683.04
117101,10.0,71.48,25.08,36.87,46.58,1026.32,2,4684.04
117126,10.0,73.46,24.8,37.64,45.12,997.09,2,4685.04
117151,10.0,75.46,24.53,37.41,43.61,983.67,2,4686.04
117176,10.0,77.72,24.33,37.06,41.61,971.37,2,4687.04
117201,10.0,79.94,24.18,37.69,39.46,964.31,2,4688.04
117226,10.0,81.91,24.09,38.39,38.16,955.72,2,4689.04
117251,10.0,83.48,24.21,40.71,37.39,1026.05,2,4690.04
117276,10.0,84.25,24.64,44.0,37.02,1149.92,2,4691.04
117301,10.0,83.92,24.88,45.71,37.07,1229.3,2,4692.04
117326,10.0,82.9,25.02,47.63,36.61,1256.53,2,4693.04
117351,10.0,81.57,25.39,49.19,35.6,1260.72,2,4694.04
117376,10.0,79.96,25.77,49.47,33.92,1229.28,2,4695.04
117401,10.0,78.31,26.29,49.47,32.87,1206.63,2,4696.04
117426,10.0,76.65,26.92,49.39,31.87,1193.57,2,4697.04
117451,10.0,74.93,27.48,48.59,30.93,1173.44,2,4698.04
117476,10.0,73.29,28.05,48.25,30.05,1148.04,2,4699.04
117501,10.0,71.73,28.61,47.95,29.22,1122.45,2,4700.04
117526,10.0,70.19,29.14,47.48,29.78,1134.77,2,4701.04
117551,10.0,68.67,29.71,46.9,30.68,1140.29,2,4702.04
117576,10.0,67.22,30.28,46.39,31.73,1131.08,2,4703.04
117601,10.0,65.76,30.76,45.64,32.19,1105.82,2,4704.04
117626,10.0,64.31,31.15,44.78,32.35,1072.58,2,4705.04
117651,10.0,62.93,31.62,44.01,32.55,1053.21,2,4706.04
117676,10.0,61.62,32.07,43.19,32.69,1033.58,2,4707.04
117701,10.0,60.41,32.36,42.2,32.77,1010.66,2,4708.04
117726,10.0,59.3,32.46,40.89,32.82,981.39,2,4709.04
117751,10.0,58.25,32.26,40.27,32.71,948.02,2,4710.04
117776,10.0,57.17,31.91,39.64,32.67,920.22,2,4711.04
117801,10.0,56.07,31.42,38.77,32.64,892.89,2,4712.04
117826,10.0,54.98,30.84,37.53,32.46,855.62,2,4713.04
117851,10.0,53.89,30.25,36.32,31.94,812.5,2,4714.04
117876,10.0,52.84,29.8,35.33,30.96,768.59,2,4715.04
117901,10.0,51.8,29.45,34.56,29.61,727.26,2,4716.04
117926,10.0,50.74,29.14,33.91,28.52,685.09,2,4717.04
117951,10.0,49.71,28.81,33.15,27.69,642.98,2,4718.04
117976,10.0,48.67,28.58,32.35,27.21,611.8,2,4719.04
118001,10.0,47.65,28.43,31.71,27.53,592.19,2,4720.04
118026,10.0,46.68,28.33,31.13,28.18,582.86,2,4721.04
118051,10.0,45.67,28.34,30.48,29.1,580.4,2,4722.04
118076,10.0,44.76,28.86,29.95,30.61,590.69,2,4723.04
118101,10.0,44.44,30.71,29.87,32.64,640.82,2,4724.04
118126,10.0,44.53,33.26,30.25,34.35,722.41,2,4725.04
118151,10.0,44.39,35.39,31.3,35.98,784.69,2,4726.04
118176,10.0,43.92,36.9,32.1,35.95,823.68,2,4727.04
118201,10.0,42.67,38.05,34.09,36.5,895.97,2,4728.04
118226,10.0,40.71,38.51,36.51,37.79,1010.86,2,4729.04
118251,10.0,38.85,38.45,37.53,38.94,1131.68,2,4730.04
118276,10.0,37.45,38.23,40.13,42.01,1259.26,2,4731.04
118301,10.0,36.74,38.03,41.71,45.01,1323.6,2,4732.04
118326,10.0,37.06,37.83,41.06,46.75,1273.26,2,4733.04
118351,10.0,38.39,37.03,39.25,45.82,1109.38,2,4734.04
118376,10.0,40.14,35.74,37.23,42.98,920.06,2,4735.04
118401,10.0,41.7,33.65,35.17,41.06,825.52,2,4736.04
118426,10.0,42.67,30.48,32.09,40.85,829.11,2,4737.04
118451,10.0,42.95,27.21,27.82,41.09,842.8,2,4738.04
118476,10.0,43.42,24.63,26.43,41.17,847.26,2,4739.04
118501,10.0,44.94,23.06,26.25,41.78,854.04,2,4740.04
118526,10.0,46.98,22.38,26.34,42.71,859.58,2,4741.04
118551,10.0,49.15,22.19,26.94,43.59,856.17,2,4742.04
118576,10.0,51.41,22.19,28.21,44.23,881.83,2,4743.04
118601,10.0,53.53,22.21,28.88,44.88,911.16,2,4744.04
118626,10.0,55.4,22.55,29.11,45.27,930.34,2,4745.04
118651,10.0,57.02,23.29,29.25,45.49,956.21,2,4746.04
118676,10.0,58.28,23.83,29.51,46.35,980.64,2,4747.04
118701,10.0,59.2,24.05,29.4,46.26,983.23,2,4748.04
118726,10.0,59.93,24.08,28.79,45.66,962.86,2,4749.04
118751,10.0,60.65,23.93,28.18,45.29,935.48,2,4750.04
118776,10.0,61.37,23.76,27.79,45.27,912.61,2,4751.04
118801,10.0,62.09,23.67,27.46,46.27,899.42,2,4752.04
118826,10.0,62.77,23.69,27.97,46.88,886.72,2,4753.04
118851,10.0,63.37,23.88,28.7,47.29,880.91,2,4754.04
118876,10.0,63.89,24.2,29.02,47.94,886.22,2,4755.04
118901,10.0,64.39,24.6,28.66,48.53,885.75,2,4756.04
118926,10.0,64.81,24.94,28.06,48.94,884.48,2,4757.04
118951,10.0,65.17,25.23,27.54,49.64,893.81,2,4758.04
118976,10.0,65.46,25.41,27.88,50.02,905.9,2,4759.04
119001,10.0,65.76,25.55,28.61,49.35,912.04,2,4760.04
119026,10.0,66.07,25.75,29.74,48.7,928.18,2,4761.04
119051,10.0,66.38,25.97,31.09,48.15,940.1,2,4762.04
119076,10.0,66.68,26.22,31.76,47.71,939.57,2,4763.04
119101,10.0,66.94,26.48,31.93,47.55,934.16,2,4764.04
119126,10.0,67.14,26.58,31.51,47.63,915.48,2,4765.04
119151,10.0,67.34,26.53,30.8,48.37,897.31,2,4766.04
119176,10.0,67.7,26.45,30.31,49.65,897.66,2,4767.04
119201,10.0,68.48,26.36,30.27,49.76,907.44,2,4768.04
119226,10.0,69.54,26.19,30.42,47.76,903.43,2,4769.04
119251,10.0,70.6,25.89,30.51,45.58,921.49,2,4770.04
119276,10.0,71.45,25.24,31.27,45.79,991.1,2,4771.04
119301,10.0,72.26,24.08,31.88,47.46,1049.94,2,4772.04
119326,10.0,72.95,22.74,31.86,47.65,1088.88,2,4773.04
119351,10.0,72.98,21.57,31.87,48.47,1104.02,2,4774.04
119376,10.0,72.7,20.53,32.27,47.69,1099.58,2,4775.04
119401,10.0,72.31,19.72,31.84,46.02,1058.81,2,4776.04
119426,10.0,71.86,19.47,31.23,43.99,991.0,2,4777.04
119451,10.0,71.66,19.29,29.18,41.67,872.23,2,4778.04
119476,10.0,72.04,19.13,25.99,38.98,733.15,2,4779.04
119501,10.0,72.78,19.09,22.73,35.35,596.03,2,4780.04
119526,10.0,73.55,19.18,20.01,33.01,500.39,2,4781.04
119551,10.0,74.42,19.36,18.31,32.86,454.73,2,4782.04
119576,10.0,75.32,19.56,17.53,31.79,414.38,2,4783.04
119601,10.0,76.24,19.81,18.81,30.53,380.37,2,4784.04
119626,10.0,77.19,20.13,20.01,29.35,367.67,2,4785.04
119651,10.0,78.05,20.62,20.89,28.91,364.15,2,4786.04
119676,10.0,78.81,21.26,21.64,29.12,356.6,2,4787.04
119701,10.0,79.46,22.06,22.1,29.26,342.02,2,4788.04
119726,10.0,80.09,23.02,22.27,29.7,337.02,2,4789.04
119751,10.0,80.65,23.96,22.28,29.96,342.44,2,4790.04
119776,10.0,81.07,24.73,22.15,29.76,346.05,2,4791.04
119801,10.0,81.43,25.43,22.77,30.55,363.04,2,4792.04
119826,10.0,81.64,25.99,23.11,30.08,379.76,2,4793.04
119851,10.0,81.77,26.4,22.78,30.54,399.96,2,4794.04
119876,10.0,81.94,26.76,22.15,32.03,412.04,2,4795.04
119901,10.0,82.06,27.14,21.66,32.86,413.0,2,4796.04
119926,10.0,82.11,27.39,21.32,32.98,414.52,2,4797.04
119951,10.0,82.1,27.54,21.01,31.85,412.18,2,4798.04
119976,10.0,82.23,27.96,21.48,31.76,418.08,2,4799.04
120001,10.0,82.46,28.32,22.17,32.37,420.63,2,4800.04
120026,10.0,82.61,28.62,22.53,32.63,421.17,2,4801.04
120051,10.0,82.74,28.97,22.36,32.55,436.91,2,4802.04
120076,10.0,82.82,29.22,22.31,31.66,449.97,2,4803.04
120101,10.0,82.7,29.16,21.63,31.22,461.55,2,4804.04
120126,10.0,82.82,28.99,22.53,31.97,490.67,2,4805.04
120151,10.0,82.94,29.05,22.21,33.29,503.3,2,4806.04
120176,10.0,83.1,29.38,23.11,34.96,541.47,2,4807.04
120201,10.0,83.18,29.23,23.26,36.49,556.68,2,4808.04
120226,10.0,83.29,28.81,23.93,37.39,566.01,2,4809.04
120251,10.0,83.58,29.08,25.55,37.75,591.37,2,4810.04
120276,10.0,83.88,29.14,26.22,38.06,591.07,2,4811.04
120301,10.0,83.85,28.92,26.47,38.17,581.97,2,4812.04
120326,10.0,84.33,28.98,27.75,36.88,616.39,2,4813.04
120351,10.0,85.25,28.29,30.16,35.9,627.02,2,4814.04
120376,10.0,85.38,28.05,31.84,36.6,696.02,2,4815.04
120401,10.0,83.86,28.63,33.31,39.14,790.4,2,4816.04
120426,10.0,81.23,29.86,34.03,44.58,918.77,2,4817.04
120451,10.0,77.79,30.95,34.06,50.85,1025.3,2,4818.04
120476,10.0,74.14,31.9,33.18,55.7,1088.01,2,4819.04
120501,10.0,70.82,32.85,32.38,58.32,1064.24,2,4820.04
120526,10.0,67.98,33.51,32.29,58.39,1049.76,2,4821.04
120551,10.0,65.92,34.53,32.75,56.01,1019.17,2,4822.04
120576,10.0,64.79,35.92,34.06,53.03,966.23,2,4823.04
120601,10.0,64.92,37.15,38.67,51.16,1022.41,2,4824.04
120626,10.0,66.18,37.88,42.59,51.91,1109.58,2,4825.04
120651,10.0,67.98,38.24,45.93,51.33,1175.13,2,4826.04
120676,10.0,69.2,38.6,48.42,50.73,1237.26,2,4827.04
120701,10.0,68.92,39.52,49.41,49.97,1285.82,2,4828.04
120726,10.0,67.65,41.02,49.27,48.76,1290.97,2,4829.04
120751,10.0,66.46,42.61,48.32,50.7,1359.63,2,4830.04
120776,10.0,65.64,43.86,46.81,53.07,1393.52,2,4831.04
120801,10.0,65.18,44.43,45.06,53.1,1364.47,2,4832.04
120826,10.0,65.63,44.31,42.39,50.9,1322.68,2,4833.04
120851,10.0,66.64,43.78,38.49,48.41,1226.23,2,4834.04
120876,10.0,67.75,42.8,35.17,46.14,1130.22,2,4835.04
120901,10.0,68.85,41.16,34.82,42.42,1047.11,2,4836.04
120926,10.0,69.78,39.16,35.2,41.2,971.09,2,4837.04
120951,10.0,70.14,38.38,34.91,47.23,1035.57,2,4838.04
120976,10.0,70.62,36.93,34.49,48.78,1024.06,2,4839.04
121001,10.0,71.62,35.49,34.53,49.16,1021.2,2,4840.04
121026,10.0,73.51,34.17,35.92,47.36,1048.21,2,4841.04
121051,10.0,75.76,32.88,39.45,45.07,1105.64,2,4842.04
121076,10.0,77.89,31.13,42.73,44.06,1159.1,2,4843.04
121101,10.0,80.26,28.5,43.75,44.29,1167.59,2,4844.04
121126,10.0,82.72,25.19,43.54,44.99,1134.03,2,4845.04
121151,10.0,85.1,21.73,43.72,44.7,1069.02,2,4846.04
121176,10.0,87.17,18.83,43.75,43.31,987.89,2,4847.04
121201,10.0,88.86,16.76,43.17,42.38,936.24,2,4848.04
121226,10.0,90.21,15.19,43.02,40.75,853.38,2,4849.04
121251,10.0,91.45,14.03,43.45,38.94,777.52,2,4850.04
121276,10.0,92.11,13.18,44.24,36.17,701.64,2,4851.04
121301,10.0,92.58,12.81,45.35,32.76,631.85,2,4852.04
121326,10.0,93.03,12.5,46.25,28.79,551.19,2,4853.04
121351,10.0,92.98,12.06,46.71,27.77,478.24,2,4854.04
121376,10.0,92.81,11.7,47.44,27.5,408.37,2,4855.04
121401,10.0,92.86,11.35,48.35,27.15,338.84,2,4856.04
121426,10.0,92.9,11.11,49.3,27.11,266.8,2,4857.04
121451,10.0,93.0,10.61,50.08,26.81,133.17,2,4858.04
121476,10.0,93.11,9.68,49.83,33.52,221.03,2,4859.04
121501,10.0,92.85,9.87,49.69,33.18,207.07,2,4860.04
121526,10.0,92.48,9.53,49.9,32.83,203.9,2,4861.04
121551,10.0,92.28,9.81,49.87,32.47,195.81,2,4862.04
121576,10.0,92.01,10.04,50.18,31.9,200.01,2,4863.04
121601,10.0,91.74,10.23,50.76,31.38,214.21,2,4864.04
121626,10.0,91.34,10.43,50.36,31.07,216.84,2,4865.04
121651,10.0,90.75,10.6,50.64,30.54,237.42,2,4866.04
121676,10.0,90.06,11.01,50.76,29.97,268.05,2,4867.04
121701,10.0,89.26,11.4,50.52,29.53,263.7,2,4868.04
121726,10.0,89.4,11.25,50.67,29.08,240.36,2,4869.04
121751,10.0,88.62,11.44,50.89,28.61,225.67,2,4870.04
121776,10.0,87.77,11.78,50.34,27.94,206.12,2,4871.04
121801,10.0,87.16,12.14,51.29,27.45,192.09,2,4872.04
121826,10.0,86.36,12.65,51.11,26.84,208.85,2,4873.04
121851,10.0,85.52,12.87,50.47,26.04,215.46,2,4874.04
121876,10.0,84.45,13.15,49.76,25.64,211.08,2,4875.04
121901,10.0,83.3,13.59,48.74,25.12,199.38,2,4876.04
121926,10.0,82.31,14.23,49.3,24.22,218.04,2,4877.04
121951,10.0,81.0,14.97,48.07,24.11,242.12,2,4878.04
121976,10.0,79.83,15.33,47.52,23.9,246.14,2,4879.04
122001,10.0,78.66,15.79,47.01,23.27,276.15,2,4880.04
122026,10.0,77.4,16.26,46.71,22.43,288.02,2,4881.04
122051,10.0,76.07,16.74,46.18,22.01,304.65,2,4882.04
122076,10.0,74.7,17.13,45.26,21.9,343.45,2,4883.04
122101,10.0,73.32,17.55,44.42,21.92,375.38,2,4884.04
122126,10.0,71.85,17.93,44.24,22.09,398.97,2,4885.04
122151,10.0,70.37,18.4,44.16,22.42,439.67,2,4886.04
122176,10.0,69.05,19.07,43.93,22.2,458.59,2,4887.04
122201,10.0,67.83,19.86,43.6,21.67,467.83,2,4888.04
122226,10.0,66.57,20.63,43.03,21.05,472.36,2,4889.04
122251,10.0,65.29,21.37,42.17,20.78,480.2,2,4890.04
122276,10.0,64.05,22.15,41.3,21.28,501.85,2,4891.04
122301,10.0,62.85,22.92,40.53,21.84,514.55,2,4892.04
122326,10.0,61.69,23.6,39.85,21.82,504.31,2,4893.04
122351,10.0,60.6,24.18,39.02,21.48,483.82,2,4894.04
122376,10.0,59.61,24.7,38.09,21.04,468.55,2,4895.04
122401,10.0,58.68,25.12,37.16,20.72,463.69,2,4896.04
122426,10.0,57.78,25.58,36.34,20.87,467.23,2,4897.04
122451,10.0,56.9,26.17,35.83,21.45,479.6,2,4898.04
122476,10.0,56.01,26.72,35.32,22.09,491.95,2,4899.04
122501,10.0,55.13,27.16,34.57,22.42,494.44,2,4900.04
122526,10.0,54.34,27.53,33.7,22.45,483.79,2,4901.04
122551,10.0,53.58,27.86,32.64,22.34,472.75,2,4902.04
122576,10.0,52.86,28.17,31.35,22.33,462.21,2,4903.04
122601,10.0,52.16,28.51,29.83,22.39,451.52,2,4904.04
122626,10.0,51.44,28.78,28.15,22.12,434.26,2,4905.04
122651,10.0,50.73,29.13,26.5,21.68,407.27,2,4906.04
122676,10.0,49.98,29.61,25.06,21.24,379.16,2,4907.04
122701,10.0,49.17,30.13,23.83,20.89,357.14,2,4908.04
122726,10.0,48.29,30.62,22.58,20.87,349.19,2,4909.04
122751,10.0,47.39,31.06,21.21,21.22,349.11,2,4910.04
122776,10.0,46.51,31.48,20.23,21.45,342.14,2,4911.04
122801,10.0,45.71,31.9,19.44,21.49,336.19,2,4912.04
122826,10.0,45.04,32.22,18.36,22.51,328.56,2,4913.04
122851,10.0,44.49,32.44,17.66,23.8,327.02,2,4914.04
122876,10.0,43.97,32.64,17.66,25.51,349.16,2,4915.04
122901,10.0,43.48,32.27,17.65,23.85,342.39,2,4916.04
122926,10.0,43.3,32.21,17.91,24.6,362.99,2,4917.04
122951,10.0,43.6,32.47,19.83,26.18,407.03,2,4918.04
122976,10.0,44.05,33.63,21.65,29.26,471.38,2,4919.04
123001,10.0,43.85,35.86,22.52,33.83,528.36,2,4920.04
123026,10.0,42.84,38.44,23.25,37.73,577.89,2,4921.04
123051,10.0,41.29,40.83,24.29,39.54,617.77,2,4922.04
123076,10.0,38.88,42.6,26.38,38.66,643.43,2,4923.04
123101,10.0,35.56,43.89,29.57,35.94,656.5,2,4924.04
123126,10.0,31.14,44.85,33.46,33.47,735.32,2,4925.04
123151,10.0,25.99,45.34,37.6,32.22,859.57,2,4926.04
123176,10.0,21.25,45.27,40.2,31.18,944.44,2,4927.04
123201,10.0,17.72,45.2,41.73,30.22,964.55,2,4928.04
123226,10.0,15.4,45.53,44.97,30.2,978.69,2,4929.04
123251,10.0,13.85,45.97,45.63,30.76,968.61,2,4930.04
123276,10.0,12.75,46.24,43.87,30.57,908.22,2,4931.04
123301,10.0,12.26,46.35,38.05,29.77,788.19,2,4932.04
123326,10.0,12.3,46.26,29.72,29.38,638.77,2,4933.04
123351,10.0,12.41,46.21,24.18,29.31,532.09,2,4934.04
123376,10.0,12.42,46.13,21.16,29.45,460.93,2,4935.04
123401,10.0,12.22,45.96,19.31,29.3,413.19,2,4936.04
123426,10.0,11.89,45.74,18.53,28.93,393.24,2,4937.04
123451,10.0,11.16,45.88,18.78,31.28,409.23,2,4938.04
123476,10.0,10.5,46.23,18.41,35.55,422.19,2,4939.04
123501,10.0,10.82,45.89,16.1,35.16,376.27,2,4940.04
123526,10.0,11.69,44.94,14.82,33.66,319.7,2,4941.04
123551,10.0,13.35,43.93,14.82,32.98,290.75,2,4942.04
123576,10.0,16.03,42.94,14.1,31.73,279.78,2,4943.04
123601,10.0,18.92,41.6,13.56,31.65,294.42,2,4944.04
123626,10.0,21.37,39.66,14.1,33.13,328.56,2,4945.04
123651,10.0,23.23,37.37,14.66,34.7,389.83,2,4946.04
123676,10.0,24.56,35.54,15.67,36.38,451.26,2,4947.04
123701,10.0,25.24,35.38,17.24,37.5,490.58,2,4948.04
123726,10.0,25.13,36.98,19.42,38.01,525.12,2,4949.04
123751,10.0,24.29,39.24,20.82,39.9,555.21,2,4950.04
123776,10.0,23.13,41.56,21.39,40.87,594.88,2,4951.04
123801,10.0,21.87,43.51,22.77,39.85,626.99,2,4952.04
123826,10.0,21.09,44.63,23.6,36.41,611.02,2,4953.04
123851,10.0,21.36,45.2,23.38,33.12,583.68,2,4954.04
123876,10.0,22.95,45.15,22.92,31.69,589.47,2,4955.04
123901,10.0,25.19,44.5,23.14,32.87,637.68,2,4956.04
123926,10.0,27.51,44.11,24.53,32.7,651.51,2,4957.04
123951,10.0,29.57,43.75,26.83,35.3,630.26,2,4958.04
123976,10.0,30.26,42.56,30.2,37.45,601.12,2,4959.04
124001,10.0,30.09,41.2,33.29,37.75,583.97,2,4960.04
124026,10.0,30.53,39.24,34.74,38.26,598.33,2,4961.04
124051,10.0,32.28,37.77,33.82,40.17,672.02,2,4962.04
124076,10.0,34.84,37.23,32.56,41.56,756.06,2,4963.04
124101,10.0,37.58,37.68,33.07,43.05,837.47,2,4964.04
124126,10.0,39.93,38.87,34.78,46.04,943.89,2,4965.04
124151,10.0,42.86,40.08,38.01,47.91,1071.67,2,4966.04
124176,10.0,46.93,40.75,41.84,47.16,1196.25,2,4967.04
124201,10.0,51.62,40.75,45.98,45.31,1277.43,2,4968.04
124226,10.0,56.63,40.41,50.58,42.71,1350.7,2,4969.04
124251,10.0,61.71,39.9,55.53,39.98,1402.83,2,4970.04
124276,10.0,66.21,39.2,58.41,37.51,1359.64,2,4971.04
124301,10.0,70.2,38.63,60.99,35.16,1360.56,2,4972.04
124326,10.0,73.6,38.33,63.5,32.57,1376.85,2,4973.04
124351,10.0,75.74,37.82,63.35,29.84,1342.5,2,4974.04
124376,10.0,76.99,37.23,61.85,27.41,1296.78,2,4975.04
124401,10.0,77.73,36.82,61.3,26.94,1275.83,2,4976.04
124426,10.0,77.56,36.07,60.34,29.17,1236.82,2,4977.04
124451,10.0,76.85,35.44,58.35,29.0,1195.2,2,4978.04
124476,10.0,76.06,35.0,57.76,30.69,1215.41,2,4979.04
124501,10.0,74.91,34.38,57.0,32.24,1233.77,2,4980.04
124526,10.0,73.55,33.82,54.97,32.13,1202.16,2,4981.04
124551,10.0,72.06,33.32,52.56,32.35,1177.52,2,4982.04
124576,10.0,70.58,32.84,50.22,32.83,1157.7,2,4983.04
124601,10.0,69.39,32.31,49.77,33.13,1171.06,2,4984.04
124626,10.0,68.42,31.62,50.42,33.55,1205.66,2,4985.04
124651,10.0,67.52,30.92,50.48,33.53,1218.43,2,4986.04
124676,10.0,66.64,30.38,50.19,32.97,1206.53,2,4987.04
124701,10.0,65.78,29.94,49.59,32.81,1195.5,2,4988.04
124726,10.0,64.97,29.53,48.58,32.65,1180.38,2,4989.04
124751,10.0,64.12,29.14,47.39,32.23,1142.44,2,4990.04
124776,10.0,63.26,28.85,46.29,31.72,1092.71,2,4991.04
124801,10.0,62.47,28.7,45.24,31.28,1049.89,2,4992.04
124826,10.0,61.71,28.55,44.02,31.08,1011.1,2,4993.04
124851,10.0,60.97,28.49,42.75,31.01,964.39,2,4994.04
124876,10.0,60.28,28.56,41.77,30.85,916.35,2,4995.04
124901,10.0,59.64,28.66,41.03,30.53,867.67,2,4996.04
124926,10.0,59.01,28.71,40.28,30.33,816.37,2,4997.04
124951,10.0,58.41,28.78,39.39,30.41,779.69,2,4998.04
124976,10.0,57.88,28.94,38.33,30.37,743.53,2,4999.04
125001,10.0,57.43,29.06,37.18,29.78,700.5,2,5000.04
125026,10.0,56.98,29.05,36.03,28.49,650.27,2,5001.04
125051,10.0,56.55,29.07,34.88,27.07,601.71,2,5002.04
125076,10.0,56.17,29.21,33.72,25.55,556.36,2,5003.04
125101,10.0,55.82,29.36,32.56,26.47,533.39,2,5004.04
125126,10.0,55.5,29.52,31.4,27.51,517.4,2,5005.04
125151,10.0,55.19,29.8,30.24,28.71,515.86,2,5006.04
125176,10.0,54.87,29.97,29.28,28.76,509.03,2,5007.04
125201,10.0,54.5,30.17,28.41,28.17,490.9,2,5008.04
125226,10.0,54.12,30.63,27.47,27.96,471.75,2,5009.04
125251,10.0,53.75,31.02,26.56,27.74,447.67,2,5010.04
125276,10.0,53.38,31.24,25.67,27.33,412.9,2,5011.04
125301,10.0,52.99,31.24,24.9,26.55,385.69,2,5012.04
125326,10.0,52.61,31.23,24.25,25.67,363.12,2,5013.04
125351,10.0,52.27,31.28,23.72,25.44,350.62,2,5014.04
125376,10.0,52.02,31.2,23.4,26.74,357.8,2,5015.04
125401,10.0,51.84,30.98,23.41,28.43,374.98,2,5016.04
125426,10.0,51.68,30.68,23.72,30.05,397.09,2,5017.04
125451,10.0,51.52,30.39,23.97,31.68,417.98,2,5018.04
125476,10.0,51.3,30.13,24.1,33.34,438.08,2,5019.04
125501,10.0,51.05,29.94,24.28,35.03,462.37,2,5020.04
125526,10.0,50.85,29.93,24.33,36.63,487.23,2,5021.04
125551,10.0,50.7,30.01,24.04,38.22,508.09,2,5022.04
125576,10.0,50.55,30.1,23.41,39.8,529.22,2,5023.04
125601,10.0,50.37,30.18,22.78,41.32,554.17,2,5024.04
125626,10.0,50.16,30.27,22.26,42.72,582.57,2,5025.04
125651,10.0,50.0,30.35,21.86,44.34,613.85,2,5026.04
125676,10.0,50.03,30.41,21.92,46.68,653.47,2,5027.04
125701,10.0,50.16,30.47,22.23,48.69,693.71,2,5028.04
125726,10.0,50.3,30.68,22.39,50.16,727.81,2,5029.04
125751,10.0,50.36,31.01,22.53,49.6,745.64,2,5030.04
125776,10.0,50.28,31.55,22.96,45.91,739.6,2,5031.04
125801,10.0,50.15,32.16,23.81,42.92,738.69,2,5032.04
125826,10.0,50.12,32.71,24.8,40.62,742.48,2,5033.04
125851,10.0,50.16,33.43,25.61,38.26,743.58,2,5034.04
125876,10.0,50.15,34.38,26.57,36.34,763.13,2,5035.04
125901,10.0,50.0,35.32,27.43,36.46,782.21,2,5036.04
125926,10.0,49.74,36.17,28.35,36.87,805.11,2,5037.04
125951,10.0,49.39,36.77,29.5,36.93,824.34,2,5038.04
125976,10.0,48.88,36.99,30.5,37.11,833.02,2,5039.04
126001,10.0,48.52,36.84,30.74,37.61,840.57,2,5040.04
126026,10.0,48.87,35.81,30.47,38.42,902.87,2,5041.04
126051,10.0,49.97,33.87,34.95,39.49,1019.43,2,5042.04
126076,10.0,51.16,31.45,36.32,41.82,1094.59,2,5043.04
126101,10.0,51.57,28.99,33.99,43.06,1072.35,2,5044.04
126126,10.0,51.33,26.84,31.01,42.37,978.33,2,5045.04
126151,10.0,51.47,25.41,30.38,41.12,903.19,2,5046.04
126176,10.0,52.57,25.46,33.04,40.34,894.4,2,5047.04
126201,10.0,54.24,27.26,35.41,40.33,934.1,2,5048.04
126226,10.0,55.57,30.17,35.29,40.29,983.67,2,5049.04
126251,10.0,55.75,33.83,34.7,40.33,1005.39,2,5050.04
126276,10.0,54.82,37.69,32.92,40.97,995.74,2,5051.04
126301,10.0,53.24,41.33,32.91,42.83,941.87,2,5052.04
126326,10.0,51.69,44.09,31.19,42.42,822.25,2,5053.04
126351,10.0,50.54,45.6,29.18,40.2,653.02,2,5054.04
126376,10.0,49.48,46.39,28.42,37.29,559.32,2,5055.04
126401,10.0,48.05,47.05,27.86,35.38,541.83,2,5056.04
126426,10.0,45.96,48.23,27.95,35.54,582.56,2,5057.04
126451,10.0,43.62,49.62,29.03,37.42,614.48,2,5058.04
126476,10.0,41.47,50.59,29.86,37.46,625.72,2,5059.04
126501,10.0,39.28,50.96,30.24,37.47,628.95,2,5060.04
126526,10.0,37.08,50.71,29.97,36.73,628.23,2,5061.04
126551,10.0,35.28,50.28,29.44,35.77,622.36,2,5062.04
126576,10.0,34.01,49.93,28.82,34.82,606.49,2,5063.04
126601,10.0,33.12,49.74,27.92,34.26,600.57,2,5064.04
126626,10.0,32.72,49.48,27.45,34.67,598.18,2,5065.04
126651,10.0,33.12,48.75,25.21,34.43,567.99,2,5066.04
126676,10.0,34.16,47.43,23.29,34.41,524.23,2,5067.04
126701,10.0,35.22,45.53,22.14,35.12,520.99,2,5068.04
126726,10.0,35.94,43.15,22.06,36.24,543.16,2,5069.04
126751,10.0,36.27,40.29,22.15,38.34,585.68,2,5070.04
126776,10.0,36.13,37.31,22.04,41.1,631.44,2,5071.04
126801,10.0,35.64,34.42,21.54,43.46,662.43,2,5072.04
126826,10.0,34.68,31.93,20.87,44.21,659.38,2,5073.04
126851,10.0,33.53,30.15,20.42,44.4,672.92,2,5074.04
126876,10.0,32.89,29.42,20.8,43.48,689.17,2,5075.04
126901,10.0,32.99,29.1,21.33,41.8,695.09,2,5076.04
126926,10.0,33.73,28.57,23.67,40.76,710.97,2,5077.04
126951,10.0,34.91,28.75,24.83,39.25,693.43,2,5078.04
126976,10.0,36.08,29.88,22.92,37.66,648.47,2,5079.04
127001,10.0,37.08,31.92,23.65,36.72,648.47,2,5080.04
127026,10.0,37.54,34.82,25.14,36.54,697.48,2,5081.04
127051,10.0,37.02,38.21,25.07,38.2,724.33,2,5082.04
127076,10.0,35.56,41.43,24.72,39.76,729.02,2,5083.04
127101,10.0,33.19,44.06,25.01,42.22,715.17,2,5084.04
127126,10.0,30.04,46.17,25.92,42.47,710.35,2,5085.04
127151,10.0,26.3,47.65,27.21,40.41,709.43,2,5086.04
127176,10.0,22.29,48.23,28.49,37.05,694.82,2,5087.04
127201,10.0,19.34,47.97,29.48,33.43,648.99,2,5088.04
127226,10.0,18.48,46.81,29.19,33.23,587.7,2,5089.04
127251,10.0,18.34,45.72,29.14,31.6,491.28,2,5090.04
127276,10.0,18.75,44.68,29.32,30.7,457.32,2,5091.04
127301,10.0,20.67,43.46,30.42,30.65,460.68,2,5092.04
127326,10.0,23.96,41.89,33.04,31.62,517.27,2,5093.04
127351,10.0,27.86,40.26,36.85,32.58,602.19,2,5094.04
127376,10.0,32.0,38.72,41.53,32.74,694.85,2,5095.04
127401,10.0,36.18,37.25,45.54,32.65,777.43,2,5096.04
127426,10.0,40.16,35.47,47.34,33.09,876.28,2,5097.04
127451,10.0,44.1,33.49,46.95,37.17,1006.11,2,5098.04
127476,10.0,47.91,31.74,45.84,42.95,1109.91,2,5099.04
127501,10.0,51.44,30.29,44.99,46.86,1217.64,2,5100.04
127526,10.0,54.65,29.21,44.51,48.74,1321.45,2,5101.04
127551,10.0,57.33,28.13,43.12,48.91,1390.35,2,5102.04
127576,10.0,59.13,26.81,40.51,47.69,1424.95,2,5103.04
127601,10.0,59.8,25.39,38.23,45.68,1439.19,2,5104.04
127626,10.0,59.14,24.25,38.58,44.78,1448.77,2,5105.04
127651,10.0,57.74,23.71,39.31,43.63,1471.95,2,5106.04
127676,10.0,56.53,23.61,40.22,43.34,1506.49,2,5107.04
127701,10.0,55.96,23.99,39.62,44.36,1488.23,2,5108.04
127726,10.0,55.91,24.7,38.77,46.37,1441.43,2,5109.04
127751,10.0,56.19,25.67,38.21,48.35,1407.85,2,5110.04
127776,10.0,56.59,26.56,37.8,49.59,1383.2,2,5111.04
127801,10.0,57.38,26.77,37.24,51.18,1365.28,2,5112.04
127826,10.0,58.92,26.5,36.46,51.78,1309.48,2,5113.04
127851,10.0,60.77,25.93,36.06,49.9,1204.09,2,5114.04
127876,10.0,62.63,25.06,35.87,47.08,1087.82,2,5115.04
127901,10.0,64.46,24.25,35.65,43.23,980.02,2,5116.04
127926,10.0,66.32,23.37,36.03,39.27,882.59,2,5117.04
127951,10.0,68.17,22.35,36.87,36.96,827.48,2,5118.04
127976,10.0,69.68,21.28,37.12,36.27,834.31,2,5119.04
128001,10.0,70.55,20.21,37.08,36.82,828.57,2,5120.04
128026,10.0,70.77,19.31,36.44,36.93,787.98,2,5121.04
128051,10.0,70.61,18.55,35.14,36.65,712.52,2,5122.04
128076,10.0,70.21,17.77,33.51,35.87,629.57,2,5123.04
128101,10.0,69.54,17.02,32.27,35.44,592.51,2,5124.04
128126,10.0,68.55,16.65,32.75,35.57,583.61,2,5125.04
128151,10.0,67.51,16.83,33.27,35.86,620.03,2,5126.04
128176,10.0,66.74,17.17,33.89,36.34,664.88,2,5127.04
128201,10.0,66.19,17.37,34.23,36.89,692.01,2,5128.04
128226,10.0,65.85,17.64,34.62,37.21,712.64,2,5129.04
128251,10.0,66.04,18.03,35.26,36.44,712.31,2,5130.04
128276,10.0,66.61,18.38,35.77,35.2,690.18,2,5131.04
128301,10.0,67.22,19.02,36.26,34.55,669.24,2,5132.04
128326,10.0,67.68,19.62,36.89,34.26,651.42,2,5133.04
128351,10.0,68.15,20.09,37.53,34.23,661.51,2,5134.04
128376,10.0,68.3,20.59,37.52,33.5,644.24,2,5135.04
128401,10.0,67.76,21.12,36.45,32.58,606.28,2,5136.04
128426,10.0,67.34,21.6,34.7,32.05,574.33,2,5137.04
128451,10.0,67.33,21.9,32.45,31.18,531.5,2,5138.04
128476,10.0,67.48,22.06,29.85,30.2,480.13,2,5139.04
128501,10.0,67.71,22.1,27.11,29.79,432.5,2,5140.04
128526,10.0,68.07,22.06,24.45,29.99,395.31,2,5141.04
128551,10.0,68.42,21.91,21.86,30.17,359.2,2,5142.04
128576,10.0,68.77,21.9,19.41,30.08,324.59,2,5143.04
128601,10.0,69.22,22.08,18.19,29.99,312.37,2,5144.04
128626,10.0,69.59,21.99,17.77,30.23,311.56,2,5145.04
128651,10.0,69.85,21.77,18.06,30.66,329.4,2,5146.04
128676,10.0,70.05,21.58,18.95,31.01,356.24,2,5147.04
128701,10.0,70.2,21.42,20.21,30.99,381.22,2,5148.04
128726,10.0,70.32,21.24,21.49,30.84,403.2,2,5149.04
128751,10.0,70.49,21.08,22.39,30.65,419.55,2,5150.04
128776,10.0,70.84,21.08,23.15,29.96,428.39,2,5151.04
128801,10.0,71.38,21.13,24.42,29.08,444.33,2,5152.04
128826,10.0,72.16,21.02,25.66,28.62,470.24,2,5153.04
128851,10.0,72.86,20.43,27.76,29.1,518.5,2,5154.04
128876,10.0,72.89,19.68,28.43,30.58,578.3,2,5155.04
128901,10.0,72.67,19.3,29.97,31.49,605.99,2,5156.04
128926,10.0,72.53,19.16,31.27,32.34,642.8,2,5157.04
128951,10.0,71.93,18.82,32.1,33.96,694.35,2,5158.04
128976,10.0,70.69,18.58,32.77,36.0,751.3,2,5159.04
129001,10.0,68.79,19.07,33.92,38.39,816.42,2,5160.04
129026,10.0,66.76,20.32,34.92,41.35,867.37,2,5161.04
129051,10.0,64.86,21.21,34.92,44.46,915.25,2,5162.04
129076,10.0,63.43,23.0,33.16,47.73,948.58,2,5163.04
129101,10.0,62.31,24.8,33.15,51.32,983.12,2,5164.04
129126,10.0,61.47,25.57,33.56,54.81,1010.58,2,5165.04
129151,10.0,60.89,25.88,33.49,57.3,1046.05,2,5166.04
129176,10.0,60.54,27.13,32.89,58.36,1066.75,2,5167.04
129201,10.0,60.33,29.48,31.86,58.23,1064.16,2,5168.04
129226,10.0,59.95,32.12,30.58,57.21,1034.35,2,5169.04
129251,10.0,59.15,34.59,28.9,55.78,1027.82,2,5170.04
129276,10.0,57.9,36.48,27.17,52.68,1023.55,2,5171.04
129301,10.0,56.41,37.44,28.24,49.82,999.03,2,5172.04
129326,10.0,55.26,37.11,30.3,49.85,1017.64,2,5173.04
129351,10.0,54.99,35.64,31.1,51.25,1051.7,2,5174.04
129376,10.0,55.39,33.77,31.76,52.29,1064.63,2,5175.04
129401,10.0,56.08,31.96,32.05,53.0,1054.26,2,5176.04
129426,10.0,57.5,30.64,32.11,52.6,1030.59,2,5177.04
129451,10.0,59.68,29.72,34.32,51.17,1004.02,2,5178.04
129476,10.0,61.95,28.77,35.92,47.91,951.8,2,5179.04
129501,10.0,63.64,27.5,35.09,44.58,880.3,2,5180.04
129526,10.0,64.84,25.9,33.2,43.77,824.11,2,5181.04
129551,10.0,66.22,24.47,32.53,44.46,789.05,2,5182.04
129576,10.0,67.89,23.43,33.38,44.33,802.27,2,5183.04
129601,10.0,69.91,22.8,35.19,43.21,849.76,2,5184.04
129626,10.0,71.92,22.38,37.0,41.72,890.16,2,5185.04
129651,10.0,73.1,22.01,37.84,40.57,908.6,2,5186.04
129676,10.0,73.25,21.49,37.1,39.67,888.21,2,5187.04
129701,10.0,72.93,20.88,35.81,38.58,837.46,2,5188.04
129726,10.0,72.43,20.36,34.76,38.14,809.06,2,5189.04
129751,10.0,71.71,19.9,33.93,37.18,775.12,2,5190.04
129776,10.0,70.86,19.43,33.5,35.95,743.7,2,5191.04
129801,10.0,69.99,19.0,33.13,35.3,748.04,2,5192.04
129826,10.0,69.29,18.67,32.72,35.3,758.4,2,5193.04
129851,10.0,68.98,18.46,32.39,35.46,760.03,2,5194.04
129876,10.0,68.48,18.2,32.11,36.03,752.72,2,5195.04
129901,10.0,66.96,18.31,31.91,35.13,714.73,2,5196.04
129926,10.0,64.53,18.93,31.67,32.86,643.45,2,5197.04
129951,10.0,62.27,19.83,31.46,30.12,595.08,2,5198.04
129976,10.0,60.41,20.52,31.31,28.12,578.95,2,5199.04
130001,10.0,58.6,21.05,31.37,28.01,587.97,2,5200.04
130026,10.0,56.75,21.56,31.85,27.84,569.1,2,5201.04
130051,10.0,54.96,22.1,32.37,27.39,541.94,2,5202.04
130076,10.0,53.22,22.56,32.45,27.61,552.76,2,5203.04
130101,10.0,51.49,22.85,32.33,28.39,565.79,2,5204.04
130126,10.0,49.94,23.1,32.14,28.96,572.68,2,5205.04
130151,10.0,48.69,23.49,31.81,29.17,575.79,2,5206.04
130176,10.0,47.7,23.92,31.39,29.0,567.57,2,5207.04
130201,10.0,46.86,24.43,30.45,28.66,549.24,2,5208.04
130226,10.0,46.03,24.94,28.87,29.02,518.21,2,5209.04
130251,10.0,45.3,25.22,27.16,29.76,498.85,2,5210.04
130276,10.0,44.6,25.29,24.94,30.21,477.42,2,5211.04
130301,10.0,43.68,25.94,22.02,30.37,439.79,2,5212.04
130326,10.0,42.8,27.26,19.9,30.34,405.82,2,5213.04
130351,10.0,42.11,28.4,19.11,30.3,390.61,2,5214.04
130376,10.0,41.33,29.13,19.04,30.3,383.74,2,5215.04
130401,10.0,40.46,29.59,18.52,30.28,373.89,2,5216.04
130426,10.0,39.59,29.7,18.11,30.26,368.77,2,5217.04
130451,10.0,38.82,29.62,18.59,30.15,372.71,2,5218.04
130476,10.0,38.12,29.45,19.31,30.73,387.52,2,5219.04
130501,10.0,37.51,29.31,19.94,32.36,410.65,2,5220.04
130526,10.0,37.02,29.39,20.89,33.9,440.29,2,5221.04
130551,10.0,36.73,29.63,22.03,35.37,474.24,2,5222.04
130576,10.0,36.57,29.95,23.21,36.5,505.19,2,5223.04
130601,10.0,36.33,30.13,24.08,37.15,527.96,2,5224.04
130626,10.0,35.91,30.11,24.45,37.4,545.89,2,5225.04
130651,10.0,35.38,30.07,24.69,37.57,566.04,2,5226.04
130676,10.0,34.78,30.01,25.12,37.94,585.69,2,5227.04
130701,10.0,34.37,29.95,25.46,38.25,599.21,2,5228.04
130726,10.0,34.38,30.07,24.84,37.79,592.67,2,5229.04
130751,10.0,34.56,30.94,23.54,37.85,574.26,2,5230.04
130776,10.0,34.39,32.77,22.44,39.68,574.06,2,5231.04
130801,10.0,33.59,35.0,21.95,40.98,583.35,2,5232.04
130826,10.0,32.37,36.84,22.05,39.72,573.79,2,5233.04
130851,10.0,30.83,38.17,21.87,39.61,541.36,2,5234.04
130876,10.0,29.18,38.85,20.15,38.1,476.51,2,5235.04
130901,10.0,27.88,38.38,17.05,36.12,387.96,2,5236.04
130926,10.0,26.7,36.94,16.4,33.82,333.13,2,5237.04
130951,10.0,24.91,35.77,18.64,30.15,309.98,2,5238.04
130976,10.0,22.89,35.88,22.28,25.44,297.81,2,5239.04
131001,10.0,21.02,36.99,24.05,21.44,289.78,2,5240.04
131026,10.0,19.98,38.19,24.09,19.32,283.26,2,5241.04
131051,10.0,19.8,39.0,23.97,18.47,253.32,2,5242.04
131076,10.0,19.77,39.49,22.18,18.92,228.09,2,5243.04
131101,10.0,19.59,39.84,20.06,17.88,194.92,2,5244.04
131126,10.0,19.38,39.98,18.0,16.92,160.91,2,5245.04
131151,10.0,19.19,40.08,16.42,17.19,143.86,2,5246.04
131176,10.0,18.81,40.42,15.25,16.45,128.28,2,5247.04
131201,10.0,18.31,40.9,14.58,16.06,117.17,2,5248.04
131226,10.0,18.09,40.8,13.39,16.47,110.11,2,5249.04
131251,10.0,17.92,40.49,13.27,15.9,104.95,2,5250.04
131276,10.0,17.74,40.32,13.26,14.59,96.38,2,5251.04
131301,10.0,17.3,40.84,13.45,13.56,92.85,2,5252.04
131326,10.0,16.95,41.04,13.76,13.5,90.84,2,5253.04
131351,10.0,16.68,40.97,14.12,13.15,90.15,2,5254.04
131376,10.0,16.3,40.92,14.2,13.08,90.15,2,5255.04
131401,10.0,15.89,40.71,14.02,11.49,77.39,2,5256.04
131426,10.0,15.67,40.05,13.35,9.71,65.09,2,5257.04
131451,10.0,15.29,39.57,12.21,10.18,62.14,2,5258.04
131476,10.0,14.96,39.49,11.13,11.46,64.43,2,5259.04
131501,10.0,14.73,39.74,9.42,13.35,64.05,2,5260.04
131526,10.0,14.55,39.83,7.98,13.7,55.27,2,5261.04
131551,10.0,14.27,39.87,7.44,13.53,51.42,2,5262.04
131576,10.0,13.99,39.93,7.58,14.25,54.21,2,5263.04
131601,10.0,13.91,39.71,6.82,13.52,48.43,2,5264.04
131626,10.0,13.83,39.6,6.17,13.88,44.28,2,5265.04
131651,10.0,13.7,39.6,5.67,14.23,40.61,2,5266.04
131676,10.0,13.53,39.65,5.76,12.7,36.22,2,5267.04
131701,10.0,13.47,39.74,6.09,13.12,38.27,2,5268.04
131726,10.0,13.5,39.64,5.91,13.96,39.92,2,5269.04
131751,10.0,13.44,39.55,5.79,13.79,39.48,2,5270.04
131776,10.0,13.33,39.35,5.67,13.85,37.28,2,5271.04
131801,10.0,13.24,39.12,5.33,13.93,34.65,2,5272.04
131826,10.0,12.98,38.89,5.13,14.0,33.7,2,5273.04
131851,10.0,13.0,38.13,6.63,13.36,40.81,2,5274.04
131876,10.0,12.61,37.97,4.74,12.74,36.76,2,5275.04
131901,10.0,11.98,38.05,4.56,12.81,33.59,2,5276.04
131926,10.0,11.69,37.52,4.51,12.84,31.63,2,5277.04
131951,10.0,11.31,37.5,3.88,12.63,24.05,2,5278.04
131976,10.0,10.91,37.79,3.14,12.46,16.27,2,5279.04
132001,10.0,10.67,37.84,2.68,11.76,11.84,2,5280.04
132026,10.0,10.39,37.79,2.4,10.58,10.45,2,5281.04
132051,10.0,10.19,37.81,2.45,9.38,7.29,2,5282.04
132076,10.0,10.07,37.73,2.28,9.19,6.6,2,5283.04
132101,10.0,9.98,37.68,1.55,9.45,6.09,2,5284.04
132126,10.0,9.96,37.58,0.88,9.77,4.24,2,5285.04
132151,10.0,9.99,37.34,0.65,10.2,3.68,2,5286.04
132176,10.0,10.03,37.17,0.67,9.93,3.82,2,5287.04
132201,10.0,10.12,37.03,0.67,9.97,4.54,2,5288.04
132226,10.0,10.13,37.03,0.93,10.35,4.37,2,5289.04
132251,10.0,9.99,36.94,1.2,10.63,5.59,2,5290.04
132276,10.0,9.92,37.05,1.47,10.85,7.52,2,5291.04
132301,10.0,9.91,37.42,1.91,10.93,10.58,2,5292.04
132326,10.0,10.07,37.36,1.9,11.3,9.33,2,5293.04
132351,10.0,10.15,37.55,2.51,10.4,9.24,2,5294.04
132376,10.0,10.13,37.72,3.82,10.69,14.84,2,5295.04
132401,10.0,10.25,37.55,4.98,11.9,21.74,2,5296.04
132426,10.0,10.31,37.38,5.59,12.41,25.55,2,5297.04
132451,10.0,10.28,37.32,5.76,12.42,27.54,2,5298.04
132476,10.0,10.33,37.26,6.49,13.4,33.45,2,5299.04
132501,10.0,10.27,37.26,6.24,14.8,34.72,2,5300.04
132526,10.0,10.19,37.32,6.08,14.98,40.19,2,5301.04
132551,10.0,10.24,37.32,6.14,15.08,35.75,2,5302.04
132576,10.0,10.3,37.15,6.71,15.32,46.0,2,5303.04
132601,10.0,10.04,36.77,10.12,15.54,91.86,2,5304.04
132626,10.0,10.27,36.29,15.21,16.1,144.92,2,5305.04
132651,10.0,11.34,36.07,17.77,18.51,166.18,2,5306.04
132676,10.0,12.81,35.6,20.42,20.64,192.88,2,5307.04
132701,10.0,14.36,35.32,23.15,21.72,239.38,2,5308.04
132726,10.0,15.89,35.03,25.58,22.84,285.88,2,5309.04
132751,10.0,17.49,34.5,27.51,23.72,324.96,2,5310.04
132776,10.0,19.0,34.17,29.25,24.46,357.46,2,5311.04
132801,10.0,20.55,33.91,32.68,25.63,426.27,2,5312.04
132826,10.0,22.14,33.8,37.6,26.93,531.34,2,5313.04
132851,10.0,23.82,33.85,40.9,28.3,625.61,2,5314.04
132876,10.0,25.58,33.85,43.67,29.91,716.84,2,5315.04
132901,10.0,27.32,33.7,45.71,32.08,795.09,2,5316.04
132926,10.0,29.0,33.43,46.35,33.61,842.01,2,5317.04
132951,10.0,30.63,33.07,46.5,34.93,878.08,2,5318.04
132976,10.0,32.26,32.66,46.45,36.07,905.25,2,5319.04
133001,10.0,33.97,32.23,46.32,36.29,903.25,2,5320.04
133026,10.0,35.67,31.68,45.97,35.89,886.77,2,5321.04
133051,10.0,37.28,31.05,44.91,35.46,876.45,2,5322.04
133076,10.0,38.85,30.38,42.96,35.13,852.87,2,5323.04
133101,10.0,40.4,29.71,40.6,34.58,795.94,2,5324.04
133126,10.0,41.9,29.02,38.28,33.74,725.22,2,5325.04
133151,10.0,43.33,28.33,36.14,32.99,661.65,2,5326.04
133176,10.0,44.7,27.65,33.97,32.31,605.38,2,5327.04
133201,10.0,45.99,27.03,31.74,32.15,568.61,2,5328.04
133226,10.0,47.16,26.36,29.74,32.62,548.89,2,5329.04
133251,10.0,48.26,25.63,28.01,33.18,554.92,2,5330.04
133276,10.0,49.22,24.9,26.42,32.91,544.87,2,5331.04
133301,10.0,50.01,24.25,25.25,31.24,526.36,2,5332.04
133326,10.0,50.66,23.6,24.75,30.3,506.6,2,5333.04
133351,10.0,51.16,22.85,24.96,29.85,489.13,2,5334.04
133376,10.0,51.41,21.8,25.41,30.17,482.86,2,5335.04
133401,10.0,51.57,20.61,25.58,29.59,479.35,2,5336.04
133426,10.0,51.63,19.62,26.39,30.24,498.54,2,5337.04
133451,10.0,51.56,19.05,27.61,30.86,516.11,2,5338.04
133476,10.0,51.61,18.78,29.21,31.73,546.12,2,5339.04
133501,10.0,51.84,18.48,31.19,33.73,619.25,2,5340.04
133526,10.0,51.93,18.14,32.1,35.17,686.07,2,5341.04
133551,10.0,51.66,18.19,31.83,34.9,706.28,2,5342.04
133576,10.0,50.54,18.93,32.03,32.11,683.77,2,5343.04
133601,10.0,49.14,20.05,32.96,27.66,650.16,2,5344.04
133626,10.0,47.98,20.65,33.61,25.44,622.9,2,5345.04
133651,10.0,46.82,20.9,33.48,26.97,624.88,2,5346.04
133676,10.0,45.69,20.88,32.98,28.21,618.92,2,5347.04
133701,10.0,44.61,20.71,32.28,29.07,606.21,2,5348.04
133726,10.0,43.66,20.5,31.34,30.27,595.27,2,5349.04
133751,10.0,43.0,20.36,29.98,31.5,580.02,2,5350.04
133776,10.0,42.65,20.34,28.32,32.62,582.56,2,5351.04
133801,10.0,42.27,20.76,27.1,33.77,604.56,2,5352.04
133826,10.0,41.58,21.99,26.5,34.69,632.29,2,5353.04
133851,10.0,41.16,23.77,26.47,35.73,668.04,2,5354.04
133876,10.0,41.68,25.8,27.28,36.8,736.87,2,5355.04
133901,10.0,42.94,27.82,30.78,37.52,806.64,2,5356.04
133926,10.0,44.34,28.63,30.43,38.43,842.64,2,5357.04
133951,10.0,45.64,27.78,29.25,38.62,896.78,2,5358.04
133976,10.0,46.63,26.13,31.93,38.75,968.3,2,5359.04
134001,10.0,46.5,24.71,33.15,38.48,1000.47,2,5360.04
134026,10.0,45.29,24.08,34.32,37.29,971.59,2,5361.04
134051,10.0,44.08,23.83,35.09,35.29,869.86,2,5362.04
134076,10.0,43.39,23.88,34.12,33.09,728.26,2,5363.04
134101,10.0,43.94,24.41,33.29,31.68,653.84,2,5364.04
134126,10.0,46.24,25.44,34.83,31.34,686.39,2,5365.04
134151,10.0,49.48,26.6,37.22,33.15,773.4,2,5366.04
134176,10.0,52.73,27.7,38.91,36.23,857.86,2,5367.04
134201,10.0,55.35,28.61,39.63,37.39,884.0,2,5368.04
134226,10.0,56.27,30.4,39.07,36.84,895.72,2,5369.04
134251,10.0,55.49,33.06,37.89,36.43,942.27,2,5370.04
134276,10.0,54.64,35.59,36.76,36.17,963.95,2,5371.04
134301,10.0,53.92,38.0,35.89,36.66,918.01,2,5372.04
134326,10.0,53.29,40.52,35.06,37.37,900.03,2,5373.04
134351,9.0,52.09,40.48,34.38,38.64,960.36,2,5374.04
134376,10.0,53.73,41.27,32.95,39.14,994.6,2,5375.04
134401,10.0,54.45,39.98,34.1,39.47,965.52,2,5376.04
134426,10.0,54.65,38.66,34.55,40.07,918.82,2,5377.04
134451,10.0,53.6,37.72,31.56,40.42,865.68,2,5378.04
134476,10.0,51.16,36.87,29.2,40.47,813.38,2,5379.04
134501,10.0,47.99,36.68,27.51,39.39,715.33,2,5380.04
134526,10.0,44.85,37.21,25.84,36.68,599.49,2,5381.04
134551,10.0,41.75,37.9,24.27,34.34,534.93,2,5382.04
134576,10.0,38.61,38.95,23.15,33.47,521.95,2,5383.04
134601,10.0,35.55,39.95,22.39,32.69,516.45,2,5384.04
134626,10.0,32.39,41.09,24.0,30.93,497.26,2,5385.04
134651,10.0,29.03,42.45,24.79,29.99,500.23,2,5386.04
134676,10.0,25.54,43.52,24.71,30.77,504.73,2,5387.04
134701,10.0,22.55,44.21,23.72,33.2,510.64,2,5388.04
134726,10.0,20.82,44.27,21.13,33.88,476.6,2,5389.04
134751,10.0,19.81,43.54,20.5,31.82,388.51,2,5390.04
134776,10.0,18.35,43.42,20.04,32.77,365.78,2,5391.04
134801,10.0,17.11,43.61,20.02,35.05,368.93,2,5392.04
134826,10.0,17.46,42.99,19.5,34.42,360.58,2,5393.04
134851,10.0,19.4,40.64,18.96,20.07,239.49,2,5394.04
134876,9.0,20.69,38.89,18.02,20.12,239.18,2,5395.04
134901,10.0,21.8,39.78,16.96,28.92,305.5,2,5396.04
134926,10.0,22.15,38.52,16.84,32.62,342.5,2,5397.04
134951,10.0,22.01,36.64,17.1,35.29,363.91,2,5398.04
134976,10.0,21.89,34.67,18.34,37.26,411.03,2,5399.04
135001,10.0,22.09,32.58,19.6,39.36,469.62,2,5400.04
135026,10.0,22.72,30.5,20.07,39.73,503.14,2,5401.04
135051,10.0,24.09,28.79,21.7,38.02,521.84,2,5402.04
135076,10.0,26.4,27.85,24.48,35.47,515.59,2,5403.04
135101,10.0,29.17,27.85,26.76,35.57,510.05,2,5404.04
135126,10.0,32.01,28.7,27.61,35.25,522.42,2,5405.04
135151,10.0,34.44,29.94,27.03,33.57,515.19,2,5406.04
135176,10.0,36.2,31.08,25.65,31.69,496.82,2,5407.04
135201,10.0,37.23,32.12,24.07,32.82,500.19,2,5408.04
135226,10.0,37.55,33.1,22.9,34.17,528.53,2,5409.04
135251,10.0,37.41,33.95,22.11,34.99,543.87,2,5410.04
135276,10.0,37.02,34.94,21.56,35.87,545.78,2,5411.04
135301,10.0,36.36,36.39,21.32,36.46,548.15,2,5412.04
135326,10.0,35.56,37.95,21.04,35.51,544.14,2,5413.04
135351,10.0,34.71,39.32,21.59,34.71,541.45,2,5414.04
135376,10.0,33.27,40.8,22.14,36.41,570.37,2,5415.04
135401,10.0,30.68,42.17,23.51,38.76,613.34,2,5416.04
135426,10.0,27.1,43.16,25.71,39.4,644.1,2,5417.04
135451,10.0,23.18,43.82,28.76,38.58,658.38,2,5418.04
135476,10.0,20.43,44.24,31.2,36.21,632.8,2,5419.04
135501,10.0,19.96,44.66,30.73,33.45,579.88,2,5420.04
135526,10.0,21.05,44.91,29.11,31.5,531.34,2,5421.04
135551,10.0,22.79,44.63,27.51,30.72,512.34,2,5422.04
135576,10.0,24.57,43.66,24.73,30.59,494.67,2,5423.04
135601,10.0,26.09,42.28,21.87,30.57,469.59,2,5424.04
135626,10.0,27.12,41.09,20.01,30.4,450.02,2,5425.04
135651,10.0,27.36,40.52,18.51,29.79,415.71,2,5426.04
135676,10.0,27.02,40.17,17.79,28.75,376.22,2,5427.04
135701,10.0,26.95,39.14,17.75,28.15,365.32,2,5428.04
135726,10.0,27.19,37.16,17.29,28.7,381.65,2,5429.04
135751,10.0,27.11,34.79,16.83,29.89,398.54,2,5430.04
135776,10.0,26.64,32.55,16.12,31.97,413.86,2,5431.04
135801,10.0,25.99,30.35,16.09,34.64,442.07,2,5432.04
135826,10.0,25.24,28.22,17.01,37.01,467.1,2,5433.04
135851,10.0,24.91,26.86,18.47,37.35,473.71,2,5434.04
135876,10.0,25.24,26.81,20.05,33.82,471.58,2,5435.04
135901,10.0,25.84,27.46,20.7,29.06,451.65,2,5436.04
135926,10.0,25.95,27.81,20.92,27.68,403.18,2,5437.04
135951,10.0,24.47,27.69,20.57,24.79,376.2,2,5438.04
135976,10.0,21.13,27.53,22.05,22.04,374.04,2,5439.04
136001,10.0,17.04,27.49,23.93,20.47,385.87,2,5440.04
136026,10.0,14.1,27.78,24.7,19.75,381.74,2,5441.04
136051,10.0,12.34,28.79,24.82,20.1,366.12,2,5442.04
136076,10.0,10.92,30.02,25.76,19.35,350.66,2,5443.04
136101,10.0,10.42,31.14,26.37,20.04,344.98,2,5444.04
136126,10.0,10.79,32.01,25.93,21.69,341.32,2,5445.04
136151,10.0,11.61,32.38,25.91,22.09,332.53,2,5446.04
136176,10.0,12.63,32.63,26.26,22.48,335.6,2,5447.04
136201,10.0,13.8,32.51,26.76,23.0,338.97,2,5448.04
136226,10.0,14.9,32.42,27.33,23.38,335.38,2,5449.04
136251,10.0,16.03,32.37,27.58,24.61,327.55,2,5450.04
136276,10.0,17.16,32.22,27.72,25.22,335.97,2,5451.04
136301,10.0,18.21,32.0,28.68,25.68,351.02,2,5452.04
136326,10.0,19.28,31.94,29.62,26.51,369.26,2,5453.04
136351,10.0,20.51,32.02,29.38,28.24,384.39,2,5454.04
136376,10.0,21.89,32.1,29.15,29.85,401.4,2,5455.04
136401,10.0,23.4,32.01,28.94,30.18,424.41,2,5456.04
136426,10.0,24.85,31.93,28.66,30.27,439.81,2,5457.04
136451,10.0,26.19,31.83,28.37,30.46,452.04,2,5458.04
136476,10.0,27.43,31.78,28.17,30.7,463.42,2,5459.04
136501,10.0,28.6,31.85,28.18,30.85,470.37,2,5460.04
136526,10.0,29.68,31.42,28.08,30.89,469.75,2,5461.04
136551,10.0,30.89,31.23,27.92,31.35,476.38,2,5462.04
136576,10.0,32.11,31.11,27.77,31.87,485.98,2,5463.04
136601,10.0,33.36,30.91,27.72,32.14,494.85,2,5464.04
136626,10.0,34.64,30.64,27.94,32.17,502.11,2,5465.04
136651,10.0,35.9,30.33,28.17,32.21,504.34,2,5466.04
136676,10.0,37.14,29.88,28.04,32.12,497.23,2,5467.04
136701,10.0,38.31,29.34,27.58,31.34,477.36,2,5468.04
136726,10.0,39.4,28.86,27.05,30.59,471.94,2,5469.04
136751,10.0,40.48,28.37,26.57,29.74,476.55,2,5470.04
136776,10.0,41.54,27.8,26.06,29.1,488.96,2,5471.04
136801,10.0,42.63,27.18,25.68,28.7,509.95,2,5472.04
136826,10.0,43.72,26.52,25.58,27.98,522.62,2,5473.04
136851,10.0,44.7,25.79,25.62,27.42,526.6,2,5474.04
136876,10.0,45.61,25.14,25.85,27.03,530.65,2,5475.04
136901,10.0,46.48,24.64,26.39,26.65,533.38,2,5476.04
136926,10.0,47.31,24.24,26.92,26.14,532.6,2,5477.04
136951,10.0,48.02,23.96,27.76,25.67,527.53,2,5478.04
136976,10.0,48.47,23.84,28.98,25.29,502.53,2,5479.04
137001,10.0,48.71,23.69,30.49,25.16,482.93,2,5480.04
137026,10.0,48.87,23.58,31.65,25.29,486.82,2,5481.04
137051,10.0,49.23,24.15,32.5,25.85,490.72,2,5482.04
137076,10.0,50.03,25.39,33.43,27.15,508.55,2,5483.04
137101,10.0,51.32,26.98,35.27,29.57,559.14,2,5484.04
137126,10.0,52.63,28.71,35.47,33.21,652.72,2,5485.04
137151,10.0,53.45,30.32,34.91,37.2,755.94,2,5486.04
137176,10.0,53.41,31.73,35.91,39.6,867.83,2,5487.04
137201,10.0,52.71,32.73,37.49,42.13,991.36,2,5488.04
137226,10.0,51.75,33.56,38.35,46.03,1127.02,2,5489.04
137251,10.0,50.78,34.75,38.73,47.88,1239.51,2,5490.04
137276,10.0,50.1,36.25,39.05,48.13,1302.78,2,5491.04
137301,10.0,49.51,37.81,38.02,50.74,1337.11,2,5492.04
137326,10.0,48.67,39.28,36.21,52.17,1332.55,2,5493.04
137351,10.0,47.61,40.6,34.98,51.68,1319.74,2,5494.04
137376,10.0,46.1,41.73,34.87,52.78,1319.24,2,5495.04
137401,10.0,44.14,43.18,35.73,53.57,1337.69,2,5496.04
137426,10.0,41.88,44.57,36.7,52.62,1380.44,2,5497.04
137451,10.0,39.78,45.55,36.93,50.79,1383.85,2,5498.04
137476,10.0,38.49,46.21,36.37,49.09,1358.76,2,5499.04
137501,10.0,38.12,46.76,35.3,48.06,1322.38,2,5500.04
137526,10.0,38.23,47.3,34.56,47.34,1289.25,2,5501.04
137551,10.0,38.61,47.57,33.42,47.03,1247.09,2,5502.04
137576,10.0,39.14,47.88,32.92,47.22,1208.65,2,5503.04
137601,10.0,39.72,48.1,32.95,47.68,1177.33,2,5504.04
137626,10.0,40.32,48.15,32.18,47.85,1146.28,2,5505.04
137651,10.0,40.88,48.04,31.59,47.71,1128.81,2,5506.04
137676,10.0,41.43,47.91,30.98,48.39,1130.75,2,5507.04
137701,10.0,41.94,47.86,30.74,49.36,1150.62,2,5508.04
137726,10.0,42.4,47.84,31.16,51.28,1180.73,2,5509.04
137751,10.0,42.77,47.82,32.2,53.2,1208.81,2,5510.04
137776,10.0,43.1,47.74,33.68,54.32,1234.46,2,5511.04
137801,10.0,43.51,47.92,34.82,56.19,1279.96,2,5512.04
137826,10.0,44.02,48.17,35.73,57.89,1318.97,2,5513.04
137851,10.0,44.49,48.14,36.67,58.79,1329.17,2,5514.04
137876,10.0,44.92,47.97,37.12,59.48,1318.6,2,5515.04
137901,10.0,45.41,47.79,36.81,59.47,1281.77,2,5516.04
137926,10.0,45.91,47.62,36.16,57.96,1230.03,2,5517.04
137951,10.0,46.34,47.45,35.27,55.55,1199.41,2,5518.04
137976,10.0,46.7,47.59,34.63,53.42,1175.55,2,5519.04
138001,10.0,47.08,47.87,34.24,51.0,1141.47,2,5520.04
138026,10.0,47.65,48.09,34.13,48.96,1126.35,2,5521.04
138051,10.0,48.47,48.38,34.46,46.92,1126.07,2,5522.04
138076,10.0,49.46,48.86,35.05,44.77,1119.86,2,5523.04
138101,10.0,50.54,49.3,35.8,42.62,1111.83,2,5524.04
138126,10.0,51.71,49.68,36.25,40.51,1098.44,2,5525.04
138151,10.0,52.92,49.9,37.11,38.47,1086.02,2,5526.04
138176,10.0,54.1,49.91,39.08,37.18,1078.5,2,5527.04
138201,10.0,55.03,49.81,40.57,36.43,1057.77,2,5528.04
138226,10.0,55.67,49.69,41.0,35.76,1019.31,2,5529.04
138251,10.0,56.44,49.18,40.24,35.01,968.35,2,5530.04
138276,10.0,57.64,48.06,39.13,33.12,904.26,2,5531.04
138301,10.0,59.03,46.13,38.87,30.22,833.26,2,5532.04
138326,10.0,60.06,43.49,39.65,30.01,787.25,2,5533.04
138351,10.0,60.54,40.88,40.81,29.6,789.92,2,5534.04
138376,10.0,60.78,39.43,38.55,28.23,772.85,2,5535.04
138401,10.0,61.24,39.02,33.44,27.93,691.92,2,5536.04
138426,10.0,61.84,38.69,31.5,27.11,627.75,2,5537.04
138451,10.0,62.45,38.47,29.48,25.91,568.65,2,5538.04
138476,10.0,63.05,38.14,28.23,24.91,486.8,2,5539.04
138501,10.0,63.71,37.65,27.06,24.02,406.57,2,5540.04
138526,10.0,64.35,37.47,25.77,23.42,406.79,2,5541.04
138551,10.0,64.74,36.87,24.81,22.92,378.35,2,5542.04
138576,10.0,65.27,36.43,24.2,22.55,358.85,2,5543.04
138601,10.0,65.83,36.04,23.31,22.53,341.98,2,5544.04
138626,10.0,66.48,35.68,22.28,22.59,326.39,2,5545.04
138651,10.0,67.24,35.28,22.24,22.48,317.53,2,5546.04
138676,10.0,67.97,34.91,22.94,22.24,317.08,2,5547.04
138701,10.0,68.45,34.7,22.95,21.87,309.09,2,5548.04
138726,10.0,68.83,34.56,22.89,21.66,299.75,2,5549.04
138751,10.0,68.9,34.6,23.03,21.54,292.37,2,5550.04
138776,10.0,69.15,34.59,23.45,21.24,296.87,2,5551.04
138801,10.0,69.51,34.56,24.11,20.62,305.59,2,5552.04
138826,10.0,69.86,34.39,25.12,20.02,320.64,2,5553.04
138851,10.0,70.06,33.75,26.17,19.74,339.44,2,5554.04
138876,10.0,70.59,34.59,27.27,19.99,357.36,2,5555.04
138901,10.0,70.92,34.45,28.64,20.13,382.33,2,5556.04
138926,10.0,71.15,34.11,29.97,20.36,405.68,2,5557.04
138951,10.0,71.27,33.82,30.97,20.66,420.77,2,5558.04
138976,9.0,70.46,32.68,31.58,21.15,420.81,2,5559.04
139001,10.0,70.86,32.47,31.8,21.79,424.03,2,5560.04
139026,10.0,71.46,32.56,31.72,22.47,431.14,2,5561.04
139051,10.0,71.46,31.92,31.22,23.38,444.97,2,5562.04
139076,10.0,71.66,31.81,30.3,24.19,461.5,2,5563.04
139101,10.0,71.94,31.73,29.28,24.85,488.95,2,5564.04
139126,10.0,72.3,31.52,28.78,25.36,518.23,2,5565.04
139151,10.0,72.65,31.5,28.86,25.51,533.99,2,5566.04
139176,10.0,73.0,31.75,29.63,25.64,553.06,2,5567.04
139201,10.0,73.27,32.07,30.5,25.6,572.2,2,5568.04
139226,10.0,73.59,32.38,31.26,25.76,587.18,2,5569.04
139251,10.0,73.94,32.53,31.95,25.84,603.46,2,5570.04
139276,10.0,74.16,32.59,32.41,26.0,613.77,2,5571.04
139301,10.0,74.32,32.69,32.51,26.54,624.24,2,5572.04
139326,10.0,74.5,32.86,32.55,27.47,643.16,2,5573.04
139351,10.0,74.69,32.92,33.01,27.96,661.34,2,5574.04
139376,10.0,74.95,32.92,33.8,28.43,681.62,2,5575.04
139401,10.0,75.14,32.74,34.74,29.11,700.97,2,5576.04
139426,10.0,75.19,32.67,35.15,29.23,709.28,2,5577.04
139451,10.0,75.13,32.38,34.94,29.25,709.94,2,5578.04
139476,10.0,75.08,32.18,34.5,29.82,708.92,2,5579.04
139501,10.0,75.02,32.18,33.79,29.99,701.98,2,5580.04
139526,10.0,74.96,32.2,33.03,30.48,699.51,2,5581.04
139551,10.0,74.94,32.13,32.27,30.76,698.78,2,5582.04
139576,10.0,74.92,31.97,31.97,30.76,696.58,2,5583.04
139601,10.0,74.98,31.87,32.11,30.87,691.16,2,5584.04
139626,10.0,75.0,31.77,32.18,30.95,686.89,2,5585.04
139651,10.0,75.01,31.65,32.14,30.94,681.8,2,5586.04
139676,10.0,75.06,31.67,32.07,31.06,681.72,2,5587.04
139701,10.0,75.11,31.68,31.95,31.17,683.31,2,5588.04
139726,10.0,75.23,31.69,31.83,31.52,692.96,2,5589.04
139751,10.0,75.39,31.77,31.78,31.91,707.14,2,5590.04
139776,10.0,75.54,31.95,31.5,32.72,724.84,2,5591.04
139801,10.0,75.67,31.98,30.84,32.49,727.17,2,5592.04
139826,10.0,75.76,31.89,31.35,31.52,736.47,2,5593.04
139851,10.0,75.85,32.02,32.36,31.17,752.8,2,5594.04
139876,10.0,75.88,32.5,33.04,30.98,750.58,2,5595.04
139901,10.0,75.89,33.16,35.34,30.43,737.77,2,5596.04
139926,10.0,75.72,33.55,38.02,29.04,722.36,2,5597.04
139951,10.0,74.51,33.69,42.68,27.91,745.74,2,5598.04
139976,10.0,71.46,33.9,45.59,28.02,819.66,2,5599.04
140001,10.0,67.8,34.89,46.0,29.35,945.04,2,5600.04
140026,10.0,63.32,35.22,44.12,29.84,983.85,2,5601.04
140051,10.0,59.0,33.86,42.22,30.71,987.05,2,5602.04
140076,10.0,55.01,31.29,40.76,32.19,999.64,2,5603.04
140101,10.0,51.25,28.92,39.04,33.04,937.3,2,5604.04
140126,10.0,47.4,27.98,37.24,31.57,783.62,2,5605.04
140151,10.0,43.67,28.46,35.41,29.3,706.99,2,5606.04
140176,10.0,39.99,30.11,33.47,28.8,675.98,2,5607.04
140201,10.0,37.07,32.53,30.54,28.34,621.31,2,5608.04
140226,10.0,35.3,35.06,27.16,29.62,596.27,2,5609.04
140251,10.0,34.45,37.61,24.24,32.87,605.43,2,5610.04
140276,10.0,34.11,39.88,22.88,35.51,631.56,2,5611.04
140301,10.0,34.09,41.69,21.28,38.17,663.28,2,5612.04
140326,10.0,34.02,43.06,19.07,40.11,638.57,2,5613.04
140351,10.0,34.0,44.01,17.92,40.48,594.59,2,5614.04
140376,10.0,34.11,44.74,17.92,39.41,569.46,2,5615.04
140401,10.0,34.29,45.3,17.6,37.89,529.64,2,5616.04
140426,10.0,34.52,45.73,17.69,36.15,498.04,2,5617.04
140451,10.0,34.8,45.96,18.22,34.5,476.98,2,5618.04
140476,10.0,35.17,45.97,18.99,34.63,475.34,2,5619.04
140501,10.0,35.54,45.82,19.16,35.47,474.74,2,5620.04
140526,10.0,35.98,45.61,18.82,36.72,477.9,2,5621.04
140551,10.0,36.4,45.54,18.09,37.87,475.07,2,5622.04
140576,10.0,36.72,45.62,17.15,38.9,461.98,2,5623.04
140601,10.0,36.99,45.59,16.19,39.85,445.08,2,5624.04
140626,10.0,37.14,45.56,15.47,40.73,437.53,2,5625.04
140651,10.0,37.24,45.62,15.65,41.61,434.89,2,5626.04
140676,10.0,37.28,45.51,15.85,42.69,427.66,2,5627.04
140701,10.0,37.18,45.14,16.91,43.88,423.69,2,5628.04
140726,10.0,37.04,44.72,17.87,45.04,426.53,2,5629.04
140751,10.0,36.97,44.25,18.6,46.25,425.63,2,5630.04
140776,10.0,36.88,43.97,18.95,47.21,420.0,2,5631.04
140801,10.0,36.77,43.86,19.32,48.18,446.51,2,5632.04
140826,10.0,36.67,43.79,20.14,49.59,493.14,2,5633.04
140851,10.0,36.54,43.46,21.13,50.97,543.19,2,5634.04
140876,10.0,36.22,43.0,22.4,52.18,592.78,2,5635.04
140901,10.0,35.84,42.54,23.84,53.14,640.66,2,5636.04
140926,10.0,35.68,42.26,25.3,53.68,673.08,2,5637.04
140951,10.0,35.71,42.15,26.44,53.97,677.66,2,5638.04
140976,10.0,35.81,42.11,27.59,54.22,671.15,2,5639.04
141001,10.0,35.94,41.96,28.66,54.6,665.35,2,5640.04
141026,10.0,36.12,41.81,29.58,54.86,652.63,2,5641.04
141051,10.0,36.33,41.74,30.16,55.08,653.08,2,5642.04
141076,10.0,36.51,41.71,30.31,55.31,656.93,2,5643.04
141101,10.0,36.66,41.66,30.15,56.16,663.09,2,5644.04
141126,10.0,36.81,41.54,29.95,57.65,675.0,2,5645.04
141151,10.0,36.98,41.41,29.9,58.79,685.3,2,5646.04
