segment,frame,track_id,cls,conf,x1,y1,x2,y2,on_grass,L,a,b,team,X,Y
17,1521,1,0,0.90113664,1078.6315,419.81537,1116.1769,477.86993,True,134.0,170.0,155.0,other,44.30359456936752,39.45380065154506
17,1521,2,0,0.8440129,877.0565,400.4438,916.7831,451.89423,True,193.0,118.0,129.0,light,36.614894565512195,42.90975229495827
17,1521,3,0,0.8437629,555.37445,399.55524,590.8514,456.9887,True,72.0,119.0,125.0,dark,25.655743135549866,39.93064645730252
17,1521,4,0,0.8404709,1012.1338,443.10187,1050.3447,506.42987,True,72.0,120.5,119.0,dark,42.47357502202807,34.452791853170474
17,1521,5,0,0.83118,673.0121,508.8828,704.36755,576.0891,True,65.0,125.0,118.0,dark,33.96826836674755,24.052700014977226
17,1521,6,0,0.8310974,1229.0558,500.07288,1266.0219,568.1821,True,182.0,122.0,122.0,light,49.661903048174146,27.080014820394336
17,1521,7,0,0.81932867,628.6479,393.42755,657.0241,446.62885,True,200.0,120.0,120.0,light,27.44913905482022,42.23479655882699
17,1521,8,0,0.8111708,7.9152107,392.09872,34.51555,451.93265,True,241.5,97.0,218.0,other,7.751383197848473,37.57103587669125
17,1521,9,0,0.7646044,735.45105,359.32318,752.056,402.57513,True,192.0,120.0,123.0,light,28.71703324273027,52.24196030811454
17,1521,10,0,0.7071462,864.8125,346.3579,886.7197,392.68994,True,69.5,122.0,121.0,dark,33.52611658154238,55.8585058575754
17,1521,11,0,0.6624523,644.72656,360.19678,668.9404,409.40814,True,71.5,120.0,123.5,dark,25.78489711291104,49.94839150450672
17,1521,12,0,0.5443444,931.9234,379.84726,971.2453,433.4078,True,59.0,121.0,122.0,other,38.058698611687,46.98984069593037
17,1521,13,0,0.4661332,932.1089,379.65137,955.7615,432.78625,True,59.0,121.0,122.0,dark,37.749668668444144,47.06407244146628
17,1521,14,0,0.3714563,1224.0524,326.5044,1240.683,379.6598,True,81.5,127.5,111.0,other,48.929049815570565,63.093362930257406
17,1522,1,0,0.8688458,1081.2814,420.9509,1120.4965,478.22763,True,135.0,166.5,153.0,other,44.14812618832878,39.59911502026048
17,1522,2,0,0.7365994,882.58655,402.4517,915.5323,453.0702,True,189.0,118.0,128.0,light,36.4212275058441,42.87979628359301
17,1522,3,0,0.79326564,563.54803,399.83054,594.3089,456.42075,True,70.0,119.0,127.0,dark,25.497161157815924,40.19299782424336
17,1522,4,0,0.8812448,1013.1369,443.67993,1053.7683,503.82986,True,78.0,121.0,121.0,dark,42.23857988746841,35.01685132991135
17,1522,5,0,0.78388,675.04846,507.5101,709.99133,577.1485,True,68.0,124.0,121.0,dark,33.86960164581748,24.025426459304914
17,1522,6,0,0.8275585,1235.049,500.08658,1272.5708,568.9744,True,181.0,122.0,121.0,light,49.61910010161548,27.157906750579457
17,1522,7,0,0.77900785,632.5265,394.52945,658.5823,448.05356,True,200.0,120.0,121.0,light,27.294232712689524,42.133152542182366
17,1522,8,0,0.7830415,13.767183,393.14835,38.82395,452.57855,True,241.0,97.0,217.0,other,7.600156389408696,37.54580983985076
17,1522,9,0,0.72979766,739.42773,360.48154,759.2176,404.0888,True,188.0,121.0,123.0,light,28.655376263601806,52.14084415377379
17,1522,10,0,0.7833733,867.1311,347.9449,893.0334,393.137,True,69.0,121.0,121.0,dark,33.355396997005215,56.03168895069496
17,1522,11,0,0.7278695,648.06647,360.68674,674.0323,410.14713,True,74.0,120.0,124.0,dark,25.62634316201063,50.00384397253365
17,1522,13,0,0.3386364,935.6816,381.88754,962.0313,434.53104,True,71.0,122.5,121.0,dark,37.66677698584586,46.93954973887215
17,1523,1,0,0.8127841,1086.2969,422.338,1122.849,479.47632,True,137.0,169.5,154.0,other,43.991356806286745,39.628200768038006
17,1523,2,0,0.7435338,884.8298,404.3352,908.52075,454.00705,True,190.0,117.0,128.0,light,36.044077965676074,42.89963618570102
17,1523,3,0,0.8024251,572.15515,399.98416,597.2252,455.90158,True,74.0,119.0,125.0,dark,25.334685970614437,40.47942758357217
17,1523,4,0,0.8653056,1014.21326,444.67273,1056.2734,503.35065,True,82.0,121.0,123.0,dark,42.00553757729369,35.29280704822716
17,1523,5,0,0.8048083,677.89264,506.37204,713.6287,576.07,True,79.0,122.0,123.0,dark,33.6865136155685,24.255157755803868
17,1523,6,0,0.8458842,1238.8105,500.81516,1277.3574,569.19794,True,173.5,123.0,120.0,light,49.49679061854418,27.331505122501962
17,1523,7,0,0.79220545,637.2701,394.94366,661.60065,448.49716,True,201.0,121.0,118.0,light,27.1206361018655,42.25296434868651
17,1523,8,0,0.71354187,20.90072,394.37558,43.79353,451.88007,True,241.0,98.0,217.0,other,7.363785353613628,37.76759693174297
17,1523,9,0,0.7450485,742.6294,362.91525,766.21295,405.525,True,189.0,118.0,129.0,light,28.560860165579733,52.090471637520665
17,1523,10,0,0.7724894,870.28577,348.50336,898.7052,396.1898,True,68.5,120.0,121.5,dark,33.294443054036485,55.572119940494474
17,1523,11,0,0.7329713,652.1385,361.88687,679.89685,410.62595,True,76.0,120.0,125.0,dark,25.472477481751792,50.158574422139
17,1523,13,0,0.7190488,938.51025,383.99216,959.42395,437.14224,True,68.0,125.0,119.0,dark,37.413411546035626,46.63571780744081
17,1524,1,0,0.5634507,1092.4486,424.39716,1123.3401,481.30618,True,136.0,169.0,153.0,other,43.83293364497941,39.54987038982061
17,1524,2,0,0.78507906,877.99066,406.05103,909.5563,455.24515,True,181.0,119.0,127.0,light,35.660116394933745,42.8557460179126
17,1524,3,0,0.8145563,576.8709,400.45956,601.2733,454.9657,True,68.0,120.0,125.0,dark,25.100585181457355,40.833087672556815
17,1524,4,0,0.78429943,1016.9061,446.44376,1057.0327,504.60706,True,83.0,121.0,124.0,dark,41.80311824686704,35.29395363072242
17,1524,5,0,0.85437995,679.76337,506.2119,717.4737,571.22833,True,92.0,123.0,125.0,dark,33.38217203599688,24.892341487591757
17,1524,6,0,0.7868926,1239.6373,501.86185,1280.0,569.079,True,176.0,122.0,121.0,light,49.30636870882602,27.524093281417805
17,1524,7,0,0.79624444,640.2847,395.49417,665.7851,447.639,True,201.0,121.0,118.0,light,26.864860385511324,42.61476359885175
17,1524,8,0,0.7901408,28.225292,394.92496,50.381012,452.52957,True,242.0,98.0,218.0,other,7.286103084990349,37.77340206598571
17,1524,9,0,0.74642235,746.13947,364.72968,772.6763,407.0735,True,191.5,117.5,128.0,light,28.46650252452255,52.016163228575586
17,1524,10,0,0.7549294,873.209,350.1178,903.2943,399.31894,True,68.0,120.0,120.0,dark,33.20806964781953,55.09637390698963
17,1524,11,0,0.7794183,655.19116,362.95352,685.5235,410.6177,True,76.0,121.0,124.0,dark,25.260701595784326,50.422652533633624
17,1524,13,0,0.73520035,939.52454,385.51642,961.3248,439.4508,True,68.0,123.0,121.0,dark,37.203138435932736,46.40693374015981
17,1525,1,0,0.7237595,1099.4941,426.33035,1122.2821,482.84982,True,138.0,168.0,154.0,other,43.634070855120804,39.53019530312561
17,1525,2,0,0.81069696,877.4997,407.2822,914.04517,456.37228,True,179.0,120.0,127.0,light,35.428941746643446,42.87239566362807
17,1525,3,0,0.8202144,583.0383,402.01462,605.2745,455.66357,True,73.0,120.0,126.0,dark,24.972115655997523,40.90773975921366
17,1525,4,0,0.8321834,1022.8328,448.79608,1055.2257,506.4974,True,89.0,121.0,123.0,dark,41.59917041917899,35.214127024346595
17,1525,5,0,0.84103143,680.19275,507.00665,719.63135,570.26825,True,75.0,124.0,122.0,dark,33.13100412404159,25.121775224111694
17,1525,6,0,0.66331315,1241.0348,503.29648,1280.0,570.1237,True,181.0,122.0,122.0,light,49.054541797397626,27.595192106797935
17,1525,7,0,0.8197941,642.9084,395.3941,667.2903,446.55487,True,201.0,121.0,119.0,light,26.527472098765895,43.01817185734181
17,1525,8,0,0.8142325,31.426252,396.932,55.0239,454.99377,True,241.0,99.0,217.0,other,7.286437663721617,37.47111810908173
17,1525,9,0,0.7011911,751.0327,366.6963,776.5385,408.44022,True,189.5,118.5,127.0,light,28.325076355001524,51.97554247949303
17,1525,10,0,0.6293496,875.7244,351.9222,908.45215,400.3951,True,71.0,119.0,124.0,dark,33.01386210956061,55.13797990849364
17,1525,11,0,0.5864205,657.361,364.81824,690.40173,410.63315,True,72.0,120.0,125.0,dark,25.006928886449558,50.673599600483286
17,1525,13,0,0.77876973,939.36584,386.519,966.969,440.83795,True,64.0,121.0,122.0,dark,36.99293072535346,46.381858107769695
17,1525,20,0,0.57073665,1250.0068,338.76535,1271.3214,387.96243,True,82.0,125.0,110.0,other,48.67001171394045,62.39156495635699
17,1526,1,0,0.8007031,1101.7878,427.77286,1121.0265,483.76154,True,133.0,171.0,153.0,other,43.33650761569853,39.60369953190661
17,1526,2,0,0.8142485,881.54614,407.89893,918.2361,457.8871,True,179.0,121.0,124.0,light,35.28412671432016,42.827323656833705
17,1526,3,0,0.781627,588.26245,403.87466,613.3338,455.10104,True,85.5,121.0,125.0,dark,24.82049159774423,41.21477621942612
17,1526,4,0,0.7624745,1025.178,449.5646,1049.8368,508.72473,True,77.0,121.0,122.0,dark,41.28328613240926,35.060491279415125
17,1526,5,0,0.791626,683.0192,507.5208,719.4312,571.0655,True,72.0,124.0,124.0,dark,32.93417919150862,25.148371781089182
17,1526,6,0,0.6185048,1242.7998,504.61102,1279.7158,571.35956,True,181.5,121.0,126.0,light,48.8011552524793,27.64389829936499
17,1526,7,0,0.77320015,646.55786,395.0255,671.12036,446.3833,True,201.0,121.0,120.0,light,26.296627548482096,43.25593339953522
17,1526,8,0,0.8563443,37.825428,398.18832,63.44262,454.50653,True,241.0,98.0,218.0,other,7.112317743148914,37.66193067270159
17,1526,9,0,0.7809153,757.86975,368.28543,778.18616,409.31476,True,183.5,120.0,125.0,light,28.147418149862578,52.04437579955455
17,1526,10,0,0.52719754,879.7497,354.2278,908.64014,402.3749,True,71.0,126.0,120.0,dark,32.78882985401523,54.92919942193323
17,1526,11,0,0.5914294,661.56946,366.93774,693.63403,409.9441,True,73.0,120.0,124.0,dark,24.71037166560773,51.083342828150904
17,1526,13,0,0.7734743,939.7576,386.92267,971.76733,440.0963,True,64.0,123.0,120.0,dark,36.70345346038414,46.79577073459873
17,1526,20,0,0.3904378,1253.7332,331.70465,1279.3367,389.07718,True,96.0,127.0,108.0,other,48.506247401365755,62.497089027718886
17,1527,1,0,0.82059824,1104.3622,428.47653,1127.9238,484.8666,True,133.0,167.0,152.0,other,43.194578350054485,39.65135083887616
17,1527,2,0,0.81690705,881.64923,408.74896,921.3696,460.01434,True,175.0,118.0,128.0,light,35.07969766003764,42.62742965661462
17,1527,3,0,0.8222009,591.1877,405.5459,620.28326,455.55936,True,80.0,121.0,127.0,dark,24.678209774596148,41.30871694182721
17,1527,4,0,0.8033731,1025.6075,450.25583,1052.0762,511.13736,True,72.0,122.0,121.0,dark,41.07053304639821,34.87944850921405
17,1527,5,0,0.8337899,684.91144,509.25095,716.47644,573.18524,True,72.0,124.0,123.0,dark,32.73145783572448,25.010908980224286
17,1527,6,0,0.7684953,1250.2908,507.5472,1276.1791,573.35913,True,182.0,122.0,125.0,light,48.592048884885294,27.591100027507107
17,1527,7,0,0.78628963,648.8385,395.52896,673.02155,446.4819,True,196.0,122.0,118.0,light,26.03027800921675,43.41047064760276
17,1527,8,0,0.8725731,39.44018,400.03064,67.13271,455.65216,True,240.0,98.0,218.0,other,6.963091199042298,37.543990025472745
17,1527,9,0,0.7143331,758.2658,370.29828,778.8323,411.4972,True,182.5,120.0,127.0,light,27.91286453841572,51.74090365333534
17,1527,10,0,0.5627759,881.05963,356.6243,903.0456,403.99435,True,74.5,120.0,123.0,dark,32.38594610983104,54.73759909654878
17,1527,11,0,0.6466471,663.85913,369.09885,693.19696,413.218,True,73.0,120.0,124.0,dark,24.58465828017574,50.52714955483159
17,1527,13,0,0.8036739,939.6737,387.73038,976.5378,441.15222,True,64.0,122.0,120.0,dark,36.47107011435015,46.80786886914027
17,1527,20,0,0.42762616,1258.6981,332.50955,1280.0,390.41293,True,108.0,125.0,102.0,other,48.21525975871167,62.461661110740856
17,1528,1,0,0.8080638,1107.0504,428.8204,1133.2727,485.75415,True,132.0,170.0,153.0,other,43.027759603553605,39.713419442548236
17,1528,2,0,0.6835628,884.973,409.60355,911.31323,461.66138,True,171.0,118.0,128.0,light,34.68957503808169,42.46374901018292
17,1528,3,0,0.84557605,595.5418,405.88034,627.8304,455.1155,True,73.0,121.0,126.0,dark,24.521346415802384,41.56001451804988
17,1528,4,0,0.8215722,1026.1428,449.84122,1058.7025,512.145,True,68.0,121.0,120.5,dark,40.90856757901356,34.90830206221385
17,1528,5,0,0.8234459,687.9981,509.45526,713.6502,573.88696,True,70.0,124.0,123.0,dark,32.508670780344296,25.018128329193857
17,1528,6,0,0.79156935,1254.9679,509.303,1275.4396,574.4473,True,184.0,121.0,123.0,light,48.3845653792183,27.63049011646656
17,1528,7,0,0.7983483,652.97296,395.5625,675.2676,447.15024,True,196.5,122.0,119.0,light,25.840717013440216,43.44802340436181
17,1528,8,0,0.8705934,46.159256,400.22293,76.89778,455.71896,True,240.0,98.0,217.0,other,6.885813552843452,37.627721773665826
17,1528,9,0,0.7823666,762.4672,371.83383,785.41394,412.8974,True,185.0,119.0,129.0,light,27.826232579340775,51.650990386814925
17,1528,10,0,0.6804175,882.064,357.73962,906.3423,405.09973,True,69.0,120.0,124.0,dark,32.137478256382146,54.69963163318678
17,1528,11,0,0.653138,668.4717,370.7733,692.0874,416.0076,True,71.0,120.0,124.0,dark,24.46478289381057,50.079100510752156
17,1528,13,0,0.6819684,940.52216,388.7703,981.71423,442.81006,True,65.5,123.0,118.0,dark,36.28883702343946,46.681803498181594
17,1529,1,0,0.8061859,1107.3999,428.70978,1139.272,486.96637,True,132.0,165.0,154.0,other,42.831640157977084,39.63838527921264
17,1529,2,0,0.6165522,888.6383,410.68384,916.2994,461.36398,True,193.0,119.0,127.0,light,34.50653695320228,42.64534627626346
17,1529,3,0,0.838074,599.0264,406.01907,635.3933,455.4595,True,74.0,120.0,125.0,dark,24.418200715133178,41.597923382834715
17,1529,4,0,0.8594683,1027.7594,449.12564,1065.226,511.60342,True,67.5,121.0,121.5,dark,40.72959634761924,35.11445552713687
17,1529,5,0,0.8593134,689.8155,508.65723,716.9833,575.3264,True,70.0,125.0,122.0,dark,32.38447682042241,24.91592078556383
17,1529,6,0,0.59317905,1258.319,510.16428,1278.438,564.98975,True,186.0,124.0,125.0,light,48.165596502248356,28.93808572212509
17,1529,7,0,0.77453077,656.6678,395.2867,680.70026,447.14096,True,199.0,120.0,120.0,light,25.678779528028087,43.5540527882313
17,1529,8,0,0.86350495,51.603195,400.83682,86.729225,456.28308,True,241.0,98.0,218.0,other,6.87489236977434,37.57859925825252
17,1529,9,0,0.73870575,767.80994,373.1237,792.44086,414.2415,True,187.0,118.0,129.0,light,27.78609042487481,51.48812083015144
17,1529,10,0,0.59167564,886.35455,358.59555,911.777,403.9149,True,65.5,120.0,121.0,dark,31.897436412642218,55.159559424145584
17,1529,11,0,0.66099185,671.1742,371.4843,694.17084,417.87335,True,69.0,121.0,123.0,dark,24.331740377005534,49.76122675750714
17,1529,13,0,0.6605449,940.72534,390.27252,976.4698,444.70737,True,65.0,123.0,121.0,dark,35.91792712270672,46.37316268380704
17,1530,1,0,0.84968406,1109.8954,429.83453,1145.1055,487.50635,True,133.5,163.0,155.0,other,42.647339414937846,39.72299219403061
17,1530,2,0,0.7527053,889.3898,412.12238,914.49896,461.6073,True,195.0,119.0,125.5,light,34.16440565775024,42.71474050887483
17,1530,3,0,0.78683114,602.2249,406.44614,641.031,453.9661,True,,,,dark,24.1624709250512,41.9824633257777
17,1530,4,0,0.8784948,1028.5842,448.80875,1071.0673,510.12112,True,67.0,120.0,121.0,dark,40.4966016754673,35.49528348639335
17,1530,5,0,0.83421797,690.96515,507.15582,722.23395,575.5064,True,66.0,125.0,121.0,dark,32.22993405767045,24.983774749612113
17,1530,6,0,0.38080683,1261.3989,510.50443,1279.8798,562.17096,True,190.0,120.0,127.0,light,47.92589753800616,29.463732916929047
17,1530,7,0,0.81805307,660.32196,394.92392,687.17444,447.31787,True,199.0,119.5,119.0,light,25.541345156587123,43.645113644621084
17,1530,8,0,0.8578796,57.25925,401.27548,94.0476,456.1505,True,241.0,97.0,219.0,other,6.7788902521074474,37.6376742885115
17,1530,9,0,0.7191878,770.8259,374.36646,796.9106,415.6944,True,183.0,119.0,129.0,light,27.65340855477767,51.293848490896536
17,1530,10,0,0.730862,889.07806,358.10437,918.2263,404.92896,True,65.0,120.0,124.5,dark,31.746723590548434,55.08042318185945
17,1530,11,0,0.7577981,674.776,371.32635,700.4591,418.74805,True,66.0,122.0,123.0,dark,24.225178653248566,49.70234903636204
17,1530,13,0,0.52575487,944.854,391.81937,972.0601,445.0037,True,72.0,123.0,120.0,dark,35.5701968512683,46.442349223608865
17,1531,1,0,0.83073133,1114.0741,431.00687,1150.0276,488.646,True,136.0,157.5,152.0,other,42.46817070226653,39.67705605415725
17,1531,2,0,0.7249001,886.94116,413.43378,918.487,463.4056,True,194.5,119.0,123.0,light,33.919971659355944,42.470860210007565
17,1531,3,0,0.80361533,605.1406,406.69254,644.3924,453.506,True,87.0,121.5,127.0,dark,23.929748053156587,42.140187741947656
17,1531,4,0,0.86651295,1028.5492,449.14743,1075.8121,509.3913,True,72.5,122.0,118.0,dark,40.23166493880466,35.73108778089672
17,1531,5,0,0.86202294,692.4724,506.03534,728.2615,573.2488,True,66.0,125.0,122.0,dark,32.005792021285586,25.31890460949132
17,1531,6,0,0.65834737,1264.9896,510.34146,1280.0,572.38306,True,193.0,119.0,132.0,light,47.70392045426773,28.318627765940388
17,1531,7,0,0.8141844,663.02405,395.35623,691.6644,445.96967,True,192.0,120.0,119.0,light,25.263412310951196,43.98993137341281
17,1531,8,0,0.8522086,62.024075,400.88547,97.217186,456.567,True,241.0,97.0,218.0,other,6.68058525938911,37.57166602049328
17,1531,9,0,0.7193919,776.1825,375.43378,801.5239,416.98138,True,184.0,118.0,129.0,light,27.55799236231438,51.109907060721554
17,1531,10,0,0.7157784,893.5456,358.42914,923.22516,406.42822,True,69.0,120.0,121.0,dark,31.620571002360215,54.83288529934895
17,1531,11,0,0.7410918,677.8657,371.60468,706.3722,419.25177,True,73.0,120.0,123.0,dark,24.08077414523977,49.68480579076424
17,1531,13,0,0.72960013,947.54315,392.9183,971.96875,445.77283,True,74.5,124.0,123.0,dark,35.28319930032006,46.38831030400928
17,1532,1,0,0.80104315,1123.5055,432.04468,1154.4489,489.5996,True,140.0,164.0,153.0,other,42.351665034778364,39.66433639936482
17,1532,2,0,0.73321974,886.41174,413.60822,923.523,464.62488,True,194.0,120.0,123.0,light,33.698466838194975,42.328744741506256
17,1532,3,0,0.65085787,607.2583,407.4605,645.3221,454.00757,True,89.0,123.0,127.0,dark,23.701359635870293,42.089482026078166
17,1532,4,0,0.86517715,1032.2733,449.85123,1079.4196,510.44647,True,71.0,124.0,116.0,dark,40.03430807185958,35.68689541036374
17,1532,5,0,0.87157637,692.852,505.98938,733.0986,569.9888,True,64.0,126.0,121.0,dark,31.70915572496306,25.762258481291163
17,1532,6,0,0.64544165,1270.3677,510.81442,1280.0,576.44824,True,,,,light,47.472292635361256,27.961043003773582
17,1532,7,0,0.8046922,664.7365,396.2283,694.32794,445.13467,True,193.5,119.5,119.0,light,24.964314705196095,44.20445691353518
17,1532,8,0,0.8498286,64.84259,401.91483,96.93099,458.12286,True,240.0,98.0,217.0,other,6.617540197390663,37.288881589787266
17,1532,9,0,0.7505072,781.97675,376.30835,804.07367,417.93155,True,188.0,119.0,128.0,light,27.408107784516844,50.96747606514362
17,1532,10,0,0.6845606,897.3113,359.03357,929.3961,407.33447,True,65.0,120.0,123.0,dark,31.466331293223615,54.70153899272461
17,1532,11,0,0.5876233,680.50037,371.9345,711.53125,419.731,True,72.5,121.0,123.0,dark,23.91138200065998,49.6402254650997
17,1532,13,0,0.59438574,951.96747,393.46912,974.7831,446.5533,True,74.5,121.0,123.0,dark,35.0723007585065,46.327171337812025
17,1533,1,0,0.796549,1130.7443,433.38324,1155.5464,490.09232,True,138.0,171.0,149.0,other,42.13982557704999,39.676480813474356
17,1533,2,0,0.7644057,889.0329,413.28067,929.266,465.03564,True,191.0,121.0,123.0,light,33.51506538411655,42.32080831029129
17,1533,3,0,0.7933446,609.3551,407.50073,644.51117,454.0631,True,81.5,122.0,126.0,dark,23.416464077910017,42.08702485654786
17,1533,4,0,0.8218701,1039.5809,450.60742,1080.4514,510.5719,True,72.0,124.0,115.0,dark,39.83752511986751,35.75740526380163
17,1533,5,0,0.79527414,693.9846,505.70245,734.58093,568.3876,True,66.0,125.0,122.0,dark,31.43190163195039,25.987558652141576
17,1533,7,0,0.82677287,669.6642,395.97043,694.9019,444.323,True,197.0,121.0,119.0,light,24.685773735803643,44.39058274348254
17,1533,8,0,0.8084031,69.44776,401.4869,97.35858,458.2534,True,241.0,98.0,218.0,other,6.455240156997061,37.234024352625674
17,1533,9,0,0.71046895,787.81854,377.21783,806.6279,418.64594,True,191.0,120.0,123.0,light,27.246891443601836,50.848476140182825
17,1533,10,0,0.5802392,902.69257,359.59546,933.2306,408.25525,True,68.0,119.0,125.0,dark,31.301651969289274,54.52983513181579
17,1533,11,0,0.490264,684.1441,372.24734,715.3969,419.80988,True,75.0,120.0,123.0,dark,23.71037426003697,49.65320961762952
17,1533,13,0,0.3033826,953.22736,394.48474,980.43604,446.27405,True,59.0,123.0,118.0,dark,34.81956542045159,46.44811981409594
17,1534,1,0,0.7868012,1136.4142,433.7871,1157.5204,491.05756,True,138.0,177.0,150.0,other,41.89757508606565,39.62538067000123
17,1534,2,0,0.79874945,890.80237,413.61865,933.43695,466.33932,True,190.0,120.0,124.0,light,33.31079296780457,42.1448935907392
17,1534,3,0,0.7721459,611.3445,406.13458,645.9399,454.10245,True,79.0,121.0,126.0,dark,23.166616990437163,42.087130366074405
17,1534,4,0,0.7123696,1045.8468,451.14087,1080.6353,510.78458,True,72.0,123.0,117.0,dark,39.58951819296899,35.828173563807454
17,1534,5,0,0.8205698,696.7271,506.1739,736.24365,568.1766,True,61.5,125.0,121.0,dark,31.216904913624965,26.073491055745958
17,1534,7,0,0.69148797,674.63434,394.7963,696.68054,444.8101,True,204.0,122.0,116.0,light,24.50677588361745,44.31954910291509
17,1534,8,0,0.8253188,74.21433,401.08975,100.19629,458.07468,True,240.0,98.0,216.0,other,6.32297296726178,37.211442760571586
17,1534,9,0,0.72680753,791.359,377.3523,812.55707,418.621,True,189.5,119.0,125.0,light,27.054877538921552,50.89140258330602
17,1534,10,0,0.5072026,907.7641,360.7099,929.0071,409.8758,True,69.0,119.0,124.0,dark,30.99710738242429,54.13368522925178
17,1534,11,0,0.5245771,687.1822,372.30215,717.8452,420.99817,True,76.5,120.0,121.0,dark,23.547710507412432,49.39601045475599
17,1534,13,0,0.68833244,954.1783,393.61453,986.86615,445.8684,True,60.0,124.0,116.0,dark,34.5525518262683,46.59911271585285
17,1535,1,0,0.7527342,1139.9142,433.72827,1164.151,490.94977,True,136.0,175.5,150.0,other,41.66398625794317,39.76365666539444
17,1535,2,0,0.7197726,894.70416,414.36807,934.7494,467.41858,True,189.0,120.0,124.0,light,33.075106079268934,42.00857449649379
17,1535,3,0,0.7346325,613.9816,404.44583,652.21094,453.61636,True,80.0,121.0,126.0,dark,22.965671012497378,42.20881450150272
17,1535,4,0,0.74308956,1050.0356,451.17712,1079.6628,511.78583,True,72.0,123.0,117.0,dark,39.29778409318025,35.76426557433321
17,1535,5,0,0.75666064,700.4408,504.99625,735.867,568.05115,True,64.0,126.0,120.0,dark,30.9840829775975,26.14569681860806
17,1535,7,0,0.6970306,680.3074,393.57986,702.44006,443.92334,True,206.0,122.0,117.0,light,24.31240049730412,44.538586211016124
17,1535,8,0,0.83601683,81.66828,399.4918,106.06148,456.25937,True,241.0,98.0,218.0,other,6.1106382449823755,37.48662812510794
17,1535,9,0,0.78699905,795.5682,376.61374,820.4012,419.38666,True,194.0,119.0,125.0,light,26.94599846558457,50.76967920199721
17,1535,10,0,0.5323984,913.774,361.40985,934.39825,410.6926,True,71.0,119.0,125.0,dark,30.843956123111028,53.99262823722641
17,1535,11,0,0.4939401,692.28076,372.35742,719.05066,420.4861,True,73.5,121.0,121.0,dark,23.272825112571688,49.52053122940698
17,1535,13,0,0.71917313,955.7726,392.94327,991.7676,446.00128,True,61.0,123.0,117.0,dark,34.27706440510433,46.63474469469988
17,1536,1,0,0.828074,1145.2253,433.07245,1174.8828,490.84277,True,133.0,172.0,151.0,other,41.5219318689028,39.900124346700665
17,1536,2,0,0.6978138,901.1028,415.2781,933.71454,467.2505,True,181.5,118.5,127.0,light,32.78877320559641,42.07752504686057
17,1536,3,0,0.7682802,616.35724,402.949,656.87244,451.67703,True,77.5,120.0,124.0,dark,22.634315193460633,42.57299624096059
17,1536,4,0,0.84104586,1053.8859,450.3745,1085.3746,512.3076,True,74.5,124.0,117.0,dark,39.08981317211613,35.77553173222737
17,1536,5,0,0.7931278,702.4853,504.1794,734.13727,567.8856,True,66.0,125.0,121.0,dark,30.70390554666241,26.202706588638886
17,1536,7,0,0.73361415,685.51715,391.4267,707.9722,444.20264,True,209.0,122.0,119.0,light,24.173788208534777,44.508407598791514
17,1536,8,0,0.83890307,86.4496,398.5752,110.76119,455.3035,True,241.0,98.0,218.0,other,5.916991597021978,37.60089863016151
17,1536,9,0,0.7390832,801.1832,376.4265,827.5951,420.17664,True,194.5,119.0,125.0,light,26.847954957200415,50.62305190126043
17,1536,10,0,0.56670547,918.27594,361.58432,939.788,409.74197,True,68.0,120.0,123.0,dark,30.56570248866302,54.24311954753882
17,1536,11,0,0.4277458,695.9639,371.89133,719.35846,418.20752,True,71.0,121.0,123.0,dark,22.827906000701464,50.000191974020055
17,1536,13,0,0.6191879,957.6639,392.71307,989.5491,447.39655,True,65.0,120.0,123.0,dark,33.927011333274834,46.35781647397488
17,1537,1,0,0.8408742,1149.1208,432.57407,1183.9082,491.12158,True,134.0,170.5,151.0,other,41.32100438785806,39.99803797891893
17,1537,2,0,0.53486985,904.2829,416.24994,928.56903,465.26486,True,178.0,120.0,125.0,light,32.2921671768968,42.4799911613535
17,1537,3,0,0.8022255,618.4403,401.65012,660.87305,449.9827,True,88.0,121.0,127.0,dark,22.287182142198283,42.9191216916068
17,1537,4,0,0.8301602,1057.8844,449.70523,1093.0621,512.7048,True,74.5,124.0,117.0,dark,38.89878202283182,35.849168450459516
17,1537,5,0,0.80227894,704.8291,502.8305,738.05176,569.7601,True,70.0,124.0,122.0,dark,30.565616754605767,26.069021166458622
17,1537,7,0,0.6882551,691.6071,391.82767,715.02844,443.44824,True,207.5,122.0,120.0,light,23.996094232709275,44.72216452879942
17,1537,8,0,0.8402861,91.52451,399.10934,114.476654,456.10455,True,241.0,98.0,218.0,other,5.875745960882816,37.443865304820456
17,1537,9,0,0.7241498,807.2825,376.40997,832.3379,420.87366,True,188.5,119.5,124.5,light,26.69224465449225,50.52590370107133
17,1537,10,0,0.6910951,921.76447,361.55328,948.7095,410.26318,True,71.0,118.0,124.0,dark,30.39598525901148,54.1904164446622
17,1537,11,0,0.38088837,701.53174,371.96536,722.933,409.18628,True,74.0,121.0,123.0,dark,21.965515261190134,52.07624228993941
17,1537,13,0,0.5411434,962.7467,394.11172,985.9163,449.2084,True,66.0,120.0,123.0,dark,33.61384403895414,46.047090792724596
17,1538,1,0,0.8239565,1153.4506,432.98123,1192.4694,491.18753,True,137.0,166.0,151.0,other,41.12500755588132,40.09302521191748
17,1538,2,0,0.7975595,906.1712,416.63992,933.1124,467.61365,True,186.0,119.0,127.0,light,32.12632075984628,42.09468764889758
17,1538,3,0,0.7681896,621.547,400.8409,662.4994,450.25998,True,77.5,121.5,124.0,dark,22.060325659112504,42.85931467922556
17,1538,4,0,0.85659665,1061.6139,449.4192,1099.8572,511.02353,True,75.0,124.0,117.0,dark,38.65005516816087,36.197699052810265
17,1538,5,0,0.8174853,707.62445,501.30457,742.78094,569.0036,True,69.0,123.0,123.0,dark,30.359933426137427,26.210829119991303
17,1538,7,0,0.61422354,696.8019,389.8461,724.33136,442.56805,True,202.0,121.0,122.0,light,23.845099792133315,44.931730093703315
17,1538,8,0,0.8499777,95.20645,398.99908,119.39693,455.63538,True,241.0,98.0,217.0,other,5.721197749525843,37.46947062521175
17,1538,9,0,0.75009596,813.14685,376.6783,835.6173,421.35477,True,182.0,119.0,125.0,light,26.50567504373864,50.43085287844766
17,1538,10,0,0.75889486,925.6002,361.4011,956.58704,409.5031,True,71.5,120.0,123.0,dark,30.157394004572172,54.40193809211419
17,1538,11,0,0.35780108,707.18164,372.7781,727.9165,411.17676,True,73.0,121.0,123.0,dark,21.94350373526257,51.61772709138384
17,1538,13,0,0.61868674,966.8403,394.74634,986.95294,449.97842,True,69.0,120.0,121.0,dark,33.3378651465022,45.92415994397052
17,1539,1,0,0.81198287,1159.8744,433.30423,1200.3379,493.24655,True,134.0,166.0,151.5,other,40.98478222376537,39.84864975974479
17,1539,2,0,0.7839874,907.2684,416.54828,939.01697,467.649,True,185.0,119.0,128.0,light,31.87540420190186,42.1153863945282
17,1539,3,0,0.76704836,625.01874,400.38565,662.16,451.50113,True,74.0,122.0,124.0,dark,21.879679619297725,42.59684144991279
17,1539,4,0,0.85542166,1063.977,449.10065,1105.4165,511.35144,True,73.0,124.0,118.0,dark,38.40481434296739,36.22148055201805
17,1539,5,0,0.84389126,710.22986,499.971,747.92084,564.5147,True,72.5,124.0,125.0,dark,30.019497240726345,26.775307038018248
17,1539,7,0,0.5831727,701.924,390.86356,728.6999,441.29675,True,202.0,123.0,121.0,light,23.589840089204092,45.17495433572485
17,1539,8,0,0.8518178,97.80503,399.73962,124.941956,455.59402,True,241.0,99.0,217.5,other,5.621309792422135,37.4037540992286
17,1539,9,0,0.76226944,819.0471,376.93634,840.833,421.5481,True,185.0,120.0,123.0,light,26.342074712451332,50.38714790655562
17,1539,10,0,0.7939338,928.3825,361.042,962.12036,410.1047,True,69.0,119.0,124.0,dark,29.928759624204226,54.24140023206279
17,1539,13,0,0.72939646,969.7911,395.37985,992.69763,450.17847,True,72.5,120.0,121.0,dark,33.10105495703718,45.9132437264503
17,1540,1,0,0.80145717,1169.8848,434.69272,1205.9042,494.75983,True,137.0,164.0,151.0,other,40.86383987658451,39.754013569212205
17,1540,2,0,0.82337177,908.37787,416.95572,943.8641,469.9721,True,183.0,118.0,127.0,light,31.70643393665225,41.78125983006337
17,1540,3,0,0.68141484,628.45935,399.73718,660.4412,452.0441,True,76.0,122.0,123.0,dark,21.623750550019455,42.51907768544158
17,1540,4,0,0.82355464,1065.4307,449.4682,1110.3335,511.9605,True,75.0,122.0,121.0,dark,38.15152794828603,36.244170033003066
17,1540,5,0,0.83010405,712.4107,499.40054,751.83105,562.05646,True,72.0,123.0,124.0,dark,29.73076295222819,27.14613057538233
17,1540,7,0,0.68532926,708.2078,390.39423,733.4156,440.84256,True,202.0,121.0,122.0,light,23.40531439404536,45.32911147939145
17,1540,8,0,0.8807222,100.34449,399.8733,131.80331,456.24088,True,241.0,99.0,218.0,other,5.582347408773767,37.29539483011024
17,1540,9,0,0.76016504,823.8722,376.64886,848.0482,423.07388,True,190.0,119.0,122.0,light,26.27198187388157,50.12496735468924
17,1540,10,0,0.7155221,932.24646,361.5817,968.3432,411.4734,True,73.0,118.0,125.0,dark,29.775036328220203,53.97954787571388
17,1540,13,0,0.70633113,972.9596,395.2252,999.69574,450.74362,True,66.0,121.0,120.0,dark,32.9077806221849,45.89704218312899
17,1541,1,0,0.78362304,1179.9635,435.7754,1209.6862,495.74518,True,138.5,168.0,151.0,other,40.709745677452624,39.71414425337423
17,1541,2,0,0.671581,909.09265,417.20517,943.873,471.3053,True,182.0,118.0,128.0,light,31.42224045086725,41.57430535875111
17,1541,3,0,0.7437928,631.35425,399.53305,657.75214,451.9113,True,72.0,122.0,122.5,dark,21.312785829899095,42.52736803157395
17,1541,4,0,0.4276208,1069.0276,450.05313,1110.6085,512.38916,True,83.0,122.0,121.0,dark,37.8619940131937,36.25868370653294
17,1541,5,0,0.81386024,714.93304,499.20303,753.77094,561.16315,True,73.0,123.0,124.0,dark,29.48387212518979,27.310349869953576
17,1541,7,0,0.6465247,713.5408,391.86902,736.7273,440.2301,True,202.0,124.0,116.0,light,23.1834419690096,45.471156082043635
17,1541,8,0,0.8397436,104.47351,400.13068,137.27864,455.37936,True,243.0,98.0,218.0,other,5.4175114451734325,37.4066588518601
17,1541,9,0,0.7481274,828.53204,377.32416,853.71106,424.28674,True,187.0,119.0,124.0,light,26.164929036655966,49.891923663467544
17,1541,10,0,0.68898016,937.1165,362.09454,972.4804,413.66092,True,72.0,118.0,125.0,dark,29.658286338364764,53.48883482095639
17,1541,13,0,0.7772703,974.16833,394.75372,1006.42896,450.47824,True,65.0,121.0,122.0,dark,32.651804618178716,46.00133778582071
17,1542,1,0,0.8161818,1188.5509,437.0481,1212.5314,495.7813,True,139.0,172.0,151.0,other,40.49929388549747,39.804733971834885
17,1542,2,0,0.35151312,912.1097,417.25537,948.18854,471.39774,True,169.0,120.0,125.0,light,31.201372857772686,41.59712553856784
17,1542,3,0,0.7769121,633.91785,397.9248,660.6942,451.80984,True,72.0,122.0,121.0,dark,21.10484120260841,42.53631997235677
17,1542,4,0,0.68357575,1077.753,450.5232,1106.1373,512.3764,True,83.0,122.0,121.0,dark,37.57197876482355,36.326830795236425
17,1542,5,0,0.66071016,718.66315,499.51093,751.93854,560.70514,True,78.0,123.0,124.0,dark,29.2291444858195,27.40647478782085
17,1542,7,0,0.7151641,718.69824,382.3918,744.7536,439.49292,True,189.0,122.0,119.0,light,23.0424765990161,45.63956750137704
17,1542,8,0,0.8672133,108.05894,401.15292,140.9779,455.7832,True,239.0,98.0,217.0,other,5.36617673919861,37.29106265587925
17,1542,9,0,0.7000077,832.5097,378.31332,858.6148,425.7892,True,190.0,121.0,122.0,light,26.062167501886883,49.570183854001776
17,1542,10,0,0.5565007,943.2429,362.90598,966.83453,413.3757,True,77.0,120.0,123.0,dark,29.263390097556464,53.50491799553392
17,1542,13,0,0.830546,975.77374,394.40845,1013.1157,449.58942,True,63.0,122.0,120.0,dark,32.38286056758119,46.20750021154716
17,1542,52,0,0.37642232,1080.5529,450.79895,1110.2657,513.3055,True,81.0,123.0,121.0,other,37.699113230323995,36.215036145709504
17,1543,1,0,0.8451862,1193.6412,436.9188,1217.0255,496.8088,True,136.5,171.0,151.0,other,40.31085053049167,39.708005051289526
17,1543,2,0,0.5266795,916.63,418.51962,945.5584,471.94995,True,186.0,121.5,127.0,light,30.939514930390846,41.50331893931733
17,1543,3,0,0.85391366,636.21234,396.93283,666.0699,451.3217,True,73.0,123.0,119.0,dark,20.926448161093738,42.61679293614318
17,1543,4,0,0.7700489,1084.2292,450.78595,1106.5734,513.0722,True,82.0,122.0,121.0,dark,37.368276310777276,36.281125501618085
17,1543,5,0,0.7893238,720.76105,499.00452,748.35,561.371,True,72.0,123.0,124.0,dark,28.996069468144015,27.34377087395412
17,1543,7,0,0.6485371,723.66797,388.43954,747.51587,439.47394,True,199.5,123.0,117.0,light,22.878965971459017,45.634144242432924
17,1543,8,0,0.8454562,111.93247,401.09277,141.6881,456.33215,True,239.0,99.0,216.0,other,5.307838481810666,37.13994293699273
17,1543,9,0,0.79058576,838.5065,378.93207,861.035,427.43237,True,195.0,120.0,125.0,light,25.983674298734506,49.21473205614867
17,1543,10,0,0.6447882,947.7324,363.5213,969.98157,413.1831,True,73.0,119.0,124.0,dark,29.031874884283102,53.532398745856256
17,1543,13,0,0.82757056,975.36414,394.04694,1017.6592,450.8953,True,65.0,122.0,120.0,dark,32.16366788592491,45.9556795843302
17,1544,1,0,0.8147824,1198.3157,436.2966,1224.8383,497.21848,True,131.0,166.0,148.0,other,40.157569640571396,39.749631107148566
17,1544,2,0,0.7918739,915.89484,419.37912,940.9742,472.25717,True,195.5,119.0,127.0,light,30.560858978349327,41.44273121682572
17,1544,3,0,0.8760456,635.1216,396.18832,670.59186,450.13657,True,73.0,122.0,123.0,dark,20.639976998598453,42.82438174738624
17,1544,4,0,0.83800787,1086.7347,450.21228,1112.6318,514.3354,True,77.0,122.0,121.0,dark,37.20705046925125,36.18426710787249
17,1544,5,0,0.81665325,722.17413,498.0361,751.58716,562.78253,True,68.0,125.0,123.0,dark,28.873317765641318,27.242844591911545
17,1544,7,0,0.70255655,726.26624,389.64658,751.63214,439.9896,True,202.0,123.0,118.0,light,22.741177471362757,45.54111914579729
17,1544,8,0,0.8542386,114.4537,400.10672,140.9325,456.1682,True,238.0,99.0,216.0,other,5.1437173402930405,37.11306349470927
17,1544,9,0,0.74794835,843.20984,379.614,861.5055,428.04938,True,193.0,121.0,124.0,light,25.796454032296168,49.08146587490445
17,1544,10,0,0.70227116,950.1554,363.2621,973.8729,412.31192,True,73.0,119.0,124.0,dark,28.748529215344178,53.72655119429282
17,1544,13,0,0.64103776,976.11835,394.2084,1016.57947,452.29147,True,69.0,121.0,121.0,dark,31.8829096193533,45.68968987620846
17,1544,59,32,0.5693383,774.26465,427.23267,783.2431,434.17496,True,,,,ball,23.46040079001592,47.77623840624319
17,1545,1,0,0.8331302,1201.0085,435.9125,1231.9569,497.44998,True,132.0,165.0,150.0,other,39.98298117945098,39.78060293666576
17,1545,2,0,0.74045324,914.1939,419.13333,944.4339,473.7287,True,190.5,121.0,125.0,light,30.369614023257554,41.19233953801623
17,1545,3,0,0.8921556,634.0987,395.84738,673.68774,449.0915,True,72.0,122.0,121.0,dark,20.363298544514,42.982541765807284
17,1545,4,0,0.8139927,1087.295,449.45267,1118.9861,514.9693,True,71.5,124.0,118.0,dark,37.02832697276833,36.14765577136181
17,1545,5,0,0.8016931,723.3488,496.89996,754.8807,563.3655,True,66.0,126.0,123.0,dark,28.736404194109294,27.21380931936815
17,1545,7,0,0.66216844,731.621,387.29764,755.6036,440.4152,True,203.0,123.0,117.0,light,22.663012547331547,45.46176939975878
17,1545,8,0,0.81835264,115.561935,399.50443,139.93883,455.5753,True,238.5,98.0,216.0,other,4.9320273956498655,37.13794802303231
17,1545,9,0,0.85502994,846.226,379.96002,864.8618,428.3173,True,191.0,122.0,124.0,light,25.633352083250433,49.00989565924576
17,1545,10,0,0.7522776,952.63196,363.1798,978.40753,410.715,True,71.0,122.0,123.0,dark,28.462209547977203,54.072594157174926
17,1545,13,0,0.5566215,975.64453,395.07745,1008.5367,452.83337,True,73.0,121.0,123.0,dark,31.458470040459513,45.52640757281587
17,1545,59,32,0.69201773,782.43085,426.7546,791.2581,432.89932,True,,,,ball,23.404488784648464,47.9869559945989
17,1546,1,0,0.846733,1200.8079,436.28522,1239.4254,497.85123,True,131.0,167.0,151.0,other,39.77821413861264,39.78787456423495
17,1546,2,0,0.8225861,911.09283,418.9288,947.9733,473.01617,True,189.0,122.0,122.0,light,30.068573680738986,41.322256320280246
17,1546,3,0,0.87946147,633.89825,396.1228,675.51746,448.7357,True,69.0,122.0,121.0,dark,20.134156508798497,43.02614925140014
17,1546,4,0,0.86958194,1088.3411,448.87756,1124.8153,514.05597,True,69.5,124.0,117.0,dark,36.811596091091985,36.353175982160586
17,1546,5,0,0.8648834,723.7002,495.0006,759.1187,561.67633,True,71.0,126.0,122.0,dark,28.51399479031387,27.46321576063409
17,1546,7,0,0.73301667,735.48676,384.9419,759.1966,438.8753,True,196.0,123.0,117.0,light,22.432690874002965,45.76238060740471
17,1546,8,0,0.7866086,116.75059,398.94083,141.10095,455.29935,True,239.0,98.0,217.0,other,4.795552201940207,37.13671879077859
17,1546,9,0,0.8122606,848.14606,379.78394,870.21576,428.77298,True,194.0,122.0,125.0,light,25.504356721026525,48.91601842183172
17,1546,10,0,0.73762023,955.41125,362.71173,982.3531,413.7722,True,71.0,120.0,122.0,dark,28.438480545825918,53.35600985389583
17,1546,13,0,0.6514288,979.77057,396.1873,1004.1769,452.50018,True,86.0,120.5,123.0,dark,31.140530031275397,45.58135674378441
17,1546,59,32,0.67085326,790.1948,426.60886,798.96,432.69147,True,,,,ball,23.387976740588442,48.063210998634446
17,1547,1,0,0.8014588,1202.8398,436.5746,1244.9011,498.05215,True,132.0,166.0,151.0,other,39.65660086861336,39.76926651260184
17,1547,2,0,0.8478206,908.8675,418.70773,950.5842,474.62186,True,184.0,122.0,123.0,light,29.93314635525727,41.01287882948479
17,1547,3,0,0.8267341,633.2447,397.94534,675.0155,449.63055,True,70.0,122.0,121.0,dark,19.99231907554509,42.79774030795554
17,1547,4,0,0.89065033,1088.2223,448.42114,1129.3906,513.0844,True,74.0,124.0,118.0,dark,36.63433784939381,36.49670889056858
17,1547,5,0,0.8618697,722.8262,493.38107,762.36017,558.3916,True,71.0,126.0,122.0,dark,28.256863958805035,27.828833026130205
17,1547,7,0,0.7396187,739.6622,383.37946,762.99054,438.0209,True,199.0,123.0,117.0,light,22.302735263596432,45.90044381448449
17,1547,8,0,0.813742,117.36332,399.37006,141.14923,455.43018,True,238.0,98.0,216.0,other,4.695747061990506,37.04124075163246
17,1547,9,0,0.7908859,848.9491,379.86102,873.14825,429.81598,True,189.0,122.0,123.0,light,25.40516287486642,48.65163941604583
17,1547,10,0,0.68713355,955.51135,362.55035,983.2707,414.2025,True,71.0,120.0,123.0,dark,28.227712771010406,53.18322422405183
17,1547,13,0,0.6979061,978.98157,396.08743,1007.70715,453.4856,True,75.0,120.0,123.0,dark,30.99536981797192,45.36017562204952
17,1547,59,32,0.6209837,797.6616,426.86798,806.5578,432.98624,True,,,,ball,23.44259456506577,48.014303477045715
17,1548,1,0,0.80958164,1207.5518,437.4905,1247.958,499.2952,True,133.5,164.0,150.0,other,39.59199359126756,39.57023952261412
17,1548,2,0,0.801076,907.2541,419.28168,951.9609,476.8966,True,187.0,121.0,125.0,light,29.843957862262222,40.58092554871411
17,1548,3,0,0.8353219,633.6512,399.2232,671.8579,449.93765,True,72.0,123.0,121.0,dark,19.805620621059713,42.660431101231445
17,1548,4,0,0.8750132,1086.3218,448.12006,1131.8524,513.193,True,76.0,122.0,120.0,dark,36.45772341010998,36.44965087632855
17,1548,5,0,0.766353,720.86896,492.43488,762.8362,557.27985,True,67.0,126.0,122.0,dark,28.057799180060233,27.91658904808439
17,1548,7,0,0.75316155,744.1624,383.61887,767.31525,437.27005,True,195.0,124.0,116.0,light,22.213572461927562,46.01542704994883
17,1548,8,0,0.85075605,117.64747,399.6608,141.02367,456.2561,True,239.5,98.0,216.0,other,4.672243831794086,36.83123457592244
17,1548,9,0,0.7983343,851.59814,380.1305,873.83154,430.57407,True,195.0,120.0,124.0,light,25.305500506555063,48.43794982910638
17,1548,10,0,0.71952873,956.539,363.16125,980.10175,414.34378,True,68.0,120.0,124.0,dark,27.97129004453314,53.05189519168361
17,1548,13,0,0.7048184,976.73083,395.2692,1011.2328,452.15125,True,61.0,121.0,123.0,dark,30.74886824784404,45.55644137218662
17,1548,59,32,0.4031852,805.0403,427.37653,813.5695,434.5809,True,,,,ball,23.55629116940509,47.79981089074976
17,1549,1,0,0.7774635,1214.4609,438.29984,1249.0289,500.19476,True,140.0,160.0,150.0,other,39.45078646029496,39.49962821324606
17,1549,2,0,0.2985533,910.15045,420.47937,947.9983,477.67233,True,189.0,122.0,121.0,light,29.6276965244851,40.455846250300795
17,1549,3,0,0.81759095,635.0078,399.52075,666.6849,449.837,True,76.0,122.0,121.0,dark,19.54585618467893,42.63449666839722
17,1549,4,0,0.84857786,1087.2839,448.56174,1131.5228,514.0027,True,72.5,123.0,120.0,dark,36.236740205406406,36.37327411636228
17,1549,5,0,0.7906568,719.9839,492.24176,761.4906,556.2015,True,66.0,126.0,123.0,dark,27.79869206672738,28.07291114425994
17,1549,7,0,0.7737332,747.8785,382.91605,769.6363,436.4314,True,198.0,124.0,116.5,light,22.04083489263028,46.17479165659922
17,1549,8,0,0.85392106,117.36698,399.9909,141.086,455.95523,True,241.0,98.0,217.0,other,4.520060012012029,36.83044562303039
17,1549,9,0,0.8443705,853.70526,380.49103,873.7126,431.01138,True,190.0,120.0,123.0,light,25.128209165892788,48.32509111122011
17,1549,10,0,0.7105235,958.5318,364.1856,979.64703,415.1274,True,68.0,121.0,124.0,dark,27.777558567128132,52.83545932861481
17,1549,13,0,0.7649489,974.92737,394.88144,1013.81506,450.22092,True,61.0,121.0,123.0,dark,30.417193747109614,45.91351253739381
17,1550,1,0,0.78111833,1220.584,438.57224,1248.4844,500.61838,True,137.0,169.0,150.0,other,39.32385879678302,39.43682925065876
17,1550,2,0,0.7095252,911.41644,420.963,936.05316,478.5272,True,192.0,121.0,123.0,light,29.321834872105196,40.22031798681323
17,1550,3,0,0.844208,637.101,399.56473,662.3595,449.08356,True,72.0,121.0,125.0,dark,19.30394736688709,42.67972217172019
17,1550,4,0,0.79791105,1091.035,449.098,1128.9712,514.26056,True,70.0,123.0,118.0,dark,36.065246300618945,36.320186272274036
17,1550,5,0,0.7298807,719.0983,492.63544,754.32574,556.142,True,69.5,124.0,122.0,dark,27.553548174195733,28.024778489172334
17,1550,7,0,0.7355219,750.95605,382.55743,771.90454,435.5094,True,202.0,122.0,117.0,light,21.892228246815073,46.29775340558245
17,1550,8,0,0.8492034,114.61581,400.1063,141.27687,455.7554,True,239.0,98.0,216.0,other,4.367297510964633,36.74907944301227
17,1550,9,0,0.80648804,856.4222,380.73044,875.9735,431.5234,True,191.0,121.0,122.0,light,25.050633240635513,48.167220433205074
17,1550,10,0,0.6657267,959.52826,365.1375,979.8538,414.04868,True,68.0,122.0,123.0,dark,27.52217277449626,52.990572858511435
17,1550,13,0,0.7969345,973.78784,394.39346,1015.7473,450.70715,True,60.5,120.0,123.0,dark,30.248050572460656,45.76496055481776
17,1551,1,0,0.8099657,1222.3147,438.15955,1245.7743,500.86508,True,131.0,170.0,149.0,other,39.122392930656275,39.384819322378824
17,1551,2,0,0.8069728,907.6367,421.889,934.57654,478.61108,True,185.0,119.0,128.0,light,29.079790701985104,40.14237112462266
17,1551,3,0,0.7647622,636.3816,399.78043,661.4503,449.03546,True,74.0,121.0,123.0,dark,19.12523840680823,42.606970406912595
17,1551,4,0,0.78343564,1092.7634,449.16907,1121.973,514.5303,True,70.0,123.0,118.0,dark,35.823851469114786,36.24447169986148
17,1551,5,0,0.7865644,716.19086,492.20547,749.4333,555.8428,True,65.0,124.0,122.0,dark,27.310984862359238,27.997918590323906
17,1551,7,0,0.6953831,753.6944,380.5372,774.2373,434.52405,True,205.0,122.0,117.0,light,21.74259385509001,46.44328205852102
17,1551,8,0,0.83270174,113.92426,399.87128,142.45848,455.76538,True,240.0,97.0,214.5,other,4.263905930301293,36.63652567653664
17,1551,9,0,0.79910135,856.52136,380.88248,877.4573,432.00784,True,189.0,122.0,121.0,light,24.92889006666637,48.01436043111591
17,1551,10,0,0.3832594,960.44293,365.27725,980.19385,410.16644,True,74.0,123.0,120.0,dark,27.121757628070615,53.80290840436009
17,1551,13,0,0.50361043,970.4251,395.01547,1003.07446,451.5135,True,69.0,121.0,121.0,dark,29.84558148603214,45.488278192715626
17,1551,59,32,0.51114804,824.01154,429.48126,832.1789,437.88452,True,,,,ball,23.762507671191887,47.27398932378066
17,1552,1,0,0.83002996,1223.254,437.40588,1247.1125,500.79474,True,131.0,177.0,150.0,other,39.011027554660366,39.3496566866926
17,1552,2,0,0.73299503,898.83057,422.31152,935.91907,477.9818,True,196.0,118.0,127.0,light,28.807376519532152,40.137205473704064
17,1552,3,0,0.78461695,636.08545,398.70047,660.37006,449.4977,True,74.0,122.0,122.0,dark,19.008395575388388,42.42669547487487
17,1552,4,0,0.8030812,1091.888,448.50378,1120.1877,514.7356,True,69.0,123.0,118.0,dark,35.66207248729173,36.14517515665624
17,1552,5,0,0.83454955,712.627,490.74844,748.53827,556.11816,True,72.0,124.0,123.0,dark,27.16543837800832,27.881402864060625
17,1552,7,0,0.7449136,755.9196,379.14178,776.37476,434.3289,True,208.0,122.0,117.5,light,21.660120862720387,46.411654986837206
17,1552,8,0,0.8257299,113.91013,400.17044,145.21098,455.0327,True,240.0,97.0,216.0,other,4.119167193004464,36.65050929947807
17,1552,9,0,0.7943305,856.1537,381.19415,878.5976,431.92252,True,190.0,121.0,121.0,light,24.789941975162833,47.94631869261185
17,1552,10,0,0.4319679,959.77637,364.9053,979.7982,409.58948,True,75.0,123.0,120.0,dark,26.906045345731382,53.8328308275051
17,1552,13,0,0.41234735,971.2716,395.9857,995.88214,452.39554,True,74.0,123.0,121.0,dark,29.640453532864473,45.21450008125097
17,1553,1,0,0.8402153,1222.622,436.28204,1250.1564,500.02734,True,130.0,177.0,150.0,other,38.85938359605816,39.45919773753342
17,1553,2,0,0.7977769,893.3845,422.13956,935.31616,477.05142,True,195.0,119.0,125.0,light,28.527235036197368,40.21601474432059
17,1553,3,0,0.82140857,632.96924,398.32996,658.51825,448.7113,True,79.0,121.0,126.0,dark,18.741901569725332,42.471592098962034
17,1553,4,0,0.84195673,1089.3362,447.33167,1121.3331,514.73773,True,68.5,123.0,118.0,dark,35.4898062139311,36.115329972775726
17,1553,5,0,0.8078627,709.57196,489.05862,748.5778,555.6591,True,72.0,123.0,121.5,dark,26.99133793349391,27.888820302727822
17,1553,7,0,0.7423883,757.3791,377.51492,778.77625,432.90945,True,208.0,122.0,117.0,light,21.478868677445636,46.63727170396405
17,1553,8,0,0.8784403,115.797035,400.722,145.76068,454.25848,True,238.5,97.0,214.5,other,3.966465115210561,36.685384656344986
17,1553,9,0,0.7721315,856.221,381.84525,878.25543,432.53827,True,191.0,121.0,123.0,light,24.667644775045527,47.757196110659315
17,1553,10,0,0.46154168,958.3684,364.40854,978.85754,411.2491,True,75.0,122.0,120.0,dark,26.791672652512496,53.37304640807469
17,1553,13,0,0.5358855,971.73285,396.69537,991.47797,452.75055,True,72.0,121.0,121.0,dark,29.435502111520748,45.07804456066092
17,1554,1,0,0.8169754,1219.0178,435.57712,1252.6519,499.3974,True,127.0,170.5,149.0,other,38.706477683623234,39.472275070802276
17,1554,2,0,0.40749952,888.37164,421.79434,934.5335,478.6707,True,190.0,119.0,128.0,light,28.413079272468,39.82837646973584
17,1554,3,0,0.81611073,630.36694,398.49762,656.93726,447.8964,True,80.0,121.0,125.0,dark,18.523571930923772,42.477758619254836
17,1554,4,0,0.8799333,1087.4645,445.98785,1122.8558,513.4108,True,69.0,122.0,118.0,dark,35.3371845216137,36.22551988582195
17,1554,5,0,0.8412319,706.1914,487.00784,748.3066,553.2505,True,67.0,123.0,123.0,dark,26.763429342691342,28.0722761651611
17,1554,7,0,0.5387762,759.8342,376.599,781.20654,430.57993,True,198.0,123.0,119.0,light,21.2905429577148,46.99626536521884
17,1554,8,0,0.872313,118.19838,401.3474,145.41248,454.13037,True,236.0,97.0,213.0,other,3.9083541098878007,36.58289491502502
17,1554,9,0,0.76606154,856.3822,382.78748,876.65405,433.60782,True,191.0,122.0,122.0,light,24.596275917536303,47.4201960879043
17,1554,10,0,0.54669183,955.1004,364.20285,976.93036,416.94644,True,72.0,123.0,120.0,dark,26.910804386065234,51.95847882763634
17,1554,13,0,0.6086312,967.59814,399.61252,990.41296,452.50784,True,68.0,122.0,121.0,dark,29.225715933176584,44.99035391162705
17,1554,70,0,0.5216595,945.2969,323.51166,969.3095,351.24783,True,145.0,133.5,135.0,other,21.976759583844746,68.8952286125508
17,1555,1,0,0.82252365,1217.1461,434.99408,1254.5363,498.40384,True,128.0,171.0,150.0,other,38.55551843342851,39.54545870305277
17,1555,2,0,0.77469826,886.85547,421.7117,918.0413,479.46176,True,182.0,119.0,129.0,light,28.080580851004676,39.50837985896702
17,1555,3,0,0.6888077,631.6598,397.91284,655.8521,447.90182,True,77.0,120.0,127.0,dark,18.43725811192147,42.33785891252145
17,1555,4,0,0.8610508,1083.2972,444.33606,1123.2737,510.3327,True,70.0,122.0,119.0,dark,35.07757106299719,36.57174249328779
17,1555,5,0,0.8435908,703.1331,484.6691,747.26196,548.0255,True,70.0,123.0,123.0,dark,26.40273880321824,28.57640516267273
17,1555,7,0,0.65671897,761.621,375.73834,780.75323,429.4025,True,205.0,122.0,117.0,light,21.127097443491767,47.09089925440561
17,1555,8,0,0.8659459,119.29439,401.4266,145.5283,453.20346,True,238.0,98.0,213.0,other,3.774529688932404,36.56673221785479
17,1555,9,0,0.7614797,855.9803,383.6261,875.1625,433.5128,True,189.0,122.0,121.0,light,24.448785971864027,47.29273963223872
17,1555,10,0,0.6310037,953.1958,364.25153,975.28015,417.76096,True,72.0,122.0,120.0,dark,26.77326415399395,51.620073832142296
17,1555,13,0,0.6651511,961.4241,401.3798,991.22327,451.52386,True,65.0,122.0,119.0,dark,28.97666651258456,45.025107437178704
17,1555,70,0,0.4271442,946.1217,323.19858,971.97144,350.7218,True,163.5,134.0,134.0,other,21.859489464997043,68.87605844613985
17,1555,73,32,0.6758467,840.19226,425.88052,848.70605,433.99872,True,,,,ball,23.538814442059753,47.771465744194124
17,1556,1,0,0.8257749,1217.2838,434.34454,1255.6582,497.21646,True,129.0,170.0,149.0,other,38.41489653965479,39.60487198970932
17,1556,2,0,0.73242366,885.9528,420.6722,907.75885,478.55768,True,195.0,119.0,129.0,light,27.767213373954124,39.449340112654355
17,1556,3,0,0.7999968,627.70337,396.5449,655.51636,447.43298,True,90.0,120.0,127.0,dark,18.245108673315563,42.22155492642992
17,1556,4,0,0.83697695,1080.2167,443.05957,1122.5106,507.99512,True,72.0,122.0,120.0,dark,34.835877592403904,36.76598583618531
17,1556,5,0,0.82222575,701.5336,482.70627,743.6133,546.27716,True,67.0,123.0,123.0,dark,26.178484872168053,28.632872258698292
17,1556,7,0,0.73731136,762.2833,374.42892,782.50055,429.11844,True,206.0,120.0,121.0,light,21.039635423227917,46.97338821565184
17,1556,8,0,0.8686682,120.39552,400.97528,147.7503,452.20685,True,238.5,98.0,213.0,other,3.65709402383646,36.546641083514416
17,1556,9,0,0.62413657,854.3874,383.80554,876.9957,432.48895,True,190.0,119.0,121.0,light,24.27539628499466,47.31353512740322
17,1556,10,0,0.39526546,955.023,364.09882,975.1622,416.99878,True,74.0,122.0,121.0,dark,26.62919861811851,51.60243315950638
17,1556,13,0,0.69451433,956.49054,402.81088,992.9484,450.37704,True,61.0,123.0,119.0,dark,28.750237432247705,45.05345440483617
17,1556,70,0,0.4646023,946.9489,322.34784,973.5072,349.22943,True,179.0,135.0,136.0,other,21.630093461331292,69.08674098200805
17,1556,74,0,0.42403752,780.50256,382.11765,796.0955,425.512,True,,,,dark,21.30296854113187,47.85952020275327
17,1557,1,0,0.8523376,1222.8588,434.4444,1255.2654,496.5811,True,133.0,172.0,150.0,other,38.32666152834376,39.602174851566986
17,1557,2,0,0.73442584,877.4446,420.75854,906.6455,478.23495,True,208.0,117.0,127.0,light,27.491641583870308,39.302581507838
17,1557,3,0,0.8520102,624.9628,395.18237,659.0491,447.50772,True,68.0,121.0,124.0,dark,18.160409930827694,42.02680564016036
17,1557,4,0,0.65096647,1081.6053,442.8932,1111.7692,507.24756,True,76.0,123.0,120.0,dark,34.5494413431427,36.70709888474293
17,1557,5,0,0.6869624,700.406,481.42636,736.7123,544.69214,True,72.0,123.0,124.0,dark,25.913531063084193,28.658082544762983
17,1557,7,0,0.7220211,765.03577,373.27347,785.19525,427.96036,True,205.0,124.0,115.0,light,20.92782253204934,47.03709442707016
17,1557,8,0,0.8553309,120.524414,400.5773,149.92532,451.71426,True,240.0,97.0,215.5,other,3.57413727087338,36.4243842399405
17,1557,9,0,0.8262403,850.885,383.7295,880.1833,432.74466,True,193.0,119.0,122.0,light,24.159100408380922,47.076287870418156
17,1557,13,0,0.5712236,952.5817,377.25763,994.1054,450.15512,True,77.0,121.0,123.0,dark,28.561899670308417,44.912761989330875
17,1557,74,0,0.4075398,781.37274,380.3353,803.5691,424.8544,True,68.5,121.0,124.5,dark,21.271817585321042,47.84181779705998
17,1558,1,0,0.82088554,1228.2812,434.71765,1254.1317,496.12042,True,137.0,168.5,149.5,other,38.19396934040669,39.593169206026374
17,1558,2,0,0.63752687,874.9226,419.67496,907.9129,476.96805,True,204.0,117.0,125.0,light,27.261882212218136,39.370396256020605
17,1558,3,0,0.8708594,623.9567,394.4175,663.74786,447.2369,True,71.0,121.0,124.0,dark,18.067172616316192,41.93068720122315
17,1558,4,0,0.7790043,1083.15,442.5279,1111.6041,507.03757,True,78.5,124.0,121.0,dark,34.39838158999883,36.642707524518585
17,1558,5,0,0.8081463,700.0643,480.58835,728.03503,543.4715,True,68.0,123.0,124.0,dark,25.622088360070382,28.6661962189534
17,1558,7,0,0.71386695,767.1163,372.13907,788.1313,426.0056,True,202.0,123.0,118.0,light,20.723708856983055,47.276368103813134
17,1558,8,0,0.85949564,121.68979,399.86932,152.09929,451.18323,True,239.5,97.0,216.5,other,3.476609968173775,36.33832566593973
17,1558,9,0,0.73787886,851.3639,383.73358,883.02856,433.29315,True,196.5,120.0,120.0,light,24.090696509775974,46.82337023539945
17,1558,13,0,0.6057147,950.3527,387.60223,990.47125,450.4632,True,80.0,123.0,121.0,dark,28.32138851957618,44.68083706683974
17,1558,74,0,0.5313621,782.4347,379.4858,811.0184,424.69897,True,65.0,122.0,123.0,dark,21.249768577393677,47.74537053775235
17,1558,10,0,0.3418913,953.57245,364.4681,976.22327,411.79874,True,66.0,120.0,124.0,dark,25.993435644054408,52.35571326385098
17,1559,1,0,0.8298086,1230.3839,434.0374,1251.9792,495.99695,True,132.0,168.0,147.0,other,38.02697293851613,39.48351196450905
17,1559,2,0,0.8014597,872.8976,418.8547,909.65594,474.76962,True,193.5,119.0,125.0,light,27.013987968720745,39.56315781639291
17,1559,3,0,0.87428737,625.3612,393.8861,667.4912,447.31665,True,75.0,122.0,123.0,dark,18.033186103590452,41.751969330754356
17,1559,4,0,0.7974762,1083.0635,442.1591,1107.7273,506.6969,True,74.0,124.0,119.0,dark,34.187096998795965,36.54422270765586
17,1559,5,0,0.8583856,699.9212,479.81818,725.7193,542.8852,True,65.0,123.0,124.0,dark,25.459583928433087,28.58964140283625
17,1559,7,0,0.76674396,768.555,370.6798,789.62134,423.7031,True,196.0,122.0,119.0,light,20.470696972159736,47.54727946663391
17,1559,8,0,0.849564,124.449,399.39175,153.90921,449.47943,True,239.5,97.0,214.0,other,3.2859888000089663,36.409446751375356
17,1559,9,0,0.707633,850.02295,384.02765,883.2211,434.50644,True,197.0,119.0,121.0,light,24.004957953321593,46.39339715920233
17,1559,74,0,0.7398946,785.44366,379.05826,817.7437,423.96115,True,66.0,122.0,124.0,dark,21.217733361443972,47.745431926479476
17,1559,10,0,0.49099123,954.1714,363.79962,976.75024,407.35452,True,69.0,121.0,124.0,dark,25.57524141852877,53.13821179158312
17,1560,1,0,0.8103478,1230.8383,433.17633,1253.5912,495.85077,True,127.5,170.0,150.0,other,37.88114831018429,39.38001448174981
17,1560,2,0,0.83902514,866.69165,418.00674,911.1277,474.995,True,190.0,120.0,124.0,light,26.811646926385222,39.34108330600962
17,1560,3,0,0.8797261,630.29877,393.59473,669.6777,446.4663,True,80.5,124.0,122.0,dark,17.947246927958613,41.745030870839436
17,1560,4,0,0.81827515,1079.954,440.59094,1110.9156,505.52084,True,76.5,122.0,122.0,dark,33.99542366543619,36.57870387915901
17,1560,5,0,0.84872067,698.1264,476.96576,729.8506,542.2371,True,65.0,123.0,124.0,dark,25.34541592516099,28.53314441840566
17,1560,7,0,0.77145654,770.1678,370.07965,790.9362,421.51114,True,205.0,121.0,118.0,light,20.209188396352094,47.79868254062989
17,1560,8,0,0.8485076,127.94138,398.24817,158.01859,448.67368,True,241.0,98.0,213.0,other,3.213398271270161,36.356929094494426
17,1560,9,0,0.7029031,854.67523,384.58026,882.8719,435.47324,True,202.0,120.0,122.0,light,23.978379650792995,46.04231794152935
17,1560,74,0,0.6304678,790.3572,379.97812,822.758,422.95596,True,64.0,120.0,125.0,dark,21.155548391295994,47.800767864409806
17,1560,10,0,0.6753699,955.69543,362.584,981.60944,409.72263,True,70.0,121.0,123.0,dark,25.656656403657507,52.44454123488569
17,1560,13,0,0.6136014,949.4677,391.84076,976.44116,449.68704,True,67.0,120.0,125.0,dark,27.74069104764509,44.39781912025235
17,1561,1,0,0.8417219,1232.795,432.37906,1258.8619,495.82,True,129.0,162.0,151.0,other,37.79581888100187,39.32185457985041
17,1561,2,0,0.7061056,863.7089,417.2336,909.14636,475.8915,True,195.5,119.0,127.0,light,26.62219842765539,39.04252460498592
17,1561,3,0,0.8254228,636.872,393.01758,670.2771,445.19922,True,81.0,124.0,120.0,dark,17.80816352162415,41.83929969168074
17,1561,4,0,0.8575987,1078.4512,439.19427,1115.0726,505.06506,True,72.0,123.0,118.0,dark,33.84668701720447,36.553236745289716
17,1561,5,0,0.8667857,695.92,474.49127,733.09143,540.00543,True,65.0,124.0,123.0,dark,25.1231532497027,28.68137710527117
17,1561,7,0,0.8081904,772.899,369.56204,795.1991,419.61096,True,208.5,122.0,118.0,light,20.00913640560405,48.05179882353261
17,1561,8,0,0.8327562,129.6167,397.9143,161.2899,448.42883,True,224.0,100.0,208.0,other,3.133017257820435,36.216170177289705
17,1561,9,0,0.46888706,858.445,385.09436,882.3813,432.50278,True,193.0,120.0,122.0,light,23.6673757472481,46.475569782152434
17,1561,74,0,0.7458094,795.2732,381.18298,827.81177,423.06644,True,65.0,120.0,125.0,dark,21.14890301806241,47.67006798115004
17,1561,10,0,0.69580394,957.8,362.06967,985.5465,409.12912,True,69.0,122.0,122.0,dark,25.52403571627646,52.44834343868341
17,1561,79,0,0.48383442,962.747,319.94696,979.8121,345.26477,True,198.0,133.0,190.0,other,20.750710409104492,69.14210677138105
17,1561,13,0,0.5668515,944.60944,392.87643,975.7889,449.41205,True,60.0,120.0,123.0,dark,27.46140676834764,44.28043076756855
17,1562,1,0,0.85538083,1232.1378,431.79178,1264.3447,495.3694,True,126.0,167.0,150.0,other,37.649077590220514,39.329400024012806
17,1562,2,0,0.68271464,866.2102,418.34393,903.4363,476.03607,True,195.0,120.0,125.0,light,26.400568068489996,38.88546039863622
17,1562,3,0,0.81168747,643.0315,392.5285,669.04443,444.8058,True,82.0,125.0,121.0,dark,17.673812234468624,41.78552045550777
17,1562,4,0,0.8660342,1077.3873,437.93237,1118.4099,502.9738,True,72.0,122.0,118.0,dark,33.61936765404589,36.776724403370174
17,1562,5,0,0.8613535,691.0543,472.63412,734.50366,535.33685,True,71.0,123.0,125.0,dark,24.704881279083068,29.11684971064452
17,1562,7,0,0.7581849,775.3688,367.02835,797.9826,419.343,True,209.0,122.0,119.0,light,19.874543857879015,47.98568402386106
17,1562,8,0,0.8397174,131.40164,398.23123,165.56912,447.77698,True,234.0,99.0,210.5,other,2.994957847702946,36.16026372500659
17,1562,74,0,0.7209669,799.96625,381.0312,833.33,424.40686,True,67.0,120.0,125.0,dark,21.20751446604819,47.31574966206833
17,1562,10,0,0.33699116,959.6376,361.95462,989.375,408.02814,True,72.0,121.0,121.0,dark,25.329084376926307,52.581833051267324
17,1562,79,0,0.47030407,964.98584,319.17023,986.2331,345.40387,True,189.5,142.0,187.0,other,20.674395765863206,68.9732193110587
17,1562,13,0,0.7802172,941.5562,392.47302,976.7726,448.64914,True,61.0,121.0,121.0,dark,27.189013364516114,44.284160507705934
17,1562,81,0,0.6240872,862.7412,386.75677,903.18805,476.03757,True,204.0,118.0,127.0,other,26.34681534450164,38.86721004596878
17,1563,1,0,0.86350256,1232.5585,431.20224,1269.5962,494.498,True,129.0,160.5,150.0,other,37.50920536312555,39.37674709410027
17,1563,3,0,0.8389753,647.90643,391.08597,669.7543,444.4586,True,78.0,126.0,120.0,dark,17.562998240642383,41.693679313856514
17,1563,4,0,0.85766846,1074.2213,436.88626,1121.9823,500.87317,True,72.5,123.0,120.0,dark,33.370671232785774,36.96478937514551
17,1563,5,0,0.7511132,689.5562,471.03516,730.76697,532.51514,True,67.0,123.0,123.0,dark,24.356754366119876,29.29693348947147
17,1563,7,0,0.74657,778.4349,367.33313,803.2694,419.10977,True,209.0,121.0,118.0,light,19.802751901205635,47.89490149939141
17,1563,8,0,0.84690404,133.85387,398.66666,169.70879,447.43253,True,229.0,98.0,210.0,other,2.9103662485228377,36.02582103218014
17,1563,74,0,0.70912844,805.24817,380.6957,838.975,424.1846,True,65.0,121.0,125.0,dark,21.177383950857973,47.24107769521941
17,1563,10,0,0.5589649,960.8791,361.58575,984.272,410.46738,True,71.5,121.0,123.0,dark,25.206431875989466,51.845443830953364
17,1563,79,0,0.23015325,967.8917,318.0771,990.4818,344.45447,True,181.0,139.0,190.0,other,20.48185645761602,69.08771189542237
17,1563,13,0,0.5441599,940.1217,394.62338,975.1201,446.84442,True,61.0,119.0,123.0,dark,26.852768833294167,44.438164299332506
17,1563,9,0,0.7062963,861.88043,385.05478,890.16547,455.92578,True,197.0,119.0,125.0,light,24.869527752323705,41.96879032794802
17,1564,1,0,0.86986387,1235.0571,431.07083,1273.2668,493.7073,True,130.0,161.0,150.0,other,37.39583214317704,39.38693212055107
17,1564,3,0,0.81132317,651.324,389.45975,673.02203,444.2574,True,83.0,125.0,120.0,dark,17.490666614215094,41.563493970536584
17,1564,4,0,0.7790221,1072.7178,436.18723,1122.6821,499.58545,True,72.0,123.0,120.0,dark,33.148083734294254,37.00189550760188
17,1564,5,0,0.751429,692.0915,469.68057,725.16113,531.4785,True,65.0,124.0,123.0,dark,24.134512510440455,29.246156904619696
17,1564,7,0,0.8276354,780.1358,367.16205,808.34204,418.45782,True,209.0,120.0,119.0,light,19.686399398151938,47.8594222952199
17,1564,8,0,0.8301689,138.38205,398.97415,173.84784,446.7483,True,233.0,98.0,210.0,other,2.827251132032447,35.94316863205919
17,1564,74,0,0.7775581,810.5816,380.15485,845.17255,424.76248,True,65.0,121.0,125.0,dark,21.225539950476684,46.99219760898787
17,1564,10,0,0.36361587,963.0118,361.65448,982.35516,411.63644,True,71.0,121.0,122.0,dark,25.088492824554134,51.39353660578732
17,1564,79,0,0.21886115,969.51215,314.69934,995.13495,343.70688,True,131.5,172.0,172.0,other,20.30421926017261,69.11078058050963
17,1564,13,0,0.59370023,937.30347,392.21765,964.9623,447.82224,True,60.0,121.0,120.0,dark,26.529087471721642,44.010154457897336
17,1564,9,0,0.6585065,864.2266,384.5513,894.59125,443.3402,True,197.0,121.0,121.0,light,24.0594360365976,44.04998186525587
17,1564,2,0,0.6682213,863.4856,415.6557,893.0618,475.8906,True,186.5,120.0,126.0,light,25.870362838538007,38.52161769606629
17,1565,1,0,0.8506627,1241.0239,431.10583,1276.1458,493.06787,True,131.5,162.0,150.0,other,37.309749664401316,39.40310040159581
17,1565,3,0,0.8287089,652.7851,389.34695,675.3491,444.49823,True,82.0,125.0,122.0,dark,17.40371387325294,41.347212456116196
17,1565,4,0,0.701465,1075.3461,435.99872,1121.755,498.89328,True,78.5,123.0,118.0,dark,32.96915108958805,36.977423099456395
17,1565,5,0,0.79711795,693.1807,469.15082,719.64655,531.0103,True,63.0,124.0,123.0,dark,23.915584348381447,29.132722682538553
17,1565,7,0,0.8374395,780.5944,369.40784,813.4604,417.99176,True,210.0,120.0,120.0,light,19.559535112419113,47.7842871176474
17,1565,8,0,0.82589394,139.84688,400.1347,175.77643,446.99942,True,232.0,99.0,210.0,other,2.7673916840549238,35.68785279415304
17,1565,74,0,0.7386398,813.5108,380.07208,850.09515,425.67618,True,66.0,121.0,124.0,dark,21.232544840891055,46.66377176316326
17,1565,10,0,0.61061686,964.9792,361.95718,983.31274,412.76447,True,72.0,120.5,122.0,dark,25.006995176566537,50.97545545156532
17,1565,79,0,0.3606278,974.4425,316.47513,998.64215,342.59354,True,126.0,164.0,175.0,other,20.131948453070034,69.26053793455714
17,1565,13,0,0.6870729,937.7648,391.61145,959.511,448.33405,True,66.0,121.0,122.0,dark,26.29664104505828,43.71946468134871
17,1565,9,0,0.622252,867.02625,384.27484,897.2955,436.2855,True,199.0,123.0,120.0,light,23.52693449277947,45.202306628221685
17,1565,2,0,0.79692364,858.6718,417.62115,892.94885,475.2467,True,196.0,120.0,128.0,light,25.59771236893731,38.436656908373955
17,1566,1,0,0.8231716,1248.0531,431.46124,1277.1683,492.3804,True,136.0,161.5,151.0,other,37.1967979620943,39.43710274790489
17,1566,3,0,0.8037419,653.28796,389.1667,678.6652,444.62363,True,79.5,125.0,121.0,dark,17.29602987134032,41.16116955774853
17,1566,4,0,0.60770875,1080.3806,435.80615,1115.2863,498.30585,True,77.0,124.0,118.0,dark,32.73783656285224,36.934242468250225
17,1566,5,0,0.8125456,693.84845,467.30865,721.30914,530.82245,True,64.0,125.0,122.0,dark,23.78769515628356,29.02048854841564
17,1566,7,0,0.8345283,780.5228,371.9085,818.8767,417.59933,True,215.0,120.0,121.0,light,19.419747534512034,47.70553653848164
17,1566,8,0,0.8240631,140.63618,400.50745,179.78693,445.90897,True,230.0,98.0,209.0,other,2.5739633398555117,35.653375424980034
17,1566,74,0,0.7545976,818.2404,380.23547,853.616,425.56207,True,64.0,124.0,123.0,dark,21.159691281474917,46.55210429889136
17,1566,10,0,0.6381637,966.65576,361.73868,986.2875,415.29187,True,65.0,121.0,121.0,dark,25.027788981574524,50.29051159719397
17,1566,79,0,0.15436542,977.61163,308.92822,1000.73773,341.60425,True,124.0,191.0,158.0,other,19.886001024412902,69.36855673779888
17,1566,13,0,0.6895329,939.1864,391.7402,958.29205,448.6236,True,64.0,125.0,120.0,dark,26.11911569885842,43.509629138099406
17,1566,9,0,0.5999273,869.9335,384.2951,894.92285,435.54443,True,197.0,122.0,123.0,light,23.292317361570404,45.1729347041438
17,1566,2,0,0.8080005,854.0851,417.49915,894.0528,475.40424,True,193.0,119.0,127.0,light,25.377138888879877,38.24259108701126
17,1567,1,0,0.76395684,1254.0771,432.31827,1276.9204,491.63498,True,136.0,165.0,149.0,other,37.0112918356646,39.53970493922102
17,1567,3,0,0.8299282,655.4881,389.58316,682.7277,444.4004,True,91.5,123.0,124.0,dark,17.146898149447566,41.120352334981234
17,1567,4,0,0.696466,1082.9618,435.42792,1113.2507,497.6739,True,78.0,123.0,118.0,dark,32.49233503104181,36.97314893927284
17,1567,5,0,0.83384967,694.2426,465.4705,724.0485,531.258,True,65.0,124.0,123.0,dark,23.659777479983724,28.890858319199015
17,1567,7,0,0.82241756,784.0308,372.59708,823.8937,416.72946,True,215.0,120.0,121.0,light,19.24076248547276,47.8237176950176
17,1567,8,0,0.8468183,143.75906,400.41522,185.23013,445.79202,True,227.0,98.0,209.0,other,2.48034307935242,35.548839261410265
17,1567,74,0,0.6555205,822.48285,381.68427,857.03174,425.6639,True,64.0,123.0,123.0,dark,21.04029064950883,46.47542929358111
17,1567,10,0,0.68682706,968.7652,361.50565,991.3516,415.6285,True,65.0,121.0,121.0,dark,24.901291168541192,50.17290925792625
17,1567,79,0,0.15792106,981.76624,305.58713,1002.1285,340.98016,True,125.0,191.0,149.0,other,19.61391564101721,69.48512035857695
17,1567,13,0,0.75066316,937.0937,391.94034,962.4435,448.46713,True,61.0,122.0,121.0,dark,25.898231419329704,43.46542325771631
17,1567,9,0,0.7135431,873.72345,385.45493,896.9104,435.3627,True,195.5,121.0,124.0,light,23.124948737745473,45.14601991043127
17,1567,2,0,0.822872,851.1539,417.79608,893.3725,475.70227,True,184.5,120.0,127.0,light,25.117760945574748,38.093304470412534
17,1568,1,0,0.7973166,1256.2902,432.6833,1279.3336,491.3151,True,139.0,174.0,148.0,other,36.82352702312431,39.5104168004883
17,1568,3,0,0.825368,657.3838,390.1439,687.41016,444.7224,True,101.0,122.0,126.0,dark,17.058995778350727,40.94316195810083
17,1568,4,0,0.83540124,1083.6814,434.42575,1114.7418,497.4089,True,75.0,123.0,118.0,dark,32.28996225787691,36.913090350020106
17,1568,5,0,0.8574602,694.1838,463.2088,727.4871,526.8188,True,64.0,124.0,123.0,dark,23.294998494969878,29.324837324596604
17,1568,7,0,0.7966167,790.4379,372.12604,828.0796,415.98096,True,216.0,121.0,123.0,light,19.117894156629752,47.8757372407202
17,1568,8,0,0.8495675,149.00264,398.9793,192.0602,444.26556,True,230.0,98.0,210.0,other,2.3054430265242685,35.658687388028504
17,1568,74,0,0.43371937,829.3416,382.71423,860.12396,418.54956,True,63.5,122.0,122.0,dark,20.452578606853333,47.78354172265719
17,1568,10,0,0.77142835,970.91144,360.97043,997.50696,414.22644,True,64.0,123.0,120.0,dark,24.693484868387426,50.36389778806805
17,1568,79,0,0.22873744,985.86395,311.3713,1007.29047,339.83057,True,119.0,174.0,151.0,other,19.380164495678578,69.70705531325031
17,1568,13,0,0.8029153,933.71173,391.6709,966.4934,447.04892,True,73.0,122.0,121.0,dark,25.594994812393917,43.58412432334397
17,1568,9,0,0.7376568,876.0756,385.8741,901.0968,434.70108,True,190.0,120.0,122.0,light,22.95039257263551,45.15881181167677
17,1568,2,0,0.7149453,853.15283,417.4958,887.9493,475.53433,True,187.0,119.0,127.0,light,24.847611824858244,37.970030305378316
17,1569,1,0,0.81185174,1259.623,432.30414,1280.0,489.5197,True,130.0,165.0,145.0,other,36.559831351248114,39.72010795851529
17,1569,3,0,0.7863224,660.3744,391.5868,692.2454,444.88864,True,104.0,120.0,125.0,dark,16.982818992983056,40.78026978410679
17,1569,4,0,0.89970255,1084.5795,432.71997,1118.7635,496.81903,True,74.0,123.5,118.0,dark,32.095601503113684,36.92174264071464
17,1569,5,0,0.8542146,688.6157,460.68472,730.2497,521.06946,True,65.0,124.0,121.0,dark,22.768441983274574,29.905025768048382
17,1569,7,0,0.72575265,797.0358,371.70676,831.0516,415.59323,True,215.0,119.0,123.0,light,19.009063266133953,47.822224619771184
17,1569,8,0,0.83734286,155.04924,397.9004,198.41171,442.4602,True,232.0,98.0,209.0,other,2.128692632229394,35.78089403443539
17,1569,74,0,0.23388523,838.75604,383.62634,871.45325,422.5611,True,65.0,122.0,122.5,dark,20.836843635512654,46.92803806599243
17,1569,10,0,0.80382645,973.4875,360.33438,1003.00916,413.7979,True,64.0,124.0,121.0,dark,24.538684600591505,50.32666948782461
17,1569,13,0,0.849687,930.09235,391.81583,971.034,445.7907,True,73.0,122.0,121.0,dark,25.29669314324186,43.66418890174376
17,1569,9,0,0.80977625,876.0778,385.96814,907.5647,433.80978,True,190.0,119.0,120.0,light,22.75651457859059,45.197107439059295
17,1569,2,0,0.69922245,855.0978,417.14404,881.9363,473.58228,True,194.0,119.0,124.5,light,24.462796240530615,38.116873876548865
17,1570,1,0,0.75049967,1262.7052,431.81552,1280.0,488.79416,True,135.0,151.0,145.0,other,36.32995084029114,39.747984753790085
17,1570,3,0,0.699587,663.032,393.89087,696.58954,445.7276,True,84.5,121.0,127.0,dark,16.946818595190177,40.50403449232064
17,1570,4,0,0.88219994,1085.9188,431.5299,1123.4452,494.40308,True,74.0,123.0,118.0,dark,31.85834936703522,37.19893453221693
17,1570,5,0,0.77873814,685.4455,459.75287,729.7308,518.6123,True,69.0,124.0,123.0,dark,22.409384917793325,30.061820997528304
17,1570,7,0,0.7366876,801.1118,372.04306,829.1149,415.62573,True,216.0,119.0,123.0,light,18.814365316196152,47.65104679355819
17,1570,8,0,0.83436406,159.48157,398.6555,202.03708,443.46622,True,231.5,99.0,210.0,other,2.1833732205501057,35.44705894036677
17,1570,74,0,0.4761825,847.2188,384.56693,876.906,422.53076,True,72.5,122.0,123.5,dark,20.82212641833162,46.84743972510274
17,1570,10,0,0.80427694,974.054,360.53528,1009.17267,415.64594,True,64.0,124.0,117.0,dark,24.51285700943046,49.81677522643115
17,1570,13,0,0.79419255,926.7086,392.27448,972.23785,446.6286,True,73.0,122.0,121.0,dark,25.079833891998597,43.35347407830266
17,1570,9,0,0.7772107,877.59674,386.6634,913.2587,434.56134,True,192.0,119.0,119.0,light,22.685628890538634,44.938339932896994
17,1570,2,0,0.6131856,855.38983,418.20926,878.91284,473.29648,True,189.5,119.0,124.0,light,24.197193244053366,38.006135473475354
17,1571,1,0,0.6321464,1265.2755,431.83762,1280.0,488.7084,True,137.5,134.5,147.5,other,36.10137205562353,39.6808519585734
17,1571,3,0,0.5853058,667.6435,394.77423,704.7729,446.64166,True,74.5,122.0,126.0,dark,16.99084209048688,40.25600538949261
17,1571,4,0,0.8528188,1085.6034,429.93445,1126.3566,492.8779,True,77.0,123.0,119.0,dark,31.595210238869914,37.33597646193038
17,1571,5,0,0.6749925,686.7184,458.64514,728.69037,517.3679,True,70.5,124.0,122.0,dark,22.153657479987917,30.093807765658017
17,1571,7,0,0.7876233,805.333,370.96902,832.49066,414.96158,True,213.0,120.0,125.0,light,18.642279290680705,47.65810008462279
17,1571,8,0,0.8461841,168.6439,397.2063,208.79695,442.52338,True,230.5,98.0,210.0,other,2.13260946682984,35.471411242623965
17,1571,74,0,0.4712539,853.0618,384.61957,885.30756,427.08066,True,66.0,120.0,121.0,dark,21.123630854329726,45.88763304777332
17,1571,10,0,0.6406253,976.4956,361.14316,1012.8474,416.39325,True,65.0,123.0,121.0,dark,24.39582222815377,49.54037878798604
17,1571,13,0,0.7124831,927.9703,392.614,965.6511,446.88293,True,66.0,122.0,120.0,dark,24.771920576621188,43.13640506609833
17,1571,9,0,0.770629,882.31134,386.8388,917.2649,434.3172,True,194.0,120.0,122.0,light,22.56180618332352,44.881164674924115
17,1571,2,0,0.7567573,853.1693,414.56616,879.5001,472.898,True,189.0,121.0,123.0,light,23.92972441184285,37.92642012751294
17,1572,1,0,0.40816766,1271.9899,430.74597,1280.0,488.4805,True,,,,other,35.91800114952088,39.66527837062686
17,1572,3,0,0.6113962,671.56854,397.5724,713.18634,448.46558,True,77.0,123.0,125.0,dark,17.094708574327537,39.85561420059537
17,1572,4,0,0.85567796,1084.9868,429.38593,1129.6945,493.39905,True,76.0,124.0,119.0,dark,31.40819821795859,37.17378506104722
17,1572,5,0,0.7752533,689.8359,458.72177,725.73816,516.8083,True,69.0,125.0,120.0,dark,21.932711611780565,30.041612884296622
17,1572,7,0,0.8006874,808.9165,369.87338,836.0482,415.2981,True,214.0,119.0,125.0,light,18.538652988869426,47.4617560632931
17,1572,8,0,0.824563,175.68117,397.38867,213.73663,443.09546,True,227.0,98.0,210.0,other,2.189664123896215,35.23268931114008
17,1572,74,0,0.41358158,860.5074,384.6272,891.36365,426.84146,True,70.5,121.5,120.5,dark,21.07261689026272,45.85486114291522
17,1572,10,0,0.5166119,980.6746,362.27985,1014.7742,416.43954,True,71.0,123.0,123.0,dark,24.229863935133277,49.41114980618915
17,1572,13,0,0.5528199,932.42804,393.7085,956.4655,445.05148,True,68.5,120.5,124.0,dark,24.346773644436585,43.29565073814062
17,1572,9,0,0.6437202,884.9724,387.4975,918.2915,435.30035,True,197.0,118.0,126.0,light,22.4378414825886,44.56906547642746
17,1572,2,0,0.7649598,848.9578,416.46353,882.12103,473.52225,True,191.0,121.0,122.0,light,23.71900041568954,37.690708768042946
17,1572,95,0,0.70448697,886.2174,386.9331,907.9685,435.15665,True,191.0,118.0,127.0,other,22.289452745828537,44.54231653131591
17,1573,3,0,0.79819,678.2233,399.43137,719.0921,448.74478,True,87.0,122.0,126.0,dark,17.091397444279064,39.715135306643894
17,1573,4,0,0.72929883,1087.6512,428.94812,1130.7314,492.40698,True,82.0,123.0,119.0,dark,31.15804979914917,37.244769140410526
17,1573,5,0,0.80035263,696.89136,456.93225,725.5107,516.4751,True,67.0,124.0,122.0,dark,21.806842260251795,30.0045019948848
17,1573,7,0,0.80315703,813.7087,368.3586,842.287,413.7169,True,211.0,120.0,124.0,light,18.35246993667612,47.65520955378461
17,1573,8,0,0.8091417,184.87231,396.24945,220.42036,441.4369,True,226.5,101.0,209.0,other,2.09684774982332,35.36950403754566
17,1573,74,0,0.43302935,866.56226,384.27557,894.66583,425.47684,True,66.0,123.0,119.5,dark,20.877734464321843,45.99811488251145
17,1573,10,0,0.43503898,985.67346,362.7511,1015.0228,415.4909,True,73.0,123.0,121.0,dark,23.980774867207167,49.45946201061983
17,1573,13,0,0.5973575,933.6386,393.46817,955.3636,442.96936,True,59.0,122.0,123.0,dark,23.971994539180823,43.51751365829855
17,1573,9,0,0.73044366,887.6422,387.4819,917.29535,435.2738,True,183.0,119.0,123.5,light,22.215429647582372,44.421132832981634
17,1573,2,0,0.7068091,849.13605,415.974,883.7089,473.70016,True,191.0,120.0,122.0,light,23.525951241362435,37.54341088226587
17,1574,3,0,0.75842756,685.952,401.79172,723.03296,450.11008,True,90.0,123.0,125.0,dark,17.06395761602929,39.60704423651714
17,1574,4,0,0.7816582,1094.5067,430.8907,1129.443,492.4519,True,81.0,124.0,118.0,dark,30.90467460694429,37.37543851982597
17,1574,5,0,0.80456233,701.51025,455.6174,726.8703,517.61426,True,63.0,124.0,122.0,dark,21.679269666549505,29.9535046515356
17,1574,7,0,0.82112694,819.0759,368.03473,849.0176,413.0535,True,212.0,121.0,123.0,light,18.15349465909218,47.924589832109305
17,1574,8,0,0.8215531,192.19115,396.24017,225.33401,441.6609,True,227.0,98.0,211.0,other,2.0526229051763423,35.39079466780727
17,1574,10,0,0.60400665,989.6247,363.7793,1014.244,415.26877,True,74.0,123.0,120.0,dark,23.65137094999678,49.606251067019436
17,1574,13,0,0.45009077,931.73724,394.17398,959.4523,443.73593,True,56.5,123.5,120.0,dark,23.71421119528839,43.474896017240305
17,1574,9,0,0.76582444,890.1268,388.96262,921.39636,436.25198,True,192.0,121.0,121.0,light,22.04386678261908,44.355680326218014
17,1574,2,0,0.7460895,848.5451,416.72336,883.35565,475.03247,True,192.0,120.0,121.0,light,23.28234258912725,37.41091862280508
17,1575,3,0,0.79134387,694.7571,403.16858,727.5643,450.60312,True,89.0,123.0,125.0,dark,16.98885218815417,39.60103023732437
17,1575,4,0,0.77921784,1098.9364,431.55917,1127.7305,492.74313,True,81.0,125.0,119.0,dark,30.60431839447879,37.388037614322286
17,1575,5,0,0.8360413,703.59576,453.40842,729.9763,516.9801,True,66.0,125.0,122.0,dark,21.430553633357064,30.089214081267325
17,1575,7,0,0.79041594,824.6637,366.95038,856.5596,412.0767,True,206.0,120.0,123.0,light,17.941550130524973,48.18165848349181
17,1575,8,0,0.8360221,198.85948,396.4404,231.34224,442.04285,True,230.0,98.0,211.0,other,2.0233649346068243,35.36964292693173
17,1575,10,0,0.7248337,993.2978,363.59256,1017.4479,416.54364,True,72.0,123.0,119.0,dark,23.471046741792343,49.372901330068366
17,1575,13,0,0.79529816,931.5888,394.8337,965.8927,447.05615,True,63.0,122.0,122.0,dark,23.663903813546998,42.931978915495
17,1575,9,0,0.40466896,891.35223,389.62036,927.2191,437.3688,True,191.0,120.0,123.0,light,21.880706890929442,44.193055086462344
17,1575,2,0,0.83921117,849.51636,416.70245,881.6218,476.27808,True,195.0,120.0,122.0,light,23.027190868135786,37.238180205420214
17,1576,3,0,0.67164767,703.998,403.213,735.37024,449.21927,True,85.0,124.0,125.0,dark,16.957359824502447,39.62425145168376
17,1576,4,0,0.47701117,1101.385,439.3878,1131.6609,492.07654,True,63.0,125.0,120.0,dark,30.379493392289803,37.29462436753612
17,1576,5,0,0.844041,703.19275,449.97946,734.16583,514.9572,True,68.5,125.0,122.0,dark,21.183574677739355,30.162605654985825
17,1576,7,0,0.7921739,830.5887,364.5123,862.19073,410.90414,True,203.0,120.0,125.0,light,17.825464209341817,48.09980842268222
17,1576,8,0,0.860334,203.5492,395.06998,237.09804,441.12006,True,225.0,101.0,207.0,other,2.0246734380803457,35.250423124593304
17,1576,10,0,0.7892519,998.4376,361.63284,1024.7605,416.4433,True,69.0,123.0,120.0,dark,23.3976770615956,49.08892295416654
17,1576,13,0,0.74780947,928.1671,394.10773,970.9963,446.3045,True,60.0,123.0,121.0,dark,23.401488491509276,42.763337470734754
17,1576,9,0,0.6568563,893.9006,388.31866,931.57605,437.42737,True,196.0,120.0,122.0,light,21.75776037891655,43.89458240093226
17,1576,2,0,0.8794176,845.9222,415.61902,883.8265,474.5974,True,194.0,120.0,119.0,light,22.693865926715866,37.230735260831615
17,1577,3,0,0.60352755,712.38135,402.7485,742.79095,446.8649,True,82.0,123.0,125.0,dark,16.83389291307526,39.87775279695038
17,1577,4,0,0.82441247,1102.5597,429.55862,1139.19,488.85205,True,66.0,126.0,117.0,dark,30.088215955531375,37.6813521693525
17,1577,5,0,0.8186156,704.4008,447.22305,739.64374,510.73996,True,73.5,125.0,121.0,dark,20.851838192337123,30.58813170850808
17,1577,7,0,0.7524657,835.8046,362.84308,866.63806,409.2854,True,193.0,120.0,122.0,light,17.639583369537057,48.19559870241271
17,1577,8,0,0.79107124,205.93004,395.44217,241.65494,441.7148,True,224.5,101.5,202.0,other,2.1430133931601145,34.92624791426361
17,1577,10,0,0.84504235,1004.6485,359.59802,1030.9756,415.0028,True,71.0,122.0,121.0,dark,23.234369222144515,49.189176381478696
17,1577,13,0,0.77754414,927.0928,393.42065,964.8875,445.49484,True,61.0,123.0,121.0,dark,23.010061009985456,42.64858649471299
17,1577,9,0,0.6244623,896.53687,387.08875,924.24866,437.65216,True,191.0,124.5,119.0,light,21.475202275700592,43.596718694235584
17,1577,2,0,0.87683594,842.49445,414.0803,886.4088,471.51526,True,188.0,119.0,122.0,light,22.28885971762737,37.51710896725197
17,1578,3,0,0.77469844,721.301,402.6863,750.4768,446.58438,True,82.5,124.5,124.0,dark,16.818573817507463,39.86451269076705
17,1578,4,0,0.8325042,1104.9259,427.06616,1147.0704,489.3722,True,65.0,126.0,117.0,dark,29.940605957760923,37.568054965621116
17,1578,5,0,0.84869933,708.1436,444.7055,745.0594,506.1073,True,75.0,124.0,122.0,dark,20.478986689170714,31.129010324305092
17,1578,7,0,0.79564834,839.10645,362.0426,868.65594,409.0864,True,200.0,118.0,128.0,light,17.441512297908996,48.065439895565845
17,1578,8,0,0.7858782,209.95877,394.43762,245.87479,441.34766,True,218.0,102.0,205.5,other,2.0900844029764953,34.84096807256013
17,1578,10,0,0.82785904,1007.9488,360.06497,1037.3694,416.8406,True,68.0,123.0,120.0,dark,23.19504950620792,48.69777217224101
17,1578,13,0,0.63455117,932.7389,394.51562,960.9726,445.471,True,58.0,123.0,120.0,dark,22.75347701976761,42.515281533726984
17,1578,9,0,0.69513637,899.45593,388.22977,929.9993,438.56216,True,187.5,122.0,122.0,light,21.387616503930314,43.32966726647538
17,1578,2,0,0.8654247,841.6726,414.3456,887.2547,470.85248,True,178.0,120.0,122.0,light,21.994988969687423,37.49606497958934
17,1579,3,0,0.725573,730.1239,402.31332,759.7644,446.23047,True,77.0,124.0,124.0,dark,16.779615486821044,39.920385184102976
17,1579,4,0,0.8283976,1105.2367,425.9877,1154.4027,489.2324,True,67.0,127.0,116.5,dark,29.70761040022885,37.570977738462815
17,1579,5,0,0.72889775,715.0105,443.00952,748.9098,502.95197,True,74.0,124.5,123.0,dark,20.177082277082825,31.53031091050276
17,1579,7,0,0.7783786,841.26886,362.10046,873.0297,408.85272,True,203.0,118.0,126.0,light,17.22150568191009,48.00218945598694
17,1579,8,0,0.8525587,213.82007,394.21793,251.63889,441.48596,True,215.5,103.0,202.0,other,2.0455911647747693,34.74626418087673
17,1579,10,0,0.7734237,1013.4258,360.57745,1044.4293,418.64392,True,70.0,124.0,119.0,dark,23.16400066842737,48.284555475780984
17,1579,13,0,0.6876917,939.82245,395.23596,961.10504,445.7135,True,65.0,123.0,120.0,dark,22.562044720620744,42.41178340710615
17,1579,9,0,0.65991324,900.6347,388.0091,935.7346,439.13055,True,173.5,123.0,120.0,light,21.219625566206624,43.159156319648694
17,1579,2,0,0.8461534,847.0879,414.9801,883.27124,471.5473,True,180.0,121.0,122.0,light,21.771981165975628,37.31858053469033
17,1580,3,0,0.7034092,738.03937,402.41754,766.94977,446.5071,True,73.0,124.0,123.0,dark,16.689680855572803,40.03148690842483
17,1580,4,0,0.8318035,1106.5729,426.7362,1159.0969,490.39197,True,67.0,126.0,117.0,dark,29.4731920314881,37.55267580620036
17,1580,5,0,0.7656735,718.5968,443.65652,751.43567,503.88794,True,71.0,123.0,123.0,dark,20.01357906713603,31.52449316771887
17,1580,7,0,0.8165145,843.9641,362.85114,880.0675,410.1567,True,199.5,118.0,127.0,light,17.113365530694363,47.86999404355947
17,1580,8,0,0.8429422,218.11246,395.6424,256.81216,443.39496,True,211.5,103.0,203.0,other,2.124423179082329,34.52591529249203
17,1580,10,0,0.8134676,1018.9301,362.48132,1049.2817,420.9552,True,68.0,123.0,119.0,dark,23.080968964515762,47.98587340509551
17,1580,13,0,0.6610436,938.40454,395.90247,962.0356,446.97006,True,70.0,125.0,122.0,dark,22.2767247015601,42.283471579805635
17,1580,9,0,0.6786309,901.71643,387.59088,940.50555,439.90344,True,168.0,127.0,115.0,light,20.999878824312706,43.1416484399399
17,1580,2,0,0.7943216,854.6693,416.1423,881.1403,472.4883,True,177.0,121.0,122.0,light,21.572576736932678,37.296263905533074
17,1581,3,0,0.75297564,744.0758,402.43036,779.5582,448.14584,True,72.0,124.0,123.0,dark,16.748998653868757,39.96504989342194
17,1581,4,0,0.8398742,1111.4044,428.40872,1161.1044,492.19257,True,72.5,125.0,117.0,dark,29.28611598814277,37.4685577726692
17,1581,5,0,0.7242372,721.378,444.42346,752.0484,505.30664,True,68.0,123.0,123.0,dark,19.84812407966111,31.459587009520302
17,1581,7,0,0.51676756,852.5473,365.16196,887.4747,410.56525,True,201.0,118.0,126.0,light,17.030292894889133,47.98220685526898
17,1581,8,0,0.8383707,222.805,397.0993,261.17526,445.3504,True,221.0,101.0,204.0,other,2.1989084029731716,34.31667006744835
17,1581,10,0,0.6481361,1026.2297,364.0725,1051.4347,422.4082,True,70.0,123.0,119.0,dark,22.933904899724723,47.879066978843284
17,1581,13,0,0.77697396,938.4306,397.1957,967.7611,448.2965,True,65.5,124.0,122.0,dark,22.089385641078913,42.20580171775675
17,1581,9,0,0.6187101,903.92975,387.90103,940.6185,441.01834,True,159.0,125.0,118.0,light,20.756594947373777,43.06916694294586
17,1581,2,0,0.77865386,859.99084,416.23346,881.52997,473.13123,True,183.0,122.0,120.0,light,21.362979815999655,37.3407380767787
17,1582,3,0,0.6915943,749.5268,402.6363,788.0099,451.19556,True,68.5,124.5,120.0,dark,16.83952017532197,39.62661088492175
17,1582,4,0,0.77486205,1119.5385,430.09644,1160.4136,493.91095,True,76.0,127.0,115.0,dark,29.09792991581266,37.360000931133136
17,1582,5,0,0.7501669,725.69946,444.15173,754.1006,507.31104,True,66.0,124.0,121.0,dark,19.750124107888134,31.319187284937172
17,1582,7,0,0.6791056,856.9962,365.0083,892.73004,411.59247,True,199.0,119.0,125.0,light,16.899410865798448,47.903749399486436
17,1582,8,0,0.8240713,230.60669,397.3558,267.90887,445.25452,True,221.0,101.0,208.0,other,2.115667853161287,34.456485121859316
17,1582,10,0,0.7387549,1031.3502,365.47647,1053.1895,423.52844,True,71.5,124.0,117.0,dark,22.726984938618138,47.77743044690204
17,1582,13,0,0.84128976,934.2486,397.98657,973.6995,449.99866,True,71.0,125.0,121.0,dark,21.86872179889455,42.00945954185335
17,1582,9,0,0.51099503,906.33405,388.39722,937.82794,442.5958,True,131.0,124.0,121.0,light,20.505463676902806,42.87006189636574
17,1582,2,0,0.7846867,861.6856,416.8329,883.082,475.79,True,182.5,122.0,119.0,light,21.239539869699858,37.047665282626085
17,1583,3,0,0.74956405,755.9081,401.57364,789.9252,451.66568,True,71.0,124.0,122.0,dark,16.76744114686641,39.55413314083749
17,1583,4,0,0.76779854,1125.3217,429.62427,1158.1427,494.1831,True,78.0,127.0,115.0,dark,28.890557762152667,37.32143793488871
17,1583,5,0,0.8058676,727.64136,442.08908,756.0206,507.1541,True,68.0,123.0,122.0,dark,19.583275575133328,31.345306308562403
17,1583,7,0,0.5930477,861.233,364.28583,895.7526,413.17892,True,204.0,118.0,127.0,light,16.888032550490006,47.56366062588368
17,1583,8,0,0.7949616,235.80704,397.46338,272.21344,445.47437,True,223.0,102.0,204.0,other,2.1126821602883274,34.42687599246323
17,1583,10,0,0.7653349,1034.7668,365.16818,1056.4666,423.3177,True,69.0,124.0,118.0,dark,22.540362753980055,47.78522534492925
17,1583,13,0,0.62025297,929.6213,398.24268,975.1869,452.44513,True,71.0,125.0,121.0,dark,21.729122395562197,41.5409343221619
17,1583,9,0,0.6232319,907.592,387.41922,934.26855,443.49133,True,160.0,123.0,124.0,light,20.28767111171993,42.65051985371027
17,1583,2,0,0.7922774,857.58307,416.3144,884.3653,476.44092,True,178.0,122.0,118.0,light,21.012900850471283,36.90687291563735
17,1584,3,0,0.8010193,760.1097,400.9546,792.3095,454.4172,True,72.0,123.0,123.0,dark,16.87542225916759,39.16999074540265
17,1584,4,0,0.76105636,1123.7601,428.98206,1154.248,495.17087,True,74.0,128.0,115.0,dark,28.644373528178946,37.197193077533704
17,1584,5,0,0.75625217,728.2395,440.7848,756.70874,505.755,True,66.0,123.0,122.0,dark,19.34919716204787,31.562079837656235
17,1584,7,0,0.74100006,863.22424,364.66162,893.3529,413.19406,True,210.5,118.5,128.0,light,16.68316886045558,47.54658210664023
17,1584,8,0,0.8020002,239.06456,397.88684,275.14682,445.42624,True,226.0,100.0,209.0,other,2.0827678780890455,34.454462468970405
17,1584,10,0,0.8272753,1036.0367,365.17444,1060.7993,423.8515,True,67.0,123.0,119.5,dark,22.430375269516077,47.722882741165726
17,1584,13,0,0.5421314,926.1236,399.38574,965.8095,455.5553,True,74.0,124.0,121.0,dark,21.5418430246932,40.980465251952396
17,1584,9,0,0.57541364,905.8019,390.18857,929.2832,444.21536,True,191.0,121.0,126.0,light,20.040383363387797,42.4993106716482
17,1584,2,0,0.75435156,855.18665,415.7005,882.59546,477.00775,True,183.0,122.0,117.0,light,20.80527014690108,36.82769328460499
17,1585,3,0,0.69475144,763.82776,401.24463,796.0597,455.82132,True,66.5,123.0,121.0,dark,16.914927473875366,39.04813572465329
17,1585,4,0,0.8332284,1119.918,427.97806,1154.6804,495.9584,True,72.0,127.0,115.0,dark,28.44312658427423,37.14536899133411
17,1585,5,0,0.79029936,728.12915,440.40442,756.40375,503.39642,True,72.0,123.0,123.0,dark,19.05218998819404,31.926768612383633
17,1585,7,0,0.7501276,862.36536,364.97034,890.7375,414.85306,True,210.0,119.0,125.0,light,16.583637361599134,47.24751754039205
17,1585,8,0,0.8416322,241.66145,398.7723,277.25183,445.81546,True,226.0,99.0,209.0,other,2.0813002046657534,34.4564648150524
17,1585,10,0,0.8676259,1036.2028,365.5383,1064.0001,424.31555,True,66.0,124.0,119.0,dark,22.30981566622325,47.70567025013426
17,1585,13,0,0.72811747,925.29364,400.8724,959.2806,456.72067,True,69.0,122.0,121.0,dark,21.334824066151967,40.81010494917051
17,1585,9,0,0.6892654,901.27014,391.07086,930.0887,444.72427,True,192.0,122.0,125.0,light,19.84443359859451,42.44540882173305
17,1585,2,0,0.7975482,853.37115,415.46603,879.43286,476.8843,True,184.0,123.0,118.0,light,20.566291969267382,36.88117534121068
17,1586,3,0,0.78725064,767.17487,401.23108,799.8431,457.07028,True,68.0,122.0,122.0,dark,16.967427786675557,38.95351577433434
17,1586,4,0,0.8506145,1116.1434,427.4009,1155.3923,494.4172,True,74.0,126.0,116.0,dark,28.181151303999528,37.40248253160424
17,1586,5,0,0.7878885,726.2671,440.33377,754.5321,501.44788,True,74.0,122.0,125.0,dark,18.764201115128184,32.22737567112265
17,1586,7,0,0.44666404,858.4466,364.9342,884.2921,409.62704,True,209.0,118.0,127.0,light,15.875237402150104,48.20899361424234
17,1586,8,0,0.8658813,243.3024,399.5035,278.5634,446.37003,True,231.5,97.0,211.5,other,2.0866455173156746,34.4640506385976
17,1586,10,0,0.8579028,1033.2716,365.96765,1066.1699,426.89175,True,67.0,124.0,120.0,dark,22.303759788637958,47.256813381885785
17,1586,9,0,0.5740852,891.81134,390.87366,922.26074,445.43167,True,197.0,119.0,126.0,light,19.510808100822043,42.27171880881161
17,1586,2,0,0.78120774,850.1181,416.42056,873.8611,478.41577,True,183.0,120.0,120.0,light,20.409641929006536,36.672056226972884
17,1586,118,0,0.41490486,1085.4104,308.4029,1109.8114,336.2415,True,115.5,140.0,145.0,other,16.836678976475824,68.82249508274371
17,1587,3,0,0.82361156,768.7227,401.4633,806.6535,457.83047,True,64.0,121.0,121.0,dark,17.044532611679845,38.95590453402465
17,1587,4,0,0.86135507,1110.6935,427.36774,1153.5088,493.79922,True,76.0,125.0,117.0,dark,27.950223127323788,37.52562063946806
17,1587,5,0,0.7855769,723.6835,440.81253,750.0837,500.38025,True,74.0,122.0,125.0,dark,18.529428658758075,32.407972679912895
17,1587,7,0,0.547255,851.8969,364.93137,882.0105,409.01385,True,207.0,119.0,125.0,light,15.601647358229767,48.32199062681137
17,1587,8,0,0.86832684,243.45287,399.68954,279.05798,447.0662,True,227.0,98.0,211.0,other,2.1193960833620404,34.43977612976253
17,1587,10,0,0.8699185,1030.4308,367.1928,1065.5264,429.326,True,67.0,124.0,119.0,dark,22.297366473751545,46.84846010144703
17,1587,9,0,0.65987676,885.1252,392.17978,919.0593,446.92657,True,191.0,120.0,127.0,light,19.37829415434415,42.03250737186497
17,1587,2,0,0.75922996,844.7887,417.13522,867.0203,479.97113,True,189.0,119.0,122.0,light,20.255649024666734,36.457663073496995
17,1587,118,0,0.47107363,1085.9353,309.40506,1110.4379,336.908,True,137.0,142.0,143.0,other,16.801204675879067,68.63485280931924
17,1588,3,0,0.83978945,770.2033,401.35706,812.2946,458.36804,True,64.0,122.0,121.0,dark,17.11926451313645,38.95123672357493
17,1588,4,0,0.79367703,1101.609,426.92032,1149.4926,494.83438,True,77.0,125.0,118.0,dark,27.750109495666003,37.35412051294396
17,1588,5,0,0.8277055,719.86774,440.9218,745.78546,499.81665,True,75.0,123.0,126.0,dark,18.340742646793252,32.486883491235986
17,1588,7,0,0.5309928,849.2479,364.48334,877.29694,410.45975,True,211.0,121.0,121.0,light,15.550173014542985,48.01125082573201
17,1588,8,0,0.8668866,243.5224,398.88837,279.8363,447.55298,True,225.0,98.0,211.0,other,2.167654726459639,34.41196832237945
17,1588,10,0,0.8402152,1027.8628,368.84628,1062.5481,431.504,True,67.0,123.0,120.0,dark,22.277425709777795,46.443912476664536
17,1588,9,0,0.63241273,878.9189,393.15323,904.2828,448.04373,True,201.5,120.0,126.0,light,19.102515506471764,41.75654086275895
17,1588,2,0,0.7336604,836.23267,417.55566,863.0652,480.4816,True,195.5,120.0,123.0,light,20.064703169266792,36.35909587913758
17,1588,118,0,0.2060542,1085.6595,309.36337,1109.6917,336.74194,True,121.0,150.0,143.0,other,16.688228920321453,68.62226413449989
17,1589,3,0,0.8556859,772.9584,402.48962,813.8621,459.1384,True,67.0,121.0,121.0,dark,17.1295513146267,38.93773726491419
17,1589,4,0,0.71084774,1094.5416,427.47778,1134.4403,495.50055,True,81.0,125.0,118.0,dark,27.38889498491885,37.22459598825836
17,1589,5,0,0.84148115,716.50024,440.1899,746.0887,501.7291,True,75.0,122.0,124.0,dark,18.32689993463154,32.30970144716041
17,1589,7,0,0.54388726,847.1835,363.87146,871.82935,411.73685,True,214.0,120.0,122.0,light,15.435015814420687,47.78868685936646
17,1589,8,0,0.8368793,244.11769,397.69992,281.48785,447.82437,True,221.0,100.5,203.0,other,2.157593068055412,34.465076121722035
17,1589,10,0,0.39330047,1024.7517,370.4078,1059.6115,432.04224,True,72.0,124.0,119.0,dark,22.106561928541606,46.382603592965324
17,1589,9,0,0.77029204,874.8245,393.91412,897.359,449.24088,True,202.0,120.0,125.0,light,18.92661455166556,41.574319690566625
17,1589,2,0,0.56677204,826.0185,420.4514,862.0446,480.57104,True,201.0,119.0,125.0,light,19.826042064867753,36.366347086133175
17,1589,118,0,0.5224832,1084.6456,297.7884,1108.8064,337.07794,True,127.0,167.0,143.0,other,16.5509191190121,68.5405872346078
17,1590,3,0,0.77705073,776.04913,404.7095,815.763,459.98172,True,65.0,122.0,120.0,dark,17.11659028167041,38.97641778647308
17,1590,4,0,0.7152457,1093.081,429.62756,1135.1874,497.44708,True,80.0,125.0,118.0,dark,27.319261948591446,37.08660033790479
17,1590,5,0,0.8534771,712.82886,439.86133,746.78784,502.59207,True,73.0,123.0,124.0,dark,18.217078255002516,32.32076886263026
17,1590,7,0,0.7625486,844.9558,364.42404,867.9301,413.1061,True,211.0,119.0,124.0,light,15.306931462838556,47.628271518066335
17,1590,8,0,0.8375955,246.02776,397.3539,283.47653,448.49063,True,214.0,102.0,202.0,other,2.1658022968756523,34.53134402856877
17,1590,10,0,0.63699406,1020.98865,372.1191,1054.8076,432.97928,True,70.0,124.0,118.0,dark,21.887866941210433,46.29881630989309
17,1590,9,0,0.752795,867.885,394.09534,895.4003,450.1,True,206.0,121.0,123.0,light,18.72072042140589,41.521111464130556
17,1590,2,0,0.734798,818.9348,422.7195,860.58484,481.85297,True,197.0,119.0,125.0,light,19.660594369763643,36.27629601525723
17,1590,118,0,0.3467843,1085.3088,300.00327,1106.6366,337.3019,True,127.0,163.0,144.0,other,16.359299118574057,68.58121768646505
17,1590,13,0,0.4881869,893.1343,393.67377,938.56177,464.86606,True,71.5,124.0,123.0,dark,20.57187392215201,39.61211895057285
17,1591,3,0,0.7036445,778.15454,407.94843,816.5866,461.2326,True,66.0,122.0,121.0,dark,17.099495418189182,38.95689646699978
17,1591,4,0,0.7069909,1093.634,431.7372,1122.095,498.82254,True,80.0,124.0,118.0,dark,27.07366423868057,36.981775333697755
17,1591,5,0,0.8267433,709.13965,439.3107,746.7827,503.53857,True,68.0,122.0,124.0,dark,18.099741109584148,32.33134889621676
17,1591,7,0,0.6064933,839.7021,364.9833,864.4521,412.8974,True,202.0,118.0,125.0,light,15.009983986941641,47.765333455572076
17,1591,8,0,0.8428213,249.5259,397.96082,285.25085,448.57724,True,212.0,104.0,204.0,other,2.131230723747825,34.701647537838554
17,1591,10,0,0.67810494,1020.87946,373.44348,1049.1461,433.86844,True,71.0,123.0,120.0,dark,21.70063913854503,46.259713762757876
17,1591,9,0,0.77138,858.58563,394.17822,893.4554,449.93472,True,205.0,120.0,124.0,light,18.41051165707215,41.634941349350434
17,1591,2,0,0.49044037,813.4437,423.8439,856.33777,484.8675,True,204.0,121.0,125.0,light,19.58191784884985,35.954417757340494
17,1591,118,0,0.46498162,1085.4695,296.19733,1105.3013,337.99057,True,126.0,188.0,150.0,other,16.210553818480484,68.5188143671898
17,1591,13,0,0.5798605,889.37256,393.7313,934.96,466.72504,True,72.0,123.0,121.5,dark,20.442326878902048,39.441743270596774
17,1592,3,0,0.5310297,779.79944,412.74136,817.24915,462.78656,True,66.0,122.0,124.0,dark,17.099336042968417,38.88402378440403
17,1592,4,0,0.7507192,1091.6497,432.82968,1113.8053,499.11365,True,77.0,123.0,118.0,dark,26.818540074845906,37.03229588299661
17,1592,5,0,0.8523024,704.4996,438.84763,744.66223,500.26688,True,65.0,121.0,124.0,dark,17.6901810839111,32.85725780109364
17,1592,7,0,0.38976982,834.1139,365.24817,859.8253,415.80624,True,203.0,118.0,126.0,light,14.947735833621103,47.310427343727675
17,1592,8,0,0.7945083,254.34673,399.40515,286.94113,448.7228,True,222.0,99.0,207.0,other,2.1181189452896874,34.86644793035913
17,1592,10,0,0.7360255,1018.0893,374.3426,1048.1151,434.66183,True,72.0,124.0,117.0,dark,21.543006383303098,46.24785628408037
17,1592,9,0,0.7792771,849.2791,394.47098,890.1569,450.4443,True,199.0,120.0,124.0,light,18.133995759943616,41.62846440358592
17,1592,2,0,0.5804987,809.74835,425.6003,840.365,486.81665,True,200.0,120.0,126.0,light,19.32210806897727,35.72374859187907
17,1592,118,0,0.44878343,1086.6467,303.75488,1105.8335,338.0438,True,131.5,156.0,157.0,other,16.058146135559305,68.66892302960798
17,1592,13,0,0.43145132,887.8236,401.47186,923.9275,470.5911,True,76.0,125.0,120.0,dark,20.375518177704187,38.939698253388634
17,1593,3,0,0.44340083,781.2156,417.85858,811.20337,463.80594,True,67.0,122.0,124.0,dark,16.970292308988583,38.861944425644474
17,1593,4,0,0.6871223,1087.2206,433.1325,1115.3335,501.25073,True,67.0,124.0,116.0,dark,26.730579376903545,36.87963368802065
17,1593,5,0,0.83944815,699.58875,438.7023,735.54846,497.50308,True,74.0,120.0,127.0,dark,17.217340960778138,33.29577457568436
17,1593,7,0,0.39252126,829.4549,365.9319,855.9431,417.05212,True,206.0,118.0,125.0,light,14.776760160388003,47.18356189135734
17,1593,8,0,0.7642372,257.92963,400.36185,288.45822,449.3721,True,225.5,98.0,209.0,other,2.137924464742063,34.96127016810259
17,1593,10,0,0.8130647,1015.7394,375.2866,1047.664,436.3904,True,73.0,124.0,118.0,dark,21.4551634013682,46.0840305414033
17,1593,9,0,0.6163318,842.82587,395.8467,882.93634,452.19885,True,191.0,120.0,126.0,light,17.92676186028438,41.42555068723654
17,1593,2,0,0.7041058,804.77313,427.47473,831.95,487.8926,True,195.5,119.0,124.0,light,19.08538721412816,35.659681010958565
17,1593,118,0,0.63155323,1086.9696,308.6414,1108.1315,338.45633,True,156.0,144.0,145.0,other,15.957335379965606,68.7146569150014
17,1593,13,0,0.32670626,886.93134,406.76266,916.58777,472.915,True,71.5,125.0,118.0,dark,20.26784734671045,38.70665392077658
17,1594,3,0,0.19100688,780.1589,422.48093,807.25995,463.8366,True,83.0,120.5,125.0,dark,16.77188857047116,39.01397138874346
17,1594,4,0,0.86511016,1081.1553,432.9644,1114.8304,502.9974,True,67.0,123.0,117.0,dark,26.588110049469357,36.78453887851472
17,1594,5,0,0.8027237,694.26917,439.11792,729.0397,499.7271,True,86.0,121.0,127.0,dark,17.088701308340582,33.125424927522
17,1594,7,0,0.5959482,823.81946,367.24414,851.83716,417.4298,True,207.0,118.0,126.0,light,14.521377053837652,47.24447510387325
17,1594,8,0,0.77855414,259.91434,402.03235,289.96704,451.04102,True,225.0,97.0,210.0,other,2.235197285979672,34.9310918000561
17,1594,10,0,0.73949414,1010.8811,376.9998,1047.2312,438.54504,True,73.0,124.0,120.0,dark,21.365108541639476,45.86471747133552
17,1594,9,0,0.68478334,839.59143,397.93448,868.88556,453.7957,True,193.0,117.0,127.0,light,17.66588291813732,41.25794417523963
17,1594,2,0,0.4878861,794.35547,432.74335,828.44635,488.23166,True,188.0,121.0,125.0,light,18.801734052047536,35.71875326294781
17,1594,118,0,0.5685308,1085.9896,311.00452,1109.02,339.054,True,182.0,136.0,166.0,other,15.828470344772805,68.74260707622592
17,1594,13,0,0.3641468,887.6733,409.45547,909.67535,474.37878,True,72.0,127.0,118.0,dark,20.139163138753386,38.64015127314469
17,1595,4,0,0.8651618,1075.8617,433.28735,1114.2336,504.16266,True,65.0,123.0,117.0,dark,26.429310520099214,36.79358947502411
17,1595,5,0,0.74909025,688.63715,439.94296,721.1806,502.0203,True,67.0,121.0,124.0,dark,16.941892794513464,32.95732119021803
17,1595,7,0,0.4843891,820.08057,368.45447,845.7269,419.3376,True,205.0,118.0,126.0,light,14.383176461872276,47.052144519405275
17,1595,8,0,0.84810394,261.28976,403.8279,290.6896,452.55148,True,226.0,98.0,212.0,other,2.2868298595185848,34.93378696718126
17,1595,10,0,0.7065762,1006.95233,378.8262,1043.9025,440.86484,True,74.0,125.0,118.0,dark,21.257599264617774,45.63475642481791
17,1595,9,0,0.5139102,832.93945,401.55225,857.4746,455.35178,True,196.5,120.0,126.0,light,17.390475335472342,41.11701067309319
17,1595,2,0,0.75820076,783.6023,429.8672,825.99835,489.65628,True,183.0,121.0,125.0,light,18.591838885619595,35.65333677713931
17,1595,118,0,0.35837948,1083.9694,312.92758,1108.8818,340.17703,True,196.0,137.0,178.0,other,15.708327928446703,68.65274437390727
17,1595,13,0,0.5796256,883.1559,410.27835,904.0589,475.71216,True,83.0,125.0,120.0,dark,19.950880383968226,38.59293513989841
17,1596,4,0,0.88436526,1067.6804,433.45978,1114.1772,504.67932,True,66.0,123.0,116.0,dark,26.190123640793004,36.842569412853976
17,1596,5,0,0.7916416,683.58044,440.9178,717.24005,503.34976,True,65.0,120.0,126.0,dark,16.775350285681565,32.90322024532092
17,1596,7,0,0.6800697,819.3942,368.60684,839.5726,420.8441,True,195.5,119.0,126.0,light,14.242892486191634,46.90325987899705
17,1596,8,0,0.78625506,262.51343,405.63196,293.28082,453.89783,True,227.0,98.0,212.0,other,2.338196397582898,34.929644274287234
17,1596,10,0,0.57131654,1005.34045,381.65497,1041.1053,443.11075,True,74.0,125.0,117.0,dark,21.165297084104964,45.390156789026484
17,1596,9,0,0.77083164,824.7157,400.98077,854.9467,456.70105,True,195.0,121.0,126.0,light,17.183467638022126,41.009531720538945
17,1596,2,0,0.6743735,772.6806,430.20258,824.5822,490.26904,True,173.0,122.0,125.0,light,18.32825844929861,35.66708928017182
17,1596,118,0,0.35935205,1083.5125,313.6566,1108.4531,340.53668,True,196.0,132.0,183.0,other,15.521399027066288,68.70274238683211
17,1596,13,0,0.71832514,878.827,411.0601,908.0416,476.9289,True,86.0,125.0,120.0,dark,19.86269356494133,38.5786352159957
17,1597,4,0,0.8306066,1061.6237,433.88535,1112.8383,505.3461,True,69.0,123.0,117.0,dark,25.96376681452212,36.8307619774561
17,1597,5,0,0.79201835,678.47925,440.74493,716.6438,504.26733,True,70.0,121.0,126.0,dark,16.624340669979475,32.873330709675294
17,1597,7,0,0.346376,817.02106,368.7117,835.6434,417.08817,True,200.0,119.0,128.0,light,13.685789276041028,47.65392705928788
17,1597,8,0,0.8008037,264.49323,406.46457,295.8245,455.0669,True,229.0,99.0,213.0,other,2.391743236318894,34.90127191568979
17,1597,10,0,0.75860566,1004.4949,383.77786,1035.98,444.84216,True,73.0,123.0,121.0,dark,21.016948221108972,45.17091039218301
17,1597,9,0,0.29866225,817.9576,401.65894,853.3343,456.8894,True,197.0,122.0,125.0,light,16.92905277924199,41.04412307166518
17,1597,2,0,0.66480696,767.1279,430.01312,823.0312,492.64172,True,153.0,121.0,124.0,light,18.238684370673262,35.424409990886645
17,1597,118,0,0.33815822,1084.882,313.9229,1107.9343,340.93845,True,184.5,143.0,158.0,other,15.36562674415514,68.66561217372426
17,1597,13,0,0.7696141,874.85065,410.83746,904.95105,479.84705,True,79.0,125.0,120.0,dark,19.791993454680714,38.23357414934973
17,1598,4,0,0.7576318,1059.4019,434.9537,1110.5845,506.5489,True,72.0,124.0,117.0,dark,25.792693131483677,36.716496815964916
17,1598,5,0,0.78942215,673.957,440.1102,716.4883,504.75473,True,66.0,121.0,125.0,dark,16.461439556449022,32.85072124972698
17,1598,7,0,0.44283026,814.38464,368.7524,837.32056,424.9635,True,206.0,118.0,125.0,light,14.148958895979542,46.26337709020308
17,1598,8,0,0.7569316,268.9484,406.50928,299.19882,455.97092,True,230.0,99.0,213.0,other,2.4776437915595437,34.859822648038474
17,1598,10,0,0.88883954,1005.97034,384.78415,1033.6819,445.20245,True,72.0,122.0,121.0,dark,20.85070881109002,45.15316229326655
17,1598,2,0,0.48345944,766.31757,429.80157,804.56525,494.56525,True,170.0,121.0,125.0,light,17.97644805233181,35.12620755494995
17,1598,13,0,0.8363851,872.12695,411.60742,905.49097,480.85895,True,64.0,125.0,120.0,dark,19.667171596812896,38.13683869597967
17,1599,4,0,0.5309013,1063.8226,436.12338,1102.8761,506.76172,True,72.0,122.0,118.0,dark,25.556603712956246,36.67836360104583
17,1599,5,0,0.7763881,672.20886,439.29056,715.13153,499.67953,True,70.5,121.0,126.0,dark,15.933203254864821,33.48008987565045
17,1599,7,0,0.6556779,814.07184,368.38022,841.85913,422.97934,True,205.0,120.0,123.0,light,13.856901330402838,46.602211609783964
17,1599,8,0,0.81009483,274.572,405.5435,303.9121,455.89697,True,230.0,98.0,213.0,other,2.4710664616291274,34.90520799630178
17,1599,10,0,0.9001274,1006.6631,384.83643,1038.0492,444.2172,True,72.0,122.0,120.0,dark,20.64228483748164,45.322939907880496
17,1599,2,0,0.74490005,766.4984,429.97852,792.252,495.42834,True,191.0,120.0,124.0,light,17.70774894417385,34.94632357554195
17,1599,13,0,0.7973513,869.4734,412.2582,908.025,481.7739,True,67.0,124.0,119.0,dark,19.530599748713588,38.00094857744785
17,1599,3,0,0.5868236,789.8165,435.47076,838.8744,471.70352,True,89.0,124.0,127.0,dark,17.044718071728127,38.61397238656341
17,1600,4,0,0.6290624,1069.8771,436.1702,1098.861,507.24945,True,75.0,123.0,116.0,dark,25.433489739786612,36.57926154104046
17,1600,5,0,0.84409505,672.2101,438.6468,714.20074,499.5895,True,73.5,120.0,127.0,dark,15.751089880228045,33.44549019974224
17,1600,7,0,0.21208195,812.1962,367.64127,847.9027,420.96503,True,204.0,120.0,123.0,light,13.554359038215905,46.9221981450145
17,1600,8,0,0.80081904,282.0415,404.70755,311.7533,455.8189,True,233.0,99.0,214.0,other,2.493003809765811,34.96087455001381
17,1600,10,0,0.8832699,1007.4015,383.97577,1045.1078,445.61746,True,72.0,121.0,120.5,dark,20.63838082452331,45.07585967395462
17,1600,2,0,0.8447714,766.59735,429.53384,792.7169,496.14713,True,190.5,120.0,123.5,light,17.590662746708144,34.81159673932457
17,1600,13,0,0.82627195,869.97925,414.35855,911.6311,484.73895,True,65.0,123.0,120.0,dark,19.58352515147986,37.55984399506011
17,1600,145,0,0.3624614,1087.1632,300.14963,1119.0983,339.83893,True,143.0,168.0,140.0,other,14.77748256473535,68.76856813559564
17,1600,3,0,0.5558525,793.20734,432.9077,843.95966,472.28812,True,124.0,123.0,128.0,dark,17.011536051910117,38.5281905129047
17,1601,4,0,0.79029554,1072.1184,436.1547,1099.83,507.94836,True,73.0,124.0,116.0,dark,25.238676537329727,36.54898252669305
17,1601,5,0,0.6721168,672.84656,438.3667,709.2063,498.5512,True,70.0,122.0,126.0,dark,15.410377040315543,33.5789096916022
17,1601,7,0,0.18293948,812.43976,366.93097,845.5582,416.95523,True,202.0,119.0,126.0,light,12.937822984962391,47.621938232087935
17,1601,8,0,0.8075496,288.81058,403.9272,318.71512,454.5413,True,231.0,100.0,212.0,other,2.3570009931987346,35.20761338152349
17,1601,10,0,0.8824881,1007.5107,383.81598,1050.043,446.1281,True,72.0,121.0,120.0,dark,20.457760651856905,45.036011156309605
17,1601,2,0,0.8539732,764.16,429.5339,796.74786,495.95044,True,190.0,120.0,124.0,light,17.365557545851907,34.87295350248928
17,1601,13,0,0.7098861,872.61444,416.54773,912.6862,486.80997,True,65.0,123.0,120.0,dark,19.50415480793794,37.32080392048681
17,1601,3,0,0.5664977,796.46027,433.51282,845.3206,474.33972,True,116.0,124.0,129.0,dark,16.961958999517304,38.27869720432306
17,1601,147,0,0.78717893,1251.4286,635.55,1280.0,719.9467,True,190.5,126.0,126.0,light,35.493981671147004,17.724917581936324
17,1601,148,0,0.63322043,850.39154,397.62143,882.6256,446.45193,True,72.0,119.0,123.0,dark,16.215963994944172,43.04328772298328
17,1601,118,0,0.37763828,1098.4924,312.30783,1125.731,340.109,True,111.0,151.0,135.0,other,14.769041505960178,68.75018479102867
17,1602,4,0,0.73300105,1073.7708,436.13495,1105.5793,509.50232,True,69.0,124.0,113.5,dark,25.12454360252945,36.43568627021527
17,1602,5,0,0.7763924,674.43365,438.40494,704.17145,500.10785,True,64.0,122.0,125.0,dark,15.236670627152037,33.39297969719143
17,1602,7,0,0.41232598,813.55286,367.0233,839.44836,411.884,True,201.0,119.5,123.5,light,12.16524311125149,48.520442346152606
17,1602,8,0,0.8166647,296.1231,402.5372,326.8844,452.99255,True,232.0,99.0,213.0,other,2.191269598731274,35.51549172657972
17,1602,10,0,0.85689884,1008.3428,385.10468,1054.8695,448.01953,True,75.0,122.0,120.0,dark,20.359692118267983,44.7846566938562
17,1602,2,0,0.8494293,761.48944,430.4679,800.39105,494.90207,True,186.5,120.0,124.0,light,17.06604730272521,35.0499706458625
17,1602,13,0,0.73203266,875.59625,419.3337,912.70105,489.04883,True,68.5,124.0,119.5,dark,19.414062651453683,37.066523452208266
17,1602,3,0,0.66271526,800.8565,433.08432,849.9404,475.99646,True,123.0,126.0,131.0,dark,16.92621338618688,38.12274461854595
17,1602,147,0,0.70304126,1252.4042,637.4989,1280.0,720.0,True,189.5,128.0,122.0,light,35.27863712803351,17.81365001713191
17,1602,148,0,0.69354784,849.77075,397.9371,884.16846,451.28854,True,71.0,120.0,122.0,dark,16.29986042065604,42.29938805829048
17,1602,118,0,0.21019712,1105.951,311.77527,1132.138,340.4572,True,122.0,159.5,138.5,other,14.679616465019608,68.70571368022242
17,1603,4,0,0.81134474,1074.8085,435.67264,1112.3357,509.46698,True,70.0,124.0,115.0,dark,24.904122047496692,36.55402538254127
17,1603,5,0,0.72209764,676.36707,438.3262,708.03326,501.31506,True,63.0,122.0,125.0,dark,15.119895227927612,33.31740986694739
17,1603,7,0,0.5953043,818.5724,366.752,842.4163,418.29553,True,196.0,121.0,125.0,light,12.502906428718699,47.42720752980131
17,1603,8,0,0.7872458,304.69144,402.1903,334.9767,451.3496,True,228.0,99.0,212.0,other,2.002932727139026,35.85543132638826
17,1603,10,0,0.8061275,1013.8198,386.56052,1057.2682,449.6576,True,76.0,122.0,120.0,dark,20.236713189401158,44.61225091690444
17,1603,2,0,0.72921264,759.09796,431.93588,802.54535,495.43433,True,186.0,119.0,125.0,light,16.820982549540805,35.02939167360771
17,1603,13,0,0.47512448,881.2478,420.96713,908.19867,489.25107,True,69.5,124.0,119.0,dark,19.148137584327284,37.10074444885783
17,1603,3,0,0.54804736,808.0391,432.77377,856.63446,476.7757,True,110.0,125.0,131.0,dark,16.859242945312847,38.138135511637266
17,1603,147,0,0.5334896,1255.1638,637.6383,1280.0,720.0,True,201.5,126.0,121.0,light,35.04573168798412,17.933925076859285
17,1603,148,0,0.5889194,853.55457,399.52332,884.5644,454.73035,True,66.0,121.0,122.0,dark,16.2914387598042,41.82750755178563
17,1603,118,0,0.1723925,1108.6323,311.35504,1138.8069,340.71017,True,135.0,154.0,139.0,other,14.457205354875361,68.67520512793799
17,1604,4,0,0.81890076,1077.7091,435.28723,1119.0619,509.48898,True,71.0,123.0,116.0,dark,24.701559664725426,36.680289348281484
17,1604,5,0,0.8316279,676.86017,437.29623,714.38684,501.52118,True,61.0,123.0,123.0,dark,14.946124781490836,33.379693652986255
17,1604,7,0,0.73669714,820.8806,367.45715,845.23303,421.83585,True,195.0,119.0,125.0,light,12.554880135483957,46.85209942682722
17,1604,8,0,0.82005763,312.7092,401.85364,343.00046,450.14386,True,229.0,99.0,211.5,other,1.8508515091795972,36.13165272548742
17,1604,10,0,0.79136735,1019.6734,388.0151,1057.248,451.0907,True,74.0,124.0,118.0,dark,20.071147587661628,44.46396937566121
17,1604,2,0,0.45348847,757.73615,432.99432,803.0672,496.89328,True,179.0,118.0,127.0,light,16.624612163962663,34.889794416338475
17,1604,13,0,0.7266793,885.6682,421.9896,908.4993,489.2935,True,72.0,126.0,117.0,dark,18.911595224580942,37.180391761803186
17,1604,3,0,0.66102904,814.53064,431.46002,863.9728,478.22278,True,112.0,124.0,131.0,dark,16.83068303756257,38.06348376608707
17,1604,147,0,0.6137848,1253.7614,636.63135,1280.0,710.3512,True,202.0,126.0,122.0,light,34.56180832659789,18.739345865900397
17,1604,148,0,0.66683596,858.0994,400.13956,886.84686,455.5962,True,65.0,120.0,121.0,dark,16.134781384283706,41.77701513298885
17,1605,4,0,0.8438895,1077.8184,434.3726,1124.3481,510.91397,True,73.0,123.0,117.0,dark,24.536583134222997,36.59200262635948
17,1605,5,0,0.8529814,676.00543,436.0379,717.7694,499.91498,True,59.0,123.0,122.0,dark,14.615209415099482,33.64211248122949
17,1605,7,0,0.6865819,822.3809,368.01608,846.8407,423.4987,True,196.0,120.0,123.0,light,12.434304515685607,46.6075723061691
17,1605,8,0,0.79999906,320.99652,401.51114,350.9487,449.9785,True,230.0,99.0,212.0,other,1.805872854212026,36.26533118020367
17,1605,10,0,0.71022725,1021.95154,389.40198,1053.7347,452.0266,True,76.5,121.5,118.5,dark,19.801025988207023,44.35335373438033
17,1605,2,0,0.76610893,757.817,433.56418,788.503,498.02042,True,189.0,118.0,126.0,light,16.263437219809116,34.71463054758782
17,1605,13,0,0.75634867,887.43054,422.7358,914.2013,491.84222,True,67.0,127.0,117.0,dark,18.872903177286044,36.93081719161202
17,1605,3,0,0.43626118,817.3868,428.96484,871.9996,479.93918,True,110.0,124.0,127.0,dark,16.796410984115447,37.93288020915157
17,1605,147,0,0.81728816,1252.7633,635.74805,1280.0,716.77673,True,195.0,125.0,120.0,light,34.45440982199726,18.372708293660903
17,1605,148,0,0.4765691,859.43823,400.82803,883.7453,456.27536,True,63.0,122.0,121.0,dark,15.869949700651658,41.70417666246368
17,1606,4,0,0.7493765,1078.7406,431.20795,1128.0967,511.67838,True,76.0,123.0,117.0,dark,24.333101628839643,36.61385258256895
17,1606,5,0,0.86112446,674.4172,435.0267,716.2183,497.33545,True,59.0,124.0,121.0,dark,14.147883870619623,34.02439613792683
17,1606,7,0,0.76422954,823.47076,368.94263,845.02344,423.9751,True,200.0,119.0,124.0,light,12.16198999065637,46.58294060247796
17,1606,8,0,0.82303756,327.52878,401.58395,358.3858,452.35083,True,230.0,99.0,212.0,other,1.9695614287130512,36.05179263669864
17,1606,10,0,0.79422265,1023.27844,389.55475,1054.937,452.5133,True,70.0,122.0,119.0,dark,19.55147527064068,44.37117922791604
17,1606,2,0,0.6821445,751.9166,434.1765,782.3607,498.20355,True,189.0,120.0,125.0,light,15.869936119047251,34.701322962677814
17,1606,13,0,0.80568945,888.5413,423.19635,918.8801,495.3789,True,66.0,125.5,117.0,dark,18.870766612232043,36.57293570640283
17,1606,3,0,0.63485956,821.1373,427.97794,876.8642,481.30115,True,89.5,124.5,123.0,dark,16.708664000741653,37.86983293186793
17,1606,147,0,0.7932841,1252.6196,634.90326,1280.0,718.4851,True,199.5,125.0,119.0,light,34.253692397797565,18.365748346332236
17,1606,148,0,0.6436741,857.3451,400.24915,887.9547,456.6645,True,64.0,122.0,119.0,dark,15.632080507724414,41.730890325127625
17,1607,4,0,0.7474192,1081.3846,430.0651,1128.9463,512.6216,True,80.0,122.0,117.0,dark,24.120556013555127,36.617243291721365
17,1607,5,0,0.8204191,674.7334,434.9451,713.8652,498.36053,True,58.0,123.0,122.0,dark,13.933663134215442,33.96809736690105
17,1607,7,0,0.7658495,821.9448,370.93674,844.25397,425.05664,True,199.0,119.0,124.0,light,11.917613238884261,46.45562989070157
17,1607,8,0,0.828096,334.49734,401.48743,365.8242,452.3796,True,234.5,98.0,212.5,other,1.9106916955970512,36.193782627339175
17,1607,10,0,0.8468449,1024.4304,389.44388,1060.9811,452.9628,True,70.0,123.0,119.0,dark,19.354703392568315,44.43343126135272
17,1607,2,0,0.843115,746.61127,434.84033,783.1433,499.65488,True,191.0,120.0,121.0,light,15.64455163735407,34.57946572301835
17,1607,13,0,0.8553971,888.319,424.19095,922.79224,497.16092,True,66.0,123.0,120.0,dark,18.737180064474796,36.45262226806936
17,1607,3,0,0.48675907,824.86884,428.63544,879.03107,482.48846,True,77.0,123.0,122.0,dark,16.574395414997507,37.82912814341924
17,1607,147,0,0.75751066,1251.572,635.23773,1280.0,719.0134,True,199.0,125.0,121.0,light,34.01634474388008,18.44770665635894
17,1607,148,0,0.6085391,855.99554,400.57684,890.4117,453.49213,True,64.0,121.0,120.0,dark,15.127818668677065,42.31022366401036
17,1607,118,0,0.37747344,1133.8932,313.2405,1161.2976,341.34647,True,110.5,156.0,151.5,other,13.728466406938962,68.8451446288144
17,1608,4,0,0.63528305,1084.2233,427.50156,1122.9465,513.987,True,81.0,122.0,119.0,dark,23.871369193035193,36.498528324622896
17,1608,5,0,0.7472482,674.2675,435.08588,707.702,499.57703,True,61.0,123.0,123.0,dark,13.700491841503252,33.83124628818425
17,1608,7,0,0.72904813,820.035,371.80716,847.0253,425.1227,True,201.0,119.0,125.0,light,11.65913912332369,46.4783454310843
17,1608,8,0,0.81646484,342.72845,401.41632,373.81186,450.54672,True,237.0,98.0,213.0,other,1.7184805502860898,36.57727163700554
17,1608,10,0,0.8774523,1025.6492,389.27173,1066.6074,452.78326,True,69.0,122.0,120.0,dark,19.13580021717749,44.551506289010625
17,1608,2,0,0.80253994,742.24536,434.78238,785.89276,500.65784,True,189.0,119.0,124.0,light,15.444380487425812,34.49957485659604
17,1608,13,0,0.6708267,886.96893,425.6022,926.0042,498.44214,True,67.0,123.0,120.0,dark,18.572344249498748,36.35613261466426
17,1608,3,0,0.5630073,829.23364,427.03415,877.9323,483.16608,True,71.0,123.0,122.0,dark,16.396467050113326,37.809086776925795
17,1608,147,0,0.78473634,1250.6647,636.1448,1280.0,719.76013,True,198.0,124.0,120.5,light,33.79295639407296,18.49981783095035
17,1608,148,0,0.7037424,854.669,399.2827,892.0004,451.16763,True,68.0,122.0,120.0,dark,14.69258216847883,42.715563491090634
17,1608,118,0,0.49479163,1138.1597,312.35605,1167.8644,341.82224,True,118.0,156.0,154.0,other,13.590377726698248,68.75797626952527
17,1608,9,0,0.7738793,795.3053,401.4311,832.83575,460.37094,True,196.0,124.0,121.0,light,13.883089377317068,40.60503164892827
17,1609,4,0,0.41465622,1087.5709,426.39304,1120.2673,514.8506,True,81.5,124.0,116.0,dark,23.653559633438206,36.43397607510046
17,1609,5,0,0.8181585,673.14844,434.905,703.4027,500.00403,True,63.0,123.0,122.0,dark,13.44633399770053,33.76580515471391
17,1609,7,0,0.35677072,816.80145,371.7099,852.45215,424.4908,True,198.5,120.0,125.0,light,11.379518359785273,46.58889735616087
17,1609,8,0,0.793144,350.6301,401.178,381.6606,451.0765,True,238.0,98.0,212.0,other,1.77447439657167,36.579165639787206
17,1609,10,0,0.8744926,1026.2046,389.0069,1071.2208,453.57224,True,71.0,123.0,118.0,dark,18.9710113366604,44.47012629161119
17,1609,2,0,0.81931067,741.54224,434.56146,788.3765,501.85516,True,188.0,120.0,122.0,light,15.312236104194223,34.38015579597572
17,1609,13,0,0.72844297,888.5351,427.6838,927.2907,501.75748,True,65.0,124.0,120.0,dark,18.552953035305332,35.9695936176762
17,1609,3,0,0.5901132,828.4417,426.5996,877.59375,484.17166,True,70.0,122.0,121.0,dark,16.203973630135504,37.68463611857942
17,1609,147,0,0.82640064,1248.883,637.0827,1280.0,719.35693,True,189.0,124.0,124.0,light,33.543279122691665,18.606757197473442
17,1609,148,0,0.42001694,853.67194,398.53888,886.6321,454.5915,True,66.0,122.0,120.0,dark,14.604565772428277,42.154926362369274
17,1609,118,0,0.24063124,1141.936,311.26968,1173.7783,341.2748,True,127.0,147.5,166.0,other,13.353592817300727,68.88608474336448
17,1609,9,0,0.6993334,789.35834,401.49927,832.7616,461.35544,True,196.0,123.0,125.0,light,13.635758555015009,40.43098674232938
17,1610,4,0,0.6876264,1092.0421,425.42953,1124.1936,516.44415,True,79.0,125.0,116.0,dark,23.550885286015532,36.328513952262746
17,1610,5,0,0.803394,671.9766,434.1531,705.0335,500.45883,True,65.0,124.0,120.0,dark,13.25469888182296,33.74230206535143
17,1610,8,0,0.79235953,358.61597,401.15894,390.1477,451.3378,True,236.0,99.0,212.0,other,1.8024589429074127,36.641441937373926
17,1610,10,0,0.834636,1026.5912,389.60287,1073.5273,455.52277,True,73.0,122.0,118.0,dark,18.843433283573578,44.20210206578135
17,1610,2,0,0.8569323,736.96344,434.60358,790.8824,502.106,True,188.0,121.0,122.0,light,15.069252941001759,34.37144271462828
17,1610,13,0,0.64482826,876.3525,430.04675,926.66565,503.9226,True,66.0,123.0,120.0,dark,18.283253218982075,35.660968209073
17,1610,3,0,0.46187958,832.2503,425.08835,882.2563,483.80212,True,69.0,122.0,120.0,dark,16.028815044080115,37.81396145153992
17,1610,147,0,0.78568375,1248.4298,637.9505,1279.8969,718.63416,True,194.0,125.0,127.0,light,33.28843640746841,18.750332470806715
17,1610,148,0,0.43346208,852.6406,397.89954,882.55084,471.13535,True,67.0,122.0,122.0,dark,15.434986630473407,39.70056526442909
17,1610,9,0,0.706625,787.63824,401.81314,827.50696,463.03537,True,191.0,123.0,123.0,light,13.422518299650752,40.16256522663963
17,1611,4,0,0.68682766,1094.846,432.51996,1130.5691,517.5888,True,76.0,125.0,118.0,dark,23.43669923778009,36.28135401261825
17,1611,5,0,0.8404457,670.6654,433.3337,707.0561,498.936,True,66.0,124.0,123.0,dark,12.931731704270911,33.96330816604707
17,1611,8,0,0.80428964,367.34763,401.4509,398.08542,452.0485,True,233.0,99.0,210.0,other,1.8730296055406432,36.63903437495011
17,1611,10,0,0.70134634,1031.0474,390.5416,1072.3989,456.5241,True,72.0,124.0,118.0,dark,18.66505629443206,44.086086840580215
17,1611,2,0,0.7760244,735.0273,435.51767,789.09314,504.0383,True,186.0,120.0,123.0,light,14.917434802645905,34.140089054442086
17,1611,13,0,0.7453199,886.8074,432.82446,920.92957,505.64026,True,66.0,125.0,118.0,dark,18.187236457097196,35.50514558035444
17,1611,3,0,0.6357921,834.474,425.01147,887.8848,483.60992,True,68.0,123.0,121.0,dark,15.857909354611687,37.912136216309065
17,1611,147,0,0.75658286,1252.552,637.8926,1279.8541,719.47015,True,202.0,125.0,126.0,light,33.11196664325719,18.79565360937973
17,1611,148,0,0.33324623,848.2203,397.43167,880.7589,466.6708,True,64.5,122.0,121.0,dark,14.801075128937669,40.32760061220915
17,1611,9,0,0.60433346,789.771,402.562,821.07025,464.3475,True,190.0,123.0,122.5,light,13.21672256362313,39.96325852077719
17,1612,4,0,0.8509883,1097.1758,425.78845,1136.9657,517.8794,True,77.0,125.0,118.0,dark,23.270387631275273,36.357167949348536
17,1612,5,0,0.8600877,665.49713,432.6044,708.1641,496.12234,True,65.0,124.0,122.0,dark,12.45914887904382,34.33395385385496
17,1612,8,0,0.8258343,375.57346,402.18906,406.25455,452.86078,True,232.0,100.0,212.0,other,1.9426594222655158,36.63364970643407
17,1612,10,0,0.683556,1034.76,391.45706,1066.2301,457.85095,True,70.5,123.0,118.0,dark,18.431896287883625,43.905574738225766
17,1612,2,0,0.7633401,739.0054,436.75488,774.25604,506.08188,True,190.0,120.0,124.0,light,14.689144232237652,33.87298227372403
17,1612,13,0,0.8185273,890.7325,434.78323,922.14343,507.71317,True,64.0,124.0,118.0,dark,18.110847483628934,35.32551642245082
17,1612,3,0,0.78049886,837.266,424.9058,891.03937,483.5505,True,71.0,122.0,121.0,dark,15.667582546607306,37.99755491354589
17,1612,147,0,0.43065915,1253.0514,637.05206,1279.6768,719.75385,True,195.0,126.0,127.0,light,32.886235467748044,18.880407500407937
17,1612,148,0,0.50598353,846.8962,397.79733,880.1501,460.21252,True,68.0,122.0,118.0,dark,14.064269944870572,41.29707823293864
17,1612,9,0,0.64767176,789.89105,402.48294,815.95276,465.15036,True,204.0,120.0,121.0,light,12.96163201983907,39.851074279301265
17,1612,7,0,0.5618854,814.6054,372.68945,850.5133,427.18588,True,198.0,120.0,124.0,light,10.75807454878545,46.118762238639995
17,1613,4,0,0.8539969,1096.3951,424.46695,1142.4512,518.053,True,78.0,125.0,116.0,dark,23.065451862781064,36.42738448439772
17,1613,5,0,0.78861374,661.53143,432.4743,704.3142,495.63675,True,65.0,124.0,122.0,dark,12.111340555739945,34.398240659595615
17,1613,8,0,0.79543597,383.27142,402.90637,413.65878,453.2797,True,231.0,100.0,213.0,other,1.9621424580842817,36.69093702180974
17,1613,10,0,0.7700112,1036.9852,391.56265,1064.7128,458.44083,True,69.0,123.0,120.0,dark,18.20172676976798,43.86337703899682
17,1613,2,0,0.75261515,740.87,438.23932,768.5187,507.81046,True,187.0,121.0,119.0,light,14.527189447895534,33.69231191658834
17,1613,13,0,0.79704237,889.3984,436.06296,926.4314,508.86185,True,64.0,126.0,116.0,dark,17.965155263731074,35.2560603970038
17,1613,3,0,0.6806183,838.3966,425.5059,891.92957,484.51764,True,68.5,124.0,120.0,dark,15.50686929735267,37.92752831944974
17,1613,147,0,0.27993459,1252.9171,635.9081,1279.522,719.68494,True,189.0,127.0,125.0,light,32.66016929922826,18.98229340502428
17,1613,148,0,0.22268164,848.70984,397.18524,879.04724,457.96942,True,69.0,123.0,118.0,dark,13.6587910278413,41.67447010065497
17,1613,9,0,0.6312122,784.00946,402.50824,816.6105,466.06607,True,203.0,119.5,122.0,light,12.720879348916291,39.72957575019819
17,1613,7,0,0.57445484,815.96405,372.8145,851.338,427.22263,True,204.0,119.0,120.0,light,10.530752635767726,46.15148266811977
17,1614,4,0,0.8715748,1095.3767,424.218,1145.8833,517.8572,True,76.0,124.0,117.0,dark,22.824444704747314,36.51450065361356
17,1614,5,0,0.7211006,663.255,432.30127,698.1007,494.45255,True,66.0,123.0,123.0,dark,11.761380124742152,34.55459097083494
17,1614,8,0,0.8339944,390.61862,403.3302,421.0926,452.42426,True,234.0,100.0,212.0,other,1.8651834212937102,36.91265408775124
17,1614,10,0,0.7750121,1037.0658,391.2642,1068.9662,458.84732,True,69.0,123.0,121.0,dark,18.01311893017966,43.852290216714884
17,1614,2,0,0.86456376,736.5273,439.00485,765.4883,508.97983,True,187.0,121.0,125.0,light,14.300554516393008,33.5478612412808
17,1614,13,0,0.8155941,888.52576,437.12173,930.7133,509.84326,True,65.0,126.0,116.0,dark,17.822904146283907,35.19563618628196
17,1614,3,0,0.42089224,839.2392,426.36276,894.1498,486.2424,True,67.0,125.0,120.0,dark,15.416529997336134,37.74703639812522
17,1614,147,0,0.5500353,1252.5958,635.5143,1279.5306,719.8571,True,188.5,125.5,127.0,light,32.44098676520312,19.05753165211001
17,1614,148,0,0.41168624,845.6641,396.7747,884.8094,455.87308,True,71.0,122.0,121.0,dark,13.295999559564414,42.025602041534654
17,1614,9,0,0.59647286,779.0583,403.0323,812.04596,465.64624,True,201.0,122.0,118.0,light,12.343033803824822,39.7572719629466
17,1614,7,0,0.6818558,820.6613,373.42365,845.17847,427.73657,True,200.5,119.0,120.0,light,10.307946601573999,46.062549189224356
17,1615,4,0,0.8613064,1096.7474,423.95853,1147.2737,518.4726,True,73.0,123.0,120.0,dark,22.628725462287594,36.50736794336958
17,1615,5,0,0.8217309,664.7343,431.96838,690.9697,495.83246,True,66.0,124.0,122.0,dark,11.577639556013304,34.383076753210084
17,1615,8,0,0.82309186,398.6021,403.97015,428.88278,452.34726,True,238.0,100.0,213.0,other,1.8480937201012155,37.0317095746351
17,1615,10,0,0.84279597,1036.3145,390.88477,1073.3253,458.71442,True,69.0,122.0,121.0,dark,17.78235880433802,43.92585828537718
17,1615,2,0,0.858507,731.7086,439.1427,767.28253,509.80103,True,182.0,121.0,125.0,light,14.099223271840511,33.4720905940079
17,1615,13,0,0.82457507,884.7923,438.51822,935.463,510.66168,True,64.0,125.0,116.0,dark,17.64550881874865,35.145935280602615
17,1615,147,0,0.71000487,1251.384,636.0529,1279.3986,719.91,True,183.0,127.0,124.0,light,32.214792564768864,19.136564606528555
17,1615,148,0,0.18798602,841.03436,396.69443,878.1092,447.72006,True,73.0,122.0,123.0,dark,12.308327570631425,43.21802912367011
17,1615,9,0,0.7491991,774.11523,403.96402,815.6638,466.90015,True,199.0,121.0,119.0,light,12.184058033034585,39.59950650490825
17,1615,7,0,0.5902482,822.2364,374.41074,845.336,429.1841,True,201.0,121.0,121.0,light,10.201731494078548,45.84688163056019
17,1616,4,0,0.7587706,1095.275,424.43683,1145.8578,519.50085,True,76.0,122.0,121.0,dark,22.401023945089182,36.431410453311834
17,1616,5,0,0.75491,664.45593,431.28128,688.5721,496.73706,True,64.0,124.0,121.0,dark,11.400662708801507,34.30029710160175
17,1616,8,0,0.85451245,406.10718,404.60803,435.82828,450.90283,True,238.0,100.0,215.0,other,1.6895630197453915,37.347513707108
17,1616,10,0,0.84893715,1035.3442,390.63446,1077.3978,457.86798,True,69.0,122.0,121.0,dark,17.506865758577266,44.11910902373252
17,1616,2,0,0.86282206,726.7912,439.41214,768.0439,509.77783,True,186.0,121.0,125.0,light,13.838167631198859,33.50307450556065
17,1616,13,0,0.81155044,882.80414,439.7549,937.2918,512.749,True,65.0,126.0,116.0,dark,17.536186237862808,34.946929540929
17,1616,147,0,0.52336264,1250.9563,637.21094,1279.2716,719.90344,True,183.0,129.0,121.0,light,32.00253271175017,19.23009467028179
17,1616,148,0,0.5957901,840.5866,396.87744,874.2562,475.7743,True,70.5,122.0,120.0,dark,14.036928995104057,39.14436657489951
17,1616,9,0,0.70452255,773.6439,405.16812,807.9381,468.2143,True,200.0,123.0,119.0,light,11.955955369737898,39.406470181634845
17,1616,7,0,0.607537,818.4916,374.40784,844.98303,430.78204,True,196.5,121.0,118.0,light,10.040668478022821,45.58629189829474
17,1617,4,0,0.80541235,1093.9761,427.3561,1142.6902,520.8748,True,76.0,122.0,121.0,dark,22.17378335377785,36.307691907722166
17,1617,5,0,0.8668835,662.1156,429.7668,692.123,497.08826,True,65.0,123.0,123.0,dark,11.227361169152445,34.31478591472316
17,1617,8,0,0.8282783,413.45166,405.64777,442.9936,451.3823,True,235.0,100.0,213.0,other,1.7125768464202695,37.40138565101987
17,1617,10,0,0.8558889,1032.4467,390.73767,1079.5255,458.7048,True,72.0,123.0,119.0,dark,17.29313826398175,44.03735711972279
17,1617,2,0,0.84841955,718.1002,439.91333,768.0994,510.31702,True,181.0,120.0,127.0,light,13.56491341577833,33.44651322848391
17,1617,13,0,0.7744142,883.22864,441.69598,934.97675,516.20276,True,65.0,126.0,116.0,dark,17.48672926814361,34.58015745215312
17,1617,147,0,0.76098424,1246.9458,637.98804,1278.5774,719.5305,True,205.5,126.0,124.0,light,31.74414250772573,19.33392012496255
17,1617,148,0,0.43257585,840.4961,396.83835,869.5392,470.4193,True,64.0,125.0,120.0,dark,13.377746833290264,39.91184241366865
17,1617,9,0,0.7142575,774.1967,406.0374,798.3541,469.31995,True,193.5,123.0,118.0,light,11.704005674397536,39.24497774303232
17,1617,7,0,0.6528662,820.2736,374.709,844.3449,430.7513,True,194.0,121.0,119.0,light,9.811475299037097,45.63392936998965
17,1618,4,0,0.7974092,1095.0131,431.04446,1140.5728,522.3437,True,74.0,123.0,120.0,dark,22.00831976131364,36.190186270684016
17,1618,5,0,0.77656937,659.9532,429.01077,695.3551,494.74078,True,68.0,124.0,124.0,dark,10.866932752694664,34.665694710075876
17,1618,8,0,0.8047253,420.69745,407.2159,450.14316,452.85287,True,234.0,100.0,212.0,other,1.8239931907201554,37.32233857648243
17,1618,10,0,0.68868345,1032.4664,391.19614,1079.3741,460.33707,True,73.0,122.0,119.0,dark,17.153871976735733,43.846076315547634
17,1618,2,0,0.6293953,713.89996,441.1168,765.17017,511.20392,True,186.0,120.0,127.0,light,13.340280605027914,33.35675611561985
17,1618,13,0,0.7452979,887.57623,443.73877,919.0475,517.80426,True,64.0,126.0,117.0,dark,17.241971389923837,34.38559298686567
17,1618,147,0,0.65850824,1251.0828,638.1302,1278.7332,719.8857,True,202.0,127.0,117.0,light,31.604987412054683,19.405630897595028
17,1618,9,0,0.76674336,769.74225,406.31772,798.5205,470.20557,True,189.0,121.0,125.0,light,11.49976738359101,39.14738574367777
17,1618,7,0,0.625019,821.2573,376.00885,847.01373,432.2523,True,195.0,121.0,120.0,light,9.746652837119576,45.45745470835572
17,1618,3,0,0.56888235,848.3138,435.45868,887.2063,489.25964,True,82.0,127.0,125.0,dark,14.718251167341533,37.55846746040438
17,1619,4,0,0.7850222,1096.3962,431.13092,1143.2307,523.3373,True,73.0,123.0,120.0,dark,21.865534184976546,36.167251649318544
17,1619,5,0,0.51487637,657.9564,435.80136,697.1921,490.57483,True,64.0,126.0,123.0,dark,10.359366705522953,35.24458911114459
17,1619,8,0,0.7875034,427.37173,408.4779,457.07828,453.6688,True,231.0,100.0,213.0,other,1.867597114030823,37.33150718198767
17,1619,10,0,0.6285802,1031.262,392.59113,1067.4532,462.5153,True,74.0,121.0,120.0,dark,16.894111336429024,43.50189223381584
17,1619,2,0,0.6577113,711.75696,442.28958,755.81964,511.736,True,184.0,121.0,124.0,light,13.046031726218352,33.289831493760914
17,1619,13,0,0.75498724,887.0791,444.87234,914.6029,518.8301,True,65.0,125.0,119.0,dark,17.032048285594144,34.3037044120137
17,1619,147,0,0.72414553,1246.8682,637.4279,1278.4247,719.72595,True,198.0,128.0,115.0,light,31.368580788464534,19.493333734352664
17,1619,9,0,0.7856529,764.8536,406.83734,798.51013,470.3394,True,193.0,120.0,126.0,light,11.233912837935561,39.15432088418378
17,1619,7,0,0.7234405,820.15924,377.12595,846.1302,435.20813,True,204.5,118.0,125.0,light,9.731809836017618,45.01645275271433
17,1619,3,0,0.45885268,846.4593,433.54236,887.8181,488.24258,True,82.0,126.0,126.0,dark,14.416317941598146,37.74625150133647
17,1620,4,0,0.8700904,1098.366,430.36673,1147.6699,523.3885,True,73.0,123.0,121.0,dark,21.707345236722187,36.268370558798125
17,1620,5,0,0.71650857,657.41394,430.27478,696.25244,489.00192,True,69.0,127.0,122.0,dark,10.025243604929116,35.491321818916894
17,1620,8,0,0.72523236,434.06247,410.1004,463.71082,454.43835,True,228.0,100.0,211.0,other,1.9048835956089927,37.349264029877034
17,1620,10,0,0.763295,1033.5474,394.20544,1066.0118,463.77985,True,78.0,122.0,120.0,dark,16.745579533233144,43.37825803528429
17,1620,2,0,0.68185055,711.8847,442.79428,744.35144,512.47034,True,189.0,120.0,125.0,light,12.77167460713152,33.199898792067806
17,1620,13,0,0.6928296,884.2326,444.76007,916.93915,517.66504,True,67.0,125.0,119.0,dark,16.74697982566131,34.50561272398412
17,1620,147,0,0.77445984,1246.2762,636.4171,1278.6527,719.9877,True,190.0,127.0,112.0,light,31.184430970096574,19.562339529692935
17,1620,9,0,0.81359273,755.8687,407.31317,798.4785,470.97928,True,195.0,120.0,125.0,light,10.962707174239592,39.06635648302625
17,1620,7,0,0.4998201,818.49054,379.24524,842.8096,437.21353,True,207.0,120.0,126.0,light,9.606371434600485,44.71289556870267
17,1620,3,0,0.38692385,844.60657,432.35385,888.3986,487.89008,True,85.0,128.0,125.0,dark,14.161752856555967,37.84539432350894
17,1621,4,0,0.8695575,1100.7047,430.43268,1150.8779,523.57153,True,72.0,123.0,121.0,dark,21.536190817822597,36.36091289278394
17,1621,5,0,0.67955714,655.10455,428.53903,692.7965,489.82935,True,67.0,123.0,124.0,dark,9.812982867897675,35.41816794535121
17,1621,8,0,0.83222663,440.10684,411.02847,469.75406,455.39978,True,229.0,101.0,211.0,other,1.9395828008839535,37.342540019225204
17,1621,10,0,0.8296673,1035.2953,395.07166,1065.4418,464.64078,True,73.0,123.0,119.0,dark,16.56586514611,43.32933870096257
17,1621,2,0,0.8101935,700.4769,442.1107,741.1276,513.02734,True,194.0,119.0,125.0,light,12.4451319197093,33.122735551457694
17,1621,13,0,0.786409,880.48157,444.33926,919.61115,520.4731,True,64.0,127.0,118.0,dark,16.678984765183,34.24389251087614
17,1621,147,0,0.81315875,1246.4852,635.8592,1278.8932,719.81934,True,186.5,128.0,113.0,light,30.984520922845547,19.676789078745145
17,1621,9,0,0.6471745,748.735,407.7816,790.38086,471.956,True,199.5,120.5,125.0,light,10.639620868375923,38.905823911516286
17,1621,7,0,0.42406806,816.42847,380.14328,840.9566,435.03494,True,212.5,121.0,122.0,light,9.144357491872345,45.09118062761513
17,1621,3,0,0.29255158,841.21027,430.90338,887.4636,489.08627,True,74.0,128.0,122.0,dark,13.967934101534084,37.73452764596738
17,1622,4,0,0.8773,1101.219,431.56537,1152.8497,523.6496,True,72.0,123.0,122.0,dark,21.333712828508872,36.44059981678673
17,1622,5,0,0.8018035,651.713,427.88733,686.54803,490.75897,True,71.0,123.0,124.0,dark,9.570042306380426,35.30323148017101
17,1622,8,0,0.7371967,445.8182,411.71387,475.36282,456.55298,True,230.0,101.0,211.0,other,1.9840019789236805,37.2995606971918
17,1622,10,0,0.8680536,1033.8595,395.13736,1069.0798,464.5193,True,70.0,124.0,119.0,dark,16.34164821080148,43.42117781220539
17,1622,2,0,0.8397179,693.6962,442.35965,740.4296,513.39154,True,192.0,121.0,123.0,light,12.186488692182149,33.101776927138644
17,1622,13,0,0.8486595,877.5313,443.99622,921.39404,516.79675,True,64.0,126.0,119.0,dark,16.236129039677984,34.7426910490212
17,1622,147,0,0.79745936,1245.8083,635.65546,1279.0355,719.484,True,187.0,127.0,113.0,light,30.775725702490416,19.793250914383012
17,1622,9,0,0.67959124,747.2119,408.66617,779.4219,473.77875,True,195.0,123.0,123.0,light,10.417437263067326,38.63978371591229
17,1622,7,0,0.3388294,815.3025,379.79077,841.2003,432.70398,True,200.0,122.0,121.0,light,8.709971489134018,45.50563534761638
17,1622,3,0,0.4313326,845.57983,430.98352,884.20776,492.16168,True,66.0,127.0,123.0,dark,13.963362917457621,37.40507918625723
17,1622,148,0,0.53237504,824.6879,394.26437,858.15283,456.57986,True,90.0,122.0,123.0,dark,10.92485637831609,42.015603591274285
17,1623,4,0,0.84019965,1103.2811,432.67972,1152.5219,524.9739,True,72.0,122.0,121.0,dark,21.19071244952004,36.363424757031375
17,1623,5,0,0.75708956,649.1205,427.59146,686.158,491.1439,True,73.0,122.0,125.0,dark,9.365069521898251,35.29206670290913
17,1623,8,0,0.7533348,451.17596,411.7104,481.03622,456.69693,True,231.0,101.0,211.0,other,1.933113782066842,37.391026560395645
17,1623,10,0,0.83676004,1032.3608,394.8766,1072.8282,463.68582,True,74.0,124.0,119.0,dark,16.075585497282194,43.61591958104376
17,1623,2,0,0.8483485,688.7247,442.5132,741.5109,514.94476,True,190.0,120.0,124.0,light,12.04987371110668,32.95762193194545
17,1623,13,0,0.8381956,871.7477,444.543,923.03015,519.0843,True,65.0,127.0,119.0,dark,16.117041163028425,34.51347074434545
17,1623,147,0,0.8219349,1244.6349,636.35565,1279.0562,719.8825,True,190.0,126.0,113.0,light,30.588743623373105,19.848942890210118
17,1623,9,0,0.76927036,746.783,409.2075,773.33575,474.87485,True,197.0,121.0,122.0,light,10.214060240440041,38.50682039864483
17,1623,7,0,0.53635645,810.0587,379.4342,841.1585,432.55325,True,197.0,122.0,121.0,light,8.405587733007968,45.54185762263852
17,1623,3,0,0.6414458,847.242,431.0167,876.0621,493.87805,True,64.0,125.0,120.0,dark,13.790937939067609,37.20732252250876
17,1623,148,0,0.67424995,823.296,388.3396,855.3465,456.4,True,90.5,122.0,121.0,dark,10.640274741531538,42.06870473511805
17,1624,4,0,0.8234746,1106.2155,434.1206,1149.5908,525.8943,True,73.0,123.0,121.0,dark,21.008800375534534,36.30851522903065
17,1624,5,0,0.80783033,644.47266,426.50067,686.3758,491.27567,True,72.0,123.0,125.0,dark,9.1341296937666,35.28490605676227
17,1624,8,0,0.84270406,455.9704,411.36755,486.12772,456.87778,True,228.0,100.0,210.0,other,1.8873875214495046,37.44730330562683
17,1624,10,0,0.8706439,1027.3889,394.8541,1076.5432,462.96478,True,73.0,123.0,118.0,dark,15.779721752404152,43.74740589270445
17,1624,2,0,0.849552,684.29736,442.85062,740.7566,515.4134,True,191.0,119.0,124.0,light,11.833808544540902,32.91685675494202
17,1624,13,0,0.8154961,868.766,445.77753,923.61707,520.37604,True,66.0,126.0,119.0,dark,15.960296049584771,34.39656967221564
17,1624,147,0,0.82122886,1244.5018,637.0133,1279.0371,719.782,True,191.0,127.0,115.0,light,30.387029389320055,19.941183490369983
17,1624,9,0,0.79043853,743.9368,409.13788,771.4552,475.5304,True,196.0,121.0,119.5,light,10.006733867517363,38.42258681531153
17,1624,7,0,0.55492854,805.6974,378.05737,837.86615,432.892,True,196.0,123.0,119.0,light,8.12464758363528,45.454997298853435
17,1624,3,0,0.6012356,847.7293,428.74142,876.0763,494.4336,True,65.0,124.0,117.0,dark,13.623350306418855,37.17988412694321
17,1625,4,0,0.81896514,1109.5924,437.67795,1145.5365,526.5883,True,73.0,123.0,121.0,dark,20.799444650611125,36.27251311198889
17,1625,5,0,0.83761495,640.99774,425.87933,686.764,488.42432,True,71.0,123.0,125.0,dark,8.691207128583844,35.65048102413864
17,1625,8,0,0.7771387,460.968,410.81613,491.365,457.5176,True,228.0,100.0,211.0,other,1.8844321844365848,37.43052780009093
17,1625,10,0,0.86189085,1024.1013,395.07755,1078.8297,464.01285,True,68.0,125.0,116.0,dark,15.594783808677226,43.61149638743459
17,1625,2,0,0.797176,681.86707,444.2913,736.5335,516.95624,True,189.0,119.0,124.5,light,11.669016112474907,32.73644990310996
17,1625,13,0,0.43935055,869.8206,446.50705,920.1619,521.5492,True,65.0,126.0,118.0,dark,15.789944241388906,34.288439742490326
17,1625,147,0,0.73468226,1246.1371,637.18335,1279.241,718.2616,True,188.5,127.0,118.0,light,30.151474232359234,20.144314377954487
17,1625,9,0,0.78515655,741.34735,409.24527,771.4553,474.65027,True,191.5,121.0,120.0,light,9.704304912763726,38.54760698775525
17,1625,7,0,0.4769306,805.3554,377.1503,836.3305,434.01364,True,194.5,122.0,121.0,light,7.976351678928507,45.268808031433124
17,1625,3,0,0.6466678,848.1847,429.8313,878.83563,494.36285,True,65.0,124.0,117.0,dark,13.437627926113453,37.24018267491547
17,1625,148,0,0.34288812,820.62115,385.52692,850.65985,457.28433,True,72.0,124.0,119.0,dark,10.190016574086794,41.93791770797969
17,1626,4,0,0.8168804,1111.7953,440.73462,1144.0873,528.3102,True,73.0,125.0,119.0,dark,20.667670039567973,36.10124160546222
17,1626,5,0,0.78897285,638.4429,425.4409,682.1628,483.57935,True,78.0,123.0,125.0,dark,8.055197112821382,36.224621153575875
17,1626,8,0,0.8025989,466.74487,410.21762,497.2162,457.844,True,228.0,100.0,211.0,other,1.8719085727527234,37.44385053062111
17,1626,10,0,0.8365412,1024.1887,395.61905,1079.5869,464.92603,True,76.0,124.0,119.0,dark,15.431144483812288,43.48646111232037
17,1626,2,0,0.7230741,683.64795,445.4244,720.2239,518.55,True,191.0,120.0,122.0,light,11.43477064705926,32.48464418325532
17,1626,13,0,0.6265527,873.20557,447.24774,905.1001,522.61957,True,66.0,126.0,116.0,dark,15.528626770859281,34.118743000779126
17,1626,147,0,0.7318736,1245.2964,636.15875,1279.4723,719.3597,True,185.0,127.0,118.0,light,29.982266380291794,20.128122531269355
17,1626,9,0,0.8549006,733.67944,409.442,771.3745,475.1033,True,193.0,122.0,120.0,light,9.45109144779796,38.440131849214175
17,1626,7,0,0.6292072,808.3223,376.7136,837.2918,435.81293,True,179.0,123.0,121.0,light,7.9604964103857005,44.99458278526733
17,1626,3,0,0.6299903,845.327,423.57285,875.5246,491.21307,True,65.0,126.0,116.0,dark,12.954710397397951,37.61598597259817
17,1627,4,0,0.8659615,1111.6605,445.51044,1147.9824,528.9766,True,73.0,125.0,116.0,dark,20.502333327532675,36.078459153484005
17,1627,5,0,0.72494274,637.07513,424.92807,676.8295,483.64798,True,72.5,122.0,125.0,dark,7.786506745651395,36.18436873325404
17,1627,8,0,0.8324409,472.27194,409.82874,502.8099,457.3356,True,228.0,100.0,212.0,other,1.7659383454044937,37.57715965749282
17,1627,10,0,0.7753116,1028.1522,396.67633,1077.8717,465.77042,True,80.0,124.0,121.0,dark,15.26776909386658,43.388081213569855
17,1627,2,0,0.75404805,684.6092,447.17017,715.348,520.1701,True,187.0,122.0,119.0,light,11.303203993126575,32.29934235145015
17,1627,13,0,0.6565905,870.3572,447.13165,900.3501,524.15137,True,65.0,125.0,118.0,dark,15.327247845553888,33.92696317067004
17,1627,147,0,0.7979032,1245.014,635.01465,1279.7319,719.8222,True,187.0,127.0,118.0,light,29.789253732189934,20.166282773114336
17,1627,9,0,0.85787034,728.9813,410.09473,769.4114,475.51602,True,194.0,122.0,119.0,light,9.19768390938062,38.352731844097505
17,1627,7,0,0.39835674,810.98755,376.6628,837.551,439.9791,True,162.5,124.0,120.0,light,8.116640687076275,44.36125598091435
17,1627,3,0,0.54674804,843.3973,420.67206,876.21075,490.76932,True,66.5,126.0,116.0,dark,12.69330340939192,37.68178074573577
17,1627,148,0,0.27549562,814.2847,383.62595,846.0232,448.21973,True,98.0,124.0,121.0,dark,8.921687781730443,43.1918688622519
17,1628,4,0,0.86181,1111.9792,447.153,1152.7477,527.8506,True,71.0,127.0,117.0,dark,20.248972909473018,36.28911236099385
17,1628,5,0,0.7786183,635.9296,424.6276,670.1751,484.55515,True,72.5,122.0,124.0,dark,7.562510073244683,36.0437887429402
17,1628,8,0,0.84338236,477.7281,409.3418,507.96085,457.45978,True,231.0,100.0,211.0,other,1.703580555056743,37.63243524484515
17,1628,10,0,0.61996,1028.6963,396.89023,1066.4624,466.5534,True,76.0,123.0,121.0,dark,14.944558749198507,43.23520686703237
17,1628,2,0,0.84435576,679.6857,447.64566,712.19916,520.4908,True,181.0,123.0,121.0,light,11.034650646011531,32.25178395754272
17,1628,13,0,0.6904935,872.28436,446.12625,902.9929,524.8253,True,67.0,124.0,121.0,dark,15.188934938270444,33.91729050083721
17,1628,147,0,0.83126175,1245.2656,634.0828,1279.7793,719.92316,True,184.0,127.0,119.0,light,29.576557001078378,20.24851339683021
17,1628,9,0,0.83863664,727.84955,411.39072,765.10736,476.29745,True,189.0,123.0,119.0,light,8.977514347355696,38.2375844712237
17,1628,3,0,0.6395224,844.948,419.45758,879.9383,491.0337,True,67.0,125.0,118.0,dark,12.539564160723748,37.709459967124815
17,1628,218,0,0.38967445,1037.4117,396.81335,1062.7417,466.19043,True,74.5,124.0,121.0,other,14.976211403140104,43.31754891866729
17,1628,148,0,0.27465686,811.13885,383.12234,844.06384,450.07352,True,105.0,123.0,122.0,dark,8.777836000450783,42.89761289761306
17,1629,4,0,0.8749087,1110.1017,447.84665,1157.4534,527.56885,True,72.0,127.0,117.0,dark,20.028568305188944,36.38175654092669
17,1629,5,0,0.8369445,634.62787,424.31546,666.6273,484.77206,True,70.0,123.0,123.0,dark,7.323353691025945,36.00554060393389
17,1629,8,0,0.8419063,483.33194,409.63092,513.82196,457.88226,True,232.0,100.0,212.0,other,1.6782035846881584,37.65206971207734
17,1629,10,0,0.73182577,1036.2611,396.43384,1064.5765,467.68848,True,75.0,122.0,121.0,dark,14.84001109285106,43.13094998957241
17,1629,2,0,0.7954973,674.0782,447.96823,713.61505,521.21106,True,183.0,121.0,124.0,light,10.839860643016003,32.1759730208958
17,1629,13,0,0.82071817,870.6335,445.18973,906.7429,524.5712,True,65.0,124.0,121.0,dark,14.980697877544156,33.99429088272888
17,1629,147,0,0.786011,1244.6389,633.6902,1279.7118,719.97375,True,186.0,128.0,121.0,light,29.371776442839945,20.316714982011117
17,1629,9,0,0.7910992,730.5202,412.07385,759.15106,477.0926,True,190.0,121.0,121.0,light,8.789156892750661,38.1316101197132
17,1629,3,0,0.725642,847.1244,419.27866,879.496,491.71973,True,66.0,125.0,118.0,dark,12.384907458032117,37.658925613156
17,1629,148,0,0.5951964,809.3527,386.52463,846.44794,452.33792,True,95.0,122.0,125.0,dark,8.739384846063668,42.58179137793694
17,1630,4,0,0.8694966,1106.2722,448.36603,1159.8344,527.3805,True,71.0,127.0,117.0,dark,19.8026706273684,36.42862917130484
17,1630,5,0,0.81178313,632.0758,423.2498,668.4119,485.9208,True,74.0,123.0,124.0,dark,7.217200628480734,35.867042796965194
17,1630,8,0,0.83955854,488.55112,410.10437,518.7159,458.78708,True,231.5,100.5,211.0,other,1.6904794270112367,37.59426611164035
17,1630,10,0,0.7922719,1037.6417,395.52322,1065.6743,468.13635,True,71.0,122.0,121.0,dark,14.683012863717769,43.10432046197531
17,1630,2,0,0.86796415,666.3731,448.1872,714.2841,520.76074,True,180.0,122.0,125.0,light,10.558547972495548,32.20282521894117
17,1630,13,0,0.83551365,867.906,444.68417,909.2814,524.46643,True,65.0,124.0,121.0,dark,14.783556049535656,34.029341218454874
17,1630,147,0,0.71242225,1243.5057,634.03125,1279.2593,720.0,True,184.5,128.0,118.0,light,29.19427318943034,20.356198641269767
17,1630,9,0,0.7730536,728.52716,412.1681,754.87006,477.17163,True,192.0,122.0,120.0,light,8.533383533687784,38.09616091246125
17,1630,3,0,0.7184445,847.541,419.60898,874.4021,491.78845,True,67.0,125.0,118.0,dark,12.14411645536565,37.641863120402505
17,1630,148,0,0.533568,811.14557,388.03738,844.13477,453.60925,True,81.0,122.0,124.0,dark,8.629319129334727,42.406139890122766
17,1631,4,0,0.86202806,1102.9943,449.3149,1159.0376,527.87317,True,71.0,127.0,117.0,dark,19.620251734270234,36.37278813084645
17,1631,5,0,0.8502508,626.958,422.05643,667.2817,482.1544,True,74.0,123.0,124.0,dark,6.6933849235135625,36.307331276167396
17,1631,8,0,0.7624344,493.6392,410.8673,523.80383,459.01547,True,235.0,100.0,211.0,other,1.6593030633357002,37.62290581212046
17,1631,10,0,0.81583816,1034.9779,394.6533,1066.4738,467.68045,True,72.0,123.0,121.0,dark,14.450977772005169,43.17849079431946
17,1631,2,0,0.8443214,656.10474,448.59668,713.1096,521.31903,True,186.0,123.0,126.0,light,10.326069438408398,32.079120276137786
17,1631,13,0,0.85514575,861.458,444.65024,911.20764,523.06586,True,64.0,124.0,120.0,dark,14.494922900310955,34.17767316195788
17,1631,147,0,0.68834823,1242.2443,634.5257,1277.3582,719.7857,True,182.0,128.0,118.0,light,29.03287690105131,20.38507187547599
17,1631,9,0,0.82931054,724.1947,412.29,753.5588,477.24164,True,191.0,122.0,121.0,light,8.308992595743414,38.05949615176869
17,1631,3,0,0.66391873,847.3569,419.47043,872.0821,491.7113,True,68.0,125.0,119.0,dark,11.94485497594795,37.64934263282741
17,1631,148,0,0.46143293,798.2648,386.42502,835.3044,455.5237,True,97.0,121.0,124.0,dark,8.356105392192676,42.00442749271931
17,1631,225,0,0.39970648,1210.9778,292.65228,1248.5566,341.91452,True,123.0,189.0,148.0,other,8.830695002106244,68.9213156074268
17,1632,4,0,0.81734866,1103.75,450.39877,1155.9496,528.598,True,71.0,125.0,118.0,dark,19.489921306731762,36.28317504131417
17,1632,5,0,0.7510095,619.36554,420.77585,663.70416,478.70456,True,92.5,123.0,126.0,dark,6.151824582343113,36.67042209674854
17,1632,8,0,0.82562196,498.03354,410.7884,528.8329,459.5088,True,234.0,100.0,213.0,other,1.658840468978263,37.60119598636206
17,1632,10,0,0.86675406,1029.1029,394.1855,1067.5448,466.42282,True,75.0,122.0,123.0,dark,14.156797208637546,43.33369935267676
17,1632,2,0,0.6283421,651.07825,449.1626,708.61487,521.27563,True,186.5,122.0,122.0,light,10.09064681832767,32.02025545077441
17,1632,13,0,0.7432546,856.2547,449.77948,911.50977,522.39026,True,64.0,126.0,120.0,dark,14.265485722109057,34.2264487137414
17,1632,147,0,0.76672727,1239.1987,634.1252,1276.86,719.8192,True,194.0,127.0,115.0,light,28.89234803174796,20.379730019195573
17,1632,9,0,0.85704243,715.69635,412.14404,751.55994,477.72635,True,194.0,123.0,122.5,light,8.082734443102602,37.92602626194376
17,1632,3,0,0.39818943,845.2615,418.65564,869.9141,479.34045,True,74.0,126.0,121.0,dark,10.891281518402167,39.22586839172948
17,1632,148,0,0.38437355,788.31177,380.04303,831.6872,456.99417,True,116.5,122.0,124.0,dark,8.162560550554032,41.706572071202714
17,1633,4,0,0.7743043,1104.6475,451.25873,1149.9498,529.1367,True,69.0,126.0,117.0,dark,19.335925732626272,36.2147297124299
17,1633,5,0,0.6986264,615.5781,420.08444,651.91595,477.26437,True,84.0,124.0,125.0,dark,5.728022143475128,36.76250426786204
17,1633,8,0,0.86491233,502.39792,410.57175,533.05597,459.54187,True,235.0,100.0,213.0,other,1.6164732670472348,37.64848962728151
17,1633,10,0,0.86351055,1023.50934,394.16034,1066.3416,465.92404,True,75.0,122.0,123.0,dark,13.902541140371588,43.38606306135779
17,1633,2,0,0.6436111,650.9631,449.71582,686.8999,521.7695,True,187.0,123.0,125.0,light,9.777392809851857,31.841180911353653
17,1633,13,0,0.58352995,854.1935,449.10233,906.38324,522.4876,True,63.0,125.0,122.0,dark,14.070695162396387,34.18616598181812
17,1633,147,0,0.858705,1232.0645,632.95825,1273.4059,719.93274,True,197.0,128.0,114.0,light,28.716090798296282,20.345615472079217
17,1633,9,0,0.8206573,708.85944,413.23782,747.64575,478.3809,True,190.0,124.0,121.0,light,7.8773841457056015,37.78174817732315
17,1633,3,0,0.55547523,842.9487,418.38483,866.35956,476.95148,True,82.0,125.0,120.0,dark,10.516649311747608,39.52117739367164
17,1633,148,0,0.4826736,782.82385,385.7966,832.225,456.23172,True,99.0,121.0,124.0,dark,7.900372879410448,41.79676207378451
17,1634,4,0,0.82208467,1103.1725,451.02966,1139.6163,529.2414,True,71.0,127.0,116.0,dark,19.10895781005286,36.149215603033134
17,1634,5,0,0.6686057,612.44635,419.8223,647.2046,478.6115,True,72.0,124.0,125.0,dark,5.629572088162622,36.53558356726425
17,1634,8,0,0.73472047,506.36768,410.85123,537.3831,459.7479,True,237.0,100.0,212.0,other,1.6029454151343923,37.664665650683524
17,1634,10,0,0.8700601,1018.83496,394.77118,1063.2561,466.55527,True,79.0,122.0,123.0,dark,13.730504091045061,43.26092962984487
17,1634,2,0,0.7643459,647.2819,450.0424,676.7698,521.4874,True,188.0,122.0,122.0,light,9.507028261865685,31.787509251805858
17,1634,147,0,0.849413,1227.9272,631.0413,1270.318,719.9682,True,193.0,127.0,114.0,light,28.573016709258024,20.324270434817144
17,1634,9,0,0.7885742,708.25006,413.55643,741.14655,479.0231,True,195.0,124.0,120.0,light,7.727251539584587,37.65362727393011
17,1634,3,0,0.66483945,840.12683,417.88733,864.93744,482.98703,True,78.0,126.0,121.0,dark,10.779574758747588,38.702233169034315
17,1634,148,0,0.43032643,782.09357,381.31903,830.62787,451.99142,True,112.0,122.0,124.0,dark,7.402675071538405,42.39721295237415
17,1635,4,0,0.86906743,1098.8423,450.39145,1134.7051,529.882,True,69.0,124.0,120.0,dark,18.93715828616673,36.04925874486857
17,1635,5,0,0.69974464,607.32196,419.7745,634.17035,478.59192,True,68.0,122.0,123.0,dark,5.3095069250749045,36.43502435203019
17,1635,8,0,0.6609311,510.04648,410.84494,540.75604,458.69412,True,238.5,100.0,214.0,other,1.4609870699032035,37.8592793630146
17,1635,10,0,0.7348263,1017.30884,395.6057,1056.9376,467.58078,True,81.0,123.0,122.0,dark,13.587077979433735,43.09419871772137
17,1635,2,0,0.7918902,640.1946,450.01865,672.95514,523.2265,True,189.0,121.0,122.0,light,9.406490257930585,31.539194746334807
17,1635,147,0,0.8611456,1223.8932,628.5831,1267.2916,719.99347,True,186.0,126.0,114.0,light,28.431105471152886,20.316002814688048
17,1635,9,0,0.7936803,707.05676,413.69342,735.61774,479.579,True,198.0,124.0,121.0,light,7.576579518685366,37.553659652019704
17,1635,3,0,0.49543476,836.8062,417.11435,861.3106,486.72156,True,77.0,127.0,122.0,dark,10.849063340769728,38.19358177368526
17,1635,148,0,0.50167334,779.15625,380.16772,828.70074,450.68936,True,129.0,121.0,121.0,dark,7.112319215892385,42.57523485979868
17,1635,13,0,0.48602393,852.2258,447.72244,885.8642,523.4231,True,70.0,124.0,123.0,dark,13.67731370259216,33.970951844708665
17,1636,4,0,0.8905684,1095.384,449.39792,1133.3961,529.5088,True,69.0,124.0,119.0,dark,18.7677850817584,36.08661016504
17,1636,5,0,0.7245384,600.87244,419.04306,629.0166,479.9471,True,63.0,123.0,121.0,dark,5.181388431550215,36.19722187395977
17,1636,8,0,0.72987676,513.2017,410.6182,543.8219,458.07404,True,240.0,100.0,213.0,other,1.355998485047137,37.99087790746828
17,1636,10,0,0.78106534,1020.0985,396.49615,1049.1613,468.34906,True,79.0,124.0,122.0,dark,13.467860022461064,42.97986903309015
17,1636,2,0,0.831275,632.2863,449.34714,670.00354,521.7684,True,188.5,120.5,121.0,light,9.094627274447989,31.64267681167922
17,1636,147,0,0.7967091,1219.3917,626.7765,1265.6637,720.0,True,185.5,126.0,114.0,light,28.310057561020695,20.300129935254663
17,1636,9,0,0.8086963,702.6913,413.7704,731.20074,479.9265,True,194.0,123.0,121.0,light,7.396072465372525,37.4662448622172
17,1636,3,0,0.40731046,832.1837,416.80072,855.87494,487.91733,True,81.0,128.0,121.0,dark,10.715768840516576,37.994410141236166
17,1636,148,0,0.5305473,773.79834,384.50775,816.2764,451.10455,True,97.0,119.0,123.0,dark,6.823233091504969,42.419177264682155
17,1636,13,0,0.5091564,850.285,445.53485,881.80084,523.44037,True,66.0,125.0,120.5,dark,13.516192413034371,33.947158033434
17,1637,4,0,0.8816831,1091.4955,449.19965,1132.4954,530.03595,True,69.0,124.0,119.0,dark,18.637506313934807,36.039268830918985
17,1637,5,0,0.5428594,592.93585,418.0557,623.91766,474.5103,True,66.0,123.0,122.0,dark,4.46676459423711,36.84408759999288
17,1637,8,0,0.8575151,516.965,410.01352,546.6059,458.7696,True,242.0,99.0,214.0,other,1.3668077684673712,37.963974220451185
17,1637,10,0,0.6887267,1015.058,396.57413,1040.979,468.6394,True,81.0,124.0,119.0,dark,13.218460668865127,42.90278676564117
17,1637,2,0,0.8342313,619.33704,449.091,667.2065,521.1931,True,189.0,121.0,122.0,light,8.785223151900613,31.63723962503686
17,1637,147,0,0.8465048,1213.433,625.6783,1262.3953,720.0,True,188.0,125.0,114.0,light,28.15754794536558,20.28961638607387
17,1637,9,0,0.8345065,694.46313,413.40643,726.64276,478.8967,True,194.0,122.0,121.0,light,7.05601332044575,37.5517698128389
17,1637,3,0,0.5262693,828.51855,417.56107,851.1044,488.52054,True,79.5,128.0,120.5,dark,10.550087640698143,37.900888682541975
17,1637,148,0,0.5616561,772.0249,386.79602,805.4753,451.8402,True,83.0,122.0,124.0,dark,6.61189090143594,42.269857357134555
17,1637,13,0,0.7246033,845.1581,447.36646,878.98175,523.4699,True,61.0,124.0,119.0,dark,13.32827948906793,33.92957247510515
17,1638,4,0,0.8896225,1085.0303,449.33078,1131.2142,528.6979,True,72.0,124.0,120.0,dark,18.38237176520638,36.189207481452094
17,1638,5,0,0.39573038,585.34216,417.17236,619.88855,473.45572,True,63.0,122.0,121.0,dark,4.128519801575404,36.93123151181953
17,1638,8,0,0.8575758,520.4129,409.3077,549.0756,460.71222,True,239.0,99.0,214.0,other,1.486796280084745,37.75933892123797
17,1638,10,0,0.7931371,1011.93964,396.23944,1039.7568,469.19174,True,71.0,123.0,118.0,dark,13.085901698929478,42.84181798997321
17,1638,2,0,0.78976506,607.2205,449.3544,662.9368,521.3588,True,186.0,121.0,124.0,light,8.52271198006219,31.540574675371467
17,1638,147,0,0.8589348,1209.0485,625.3172,1257.5367,719.96124,True,187.0,126.0,114.5,light,28.00897159411344,20.276001268355603
17,1638,9,0,0.87372035,686.2314,413.706,722.36536,478.77313,True,193.5,122.0,120.0,light,6.790598542238272,37.516963757527044
17,1638,3,0,0.4039195,825.7232,418.52487,844.9447,489.6982,True,71.0,127.0,118.0,dark,10.421622507270495,37.727154448189054
17,1638,148,0,0.54042804,769.51465,388.20636,796.7528,451.9051,True,77.0,124.0,120.0,dark,6.361566102523885,42.22320824570605
17,1638,13,0,0.7243978,833.95996,442.49506,878.66895,524.91864,True,61.0,125.0,118.0,dark,13.195357384273045,33.725364277379725
17,1638,7,0,0.722705,791.14355,374.50845,814.4325,438.0241,True,205.0,120.0,120.0,light,5.630205153963612,44.55692789121484
17,1639,4,0,0.8728668,1078.3707,449.73285,1129.2126,527.93933,True,72.0,123.5,120.0,dark,18.140472214878642,36.26791839887631
17,1639,5,0,0.5787953,572.48,416.50693,616.1993,471.16998,True,65.0,123.0,120.0,dark,3.625305102039125,37.15009388630479
17,1639,8,0,0.7933032,524.3654,408.80716,552.1939,461.60086,True,238.0,99.0,215.0,other,1.5198729663892074,37.70702679717614
17,1639,10,0,0.8574842,1007.7774,396.08215,1040.2476,469.2598,True,69.5,125.0,117.0,dark,12.921879023763926,42.852630121614446
17,1639,2,0,0.7287999,601.4722,449.99057,646.59015,523.54095,True,185.0,121.0,122.0,light,8.342166082379899,31.1874401610222
17,1639,147,0,0.85250586,1204.7761,625.3474,1250.1853,719.87067,True,190.0,125.0,114.0,light,27.829378829614928,20.26252676382059
17,1639,9,0,0.86780316,681.7683,414.25296,717.856,479.5403,True,193.0,122.0,120.0,light,6.6305748995303,37.38867976188309
17,1639,148,0,0.74995416,762.65155,388.28665,792.2373,450.6983,True,78.0,125.0,120.0,dark,5.998699039046795,42.360553303952834
17,1639,13,0,0.66898894,825.8638,434.06473,878.09314,520.8327,True,66.5,125.0,119.0,dark,12.737716425370229,34.173225577269584
17,1639,7,0,0.7770523,790.2636,372.69278,812.42773,437.45865,True,205.0,120.0,124.0,light,5.411172988089794,44.66365721800725
17,1640,4,0,0.86093014,1073.7677,450.73605,1125.3995,527.9,True,73.0,124.0,119.0,dark,17.942681336359957,36.25991557753832
17,1640,5,0,0.6491339,562.8222,415.83514,610.1741,468.97653,True,66.0,122.0,122.0,dark,3.1359192338368524,37.359746634486136
17,1640,8,0,0.7289019,529.00336,408.52725,556.9654,461.8631,True,231.0,99.0,213.0,other,1.522684580994156,37.75106898858624
17,1640,10,0,0.8935112,999.21625,396.1439,1041.5623,468.82755,True,68.5,124.0,118.0,dark,12.686466570973304,42.90838892263789
17,1640,2,0,0.8123593,601.5053,451.18634,634.52014,525.35284,True,189.0,122.0,122.0,light,8.239132938843856,30.931124118671953
17,1640,147,0,0.85488665,1200.6455,624.9008,1243.8757,719.6439,True,190.0,125.0,115.0,light,27.660446084185608,20.257318838139575
17,1640,9,0,0.8234637,681.0711,415.04593,713.1121,479.9928,True,191.0,122.0,120.0,light,6.4854131971188265,37.31930174108467
17,1640,148,0,0.765074,753.93896,386.77692,789.97015,450.3742,True,79.0,123.0,121.0,dark,5.714889436310171,42.36782886214576
17,1640,13,0,0.55405533,820.0958,426.8614,877.7657,519.3962,True,77.5,127.0,120.0,dark,12.472349484386392,34.32951918921803
17,1640,7,0,0.73753226,788.9428,370.41388,812.77527,436.98453,True,205.0,120.0,125.0,light,5.2229614160812385,44.76581452171587
17,1641,4,0,0.72412866,1073.1962,452.46417,1120.2339,528.0563,True,73.0,124.0,118.0,dark,17.781966674535088,36.24282103917435
17,1641,5,0,0.6865441,556.67725,415.32617,603.00446,468.0121,True,67.0,122.0,123.0,dark,2.778136417330455,37.42076144368239
17,1641,8,0,0.8028866,533.6458,408.33704,562.1389,462.43887,True,220.0,102.0,209.0,other,1.5595987904431945,37.7546235081917
17,1641,10,0,0.8766345,992.16144,396.40985,1042.1074,467.84415,True,73.0,124.0,117.0,dark,12.420358645671634,43.04551322628405
17,1641,2,0,0.7944521,597.0749,452.3062,625.46124,526.70215,True,184.0,122.0,121.0,light,8.090679492322904,30.716360053737322
17,1641,147,0,0.8362104,1198.2042,623.8712,1237.8673,719.8767,True,193.0,124.0,115.0,light,27.519726877512138,20.228526577515563
17,1641,9,0,0.834647,681.06445,415.00345,708.7239,480.2942,True,190.0,122.0,120.0,light,6.3405739301677535,37.27479142133697
17,1641,148,0,0.81604755,745.5604,386.0911,788.0711,449.3755,True,74.0,122.0,123.0,dark,5.38115062625244,42.47716852964339
17,1641,13,0,0.4515982,818.4881,440.57745,876.1566,519.29974,True,69.0,126.0,119.0,dark,12.321861373890075,34.346292981942646
17,1641,7,0,0.70841306,788.80115,367.9734,820.14044,436.29968,True,202.0,120.0,122.0,light,5.112203547726372,44.954935944469305
17,1642,4,0,0.7876515,1074.2417,453.4371,1112.089,528.4697,True,80.0,124.0,120.0,dark,17.646828780857867,36.17293996545622
17,1642,5,0,0.68125314,555.2455,415.44168,594.14966,470.255,True,69.0,122.0,123.0,dark,2.7400975800848424,37.073108591836025
17,1642,8,0,0.7415162,537.8012,408.68353,564.41095,463.24503,True,217.5,101.0,207.0,other,1.5812444274025133,37.70535209368354
17,1642,10,0,0.852107,988.06433,398.31528,1040.5068,468.1637,True,73.0,123.0,117.0,dark,12.271148980981787,42.9960911992433
17,1642,2,0,0.8308942,588.12134,452.4853,620.7877,527.09064,True,180.0,121.0,125.0,light,7.881670123147563,30.598130038268376
17,1642,147,0,0.8436899,1193.9739,622.05164,1234.3683,720.0,True,191.0,124.0,117.0,light,27.420508440769755,20.176436408838054
17,1642,9,0,0.8314769,677.80835,413.5819,705.0132,480.59457,True,192.5,122.0,121.0,light,6.175319215685312,37.20997572884112
17,1642,148,0,0.7917573,741.90375,385.65512,784.39545,445.71362,True,73.0,123.0,121.0,dark,4.853740260576176,43.00056991566654
17,1642,13,0,0.5122251,818.82465,448.49048,872.5697,520.68066,True,65.0,125.0,119.0,dark,12.281884277749933,34.18068657951063
17,1642,7,0,0.7030923,787.6861,365.81665,815.6048,427.99506,True,209.0,120.0,123.0,light,4.164494765887236,46.26400893041631
17,1643,4,0,0.73371816,1073.589,453.47928,1101.5917,528.941,True,76.0,125.0,119.0,dark,17.45039538629898,36.09122724566927
17,1643,5,0,0.33033204,553.33014,416.3445,586.98663,474.61356,True,67.0,123.0,123.0,dark,2.893144896792161,36.46676856935208
17,1643,8,0,0.49423656,541.26074,408.7834,566.467,466.29175,True,207.5,101.0,205.0,other,1.78935058130606,37.356677590038515
17,1643,10,0,0.826474,988.35394,399.84427,1038.1915,468.9084,True,74.0,123.0,119.0,dark,12.17348225811643,42.922079566316235
17,1643,2,0,0.82038426,577.975,452.74808,618.7009,527.38684,True,182.0,121.0,125.0,light,7.667312567214206,30.511857814254014
17,1643,147,0,0.82611763,1186.8007,620.1552,1233.7112,720.0,True,191.0,124.0,120.0,light,27.27861676959772,20.16668150777012
17,1643,9,0,0.8364026,670.4514,412.00406,701.6647,480.6732,True,190.0,122.0,121.0,light,5.940083812553219,37.161226535559365
17,1643,148,0,0.8146989,741.2024,385.76877,778.8328,446.41858,True,76.0,122.0,123.0,dark,4.707386910720105,42.892748827551486
17,1643,7,0,0.64695597,787.4076,364.55707,815.5059,424.40125,True,204.0,120.0,123.0,light,3.682872748611429,46.88857185737244
17,1644,4,0,0.81813985,1069.9441,452.7508,1099.6,529.73535,True,76.0,125.0,120.0,dark,17.328635620922714,36.00450110122864
17,1644,5,0,0.6266849,541.8157,413.89526,579.6293,476.9817,True,80.0,124.0,127.0,dark,2.7684812284316416,36.061551679317205
17,1644,8,0,0.16464897,540.8745,410.028,567.50116,474.05096,True,148.0,116.0,140.0,other,2.3666370737647013,36.35809743653132
17,1644,10,0,0.84345055,990.7599,400.3785,1032.3726,469.52173,True,79.0,124.0,119.0,dark,12.05489191286654,42.858441162808575
17,1644,2,0,0.8637004,566.17896,453.74927,615.5051,527.51855,True,182.0,120.0,126.0,light,7.417340219269372,30.42657852447759
17,1644,147,0,0.8427359,1177.2142,619.101,1233.3164,717.2661,True,193.0,123.5,119.0,light,27.040793002417413,20.33812450885177
17,1644,9,0,0.847425,662.8827,410.33386,698.385,476.01404,True,189.5,122.0,121.0,light,5.319175684200945,37.73221314587185
17,1644,148,0,0.80472344,741.7493,384.6653,770.1321,447.1701,True,71.0,121.0,122.0,dark,4.54791763656306,42.76495340089218
17,1644,7,0,0.65152687,787.05255,364.4856,819.693,420.5024,True,198.0,119.0,122.0,light,3.2199721952682516,47.602768738829596
17,1644,239,0,0.42188904,1195.2677,309.2637,1221.5592,344.63715,True,94.0,153.0,134.0,other,6.233092232004737,68.79353582133636
17,1644,3,0,0.44762972,800.2294,416.4641,830.0311,488.4505,True,71.0,124.5,118.0,dark,9.193433607305325,37.81335638290036
17,1645,4,0,0.8749149,1065.8192,451.89108,1099.6174,529.90875,True,74.0,124.0,119.0,dark,17.19348707657903,35.99868593832247
17,1645,5,0,0.68164074,529.56714,414.41623,570.9302,478.28537,True,74.0,123.0,123.5,dark,2.533105972981911,35.78363081821741
17,1645,10,0,0.80341303,990.98645,399.77283,1025.2079,470.0407,True,81.0,124.0,121.0,dark,11.896909937947205,42.786129832165564
17,1645,2,0,0.8257222,556.55444,451.29126,609.615,528.1358,True,182.0,120.0,126.0,light,7.201327820693068,30.286028580353847
17,1645,147,0,0.85740614,1170.0743,618.72687,1230.9047,714.456,True,193.0,123.0,120.0,light,26.808315093557987,20.515690857005303
17,1645,9,0,0.8090062,657.1405,409.43213,694.8755,473.60065,True,189.0,122.0,122.0,light,4.897706947600863,38.02461976767139
17,1645,148,0,0.75553334,742.10095,382.8644,764.78156,447.5788,True,74.0,121.0,120.0,dark,4.3993624656249315,42.71065975145001
17,1645,7,0,0.38824594,786.4538,364.70172,816.4607,420.00754,True,199.0,120.0,124.0,light,2.9897540341657667,47.70662996567311
17,1645,239,0,0.32985818,1192.0173,307.80215,1221.9813,344.80923,True,105.5,155.0,135.0,other,6.047170411056736,68.82017448972518
17,1645,3,0,0.6873317,794.0088,416.16113,824.39246,488.38934,True,71.0,126.0,118.0,dark,8.948274207159496,37.78139471517798
17,1645,13,0,0.5823201,814.46594,445.4786,847.13635,522.2761,True,69.5,125.0,122.0,dark,11.75617330115836,33.908698475450954
17,1646,4,0,0.8980458,1061.8484,451.0132,1098.8545,529.8526,True,74.0,125.0,120.0,dark,17.045218917848384,36.00441013505106
17,1646,5,0,0.52863336,519.9038,417.69794,564.5091,478.87027,True,74.0,125.0,122.0,dark,2.2951938408681314,35.62140442165801
17,1646,10,0,0.78779024,988.5486,398.19156,1016.06,469.654,True,83.0,123.0,122.0,dark,11.630816613243105,42.79943665218795
17,1646,2,0,0.48456103,552.2278,453.56738,601.4451,528.2259,True,178.0,121.0,125.0,light,6.982846784274208,30.213302658372843
17,1646,147,0,0.88311064,1168.113,619.0334,1226.11,712.9818,True,189.0,123.5,120.0,light,26.639450055016773,20.604807700527843
17,1646,9,0,0.8484033,653.096,409.06763,691.44495,472.89,True,190.0,123.5,121.0,light,4.642596822778131,38.093322963910055
17,1646,148,0,0.704275,737.3562,380.4016,760.5555,447.14185,True,65.0,121.0,123.0,dark,4.137104372584985,42.744252272133224
17,1646,7,0,0.63546306,785.90106,366.82425,823.36035,423.40686,True,204.0,119.0,126.0,light,3.264584662875619,47.22369342845519
17,1646,239,0,0.31064567,1188.7798,308.94427,1221.653,344.77856,True,123.5,154.0,137.0,other,5.840765507455494,68.8669221549138
17,1646,3,0,0.58557105,791.02026,417.9454,819.11475,489.56616,True,73.0,126.5,117.0,dark,8.839895319634268,37.60178503905037
17,1646,13,0,0.694003,811.6028,443.2793,841.0593,523.2772,True,71.0,125.0,123.0,dark,11.632226886732163,33.760343614441474
17,1647,4,0,0.8915022,1054.134,450.85284,1097.9629,529.0632,True,74.5,125.0,118.0,dark,16.8214698892025,36.08342723662042
17,1647,5,0,0.64273727,514.40924,419.08456,557.0695,479.5174,True,67.0,123.0,123.0,dark,2.1011623181786785,35.47830037450997
17,1647,10,0,0.79307306,985.37634,396.92783,1012.99384,468.96686,True,80.0,124.0,122.0,dark,11.404079428356493,42.90081899056168
17,1647,2,0,0.7735551,550.6718,454.11417,589.0304,528.5869,True,176.0,121.0,124.5,light,6.772948783625039,30.108492392559874
17,1647,147,0,0.8465917,1165.9764,618.5799,1219.0598,712.4429,True,188.0,125.0,118.0,light,26.485043812633823,20.62468466802566
17,1647,9,0,0.8266078,650.2625,409.5629,688.83026,474.0927,True,193.0,124.0,119.0,light,4.574508273095597,37.9273944420744
17,1647,148,0,0.7583904,730.84155,378.9363,758.17285,447.53748,True,62.0,120.0,124.0,dark,3.9529726069437077,42.663474945680626
17,1647,3,0,0.5101486,788.3626,419.3702,813.4519,490.05923,True,73.0,127.0,117.0,dark,8.683724906785454,37.51881165993463
17,1647,13,0,0.76472944,806.04974,443.1716,838.8274,523.5683,True,70.0,125.0,121.0,dark,11.47691865373078,33.70908665982271
17,1648,4,0,0.8976719,1046.0212,451.14148,1095.4027,528.80505,True,76.0,125.0,119.0,dark,16.618419731965545,36.091672411375455
17,1648,5,0,0.66766626,512.75214,420.12067,553.0081,479.6591,True,80.0,121.0,125.0,dark,1.95095581387145,35.45683881332713
17,1648,10,0,0.81957424,981.7319,396.05023,1011.70544,468.22885,True,79.0,122.5,122.0,dark,11.199456946008436,43.02354595754202
17,1648,2,0,0.74889725,547.4684,453.6548,578.742,528.95026,True,179.0,121.0,124.0,light,6.576575887319735,30.01489541914348
17,1648,147,0,0.78806543,1163.196,618.3943,1209.5892,712.69617,True,192.0,126.0,116.0,light,26.3417264997215,20.57532437573124
17,1648,9,0,0.8437087,647.4475,410.54218,686.9964,475.43777,True,194.0,124.0,118.0,light,4.53759860648247,37.75680042530016
17,1648,148,0,0.81879014,724.16675,378.0597,757.7038,446.4573,True,61.0,123.0,119.0,dark,3.6669618575946226,42.82293248362448
17,1648,13,0,0.5380395,797.7201,443.0359,836.8039,522.5633,True,71.0,125.0,120.0,dark,11.220080952811498,33.79785590328978
17,1648,239,0,0.42747667,1183.8384,298.65573,1212.4857,345.45282,True,128.0,178.0,144.0,other,5.429053762880923,68.77174992311735
17,1649,4,0,0.870484,1040.8301,452.0038,1091.5043,528.9917,True,78.0,125.0,119.0,dark,16.464647546010447,36.06227600832576
17,1649,5,0,0.6184114,510.42856,421.2111,545.31116,479.3449,True,79.5,118.0,124.0,dark,1.7255339627487623,35.469505219146235
17,1649,10,0,0.8254697,974.1737,395.86014,1010.22205,466.7917,True,80.0,123.0,122.0,dark,10.908423868424892,43.2256805159525
17,1649,2,0,0.73364,541.42163,453.19888,570.7131,528.6692,True,179.0,122.0,123.0,light,6.338155041051004,29.9911909507019
17,1649,147,0,0.80207294,1164.1031,617.07294,1203.2069,712.61176,True,190.0,127.0,115.0,light,26.243306105416497,20.587221419330263
17,1649,9,0,0.76821816,643.16626,412.43256,685.42444,477.26593,True,194.5,121.0,120.0,light,4.54082387333974,37.519205589300775
17,1649,148,0,0.8160279,716.73145,376.88794,757.1514,443.6931,True,65.0,123.0,120.0,dark,3.227972970656167,43.23615406084123
17,1649,13,0,0.724753,788.7905,442.69083,833.5781,521.24695,True,72.0,125.0,120.0,dark,10.933672868119707,33.91676292221403
17,1650,4,0,0.8422495,1038.8922,453.71915,1084.7095,529.9675,True,81.0,124.0,120.0,dark,16.369077368889492,35.95324402373245
17,1650,5,0,0.429718,505.36295,420.64938,539.0276,476.78983,True,74.0,119.0,125.0,dark,1.281423252532577,35.78587544803887
17,1650,10,0,0.8733267,967.0812,396.60324,1007.077,466.74863,True,82.0,124.0,120.0,dark,10.712960656227628,43.23691407208836
17,1650,2,0,0.79817253,531.0911,453.1355,563.782,528.97534,True,178.0,122.0,123.5,light,6.111788734714946,29.902295789834564
17,1650,147,0,0.84241325,1156.0286,615.3035,1198.3612,712.29016,True,191.0,125.0,115.0,light,26.094721076209595,20.58151604059773
17,1650,9,0,0.80751795,635.50256,415.34592,679.7715,479.675,True,190.0,121.0,120.0,light,4.512715916562739,37.178446597059235
17,1650,148,0,0.80814034,710.6116,376.82074,757.23724,442.1617,True,68.0,122.0,121.0,dark,2.922913184455579,43.502504102856804
17,1650,13,0,0.7708348,778.33246,444.1801,829.0947,521.61835,True,75.0,124.0,120.0,dark,10.736700409882149,33.83815135592194
17,1651,4,0,0.8219516,1038.1548,454.93063,1075.0752,531.1854,True,77.0,125.0,120.0,dark,16.28251915268371,35.83841224232575
17,1651,5,0,0.36793903,494.38925,423.60074,533.04706,475.8605,True,76.5,119.0,124.0,dark,0.9306696400612104,35.8849388086783
17,1651,10,0,0.86226296,960.9323,398.63675,1002.55945,468.2445,True,80.5,123.0,120.0,dark,10.637310562568661,43.06054074343091
17,1651,2,0,0.72308123,517.99786,454.09747,555.6309,526.1093,True,175.0,122.0,123.0,light,5.616069167818175,30.161771668598305
17,1651,147,0,0.8683576,1149.6362,613.8223,1192.8773,712.5555,True,191.0,125.0,115.0,light,25.98301102144997,20.56184586679915
17,1651,9,0,0.8309972,631.1988,418.00537,672.80115,481.88406,True,190.0,119.0,122.0,light,4.501395527307686,36.908972248208094
17,1651,148,0,0.7634882,705.95544,377.64368,753.66595,441.1377,True,67.0,122.0,120.0,dark,2.6479979544594157,43.7127468924612
17,1651,13,0,0.5809237,771.8659,446.81992,822.6636,521.9565,True,81.0,123.0,123.0,dark,10.56844664656371,33.804932894212804
17,1651,7,0,0.5285409,769.6005,378.42535,806.263,442.26434,True,200.0,118.0,125.0,light,4.114329034481257,44.33745638480579
17,1651,3,0,0.5736474,768.8171,417.67773,790.4999,491.3864,True,93.0,126.0,125.0,dark,8.008321433448847,37.31828256274806
17,1651,239,0,0.62049305,1174.3547,311.9439,1198.2263,345.65335,True,143.0,136.0,154.0,other,4.782068317488139,68.94998147068985
17,1652,4,0,0.7865842,1033.9808,455.53232,1065.6154,531.7366,True,75.5,125.0,119.0,dark,16.140667640708116,35.786722390304924
17,1652,5,0,0.26461473,485.51382,425.0644,524.96545,476.04254,True,80.0,119.0,124.0,dark,0.6920165748782147,35.85471848459172
17,1652,10,0,0.79941875,957.90076,400.51486,996.1922,469.7411,True,82.0,122.0,122.0,dark,10.592753311476297,42.89827491819056
17,1652,2,0,0.7006463,505.9442,455.85132,546.5017,525.4973,True,175.0,123.0,123.0,light,5.298982792937009,30.18951179412098
17,1652,147,0,0.8364488,1142.3624,612.6077,1186.178,709.4058,True,190.0,125.0,115.0,light,25.75525128745436,20.779229408602333
17,1652,9,0,0.7906093,629.45374,420.99042,665.71765,482.84723,True,192.0,120.0,121.0,light,4.425416473386571,36.83102293526196
17,1652,148,0,0.7775904,701.7883,378.87518,748.01483,441.7782,True,74.0,122.0,120.0,dark,2.5253234263063464,43.66876069581629
17,1652,13,0,0.6512314,768.7801,447.84805,811.6977,522.363,True,83.0,123.0,122.0,dark,10.405983911920536,33.766058719341295
17,1652,252,0,0.3675885,552.87036,431.96106,609.64374,469.78436,True,222.0,105.0,191.0,other,1.8172308139731388,37.69294028286662
17,1652,7,0,0.6803544,766.78394,379.2931,802.4275,443.4599,True,202.0,118.0,127.0,light,4.080202131293328,44.22993740448577
17,1652,3,0,0.48504743,762.2987,417.6928,782.72723,490.0433,True,96.0,128.0,125.0,dark,7.698600689685853,37.503731751813866
17,1652,239,0,0.47633284,1168.1,314.77368,1194.1943,346.29297,True,158.0,136.0,166.5,other,4.63086143246627,68.9007778672856
17,1653,4,0,0.7924257,1028.4631,455.5327,1059.0946,532.2839,True,76.0,125.0,120.0,dark,16.0197062320457,35.75178665260472
17,1653,5,0,0.2873331,479.06415,427.3696,515.5582,477.71783,True,70.0,119.0,123.0,dark,0.6065083726169158,35.645284391367504
17,1653,10,0,0.797369,955.561,401.4764,988.56195,470.62878,True,81.0,120.0,121.0,dark,10.502176549312455,42.828245077360705
17,1653,2,0,0.767724,494.80386,459.28888,536.1454,528.3002,True,176.5,122.0,123.0,light,5.244162469959775,29.84683504801334
17,1653,147,0,0.8555048,1135.198,612.35864,1179.0626,707.4884,True,190.0,125.0,115.0,light,25.569460600265483,20.912038411429673
17,1653,9,0,0.8210705,628.31714,422.03748,660.6916,483.62558,True,196.0,120.0,121.0,light,4.367052902351905,36.80247086320446
17,1653,148,0,0.73314714,700.30505,380.6574,740.0993,443.02893,True,77.0,121.5,122.0,dark,2.4691958970576104,43.54351047551357
17,1653,13,0,0.6963519,765.8118,448.47974,799.7823,522.7725,True,80.5,123.0,123.0,dark,10.239823468334908,33.72873812200671
17,1653,7,0,0.68350565,763.90375,381.17194,798.75793,444.3135,True,202.0,119.0,127.0,light,4.020737325977238,44.18509059462582
17,1653,3,0,0.6724452,749.84106,418.12933,774.9509,491.1195,True,103.0,129.0,123.0,dark,7.514786757283566,37.34719294503342
17,1653,239,0,0.57534224,1162.1262,316.07767,1189.5382,346.16,True,190.0,135.0,177.0,other,4.396171252345488,69.05078651380194
17,1654,4,0,0.8002116,1023.9703,455.09146,1053.418,532.67676,True,73.0,125.0,120.0,dark,15.91936502178331,35.7261653676876
17,1654,5,0,0.5699462,469.39178,426.9024,507.0007,478.7634,True,94.0,120.0,123.0,dark,0.4524516697368224,35.485087696112224
17,1654,10,0,0.7331577,953.07104,401.60733,980.6577,471.56628,True,76.0,120.0,122.0,dark,10.424512412217819,42.726003633072125
17,1654,2,0,0.79578954,487.51254,464.4756,526.152,531.09796,True,173.0,122.0,123.0,light,5.244748140382964,29.517974871986002
17,1654,147,0,0.8677905,1128.7837,612.25244,1172.0482,706.10156,True,189.0,125.0,115.0,light,25.41295771232276,20.997226586566143
17,1654,9,0,0.80894357,626.9168,421.0119,656.02893,484.05807,True,193.0,120.0,122.0,light,4.2951891116843655,36.800946026045686
17,1654,148,0,0.6555654,698.4474,381.43396,731.96515,443.01965,True,73.0,122.0,122.0,dark,2.30349609158296,43.58518896734444
17,1654,13,0,0.7159562,760.761,448.00958,791.4802,524.0037,True,79.0,124.0,121.0,dark,10.157508254970878,33.58764286822705
17,1654,7,0,0.58408743,760.7578,383.57986,797.43243,443.65604,True,199.0,121.0,127.0,light,3.8638358682978646,44.36457278299906
17,1654,3,0,0.64265275,738.14386,419.67502,767.2663,493.7054,True,93.0,128.0,125.0,dark,7.470325243997536,36.983301954132784
17,1654,239,0,0.22770612,1155.4146,318.4427,1178.95,346.88983,True,196.0,129.0,195.0,other,4.180301488273893,68.9055648657727
17,1654,252,0,0.44963828,554.73755,440.8743,591.6223,470.86246,True,210.0,107.0,197.5,other,1.6252555638878712,37.655358876381314
17,1655,4,0,0.8576238,1015.67615,454.55106,1047.8344,532.4759,True,73.0,125.0,119.0,dark,15.745867740990247,35.75588676539342
17,1655,5,0,0.24714158,458.76834,427.40933,497.95752,481.2454,True,127.0,119.0,127.0,dark,0.41220407490897704,35.13510013288482
17,1655,10,0,0.75880754,948.2599,401.18106,970.8279,471.74527,True,69.5,122.0,120.0,dark,10.240886480277812,42.71220877919004
17,1655,2,0,0.75871104,480.18695,462.8571,516.2733,532.59094,True,178.0,122.0,122.0,light,5.1440601926311205,29.33685245848841
17,1655,147,0,0.859088,1121.1705,612.0001,1164.7028,705.5642,True,191.5,125.0,115.0,light,25.271799106216722,21.02119146732613
17,1655,9,0,0.8185209,623.9969,420.35208,652.3437,483.8152,True,193.0,121.0,121.0,light,4.157431786294086,36.88960942078062
17,1655,148,0,0.5265218,694.84436,381.87762,722.3876,441.83838,True,73.0,120.0,123.0,dark,1.9847609613176849,43.79169571347116
17,1655,13,0,0.69550085,753.5529,448.2508,782.8356,524.06165,True,77.5,125.0,122.0,dark,9.967056880212546,33.57359083695572
17,1655,7,0,0.69125015,756.27014,385.54382,795.52985,440.5521,True,191.0,121.0,125.0,light,3.4545856955158456,44.919631611134406
17,1655,3,0,0.6986479,733.3004,421.51877,759.9004,494.66458,True,79.0,126.0,124.0,dark,7.374479397626383,36.88063126480772
17,1655,239,0,0.41010457,1150.486,319.11725,1172.3947,347.66513,True,179.0,128.5,180.5,other,4.047916457871929,68.80199202330446
17,1655,252,0,0.162648,555.0368,442.7002,587.4116,470.6145,True,228.0,107.0,205.0,other,1.5086391999510758,37.766644845715945
17,1656,4,0,0.84595513,1006.393,454.36404,1042.3583,531.1365,True,72.0,125.0,119.0,dark,15.495885876294453,35.90055898701629
17,1656,5,0,0.32064968,451.48862,431.51178,484.39984,481.7989,True,158.0,118.0,132.0,dark,0.18312359459106395,35.01499196279604
17,1656,10,0,0.7602896,943.9503,400.63077,964.51984,471.83725,True,68.5,120.0,121.0,dark,10.095988152007845,42.72047305210465
17,1656,2,0,0.7769562,470.80435,462.4293,507.41486,533.59235,True,171.0,122.0,124.0,light,4.996024975576387,29.193489115179517
17,1656,147,0,0.8394494,1115.5847,611.3417,1156.7952,705.54974,True,193.0,126.0,115.0,light,25.154657839578803,21.00693342881889
17,1656,9,0,0.7715696,620.71906,420.4993,646.10925,482.40222,True,194.0,121.0,121.0,light,3.8893430757208813,37.10027013894839
17,1656,148,0,0.6127686,684.9828,384.03595,715.1686,442.12436,True,64.5,121.0,122.0,dark,1.7616298792158427,43.729746575941455
17,1656,13,0,0.77393264,745.8522,446.25055,775.63196,523.4167,True,79.0,124.0,122.0,dark,9.737244284014567,33.63498197520083
17,1656,7,0,0.5159531,751.84625,387.70294,780.8623,442.69638,True,182.0,120.0,127.0,light,3.3821188361528995,44.55402824975961
17,1656,3,0,0.6759372,729.3929,422.42667,753.41986,495.7864,True,76.0,125.0,123.0,dark,7.311822792511502,36.75573075184283
17,1657,4,0,0.8566709,998.68134,454.61453,1036.8531,531.10675,True,72.0,125.0,119.0,dark,15.343931739635735,35.884915216257
17,1657,5,0,0.19216867,448.37082,431.13577,481.6702,482.33514,True,134.0,120.0,128.0,dark,0.13149386404978913,34.97280240722704
17,1657,10,0,0.7914913,936.8892,400.47015,960.5236,471.67987,True,68.0,121.0,120.0,dark,9.934641105216606,42.74385511833004
17,1657,2,0,0.7489733,461.2437,464.9669,497.85135,534.5624,True,178.0,123.0,123.0,light,4.848758408790312,29.0272711066158
17,1657,147,0,0.8133345,1111.2905,609.995,1149.3788,704.87354,True,193.0,127.0,115.0,light,25.035668153653734,21.035408200023824
17,1657,9,0,0.8078557,615.8895,420.9605,646.9441,481.2357,True,195.0,121.0,120.0,light,3.7123122986777735,37.294777522944415
17,1657,148,0,0.6863465,677.8866,383.2584,709.7058,442.57187,True,61.0,121.0,122.0,dark,1.6179477754310048,43.65240290143007
17,1657,13,0,0.7236028,734.92126,445.56613,770.3735,525.13446,True,75.0,123.0,123.0,dark,9.667630162848472,33.39598041950177
17,1657,7,0,0.6459124,747.9155,389.1439,771.4995,444.90683,True,179.0,122.0,127.0,light,3.3940140624376625,44.199317652313844
17,1657,3,0,0.21223752,725.4038,422.95935,748.09753,489.46985,True,79.0,124.0,122.0,dark,6.688630259584424,37.575532578563895
17,1657,257,0,0.45784363,556.48883,441.95544,605.9708,471.56577,True,217.5,107.0,195.5,other,1.7374736881823925,37.930200570167806
17,1657,239,0,0.47413892,1138.4346,319.35953,1159.2695,347.9988,True,196.0,128.0,199.0,other,3.6335734633674224,68.79414170024279
17,1658,4,0,0.85266095,992.6254,455.31177,1030.7313,531.7852,True,70.0,125.0,119.0,dark,15.250027767217151,35.76178955863949
17,1658,10,0,0.7815577,930.8239,400.2356,956.44104,471.39774,True,71.0,121.0,121.0,dark,9.783817044752375,42.753002518654725
17,1658,2,0,0.78437585,447.40454,469.1508,489.47913,534.5996,True,171.0,122.5,126.0,light,4.609450250856879,28.915060472261647
17,1658,147,0,0.81871647,1103.7897,608.73627,1142.4799,704.22406,True,193.0,125.0,117.0,light,24.896344838203802,21.03323825789798
17,1658,9,0,0.58921176,611.85187,421.15488,639.59296,480.0352,True,201.0,124.0,120.0,light,3.4627076964861314,37.4118825194352
17,1658,148,0,0.6150525,674.5424,382.2193,705.7035,440.9369,True,63.0,121.0,123.0,dark,1.3498762108659674,43.89194612991175
17,1658,13,0,0.84963316,725.94653,445.01794,765.1615,524.68054,True,81.0,124.0,122.0,dark,9.476152999814603,33.3909193754989
17,1658,7,0,0.7131858,743.9722,390.2302,766.808,445.5445,True,173.5,121.0,127.0,light,3.3300381339949165,44.07916158554329
17,1658,3,0,0.32593244,719.7292,423.79422,742.8601,491.74338,True,76.0,124.0,122.0,dark,6.732400003263213,37.24237148725866
17,1658,257,0,0.4117577,557.35065,441.20834,606.70703,471.83636,True,220.0,107.0,199.0,other,1.7587288139363464,37.937285437454904
17,1658,239,0,0.593167,1132.9113,319.1021,1155.408,348.10327,True,194.0,131.0,197.0,other,3.4864108263039526,68.75142700004399
17,1659,4,0,0.8191508,990.0415,456.43457,1024.3859,532.8081,True,72.0,125.0,118.0,dark,15.206973117498453,35.62073513546672
17,1659,10,0,0.771925,926.41583,400.66003,951.9857,471.1119,True,72.0,123.0,119.0,dark,9.644140813560943,42.77533127492559
17,1659,2,0,0.8131332,437.56836,467.2051,480.61624,535.265,True,173.0,123.0,125.0,light,4.45346247166682,28.75754290755939
17,1659,147,0,0.8161198,1093.2114,607.35333,1136.9103,703.9766,True,196.0,125.0,117.0,light,24.75660115585523,20.994289502257647
17,1659,9,0,0.65177494,610.5644,420.98837,635.17426,479.5714,True,197.0,122.0,123.0,light,3.3372481555575595,37.4710392109046
17,1659,148,0,0.6031138,673.30646,379.19672,701.10126,439.02048,True,66.0,122.0,123.0,dark,1.0676541431494355,44.1914734530375
17,1659,13,0,0.83613956,719.4003,446.12155,758.70233,524.394,True,83.0,125.0,123.0,dark,9.306539575911733,33.375601365223865
17,1659,7,0,0.7159674,739.1988,390.32645,764.3733,446.803,True,176.0,120.0,127.0,light,3.3376488950213403,43.877591912457056
17,1659,3,0,0.36100656,714.154,423.9957,736.0456,489.3771,True,77.0,124.0,122.0,dark,6.390726063456754,37.50480054572833
17,1659,257,0,0.20349096,557.7399,440.69696,604.98834,472.35196,True,221.0,105.0,200.0,other,1.767714749231026,37.89392093461045
17,1660,4,0,0.78972816,988.31,456.90768,1018.13525,533.32855,True,72.0,125.0,119.0,dark,15.150693349688007,35.54605754567697
17,1660,10,0,0.77870643,922.1162,401.69608,949.04266,470.7967,True,81.0,122.0,118.0,dark,9.528520852748263,42.812273974306784
17,1660,2,0,0.75246394,430.7968,466.06888,471.95273,535.7296,True,171.5,123.5,125.0,light,4.320842150456197,28.64476329009916
17,1660,147,0,0.86866844,1082.8931,606.1309,1132.8217,701.31256,True,195.0,125.0,116.0,light,24.552002759703303,21.144114194612683
17,1660,9,0,0.77496535,609.43,421.95856,632.7804,479.75217,True,189.5,123.0,123.0,light,3.2996515784538207,37.46019874787676
17,1660,148,0,0.5701103,669.4398,378.82623,696.268,438.07806,True,76.0,122.0,122.5,dark,0.8545650551061983,44.319784431051346
17,1660,13,0,0.77853304,716.4084,446.86237,750.4521,525.1224,True,73.5,124.0,120.0,dark,9.2328567238604,33.25586472795763
17,1660,7,0,0.8046061,729.7794,390.24765,763.00433,446.89963,True,182.0,121.0,125.0,light,3.2053069026722527,43.829458424703375
17,1660,3,0,0.46708378,706.8027,424.471,730.0922,493.93088,True,74.5,122.0,121.0,dark,6.596440237154461,36.86636288613447
17,1660,257,0,0.49400944,557.3206,437.22424,606.6138,472.81635,True,218.0,104.0,198.0,other,1.8084829243937453,37.87570359498796
17,1661,4,0,0.8032761,984.37646,456.73663,1012.09314,533.3888,True,68.0,126.0,117.0,dark,15.053284051437723,35.51061744656823
17,1661,10,0,0.8340165,915.8178,403.58478,947.5856,470.8529,True,83.0,123.0,117.0,dark,9.44167553707565,42.79083764693904
17,1661,2,0,0.76889414,427.69305,466.03424,464.13428,535.94147,True,171.0,123.0,124.0,light,4.218938766786129,28.587176367760392
17,1661,147,0,0.88745564,1075.5818,605.9644,1127.663,697.6642,True,191.0,125.0,117.0,light,24.33090008671475,21.372901412537452
17,1661,9,0,0.79337114,607.1196,421.19165,631.4013,479.7265,True,178.0,121.0,122.0,light,3.247766370211095,37.47620835480188
17,1661,148,0,0.64726657,665.7066,378.2462,690.7068,437.52606,True,75.0,123.0,121.0,dark,0.6780115451436193,44.38384802318576
17,1661,13,0,0.70027906,715.4546,447.6919,742.86066,524.93335,True,69.0,125.0,120.0,dark,9.12732034572519,33.2576798050525
17,1661,7,0,0.8311938,723.8105,389.8746,760.9125,446.80222,True,187.0,120.0,125.0,light,3.0928457876949293,43.82987075716839
17,1661,3,0,0.7015221,698.39404,425.28842,725.5987,495.47913,True,75.0,123.0,120.0,dark,6.573390965989195,36.62105796858641
17,1661,257,0,0.28906095,556.9908,436.35025,604.935,471.72748,True,217.0,104.0,204.0,other,1.676753551342037,38.048086239056786
17,1661,239,0,0.34616518,1119.0955,317.48108,1141.2168,346.81973,True,178.5,142.0,191.5,other,2.884596027462058,69.03198110656668
17,1662,4,0,0.8243188,977.5849,455.8892,1006.1008,533.0553,True,69.0,126.0,116.0,dark,14.917929580531446,35.50687793230821
17,1662,10,0,0.8607722,906.561,404.81555,945.68854,470.7618,True,85.0,121.0,119.0,dark,9.319549358803041,42.77185413933324
17,1662,2,0,0.7709642,424.6033,466.21866,457.28873,535.97565,True,169.0,121.0,125.0,light,4.124654137303848,28.558724648296234
17,1662,147,0,0.81789017,1071.0977,606.0228,1120.7384,696.1193,True,190.0,125.0,118.0,light,24.20200647994239,21.4531845116294
17,1662,9,0,0.80632883,604.8611,419.16653,629.14874,479.98212,True,188.0,122.0,118.5,light,3.2240476880765856,37.45335642203377
17,1662,148,0,0.46831864,659.77655,376.85846,683.9756,437.03946,True,74.0,122.0,120.0,dark,0.48046582455234194,44.41859881286147
17,1662,13,0,0.7088907,710.461,447.22876,736.8288,524.8121,True,68.0,124.0,120.0,dark,9.013584745587082,33.23972145117636
17,1662,7,0,0.8596245,718.4707,389.4441,758.5606,446.5602,True,184.0,120.0,124.0,light,2.9846350295954105,43.85908626275862
17,1662,3,0,0.7164193,688.83093,427.44806,716.50116,497.76706,True,72.5,123.0,121.0,dark,6.559753020737847,36.25013567752865
17,1662,257,0,0.3345733,556.17975,431.24695,598.25867,469.33423,True,191.0,106.0,184.0,other,1.3748473170417288,38.36793759209145
17,1663,4,0,0.8739694,969.3047,454.1686,1001.12714,532.5009,True,70.0,127.0,115.0,dark,14.780273614953025,35.49435278253722
17,1663,10,0,0.8555843,898.6475,406.47955,943.33685,470.8193,True,83.0,121.0,120.0,dark,9.238333877524264,42.69992568648051
17,1663,2,0,0.783508,418.96497,465.44785,449.98865,536.15533,True,176.0,121.0,123.0,light,4.030534423731626,28.468112761794487
17,1663,147,0,0.8307058,1068.2164,605.1966,1112.1582,695.5581,True,193.0,124.0,116.0,light,24.11652455529599,21.438244369146194
17,1663,9,0,0.74118125,600.1758,417.36075,626.66644,480.01877,True,190.0,123.0,120.0,light,3.1731988964912574,37.40817786403539
17,1663,148,0,0.56092757,653.29004,380.58902,676.25854,437.4063,True,72.0,122.0,120.0,dark,0.37349977072746393,44.26901489669836
17,1663,13,0,0.7254303,705.1324,446.18198,730.7489,524.231,True,66.5,123.0,121.0,dark,8.881241374651195,33.24177640995109
17,1663,7,0,0.8445649,713.6661,388.72662,754.7478,445.75455,True,184.0,118.0,124.0,light,2.835591118600311,43.930114840721274
17,1663,3,0,0.74426067,677.9101,429.3587,708.79144,498.3005,True,74.0,122.0,120.0,dark,6.4284517774920245,36.06981102491499
17,1663,257,0,0.37958443,553.53235,429.8582,602.49963,468.17407,True,,,,other,1.3108109509788968,38.54589732151494
17,1664,4,0,0.8651804,960.7715,452.9812,997.31506,531.3536,True,68.0,128.0,115.0,dark,14.607829924269401,35.552660451893175
17,1664,10,0,0.82601297,894.08734,406.41653,941.0344,471.07495,True,79.0,121.0,120.0,dark,9.199580833278711,42.61948662508184
17,1664,2,0,0.765402,410.4919,465.9763,443.62344,536.7361,True,174.0,122.0,122.0,light,3.9372035543947854,28.315353812473905
17,1664,147,0,0.8178216,1065.7277,603.199,1105.279,695.1311,True,196.0,124.0,115.0,light,24.048066835020958,21.416891990830496
17,1664,9,0,0.64611334,595.7431,415.82022,624.7754,476.8033,True,195.5,123.0,119.0,light,2.8323373187420833,37.79850336735974
17,1664,148,0,0.6668767,648.24304,377.32172,672.63416,437.1999,True,79.0,123.0,120.0,dark,0.2605587886406572,44.24585824626536
17,1664,13,0,0.77161014,697.0263,444.7926,725.3395,523.37836,True,67.0,122.0,123.0,dark,8.697763914393043,33.256741271950744
17,1664,7,0,0.7170926,709.2323,388.40866,750.0931,444.37073,True,192.0,119.0,124.0,light,2.612108267540029,44.085177413111154
17,1664,3,0,0.78202504,668.69867,431.0215,701.76385,498.34467,True,75.0,122.0,120.0,dark,6.272871962109997,35.96135858366888
17,1665,4,0,0.8681386,953.83954,452.06674,994.99286,529.8814,True,68.0,127.0,115.0,dark,14.4484119798297,35.63728289782757
17,1665,10,0,0.8151837,892.0191,405.50336,936.7597,470.38406,True,79.0,122.0,120.0,dark,9.095890689797166,42.64507509900883
17,1665,2,0,0.7946668,402.32437,465.85486,438.37048,536.24054,True,176.0,121.0,123.0,light,3.777784414973142,28.244100037682067
17,1665,147,0,0.84983444,1059.8477,600.3503,1101.4,693.91583,True,194.0,124.0,114.0,light,23.951635480493213,21.426854125342256
17,1665,9,0,0.6964484,591.29865,413.41788,623.15283,473.13553,True,200.0,122.0,123.0,light,2.4522774957760327,38.21737079867648
17,1665,148,0,0.6417556,644.094,379.86838,670.6652,436.7758,True,71.0,123.0,119.0,dark,0.1584843822979129,44.2348617055955
17,1665,13,0,0.79662246,688.6148,444.34177,721.2449,523.17413,True,66.0,122.0,123.0,dark,8.5740625627328,33.16645245721556
17,1665,7,0,0.6392496,709.0215,386.9066,744.7022,442.6449,True,183.0,119.0,124.0,light,2.398324893553559,44.28034334894377
17,1665,3,0,0.744377,661.8483,431.30557,696.96985,496.8106,True,70.0,122.0,120.0,dark,6.043986346910149,36.04372190858887
17,1666,4,0,0.87069464,948.75684,451.62903,991.8733,529.0701,True,70.5,127.0,115.0,dark,14.34052983562899,35.622245649154074
17,1666,10,0,0.79420555,891.4366,404.35333,930.26636,469.8796,True,75.0,122.0,120.0,dark,8.999244576480775,42.60815310702797
17,1666,2,0,0.7776619,398.165,466.02365,435.12955,535.2228,True,177.0,121.0,123.0,light,3.6390785101810947,28.232229425171596
17,1666,147,0,0.86698794,1055.6451,597.1241,1097.93,692.68896,True,195.0,124.0,114.0,light,23.87242061590437,21.425303660230668
17,1666,9,0,0.72077775,591.7542,412.13086,621.92487,469.1898,True,194.0,122.0,120.0,light,2.101978746868964,38.68294843385952
17,1666,148,0,0.5428213,639.4257,379.08087,669.65967,436.5292,True,66.5,122.0,120.0,dark,0.07984878588656649,44.16443129277604
17,1666,13,0,0.8398474,683.35956,443.586,717.9703,522.6108,True,66.0,122.0,123.0,dark,8.466423008074779,33.11138661480062
17,1666,7,0,0.6946543,700.4593,385.44693,737.4069,441.06436,True,189.5,120.0,123.0,light,2.0748872922012813,44.34962876214871
17,1666,3,0,0.741274,657.0993,428.7211,692.96436,492.82153,True,69.5,121.5,120.0,dark,5.647663690101994,36.426874347823315
17,1666,239,0,0.44686514,1095.2009,314.21405,1121.7877,345.83127,True,183.0,142.0,193.0,other,2.2475753601204183,68.96128389246756
17,1667,4,0,0.8851509,946.41174,452.17133,989.3817,528.5256,True,71.0,125.0,117.0,dark,14.265880715983268,35.62033151294395
17,1667,10,0,0.7923137,889.2877,402.62698,922.3554,469.35825,True,63.0,120.0,121.0,dark,8.844123076480248,42.588338527935335
17,1667,2,0,0.6393906,395.2386,465.71063,429.7827,534.73346,True,176.0,120.0,124.0,light,3.508871491706541,28.176276196943395
17,1667,147,0,0.8726885,1052.7441,594.74896,1095.0516,690.72375,True,188.0,124.0,114.0,light,23.77517431858934,21.496975943821155
17,1667,9,0,0.78228253,594.7956,411.40024,620.08563,470.40988,True,204.0,123.0,119.0,light,2.2140677433459164,38.4819076607855
17,1667,148,0,0.5752589,634.1381,372.8639,667.81476,433.1452,True,80.0,125.0,118.0,dark,-0.3715434102926742,44.6222106249193
17,1667,13,0,0.8131048,679.6174,444.08582,715.4973,521.0889,True,64.0,123.0,122.0,dark,8.291524262711818,33.20490699368477
17,1667,7,0,0.71152085,697.4325,384.6932,731.9995,440.66534,True,184.5,121.0,121.0,light,1.9205565328594814,44.32423377555625
17,1667,3,0,0.7891245,653.3948,426.977,688.6354,491.72556,True,68.5,122.0,119.0,dark,5.465207832357628,36.47404542392098
17,1667,264,0,0.46364734,427.80902,429.22647,456.21252,481.05643,True,81.0,127.0,118.0,dark,-0.5270112594384057,34.856566813974815
17,1667,239,0,0.54308856,1093.8207,309.14105,1120.8861,345.61414,True,129.0,179.5,171.0,other,2.1671485719799484,69.02506943086001
17,1668,4,0,0.87871075,945.66284,453.33554,985.67914,528.0648,True,73.0,125.0,118.0,dark,14.182779989973968,35.640913331054776
17,1668,10,0,0.79424596,880.97375,400.81635,914.4743,469.53476,True,64.0,120.0,121.0,dark,8.65268351679547,42.46318116503339
17,1668,2,0,0.43124288,393.76727,467.67566,429.43008,534.5624,True,175.0,120.0,125.0,light,3.4452526604796843,28.15132475834914
17,1668,147,0,0.8777329,1050.4509,592.9494,1091.7358,688.6724,True,185.0,124.0,114.0,light,23.665515740514586,21.595256775057933
17,1668,9,0,0.7609753,597.2126,411.53052,618.289,473.67874,True,199.0,122.0,123.0,light,2.4793415842674382,38.02974708348873
17,1668,148,0,0.6825467,629.93726,367.65613,665.96893,432.2037,True,95.0,127.0,113.0,dark,-0.5919516526107862,44.73997900508482
17,1668,13,0,0.79385585,677.7551,444.77682,712.36346,519.6919,True,63.0,123.0,122.0,dark,8.115532368965571,33.32110902035944
17,1668,7,0,0.7041165,695.92584,384.57175,728.1973,440.06714,True,187.0,121.0,121.0,light,1.7563333833435077,44.390648015476415
17,1668,3,0,0.820664,650.0426,425.74924,685.2489,491.41476,True,69.5,122.0,119.0,dark,5.336457043172833,36.46014163374745
17,1668,264,0,0.4502304,427.68155,429.0465,454.38293,481.1031,True,70.0,127.0,119.0,dark,-0.5890448326262142,34.819224603056064
17,1668,239,0,0.43257433,1092.5695,312.35583,1118.2219,345.634,True,132.5,163.5,170.0,other,2.060177804473494,69.08072304142311
17,1669,4,0,0.86803114,945.6176,454.1628,980.9521,527.9378,True,76.0,125.0,119.5,dark,14.117913071701887,35.62013207167911
17,1669,10,0,0.82892776,877.0267,399.6631,909.81445,469.56653,True,65.0,120.0,122.0,dark,8.53633114306767,42.40757126052305
17,1669,2,0,0.6219167,389.76154,467.03546,426.18066,535.471,True,171.5,121.0,124.0,light,3.4161325821478576,27.978310749979904
17,1669,147,0,0.8708342,1047.0829,592.2312,1087.9603,686.6008,True,187.0,125.0,113.0,light,23.542481620734808,21.690195542870672
17,1669,9,0,0.73249775,597.6455,410.62503,617.61053,474.81863,True,195.0,120.0,127.0,light,2.54524215430483,37.86388580654513
17,1669,148,0,0.6197319,626.9889,366.9504,664.2553,432.202,True,98.0,128.0,112.0,dark,-0.6945488215397876,44.714685898005634
17,1669,13,0,0.7634684,677.11237,445.0834,710.92676,519.08405,True,66.5,122.0,123.0,dark,8.02903788460758,33.36367984572799
17,1669,7,0,0.78831416,695.0029,384.59882,724.57526,439.78882,True,185.0,121.0,120.0,light,1.6353127111890786,44.41057872181606
17,1669,3,0,0.77394474,647.3883,424.32996,681.65076,491.60648,True,68.5,122.0,119.0,dark,5.256864350173295,36.384086144977
17,1669,264,0,0.4525188,426.56085,425.99045,453.15683,480.4607,True,74.0,127.0,117.0,dark,-0.7171273564362014,34.86859367024612
17,1669,239,0,0.37101588,1090.1355,315.74142,1114.6023,345.64676,True,138.5,148.0,183.0,other,1.9240270258938417,69.11332136010053
17,1670,4,0,0.8270705,943.43713,454.42078,975.59735,527.4881,True,70.0,124.0,118.0,dark,14.009771726850355,35.60395916382794
17,1670,10,0,0.86318076,874.28357,398.5319,907.9154,469.7418,True,65.0,120.0,121.0,dark,8.486458230649431,42.33279089403949
17,1670,2,0,0.75870395,382.29767,467.00882,419.29715,535.66,True,180.0,121.0,123.0,light,3.2720895742320883,27.827936299388348
17,1670,147,0,0.85983473,1043.8531,591.8544,1084.708,685.5636,True,188.0,124.0,113.0,light,23.45763366879629,21.706471128083216
17,1670,9,0,0.58650446,596.17413,410.27905,618.6583,474.3914,True,200.0,120.0,123.0,light,2.484514807685646,37.890508906668444
17,1670,148,0,0.4658254,627.1825,368.8019,662.5467,432.2283,True,96.0,127.0,113.0,dark,-0.7346231792397582,44.679428088593994
17,1670,13,0,0.7270853,675.58417,444.85495,707.23706,518.1264,True,66.0,123.0,123.0,dark,7.894387348148004,33.41317364206999
17,1670,7,0,0.7558739,695.15063,385.2234,721.12384,439.7716,True,184.0,119.0,120.0,light,1.5729361844208016,44.37067216643063
17,1670,3,0,0.7225212,645.7248,423.81818,678.8298,491.10733,True,68.0,121.0,120.0,dark,5.153066031640624,36.39038534009312
17,1670,264,0,0.4012619,425.49426,425.38385,454.51038,480.70813,True,65.5,127.0,117.0,dark,-0.7105106684565162,34.80286773085796
17,1670,239,0,0.24281968,1087.8347,316.44864,1112.6383,345.8566,True,133.0,143.0,180.0,other,1.857206169036051,69.05405324487701
17,1671,4,0,0.81909764,940.7842,453.16983,971.1154,527.2611,True,71.0,125.0,120.0,dark,13.920887685654499,35.566808914906105
17,1671,10,0,0.89451885,870.8398,397.65262,906.86,468.42258,True,66.0,121.0,120.0,dark,8.321536233408619,42.47837696934931
17,1671,2,0,0.81259865,376.18713,465.64407,414.2865,535.2484,True,177.0,122.0,122.0,light,3.117062400702055,27.76512182002108
17,1671,147,0,0.8648669,1039.8315,591.4738,1080.8696,683.715,True,189.0,124.0,114.0,light,23.332784895720756,21.78124174500147
17,1671,9,0,0.6972249,596.9318,408.5403,620.5353,474.61368,True,199.0,120.0,125.0,light,2.5218891450030867,37.85166959115705
17,1671,13,0,0.7856709,672.3909,443.26245,702.47473,517.1476,True,67.0,122.0,122.0,dark,7.732178826771879,33.45172347685994
17,1671,7,0,0.78206855,693.1632,385.9526,718.3707,440.0908,True,175.0,121.0,121.0,light,1.5311953217582344,44.268680972651275
17,1671,3,0,0.787902,644.5926,422.70477,675.87933,491.64694,True,68.0,121.0,119.0,dark,5.1435188691681,36.267593706842895
17,1671,264,0,0.57410353,427.01218,423.7051,454.36816,481.0031,True,69.0,127.0,117.0,dark,-0.6810267544830754,34.741345735930864
17,1671,239,0,0.4595221,1084.6531,311.77032,1111.338,346.0024,True,125.5,168.0,167.0,other,1.783956332474037,69.00373532551785
17,1671,266,0,0.6627,1268.7396,453.992,1279.8917,524.4204,True,124.0,140.0,151.0,other,20.131004773529988,39.772987589809354
17,1672,4,0,0.85406035,939.3604,452.06482,968.6725,527.5451,True,68.0,124.0,118.0,dark,13.887779851296889,35.49350459826326
17,1672,10,0,0.8651105,864.8207,397.31787,905.38,466.9271,True,68.0,121.0,118.0,dark,8.101084118881419,42.63139894739827
17,1672,2,0,0.8492854,373.37613,462.5974,409.76218,535.1356,True,177.0,122.0,124.0,light,3.0158820715381727,27.71071678142042
17,1672,147,0,0.85211694,1037.5789,590.775,1077.2837,681.17883,True,190.0,124.0,115.0,light,23.185269179943404,21.931036147381302
17,1672,9,0,0.7271901,596.1602,407.72253,622.48956,474.76328,True,199.5,121.0,123.0,light,2.530437660686339,37.82109764642554
17,1672,13,0,0.8220693,667.555,441.98788,696.68506,518.04865,True,64.0,123.0,122.0,dark,7.674267539543819,33.26016755888834
17,1672,7,0,0.7519537,689.9219,387.3125,717.926,440.31754,True,175.5,121.0,123.0,light,1.4893357933086693,44.19045092622524
17,1672,3,0,0.71778154,645.83124,421.5199,673.1462,491.3247,True,65.0,122.0,118.0,dark,5.083772346760096,36.28170486213153
17,1672,264,0,0.4592656,429.4865,421.0523,458.268,481.39127,True,70.0,127.0,117.0,dark,-0.5920551345365517,34.71386564485305
17,1672,239,0,0.4901695,1083.6053,308.87186,1110.4187,345.961,True,124.0,188.0,165.0,other,1.7282364198049067,68.99012396163882
17,1672,266,0,0.8292467,1265.6832,452.5011,1279.9996,524.11255,True,136.0,161.0,147.0,other,20.07581177230897,39.780668816639555
17,1672,148,0,0.37468132,624.28973,377.0108,654.9616,431.83386,True,82.0,127.0,113.0,dark,-0.944916859746351,44.63244528534551
17,1673,4,0,0.8385086,938.9372,450.5861,966.7801,527.61395,True,69.0,125.0,117.5,dark,13.848981944069743,35.455237851191676
17,1673,10,0,0.86410165,860.3493,398.2323,904.19226,466.02402,True,66.0,121.0,120.0,dark,7.942443620821485,42.70650631087166
17,1673,2,0,0.8478915,372.72327,459.6134,405.0319,535.12384,True,173.0,122.0,123.0,light,2.944108182787247,27.652031987195286
17,1673,147,0,0.82487446,1035.7148,589.0816,1073.1067,679.941,True,192.0,124.0,114.0,light,23.074651020937974,21.98547973422857
17,1673,9,0,0.68625176,594.93805,407.69928,623.6578,473.84534,True,197.0,121.0,124.0,light,2.4274002557412566,37.92173354129833
17,1673,13,0,0.81017613,664.21783,440.7879,691.7002,518.4291,True,64.0,123.0,122.0,dark,7.598255991180305,33.14154439957404
17,1673,7,0,0.84542954,685.4546,387.7393,718.50745,440.34344,True,180.0,120.0,124.0,light,1.4238194650904314,44.13455365057635
17,1673,3,0,0.7186382,646.5244,420.6083,670.6893,489.67294,True,68.0,122.0,118.0,dark,4.907788105225832,36.46195965936681
17,1673,264,0,0.5977817,431.92242,420.43436,463.07175,481.55374,True,98.0,127.0,117.0,dark,-0.5127477869544124,34.71368030180876
17,1673,239,0,0.39348754,1083.9495,310.3211,1109.1403,345.74274,True,124.0,168.0,165.0,other,1.6591355966444756,69.01558145958502
17,1673,266,0,0.7720279,1260.6207,450.9656,1280.0,524.1519,True,130.5,164.5,148.0,other,20.004775224882508,39.73477698025759
17,1673,148,0,0.5630039,624.5208,376.57193,651.22314,431.63177,True,83.0,125.0,113.0,dark,-1.0306102944025266,44.613811422893384
17,1674,4,0,0.82695055,938.0878,449.48483,965.4789,526.993,True,70.0,125.0,118.0,dark,13.767095867782382,35.494031229541605
17,1674,10,0,0.87859213,858.7304,399.50406,902.6697,466.71228,True,68.0,122.0,120.0,dark,7.939464995555423,42.558517644076495
17,1674,2,0,0.7735096,371.78198,458.49597,401.1784,534.8655,True,175.0,124.0,120.0,light,2.8585849475444416,27.61868997841206
17,1674,147,0,0.8502763,1033.001,587.1362,1069.7057,678.7472,True,196.0,125.0,114.0,light,22.96459114698696,22.0298698014956
17,1674,9,0,0.5240092,593.315,409.01416,624.76447,472.6946,True,196.0,122.0,121.0,light,2.2966762700926227,38.046104534205085
17,1674,13,0,0.8111139,660.5884,440.64227,687.70557,518.04803,True,63.0,123.0,121.0,dark,7.471697949645391,33.11168325186102
17,1674,7,0,0.7940689,682.5957,388.44745,718.9891,440.32755,True,179.0,119.0,126.0,light,1.3710090595413922,44.089820055440576
17,1674,3,0,0.6736178,643.8045,420.9462,668.6357,488.68237,True,82.0,123.0,119.0,dark,4.752469747182896,36.53132167047695
17,1674,264,0,0.54151106,432.13147,421.31235,469.30164,480.97607,True,135.0,127.0,118.0,dark,-0.5133566723569533,34.79956389300934
17,1674,239,0,0.43145132,1084.6989,306.34363,1109.392,345.05206,True,123.5,180.5,157.0,other,1.5577339954632867,69.16714191045988
17,1674,266,0,0.80308586,1255.8645,449.77386,1280.0,524.2298,True,125.0,169.5,151.0,other,19.93681326296344,39.67866815719862
17,1674,148,0,0.53862196,623.6923,378.0864,646.10516,431.4249,True,74.0,125.0,116.0,dark,-1.1481716491613008,44.572338151426514
17,1675,4,0,0.8362292,935.2311,448.90576,964.16016,526.5308,True,71.0,125.0,118.5,dark,13.665848322634812,35.50723034343177
17,1675,10,0,0.8599555,858.5625,400.27405,899.7133,467.0308,True,68.0,123.0,118.0,dark,7.898107402556202,42.46996333849397
17,1675,2,0,0.780564,368.6564,457.7295,396.37405,534.48376,True,177.0,123.0,120.0,light,2.723724162922647,27.58183346098734
17,1675,147,0,0.81292516,1029.6858,585.02954,1066.6924,677.79,True,194.0,125.0,114.0,light,22.852402194594273,22.06218652129552
17,1675,9,0,0.4862074,594.5701,408.37268,626.1192,471.19345,True,190.0,122.0,120.0,light,2.160976304872081,38.24435251884009
17,1675,13,0,0.7871591,657.59076,440.74585,684.8191,517.19867,True,62.0,123.0,121.0,dark,7.319808595613612,33.15245564408275
17,1675,7,0,0.79797465,680.3344,388.68512,720.00684,440.37817,True,179.0,121.0,126.0,light,1.330339048620626,44.04643494781751
17,1675,3,0,0.66873217,640.9454,421.59607,666.4358,488.32858,True,88.0,123.0,122.0,dark,4.63937894531743,36.51965644886553
17,1675,264,0,0.5415032,431.67963,424.4038,475.00497,479.75266,True,138.0,125.0,121.0,dark,-0.5966982685764392,34.96495718623648
17,1675,239,0,0.2196328,1085.677,303.86447,1109.712,344.85297,True,125.0,186.0,153.0,other,1.5093476206569632,69.20228962408419
17,1675,266,0,0.8212514,1251.3495,448.29266,1279.9637,522.5988,True,127.0,167.0,152.0,other,19.77081807957001,39.84677170647285
17,1675,148,0,0.357209,622.5335,376.77527,642.14386,431.44717,True,68.0,127.0,115.0,dark,-1.2392434487546296,44.5029846735308
17,1676,4,0,0.81427276,933.12634,448.92902,963.2587,526.26294,True,72.0,125.0,118.0,dark,13.585204990630459,35.51172477496675
17,1676,10,0,0.84001297,858.25793,400.501,894.7854,466.97034,True,72.0,122.0,118.0,dark,7.798055828012036,42.431100916984434
17,1676,2,0,0.7195664,365.45663,457.59177,392.51508,534.09894,True,180.0,123.0,121.0,light,2.5907149237321434,27.561187388619953
17,1676,147,0,0.8470011,1026.4852,583.5535,1064.1136,677.2719,True,192.0,124.0,114.0,light,22.758944274843298,22.06907690353999
17,1676,9,0,0.5737739,594.3232,407.5263,625.4516,471.85294,True,194.0,121.0,120.0,light,2.1772788160010115,38.130776294665544
17,1676,13,0,0.7414434,654.11316,441.03525,682.3857,516.75525,True,62.0,123.0,120.0,dark,7.193019107510051,33.15416367259329
17,1676,7,0,0.75234866,678.8963,389.5311,719.8469,441.223,True,180.0,120.0,125.0,light,1.3582114169811361,43.885622821572994
17,1676,3,0,0.67767096,640.2399,422.2685,665.1697,488.48892,True,83.0,124.5,122.0,dark,4.598133692259256,36.47083568916583
17,1676,264,0,0.561057,428.14215,425.3343,477.16763,479.18726,True,134.0,126.0,119.0,dark,-0.6990545626801429,35.01119810114497
17,1676,239,0,0.22362937,1086.7645,305.67657,1109.9733,345.01273,True,124.0,165.5,154.0,other,1.5011489117239514,69.15460505123194
17,1676,266,0,0.86312175,1245.758,447.34106,1279.8943,521.4971,True,127.0,164.5,151.0,other,19.619206377725984,39.947024222150056
17,1676,148,0,0.4262501,622.3197,373.935,640.32434,430.61136,True,67.0,125.0,116.5,dark,-1.3896396158436415,44.605917808068675
17,1677,4,0,0.81616026,932.81854,449.47623,961.61334,525.67993,True,72.0,126.0,119.0,dark,13.491021412200462,35.566864781625206
17,1677,10,0,0.8352408,857.77405,400.49338,889.62537,466.8405,True,66.5,122.0,119.0,dark,7.684284023867849,42.405859951799314
17,1677,2,0,0.7549097,361.39795,457.8981,388.36517,532.9756,True,187.0,123.0,121.0,light,2.3855711621617406,27.61847020216622
17,1677,147,0,0.8517478,1024.3207,582.9701,1062.6561,675.2244,True,190.0,123.0,115.0,light,22.619785189591475,22.211195004586955
17,1677,9,0,0.6789398,595.75726,405.59677,627.50574,472.63675,True,199.0,121.0,121.0,light,2.2539633456921573,38.036847165707556
17,1677,13,0,0.6225232,650.9775,442.03223,679.87335,517.6528,True,60.0,123.0,120.0,dark,7.168996273750553,33.0052521567794
17,1677,7,0,0.5568025,677.38214,390.39798,713.8942,441.56595,True,180.5,120.0,125.0,light,1.264534969653712,43.76875938087931
17,1677,3,0,0.62270784,639.2531,423.23364,663.3527,488.26486,True,88.0,126.0,122.0,dark,4.513878828220443,36.47327740676329
17,1677,264,0,0.56529146,426.67905,426.89517,479.2187,477.66757,True,138.0,127.0,119.0,dark,-0.8710898145470115,35.202908741526585
17,1677,239,0,0.28871772,1087.4498,307.45673,1110.1935,345.34503,True,121.0,160.0,154.0,other,1.5016727705478876,69.06292630836357
17,1677,266,0,0.8648597,1238.3782,446.8888,1279.9921,521.14355,True,127.0,164.0,151.0,other,19.484059889040502,39.94868698684452
17,1677,148,0,0.4257627,620.4329,366.84888,639.29663,428.9256,True,73.0,128.0,112.0,dark,-1.6431414066700738,44.84775425717647
17,1678,4,0,0.7861177,932.81177,450.32516,960.0286,525.7801,True,70.0,124.0,120.0,dark,13.425463900188216,35.56856002381081
17,1678,10,0,0.7855474,858.18085,399.97845,882.645,466.94495,True,68.0,121.0,121.0,dark,7.563542109699705,42.362616119226665
17,1678,2,0,0.7881393,355.47745,460.05008,385.0792,533.1779,True,185.5,124.0,120.0,light,2.265757343431401,27.56420177343214
17,1678,147,0,0.8560385,1023.8748,583.35645,1061.3381,673.77783,True,192.0,124.0,114.0,light,22.49805621358337,22.347122681391376
17,1678,9,0,0.7099294,598.6995,408.02557,630.48334,473.38928,True,207.0,120.0,121.0,light,2.3420774363160626,37.99278769318521
17,1678,13,0,0.6492736,648.86554,442.57935,677.54767,517.6773,True,63.0,125.0,120.0,dark,7.07609495852921,32.99803761640948
17,1678,7,0,0.52165383,673.2263,391.24124,709.5853,441.9216,True,181.0,119.0,127.0,light,1.1484981923133355,43.66668870209753
17,1678,3,0,0.60560125,637.56726,424.71924,661.3755,488.0739,True,91.0,126.0,123.0,dark,4.408922215987015,36.49477987019384
17,1678,264,0,0.6093485,424.55475,428.73682,482.97922,477.7021,True,141.0,125.0,120.0,dark,-0.8927654496532721,35.229957180310194
17,1678,239,0,0.25786746,1087.5581,305.8524,1110.8838,345.406,True,120.5,161.5,150.0,other,1.4579691272698825,69.02855497357785
17,1678,266,0,0.8517576,1233.5599,447.06384,1279.8154,520.19916,True,127.0,164.0,151.0,other,19.318245660257325,40.059496185326516
17,1679,4,0,0.79404354,932.01807,450.73294,958.7898,526.1517,True,71.0,124.0,120.0,dark,13.361308564770352,35.54791448841413
17,1679,10,0,0.80553186,858.2799,399.52292,877.93445,467.22302,True,70.0,122.0,118.0,dark,7.470450905289029,42.31802843274544
17,1679,2,0,0.8531119,347.8407,463.78802,383.55496,532.95215,True,183.5,124.0,120.0,light,2.107771085871046,27.574401515593753
17,1679,147,0,0.84879345,1022.1038,583.89417,1060.3193,673.4639,True,192.0,124.0,115.0,light,22.39833777692469,22.404849548484883
17,1679,9,0,0.71264005,599.77563,412.42978,632.3162,474.17593,True,206.0,121.0,119.0,light,2.393952655728483,37.93783586677178
17,1679,13,0,0.6712377,645.5685,442.5235,675.8743,517.3239,True,63.0,125.0,120.0,dark,6.94186300317748,33.04720152534814
17,1679,7,0,0.6579867,669.09216,391.85446,705.6366,442.33224,True,181.0,120.0,127.0,light,1.0383246353335915,43.57008242618725
17,1679,3,0,0.5785592,637.3444,426.08356,658.94617,487.87753,True,93.0,125.0,123.0,dark,4.308688181887709,36.53776936322305
17,1679,264,0,0.5561309,423.84613,431.58868,483.0827,479.059,True,146.0,122.0,122.0,dark,-0.8145177612584168,35.084241814743535
17,1679,239,0,0.15476783,1088.9117,301.04565,1113.1069,344.87723,True,128.0,178.0,150.0,other,1.3768047188254078,69.1571290714082
17,1679,266,0,0.85783327,1231.0764,448.06204,1278.683,520.23303,True,130.0,170.5,152.0,other,19.203013041339986,40.06382139074609
17,1680,4,0,0.7928437,930.14215,450.58737,957.0291,526.25323,True,70.0,124.0,119.0,dark,13.266707743355783,35.548039855117615
17,1680,10,0,0.8426896,853.7396,399.11902,876.7017,467.68945,True,71.0,124.0,118.5,dark,7.386679269405236,42.232965428293454
17,1680,2,0,0.62581617,339.0816,465.80972,382.75214,532.77094,True,188.0,124.0,120.0,light,1.9550683273811988,27.583708614495972
17,1680,147,0,0.83577543,1020.24805,583.9682,1059.6001,673.3905,True,189.5,124.0,115.0,light,22.306018181999796,22.450652236971635
17,1680,9,0,0.6595533,599.8748,414.52356,631.82886,473.41248,True,206.0,121.0,118.0,light,2.275807076677949,38.071221914764095
17,1680,13,0,0.5260202,640.66705,442.70233,672.6109,518.22925,True,66.0,127.0,120.0,dark,6.875277665217924,32.92966239838562
17,1680,7,0,0.6416759,675.60474,392.56937,701.91565,444.31537,True,184.0,121.0,124.0,light,1.222348714574521,43.30214960777724
17,1680,3,0,0.43816328,635.3239,427.03818,657.5597,484.8494,True,90.0,125.0,122.0,dark,3.96547877709753,36.94614930280735
17,1680,239,0,0.25742766,1090.4028,299.18872,1114.426,344.2282,True,129.0,180.0,149.0,other,1.2861799926965531,69.281089915258
17,1680,266,0,0.85493994,1230.6816,449.2492,1276.7306,520.48145,True,132.0,169.0,151.0,other,19.11310805271231,40.04219288852756
17,1681,4,0,0.8224894,928.13586,449.8706,955.4678,526.35675,True,69.0,125.0,119.0,dark,13.17948755700835,35.55711568644661
17,1681,10,0,0.8278341,847.8156,398.73984,876.0488,467.78094,True,72.5,123.0,119.0,dark,7.269302119053543,42.20847419628338
17,1681,147,0,0.84477556,1017.54645,583.74,1059.1301,673.7145,True,193.0,124.0,115.0,light,22.232610993227425,22.465431127003345
17,1681,9,0,0.6986572,599.39795,413.68018,628.90845,472.10928,True,205.0,122.0,116.0,light,2.0800464704612494,38.268884437566506
17,1681,13,0,0.43279955,640.3489,444.3832,670.19525,517.75757,True,66.0,126.0,120.0,dark,6.765893827385774,33.017395205260215
17,1681,7,0,0.6562438,677.734,393.24344,699.0867,446.18335,True,187.0,122.0,124.0,light,1.3568264271331905,43.042778856163636
17,1681,3,0,0.3697807,633.45197,428.08182,655.5547,477.26227,True,90.5,125.0,120.0,dark,3.221599738074383,37.97543965694516
17,1681,239,0,0.5926209,1091.8348,297.4173,1115.8502,344.47794,True,132.0,177.0,146.0,other,1.30846249158175,69.20071216170987
17,1681,266,0,0.81187606,1231.794,450.39996,1272.9213,520.8758,True,135.0,170.0,151.0,other,19.036001469667784,40.00961314897487
17,1681,148,0,0.30251884,611.2989,367.8086,629.576,424.74496,True,71.0,128.0,110.5,dark,-2.495760994056878,45.475553023290786
17,1682,4,0,0.8690504,925.9788,449.57358,953.28455,526.50226,True,68.0,126.0,117.0,dark,13.09364004188784,35.58409659947973
17,1682,10,0,0.85860926,843.0259,399.6657,874.3817,468.11002,True,75.0,123.0,120.0,dark,7.175993568753546,42.184249881599676
17,1682,147,0,0.8758498,1014.9723,583.06476,1058.2207,674.73724,True,194.0,124.0,114.0,light,22.19315619882911,22.442355825877677
17,1682,9,0,0.36246502,597.7712,415.22385,627.8397,473.33075,True,208.0,122.0,117.0,light,2.1211852550716266,38.15467342370321
17,1682,13,0,0.6541889,637.7689,445.41037,667.821,517.2113,True,69.0,125.0,122.0,dark,6.63005485427399,33.1241406283582
17,1682,7,0,0.7081916,676.6532,394.23837,696.84766,447.96335,True,187.0,122.0,123.0,light,1.4492453997752095,42.81517406086777
17,1682,3,0,0.64108014,626.0733,428.9928,651.37805,485.04712,True,99.0,123.0,122.0,dark,3.729982095865961,36.933767713694024
17,1682,239,0,0.6166907,1092.5017,296.753,1116.5427,345.05203,True,130.0,177.0,145.0,other,1.3467861545339068,69.09541552749454
17,1682,266,0,0.8378741,1231.6471,450.7617,1265.8369,521.3783,True,133.0,174.0,150.0,other,18.930430765221896,39.968839709877244
17,1682,148,0,0.38597026,607.47253,369.9807,625.1684,424.64462,True,71.0,129.0,111.0,dark,-2.6443282729427167,45.49657773875499
17,1683,4,0,0.87094694,920.6388,449.37708,951.05914,527.08044,True,69.0,125.0,120.0,dark,13.021530917340119,35.54425613238656
17,1683,10,0,0.8911572,839.84985,400.9759,872.26483,469.06284,True,79.0,125.0,119.0,dark,7.165842981996252,42.08494745922267
17,1683,147,0,0.8233845,1010.66187,582.103,1057.6731,675.1475,True,196.0,125.0,113.0,light,22.13474199691061,22.460805019636908
17,1683,9,0,0.34492,595.727,415.54544,626.51575,476.5419,True,207.5,122.0,116.0,light,2.3505384218782908,37.7774665273281
17,1683,13,0,0.62438524,632.9096,445.73764,661.87573,517.4597,True,74.0,125.0,122.0,dark,6.510796218923018,33.10865791842728
17,1683,7,0,0.73982567,673.7469,395.1653,694.2158,449.69183,True,190.0,122.0,122.0,light,1.528144148713695,42.591483007981196
17,1683,3,0,0.4833679,620.6478,429.1544,646.0865,486.71957,True,98.0,123.0,123.0,dark,3.7318610176446745,36.725081467669696
17,1683,239,0,0.62335545,1091.3557,296.22162,1116.1978,345.35123,True,131.0,178.0,145.0,other,1.3373549764115829,69.04618422289197
17,1683,266,0,0.84209335,1230.6116,450.6578,1259.3168,521.64197,True,133.0,176.0,150.0,other,18.830415754820034,39.95731917102869
17,1683,2,0,0.3252396,324.5695,467.4581,375.47885,533.93823,True,180.0,122.0,122.0,light,1.7385777271526464,27.550516645242237
17,1684,4,0,0.8718371,916.3992,449.35013,948.90576,527.4192,True,73.0,125.0,118.0,dark,12.958195585047427,35.533021016639466
17,1684,10,0,0.87203246,838.07947,401.94788,868.3677,470.01834,True,78.0,123.0,121.0,dark,7.165260484843859,41.97703697445177
17,1684,147,0,0.8031115,1009.1512,581.34644,1059.8427,675.5389,True,192.0,124.5,114.0,light,22.127924265211668,22.502331243722736
17,1684,13,0,0.76399124,626.35925,446.2958,658.79956,517.3853,True,77.0,125.0,121.0,dark,6.390520100077999,33.13694932729158
17,1684,7,0,0.7843978,670.5251,396.143,691.3553,451.29996,True,190.0,123.0,122.0,light,1.601585224643832,42.38147879221196
17,1684,3,0,0.36780053,616.4189,429.47598,641.0313,487.87238,True,96.0,122.0,122.0,dark,3.7168053778643584,36.5935024923361
17,1684,239,0,0.5231106,1089.2659,297.3741,1114.5177,345.8236,True,129.0,175.0,144.0,other,1.3356973614516283,68.91981638394748
17,1684,266,0,0.83097947,1228.9336,450.34067,1255.0339,522.425,True,131.0,179.0,150.0,other,18.78748579111529,39.87703452457366
17,1685,4,0,0.84911144,913.9748,450.17285,946.3297,527.7468,True,74.0,126.0,118.0,dark,12.916238167597387,35.518715221513744
17,1685,10,0,0.82612306,836.99554,402.51813,863.6297,470.3268,True,74.0,123.0,120.0,dark,7.117830141219608,41.94773673199061
17,1685,147,0,0.7343409,1000.19696,581.009,1059.7996,674.8117,True,192.5,124.0,115.0,light,22.010710009243287,22.568924928147105
17,1685,13,0,0.742068,621.65765,446.3558,655.76166,515.85913,True,80.0,124.0,123.0,dark,6.185942097135899,33.3303850421537
17,1685,7,0,0.7414038,665.9365,397.02505,688.3414,453.40353,True,190.0,122.0,123.0,light,1.7099397494771118,42.074030539266445
17,1685,3,0,0.45225078,615.17694,428.98944,637.1107,488.3787,True,87.0,123.0,124.5,dark,3.698485558508977,36.55625655621526
17,1685,239,0,0.21928933,1087.2858,298.7935,1111.9064,346.00003,True,129.0,169.0,144.0,other,1.2930441312773409,68.85714807741765
17,1685,266,0,0.8389478,1224.7874,449.0616,1252.2451,522.8175,True,130.5,184.0,151.0,other,18.722800122859457,39.831718471809786
17,1686,4,0,0.84409636,912.56805,450.56482,943.6202,527.8611,True,72.0,125.0,118.0,dark,12.876705496710253,35.51726855365337
17,1686,10,0,0.8337498,836.6089,402.77966,860.24036,469.8621,True,71.0,125.0,120.0,dark,7.037552791772384,42.0245871126622
17,1686,147,0,0.8839818,990.2365,579.99176,1059.6838,672.8928,True,192.0,124.0,115.0,light,21.843733891832482,22.70684730709598
17,1686,13,0,0.7057052,616.02026,447.53998,656.0008,515.39886,True,79.5,124.0,123.0,dark,6.092650172611767,33.39674070056576
17,1686,7,0,0.7041963,662.8957,398.2227,684.5744,454.18143,True,190.0,122.0,124.0,light,1.7074428327575892,41.95355625619533
17,1686,3,0,0.339413,614.17444,429.0725,633.8262,487.39722,True,79.0,123.0,124.0,dark,3.5684758204778495,36.70038849652371
17,1686,239,0,0.32500985,1085.7843,300.69864,1110.6005,346.2944,True,131.0,163.0,144.0,other,1.2988903067521846,68.76426356258374
17,1686,266,0,0.8458573,1217.7037,448.58325,1249.1608,522.3511,True,130.0,177.0,150.0,other,18.588430875271015,39.85548918224208
17,1686,2,0,0.62990665,300.4678,474.39505,337.2491,534.65314,True,177.0,123.0,121.0,light,1.1471471082303966,27.310340129206132
17,1687,4,0,0.83235323,911.0804,450.5357,942.45184,527.931,True,74.0,125.0,118.0,dark,12.853918585738622,35.5244432045562
17,1687,10,0,0.8164302,835.5441,401.99796,857.84784,469.9641,True,71.0,125.0,120.0,dark,7.010226164219754,42.016634898927634
17,1687,147,0,0.8706724,985.5879,576.48145,1056.0529,670.91235,True,194.0,124.0,115.0,light,21.694853308382445,22.85413783511959
17,1687,13,0,0.7183692,613.93176,447.97064,655.1081,515.6054,True,78.0,123.0,123.0,dark,6.078804018072654,33.3886194178884
17,1687,7,0,0.7296803,655.779,399.42435,680.4851,453.87778,True,187.0,122.0,126.0,light,1.5539598027492763,41.95306909900368
17,1687,3,0,0.41612187,611.5942,428.9837,630.29553,487.8511,True,79.0,123.0,125.0,dark,3.543466425249319,36.63576079146972
17,1687,239,0,0.4484607,1085.4232,297.50305,1110.0204,346.06107,True,131.0,172.0,145.0,other,1.2708792901427253,68.820510363117
17,1687,266,0,0.847353,1211.3405,448.0324,1246.221,521.02246,True,132.0,176.0,151.0,other,18.42207960652715,39.99306517163003
17,1687,2,0,0.32790133,288.6026,467.0374,330.784,534.2317,True,171.0,124.0,123.0,light,0.9265270299781496,27.280119941487257
17,1688,4,0,0.8246342,909.5678,450.58597,941.09894,528.4027,True,74.5,125.0,118.0,dark,12.85153047030503,35.4915043307984
17,1688,10,0,0.83319426,831.12683,401.16064,856.43884,470.04282,True,68.0,122.0,121.0,dark,6.947786378955738,42.0087407696145
17,1688,147,0,0.8197567,980.4434,570.8347,1051.1041,669.9126,True,194.0,124.0,116.0,light,21.57187106987855,22.918229825627282
17,1688,13,0,0.5918671,611.85785,450.0949,654.92084,515.905,True,72.0,123.0,123.0,dark,6.073298799923636,33.37975707335938
17,1688,7,0,0.70618904,653.4821,400.1809,677.57654,454.25043,True,187.0,122.0,123.0,light,1.5233707773903662,41.90573139002559
17,1688,3,0,0.5029111,610.07855,429.24963,627.89276,487.88037,True,82.0,124.0,124.0,dark,3.4977641665479626,36.64816225920296
17,1688,239,0,0.5386076,1084.4507,297.0983,1109.703,345.93774,True,128.0,177.0,144.0,other,1.2365019617877258,68.87944386584653
17,1688,266,0,0.8655667,1207.4202,447.99246,1242.4077,521.1708,True,132.0,172.0,150.0,other,18.34972523548837,39.967056388150155
17,1688,2,0,0.6009101,280.5914,470.96985,326.3761,534.08044,True,166.0,125.0,122.0,light,0.7795163151355422,27.257745371653968
17,1689,4,0,0.804087,908.12573,450.64957,939.4558,528.6609,True,73.5,125.0,117.5,dark,12.822616913367384,35.50625920141383
17,1689,10,0,0.83119714,826.1175,400.8636,854.63666,470.12314,True,65.0,121.5,122.0,dark,6.859324060608445,42.02369874376104
17,1689,147,0,0.8747049,977.1426,566.1843,1045.8461,670.08496,True,194.0,123.0,114.5,light,21.502530649462063,22.912403183357508
17,1689,13,0,0.7376228,611.9829,449.45886,655.7754,516.7694,True,72.0,123.0,124.0,dark,6.130308995313184,33.346850258395854
17,1689,7,0,0.7632992,649.8436,400.33334,675.69885,454.63898,True,180.0,121.0,124.0,light,1.4724121263896812,41.88314974829347
17,1689,3,0,0.635004,607.71826,429.68427,625.84515,488.4584,True,88.0,126.0,124.0,dark,3.477393872368994,36.61111280901095
17,1689,239,0,0.47313192,1084.1106,296.24283,1108.9585,346.1412,True,127.0,179.0,143.0,other,1.219395856253509,68.92044351767534
17,1689,266,0,0.85292816,1204.9604,448.82123,1238.775,520.7882,True,133.0,165.0,150.0,other,18.256863945064158,40.0456516349936
17,1689,2,0,0.5657395,269.75085,473.11124,321.2744,535.00415,True,154.0,125.0,122.0,light,0.6713988851783128,27.11836797069892
17,1689,264,0,0.49305877,408.03647,456.678,472.33264,483.13486,True,154.5,119.0,128.0,dark,-0.8812302631529658,34.97672527782157
17,1690,4,0,0.8322282,905.94635,450.28586,937.48425,528.60846,True,70.5,125.0,120.0,dark,12.776680684605074,35.53585725905349
17,1690,10,0,0.7959004,821.9207,400.80084,852.9776,470.62378,True,63.0,122.0,122.5,dark,6.82932881760331,41.969904223490694
17,1690,147,0,0.8910845,974.2741,563.3893,1040.5029,669.32306,True,193.0,124.0,114.0,light,21.411325519528194,22.966605344463943
17,1690,13,0,0.7600992,611.48926,449.50613,656.0588,517.2481,True,65.0,123.0,123.0,dark,6.157670979949688,33.33916201396509
17,1690,7,0,0.7512588,648.80566,398.3039,673.5514,454.82947,True,192.0,121.0,126.0,light,1.4427669141576553,41.89219663690624
17,1690,3,0,0.6786236,601.81946,429.7453,622.8185,488.21353,True,94.0,125.0,125.0,dark,3.3499020846880843,36.638325206091125
17,1690,239,0,0.5584221,1083.6436,296.53967,1108.151,346.31012,True,126.0,182.5,144.0,other,1.2135199916463861,68.94321978807011
17,1690,266,0,0.8454506,1202.8273,449.45578,1234.9082,520.69904,True,132.0,168.0,150.0,other,18.194954932599398,40.069663444712084
17,1690,2,0,0.73134667,257.9532,473.11,312.7286,534.5998,True,134.0,124.0,124.0,light,0.41636791565100895,27.08062069770444
17,1690,264,0,0.23466533,407.37668,456.0268,470.74445,483.58087,True,153.0,119.0,128.0,dark,-0.878181115850648,34.95894345841338
17,1691,4,0,0.81252384,900.68665,450.40182,935.62085,528.3938,True,72.0,125.0,119.0,dark,12.719605486615489,35.52452937271779
17,1691,10,0,0.75471073,823.8055,400.57993,851.23645,470.6708,True,66.5,122.0,123.0,dark,6.8628892499036604,41.973815835102094
17,1691,147,0,0.8964042,971.6146,560.77185,1035.5066,668.529,True,195.0,124.0,115.0,light,21.3435813798848,22.992718924579624
17,1691,13,0,0.80645686,610.4568,446.59595,655.6965,517.8617,True,64.0,123.0,123.0,dark,6.215048824558463,33.26982052075547
17,1691,7,0,0.7033387,644.8134,398.86536,671.99207,455.1675,True,207.0,122.0,124.0,light,1.4366905946739892,41.8184895890755
17,1691,3,0,0.5880125,594.3645,429.03305,619.9516,488.90628,True,87.0,125.0,126.0,dark,3.3218517747773753,36.49478200063775
17,1691,239,0,0.3687609,1082.9647,296.2502,1106.0117,346.11795,True,125.0,184.5,146.0,other,1.1875344328505715,68.97468104335734
17,1691,266,0,0.8282565,1198.9398,449.62335,1229.5774,520.40076,True,134.0,168.0,150.0,other,18.116886997108075,40.05344771541517
17,1691,2,0,0.635296,252.98158,474.2137,290.03497,535.4602,True,162.0,126.0,124.0,light,0.22718835219681752,26.834186474462438
17,1691,264,0,0.2603158,405.97202,456.19324,469.71182,483.52924,True,151.0,119.0,129.0,dark,-0.8876003168413775,34.9654211156658
17,1691,294,0,0.589099,563.75525,454.21906,602.2264,484.36356,True,190.5,104.0,193.0,other,2.3984203101220327,36.76859741625801
17,1692,4,0,0.8186806,896.4369,450.56485,932.49005,527.7317,True,72.0,124.0,119.5,dark,12.658840343367354,35.544228908188536
17,1692,10,0,0.6867969,814.90265,400.28223,849.1824,470.28323,True,66.0,122.0,123.0,dark,6.763182993552628,41.949424798242966
17,1692,147,0,0.91067857,968.7539,559.0398,1030.4453,667.9903,True,195.0,124.0,114.0,light,21.311382220723154,22.973873969918813
17,1692,13,0,0.80042946,608.74896,443.89337,655.4714,518.3974,True,63.0,123.0,124.0,dark,6.283392095833708,33.18400492394008
17,1692,7,0,0.72700435,641.3089,396.98636,669.39215,454.84314,True,201.0,122.0,124.0,light,1.3826935385944337,41.820644993918606
17,1692,3,0,0.4237795,591.27277,428.80872,616.3033,485.43658,True,82.0,125.0,126.0,dark,2.9950357114903507,36.89302661641949
17,1692,239,0,0.5285415,1081.2,295.45377,1103.5315,346.19138,True,125.0,182.5,144.0,other,1.2005452614569925,68.93562489250911
17,1692,266,0,0.8192937,1193.4084,449.17654,1222.7739,520.4012,True,134.0,166.0,149.0,other,18.05696752414728,39.96395484623891
17,1692,2,0,0.40789965,248.88899,474.2506,279.15424,535.73975,True,161.0,124.0,126.0,light,0.13427756616849174,26.700888627924755
17,1692,9,0,0.57804304,583.5771,428.20624,616.9093,494.52438,True,99.0,124.0,128.0,light,3.69556755975526,35.68042457091575
17,1693,4,0,0.8330004,892.4323,445.39526,929.9821,527.03796,True,72.0,124.0,120.0,dark,12.642481721365407,35.55289406611002
17,1693,10,0,0.6978415,809.1529,400.3711,845.88916,469.58005,True,66.5,122.0,123.0,dark,6.693027404564497,41.9685125396082
17,1693,147,0,0.9003396,964.08044,557.9348,1024.9518,665.04236,True,192.0,124.0,114.0,light,21.203108457625913,23.105258839736965
17,1693,13,0,0.75841,607.6,442.00708,654.2406,519.0822,True,61.0,122.0,124.0,dark,6.390679639028772,33.054041318014775
17,1693,7,0,0.77134967,636.333,395.88486,666.15533,454.0148,True,198.0,122.0,125.0,light,1.285303037543821,41.86746328551952
17,1693,3,0,0.1685581,586.9589,428.89,613.0297,485.38,True,82.0,124.0,124.0,dark,2.9830144701517987,36.82245146388063
17,1693,239,0,0.45199588,1077.8086,296.10916,1100.1049,346.1493,True,125.0,183.0,145.0,other,1.1968769618289885,68.9318677139409
17,1693,266,0,0.79727924,1186.9297,447.95712,1215.6467,520.2967,True,136.0,166.0,150.0,other,18.02272475852738,39.86562827271231
17,1693,2,0,0.1857495,238.54323,476.7456,269.8555,535.3256,True,142.5,123.0,127.0,light,-0.0403788036518362,26.579684024348808
17,1693,297,0,0.5143564,554.7444,408.76047,581.2321,468.79752,True,201.0,124.0,116.0,light,0.7649662909306881,38.62714272157325
17,1693,9,0,0.5757226,578.30975,429.3295,614.9863,496.05658,True,90.0,124.0,125.0,light,3.823639694047684,35.410301532851584
17,1694,4,0,0.8014979,886.93146,439.72153,926.1591,525.53754,True,74.0,124.0,121.0,dark,12.580331715857946,35.62619373982738
17,1694,10,0,0.6602082,811.0469,400.19897,841.9419,469.20715,True,68.0,121.0,125.0,dark,6.759040480225788,41.97922414651407
17,1694,147,0,0.88212377,958.6925,557.2925,1017.9402,661.71155,True,192.0,124.0,115.0,light,21.095256804736415,23.234796472720003
17,1694,13,0,0.8027055,602.81635,440.84167,652.5779,518.0012,True,65.0,122.0,124.0,dark,6.347160093453167,33.0915393583111
17,1694,7,0,0.655089,633.9058,395.5835,661.4422,453.00485,True,201.0,122.0,123.0,light,1.2058165054176153,41.94408165038367
17,1694,3,0,0.20872048,580.42676,429.17795,608.7305,487.25735,True,78.0,126.0,122.0,dark,3.1273381726871974,36.46814080918195
17,1694,239,0,0.65252614,1073.3228,295.84583,1095.0629,346.2234,True,126.0,180.0,142.5,other,1.2029730740259534,68.90565689993775
17,1694,266,0,0.8430361,1178.5706,447.15622,1207.2208,519.4387,True,136.0,162.5,151.0,other,17.957969405086306,39.829131737699335
17,1694,2,0,0.73355246,227.7542,479.40863,265.72855,534.78375,True,145.0,125.0,125.0,light,-0.16333080503273895,26.48612906208187
17,1694,297,0,0.5657485,547.28076,407.331,576.44867,476.99722,True,190.0,122.0,120.0,light,1.4828536021502783,37.393928540726975
17,1694,9,0,0.71539634,573.7963,429.55472,610.96783,497.05814,True,92.0,126.0,122.0,light,3.9167463036661196,35.18710521820277
17,1695,4,0,0.78547144,881.32465,437.5191,922.1085,524.7938,True,74.0,123.0,121.0,dark,12.569339915031469,35.61522342986186
17,1695,10,0,0.7483131,812.0366,400.30942,837.5713,468.83734,True,67.0,120.5,125.0,dark,6.812266957913552,41.99515316306535
17,1695,147,0,0.8772132,951.8538,556.7951,1011.3972,659.07733,True,189.0,124.0,115.0,light,21.017925666306667,23.30187687086581
17,1695,13,0,0.8059452,602.2122,440.48053,651.2765,515.9655,True,61.0,123.0,124.0,dark,6.277908321395341,33.27765127546767
17,1695,7,0,0.6701536,626.5717,394.5221,657.24146,452.40533,True,199.0,121.0,123.0,light,1.1095239662999636,41.94583055861134
17,1695,239,0,0.53564,1068.2355,295.22076,1089.4862,346.41345,True,126.0,182.0,143.0,other,1.2009449805838086,68.88878528571162
17,1695,266,0,0.82753444,1167.5531,446.47968,1198.7491,518.26465,True,136.0,163.0,152.0,other,17.857589743037547,39.826305226977546
17,1695,2,0,0.7625199,213.90654,480.48422,260.5374,533.5953,True,144.0,123.0,129.0,light,-0.39035459199355893,26.43704237116087
17,1695,297,0,0.35605898,545.7283,408.33118,570.29767,471.20834,True,187.0,123.0,119.0,light,0.9507176343245524,38.10683937563976
17,1695,9,0,0.6774723,569.5525,430.65747,606.1439,497.1623,True,73.0,127.0,122.0,light,3.9279805628574764,35.081435161255555
17,1696,4,0,0.71262276,873.90906,435.83875,916.78656,524.70233,True,74.0,123.0,122.0,dark,12.577223728890845,35.49372015283704
17,1696,10,0,0.69853806,809.2904,399.7095,833.2203,468.69934,True,70.0,121.0,124.0,dark,6.851733345578795,41.94047097613309
17,1696,147,0,0.8814326,946.0205,555.068,1004.81775,656.31903,True,191.0,124.0,116.0,light,20.946667084094354,23.37325423544486
17,1696,13,0,0.7325919,599.01996,440.18362,648.84576,516.02496,True,64.0,122.0,124.0,dark,6.338691338440742,33.18377811600866
17,1696,7,0,0.7438639,620.0307,393.2072,651.89307,451.53918,True,196.0,121.0,124.0,light,0.9893380682979575,41.97658311858726
17,1696,239,0,0.6339895,1062.9094,295.32578,1084.3411,346.5504,True,127.0,180.0,142.0,other,1.2079504722438186,68.87119099330862
17,1696,266,0,0.83744323,1157.4509,446.2872,1190.4038,516.872,True,131.0,164.0,151.0,other,17.762217004947775,39.84013976644922
17,1696,2,0,0.6368917,204.26672,480.63904,254.22221,536.11774,True,133.0,123.0,131.0,light,-0.258490202511161,26.013981867148317
17,1696,297,0,0.58012176,540.40753,400.80157,566.3584,463.1508,True,186.0,126.0,116.0,light,0.17075013599029057,39.145443396981385
17,1696,9,0,0.82059515,566.9072,431.49658,601.5808,497.33286,True,71.0,127.0,121.0,light,3.972064594037583,34.97002975427962
17,1697,4,0,0.681324,865.30255,435.3133,909.7707,523.3004,True,73.0,123.0,122.0,dark,12.487189465851532,35.500540559652364
17,1697,10,0,0.6541981,806.137,399.5033,828.83356,467.77148,True,73.0,121.0,124.0,dark,6.835703337048473,41.98708477670541
17,1697,147,0,0.89021856,940.33624,553.8721,1000.167,653.89386,True,191.0,124.0,116.5,light,20.930513065046863,23.412105126858886
17,1697,13,0,0.6988785,595.7692,440.60184,639.79065,516.4575,True,63.0,123.0,124.0,dark,6.37638987989228,32.986879794768846
17,1697,7,0,0.70074636,614.37476,392.6782,646.35266,450.33136,True,196.0,120.0,124.0,light,0.857094880484623,42.05135753978961
17,1697,239,0,0.6990784,1057.9038,295.22913,1078.9286,346.64145,True,126.0,180.0,142.0,other,1.2176273711733805,68.86157134956682
17,1697,266,0,0.84139854,1149.3064,445.8627,1182.3036,515.73206,True,131.0,165.0,151.0,other,17.719944177155163,39.82939696674293
17,1697,2,0,0.6499954,197.1535,480.15118,231.87743,538.0231,True,140.0,124.0,131.0,light,-0.30158734251583147,25.547628433288658
17,1697,297,0,0.7053454,535.1086,399.41367,561.6409,461.08908,True,192.0,127.0,116.0,light,-0.03589922287115168,39.332214864423065
17,1697,9,0,0.83498615,564.3798,431.65973,598.21246,497.0581,True,63.0,128.0,117.0,light,4.010260129039029,34.906810492934795
17,1697,303,0,0.446473,792.86554,399.92834,829.16095,467.93118,True,73.0,120.5,124.5,dark,6.700867818550143,41.877858970984676
17,1698,4,0,0.83055955,858.5225,433.43433,902.2544,522.02277,True,74.0,123.0,123.0,dark,12.403402006278577,35.49129606289856
17,1698,10,0,0.75429034,802.9646,399.3096,824.9281,467.5003,True,75.0,121.0,123.0,dark,6.870575761907798,41.92428140236
17,1698,147,0,0.86583644,933.79675,552.19684,996.2976,652.18726,True,193.0,124.0,117.0,light,20.920693890429018,23.396420114343016
17,1698,13,0,0.7807168,593.8755,440.78513,634.49567,516.0156,True,63.0,123.0,123.0,dark,6.388108532128727,32.91599912361236
17,1698,7,0,0.78983766,609.9845,391.19012,641.8993,449.07755,True,196.5,122.0,124.0,light,0.7400612442800545,42.13203382995747
17,1698,239,0,0.5873623,1052.7216,295.565,1073.9269,346.56424,True,127.0,178.0,141.0,other,1.2115255220745653,68.85993779573782
17,1698,266,0,0.8380993,1143.0878,445.42456,1174.7957,514.6981,True,132.0,169.0,150.0,other,17.69376671250486,39.80893702382602
17,1698,2,0,0.7149831,190.33165,479.9938,218.41122,537.90125,True,141.5,131.5,129.0,light,-0.437958116142929,25.34326907571484
17,1698,297,0,0.68012935,528.60754,398.31158,559.2572,456.23907,True,188.0,127.0,115.0,light,-0.5200342824679047,39.921873265669824
17,1698,9,0,0.814576,562.2687,431.12576,596.70856,496.0614,True,63.0,127.0,120.0,light,4.0020433040786285,34.93802478971859
17,1699,4,0,0.7243474,853.7188,432.30557,896.5141,521.15295,True,73.0,122.0,121.0,dark,12.370843896892195,35.46621810517954
17,1699,10,0,0.81176925,799.10803,399.70877,821.298,467.01184,True,75.5,121.0,123.0,dark,6.864051805567485,41.9068742413042
17,1699,147,0,0.8573161,933.72015,551.11816,992.48444,649.4376,True,194.0,124.0,117.0,light,20.913691274588714,23.503115126824547
17,1699,13,0,0.83646035,591.65814,440.44592,630.0085,515.6611,True,63.0,124.0,122.0,dark,6.395516879649316,32.84959631448996
17,1699,7,0,0.74854815,606.9762,390.66107,638.415,448.54633,True,197.0,122.0,123.0,light,0.7000538975158324,42.13915276920362
17,1699,239,0,0.5846817,1048.9485,295.57278,1069.7665,346.70337,True,127.0,180.0,141.0,other,1.2362756078873438,68.85304549128541
17,1699,266,0,0.8217272,1137.8842,445.22888,1167.7733,513.66614,True,129.5,171.0,151.0,other,17.669665557636826,39.80721023835768
17,1699,2,0,0.77745104,182.4604,480.3047,211.0271,537.60425,True,155.0,129.0,127.0,light,-0.5574789854284024,25.19854174428154
17,1699,297,0,0.53793126,524.7696,399.22336,555.19226,454.12653,True,193.0,127.0,114.0,light,-0.7474185031868491,40.14519334282801
17,1699,9,0,0.7248498,560.7953,430.5159,594.98114,494.95944,True,60.0,127.0,119.0,light,3.970808078986449,35.00057300935564
17,1700,4,0,0.6958727,850.1864,429.54822,891.35895,520.2759,True,74.0,123.0,121.0,dark,12.346999989358055,35.463621513682135
17,1700,10,0,0.7921747,796.5689,399.36017,818.2816,466.93185,True,77.5,121.0,125.0,dark,6.901892113055929,41.854374307205866
17,1700,147,0,0.87148285,925.06525,550.24255,988.60614,648.0244,True,194.0,124.0,115.0,light,20.886901669802185,23.4592727772596
17,1700,13,0,0.8078143,589.1405,440.01505,626.3252,514.6214,True,67.0,124.0,121.0,dark,6.344043924305365,32.87520175234067
17,1700,7,0,0.7818227,604.56415,390.04794,636.5103,447.91058,True,196.0,121.0,124.0,light,0.6619476771362697,42.18844699731451
17,1700,239,0,0.68873954,1044.0891,296.7431,1065.7805,347.30652,True,127.0,178.0,140.0,other,1.281990583251496,68.75034628037388
17,1700,266,0,0.7830236,1133.1906,445.0558,1160.9163,512.76074,True,133.0,170.0,150.0,other,17.649939454359565,39.80821059670168
17,1700,2,0,0.69584614,173.03548,481.18832,207.14635,536.7572,True,167.0,127.0,128.0,light,-0.7151721246764151,25.122873554037078
17,1700,297,0,0.46737534,521.9779,399.11322,553.5396,452.98956,True,189.0,127.0,114.0,light,-0.8489793839403297,40.25883888166218
17,1700,9,0,0.71936524,559.24365,429.97833,593.4872,495.47617,True,66.0,126.0,120.0,light,4.070038939734419,34.86302592916827
17,1700,264,0,0.31349334,392.54266,448.7757,452.96808,479.90363,True,146.0,125.0,122.0,dark,-0.8787282268187235,34.87202827887145
17,1700,3,0,0.39032888,549.24915,437.30756,573.6467,476.48053,True,151.5,108.0,187.0,dark,2.024138086435037,37.198446146076826
17,1701,4,0,0.81539583,846.70526,428.4758,886.9102,520.0554,True,73.0,121.0,121.0,dark,12.366721382105776,35.38063098806805
17,1701,10,0,0.73583704,794.1815,399.28806,815.1966,466.75363,True,82.0,122.0,123.0,dark,6.926516581039266,41.80828946069584
17,1701,147,0,0.7896559,922.4567,549.87427,984.0304,645.1152,True,195.0,123.0,117.0,light,20.82767863099689,23.572644993559
17,1701,13,0,0.81365335,587.7902,439.3453,623.3756,513.8672,True,66.0,122.0,122.0,dark,6.329335106842738,32.874078637592746
17,1701,7,0,0.7974509,603.9472,389.11615,633.91345,447.5673,True,195.0,122.0,124.0,light,0.6635832761487259,42.19020922394973
17,1701,239,0,0.7515827,1040.2977,296.55478,1062.0375,347.35925,True,128.0,181.0,142.0,other,1.2770582333996028,68.77492401710404
17,1701,266,0,0.82148707,1128.1865,444.1611,1154.8036,512.0907,True,135.0,169.0,151.0,other,17.637190687120405,39.776724823174014
17,1701,2,0,0.7715801,159.86015,481.7056,205.23521,535.72284,True,151.0,133.0,130.0,light,-0.9135823933574122,25.052012003059485
17,1701,297,0,0.339399,519.9134,397.80472,553.36536,452.83722,True,181.0,126.0,115.0,light,-0.8248258497212565,40.230737507711716
17,1701,9,0,0.64756566,557.4536,429.78284,591.86334,496.12677,True,66.0,125.0,123.0,light,4.172632957214687,34.698798268349314
17,1701,264,0,0.3380925,392.00833,449.40817,452.00516,479.14618,True,122.5,125.0,122.0,dark,-0.9083583050754379,34.90861265139366
17,1701,3,0,0.15309829,548.0792,436.78973,570.34875,475.4464,True,168.0,104.0,193.5,dark,1.9528138103224073,37.26310884141738
17,1702,4,0,0.7509129,843.3435,427.38608,882.6741,519.4459,True,73.0,123.0,121.0,dark,12.364267045185816,35.33884633163551
17,1702,10,0,0.69923127,790.98346,399.04572,812.4929,466.11765,True,81.5,122.0,124.0,dark,6.90843981992328,41.81684927505724
17,1702,147,0,0.8404549,916.24005,548.98285,979.0472,642.6763,True,193.0,124.0,116.0,light,20.754412413319685,23.620556034877684
17,1702,13,0,0.7962865,587.0793,439.42227,621.7509,513.15265,True,71.0,123.0,124.0,dark,6.341577552628498,32.87201769411135
17,1702,7,0,0.75024664,601.89844,388.17923,632.2386,446.74057,True,194.0,122.0,121.0,light,0.6125407096439448,42.25335342702553
17,1702,239,0,0.7922673,1036.525,297.09085,1058.6178,347.268,True,128.0,183.0,141.0,other,1.2605412376076892,68.81608294955524
17,1702,266,0,0.7854705,1124.1365,443.1265,1149.332,511.38712,True,134.0,167.0,149.0,other,17.637418876815637,39.75020788544603
17,1702,2,0,0.7503825,151.4784,481.67508,202.02809,535.8722,True,135.0,141.0,131.0,light,-0.9647238532890026,24.869095793085187
17,1702,297,0,0.5872953,519.2343,397.3306,552.9606,451.69604,True,186.0,127.0,114.0,light,-0.88587942068802,40.350227737190274
17,1702,9,0,0.71361077,556.3417,430.3259,590.3199,496.9181,True,68.0,126.0,122.0,light,4.299485071828918,34.51121856411624
17,1702,264,0,0.32608405,392.12643,449.07892,450.85535,478.85352,True,126.0,126.0,121.0,dark,-0.8825016084069707,34.87645434357099
17,1702,3,0,0.20675121,547.4831,435.83344,567.3574,474.5232,True,,,,dark,1.9045764614060496,37.30932883797312
17,1702,311,32,0.6666638,633.8326,503.96277,643.00977,512.10095,True,,,,ball,6.674142450130627,33.9386916204391
17,1703,4,0,0.72596616,839.4022,428.2321,878.5244,518.71954,True,73.5,123.0,121.0,dark,12.350497332198628,35.30663107224074
17,1703,10,0,0.40055126,789.27454,399.00003,809.43616,465.25116,True,83.0,122.0,124.0,dark,6.88847077349158,41.86190911022363
17,1703,147,0,0.87862396,911.6311,547.9942,973.9453,639.41754,True,190.0,124.0,117.0,light,20.655143070676427,23.75172327192901
17,1703,13,0,0.7610073,585.2596,439.64508,621.04736,512.57477,True,84.0,124.0,123.0,dark,6.366392457846591,32.849533281136985
17,1703,7,0,0.556701,598.58826,387.7957,629.46783,446.02838,True,191.0,123.0,120.0,light,0.5507512024221267,42.27396515099941
17,1703,239,0,0.7610345,1033.1212,297.33902,1055.3062,347.26,True,127.0,182.0,140.5,other,1.2733228443851958,68.81854558635511
17,1703,266,0,0.8230225,1119.391,442.22617,1144.5028,510.71683,True,135.0,164.0,148.0,other,17.64081022890537,39.7174280852476
17,1703,2,0,0.5104037,142.68317,481.61032,194.75035,540.09607,True,155.5,136.0,129.0,light,-0.6895267836201959,24.229727983219465
17,1703,297,0,0.5846388,517.3865,395.99026,548.35016,448.72583,True,186.0,127.0,114.0,light,-1.2007401055268927,40.70723808763235
17,1703,9,0,0.6713777,554.64264,431.51978,588.63525,497.9674,True,67.0,125.0,121.0,light,4.445689420854215,34.28092295677714
17,1703,264,0,0.33974257,392.86166,447.99564,449.77817,478.28082,True,124.0,125.0,122.0,dark,-0.8691207971897268,34.88116943761163
17,1703,3,0,0.1748315,546.42017,435.0219,567.6779,474.32233,True,,,,dark,1.9644389361406915,37.2680791338992
17,1703,311,32,0.7151614,633.1195,502.39307,642.0047,511.75958,True,,,,ball,6.679479566916977,33.97308747103649
17,1703,303,0,0.44813132,780.94336,398.77396,809.73047,464.95792,True,87.0,120.0,125.0,dark,6.767659895052356,41.85184469968003
17,1704,4,0,0.7218913,836.5873,427.005,875.42865,517.8624,True,73.0,123.0,122.0,dark,12.340210746315055,35.32047347819946
17,1704,10,0,0.23047444,787.4891,399.41287,806.63904,464.32135,True,79.0,121.0,126.0,dark,6.853006276069112,41.936697955339056
17,1704,147,0,0.8870976,907.9629,546.1555,969.33466,636.9219,True,190.0,123.0,118.0,light,20.59262764228084,23.838817809073486
17,1704,13,0,0.83012015,583.6789,440.57858,619.05554,512.26263,True,64.0,126.0,122.0,dark,6.39124265218788,32.801439952851815
17,1704,7,0,0.6204803,595.7591,387.08957,624.7694,444.69125,True,192.0,123.0,119.0,light,0.39309153541362,42.401412912698206
17,1704,239,0,0.7554038,1029.6514,297.6564,1052.0651,347.0679,True,127.0,181.0,140.0,other,1.2458687212867234,68.90110135938485
17,1704,266,0,0.82518923,1115.2112,441.23267,1139.8453,510.02344,True,134.0,163.0,148.0,other,17.639632251408447,39.71162208532218
17,1704,2,0,0.69876367,136.12561,482.0972,176.56923,541.6328,True,159.0,129.0,128.0,light,-0.7582196526081236,23.826513540847657
17,1704,297,0,0.31415492,514.8576,392.97128,549.649,445.78214,True,183.0,128.0,113.0,light,-1.4644933516421408,41.120849211968874
17,1704,9,0,0.70713544,552.9425,433.0365,586.9431,498.47287,True,70.0,125.0,122.0,light,4.535038048765905,34.1340694172758
17,1704,264,0,0.27435708,390.29498,446.937,448.0169,478.27316,True,132.5,126.0,121.0,dark,-0.8563911714126502,34.79545235541808
17,1704,311,32,0.4797631,632.5801,500.59955,641.40326,510.63065,True,,,,ball,6.639741524898123,34.09035729352041
17,1704,303,0,0.5657723,777.9166,398.91342,807.1392,464.63483,True,79.0,120.0,126.0,dark,6.771980947375198,41.827754935538096
17,1705,4,0,0.6348711,834.13354,433.06754,871.6642,517.34686,True,71.0,124.0,121.0,dark,12.333574591633276,35.300372454398875
17,1705,147,0,0.8716848,904.05286,544.5856,965.5755,635.3015,True,192.0,122.0,118.0,light,20.55673903511579,23.865890381610214
17,1705,13,0,0.8573153,582.2556,441.86465,617.97815,512.29376,True,63.0,125.0,120.0,dark,6.439939078759876,32.73072812202715
17,1705,7,0,0.7001666,592.6144,386.16016,618.83844,443.56396,True,193.0,123.0,119.0,light,0.2194446241843513,42.498690857716824
17,1705,239,0,0.7590473,1026.1832,298.4161,1049.2192,347.4743,True,128.0,184.0,142.0,other,1.2825296094621392,68.83869038023457
17,1705,266,0,0.8030519,1110.6853,440.29843,1134.9282,509.358,True,133.0,164.0,147.0,other,17.616452323730993,39.70628100489868
17,1705,2,0,0.7693163,128.33272,482.27548,164.45456,541.823,True,160.5,136.0,128.0,light,-0.9128332322024617,23.610084561705413
17,1705,297,0,0.35973045,512.84656,393.16504,547.74963,444.10962,True,183.0,127.0,113.0,light,-1.6447917735228734,41.33499744487011
17,1705,9,0,0.3635103,550.4225,434.3331,585.8193,498.09488,True,71.0,125.0,124.0,light,4.529398832724829,34.11249518732594
17,1705,264,0,0.2369847,389.98224,447.2479,446.64072,477.87216,True,86.0,126.0,121.0,dark,-0.8674824063756056,34.79579404582394
17,1705,311,32,0.30120423,631.6733,498.9059,641.2052,509.0508,True,,,,ball,6.569311946809558,34.24477289214519
17,1705,303,0,0.7519447,775.81903,398.17368,804.59784,464.38498,True,73.0,121.0,125.0,dark,6.778148883284553,41.8098411661867
17,1706,4,0,0.74093014,831.9194,430.20074,869.3047,516.71173,True,71.0,124.0,120.0,dark,12.325673435967184,35.31795263814411
17,1706,147,0,0.78702617,899.5365,541.2743,962.6503,633.9233,True,191.0,122.0,118.5,light,20.52506045481959,23.883638212616923
17,1706,13,0,0.84987533,581.18256,443.32816,619.1789,511.90845,True,58.5,125.0,119.0,dark,6.475368350465032,32.73862249574358
17,1706,7,0,0.65433025,589.1995,384.96732,615.98486,442.29025,True,195.0,124.0,115.0,light,0.05399348850972062,42.65257076879471
17,1706,239,0,0.74596655,1023.41907,299.37778,1046.8372,347.8549,True,129.0,183.0,142.0,other,1.3174236302989575,68.80822544793935
17,1706,266,0,0.80261344,1106.3213,439.57654,1130.6582,508.8872,True,135.0,161.0,147.0,other,17.601041686067664,39.694395663562595
17,1706,2,0,0.7987664,120.872375,484.13263,156.45299,541.5061,True,149.0,141.0,129.0,light,-1.0716634915117482,23.480431278806474
17,1706,297,0,0.1988336,511.17615,392.5737,544.24475,444.9157,True,174.0,129.0,112.0,light,-1.580642995975548,41.158461743741405
17,1706,9,0,0.48065603,550.1598,435.08517,585.436,497.7381,True,64.0,125.0,119.0,light,4.551027855328316,34.11824904572899
17,1706,264,0,0.22049312,392.16125,447.6025,444.31772,476.4202,True,80.0,126.0,120.0,dark,-0.9746284574079913,34.96085834471273
17,1706,311,32,0.4549219,631.13074,498.59702,640.5376,508.33377,True,,,,ball,6.580289738967331,34.26658648936286
17,1706,303,0,0.7432174,773.5589,397.6614,802.39795,464.22842,True,80.0,121.0,125.0,dark,6.7834017113724725,41.791532660073514
17,1706,294,0,0.525217,543.0314,432.70157,566.67316,480.03015,True,185.0,104.0,191.0,other,2.6469328958869873,36.32457936582369
17,1707,4,0,0.7692084,830.6042,428.35443,867.37805,516.2852,True,71.0,124.0,120.0,dark,12.344599215909085,35.3206702081809
17,1707,147,0,0.7957051,896.2297,540.13275,959.76904,632.72144,True,193.0,122.0,118.0,light,20.511507462620756,23.895713765033218
17,1707,13,0,0.85487676,580.76935,443.79416,620.84894,511.4662,True,59.0,125.0,119.0,dark,6.517122963313905,32.76290011423674
17,1707,7,0,0.62251085,587.2395,384.15152,614.0091,442.59818,True,193.0,124.0,116.0,light,0.08305419337817399,42.56892334988284
17,1707,239,0,0.7191556,1020.23956,299.8123,1044.4106,347.98065,True,130.0,182.5,144.0,other,1.309186375967943,68.84017893242314
17,1707,266,0,0.8236189,1101.7225,438.9085,1126.7296,508.31583,True,137.0,159.0,147.0,other,17.577592029095193,39.70089938633865
17,1707,2,0,0.7860902,111.65976,485.15173,152.32858,541.2695,True,150.0,141.0,129.0,light,-1.20297779314368,23.35433003824698
17,1707,9,0,0.67558527,548.90717,434.90717,585.97266,497.53958,True,59.0,124.0,117.5,light,4.583876875386152,34.10469837764895
17,1707,311,32,0.44880775,630.674,498.6991,640.3042,509.33948,True,,,,ball,6.683375324995453,34.15638912610179
17,1707,303,0,0.6693776,772.18884,397.66092,800.2671,464.0133,True,79.5,121.0,124.5,dark,6.792492295614322,41.791218419380684
17,1707,294,0,0.5256467,541.8657,431.22638,564.62866,478.0277,True,201.0,101.0,199.0,other,2.472533722938819,36.554941942339916
17,1708,4,0,0.7278716,828.7466,433.00104,864.73285,515.5534,True,70.0,124.0,120.0,dark,12.334699439501358,35.338047201406866
17,1708,147,0,0.8081923,892.78015,538.439,957.0322,631.8378,True,194.0,122.0,118.0,light,20.511853854647768,23.873496891986235
17,1708,13,0,0.8534783,579.7422,443.78152,622.1961,510.76205,True,59.0,124.0,120.0,dark,6.534607854371596,32.80288791072152
17,1708,7,0,0.56784135,586.7705,383.62582,612.0477,441.20166,True,195.0,124.0,116.0,light,-0.037101320943871925,42.75330713557352
17,1708,239,0,0.73520535,1017.584,299.49426,1042.177,348.14883,True,130.0,176.0,143.0,other,1.34153159113647,68.81164869390533
17,1708,266,0,0.82299936,1097.5334,438.33426,1123.0406,507.69675,True,138.0,159.0,147.0,other,17.564200496473145,39.694582280092355
17,1708,2,0,0.75711685,102.666016,485.80692,147.16963,541.59906,True,155.0,148.0,128.0,light,-1.2853617120515002,23.166469241211153
17,1708,9,0,0.75901955,550.01685,434.28976,587.0823,496.9608,True,59.0,124.0,118.0,light,4.626028261997353,34.14821295916999
17,1708,311,32,0.5532153,630.21796,499.79858,639.5986,510.12274,True,,,,ball,6.821352721162185,33.979836905888476
17,1708,303,0,0.7266352,770.4051,397.92792,797.89954,463.4786,True,84.0,121.0,124.0,dark,6.776246043541728,41.813346311027495
17,1708,294,0,0.61435604,539.02655,430.00784,561.6234,475.93298,True,201.0,101.0,201.0,other,2.2654016992819597,36.7693907698684
17,1708,264,0,0.29765913,396.85687,447.3864,441.67642,475.2075,True,69.0,127.0,120.0,dark,-0.982783761004308,35.06815171054511
17,1709,4,0,0.76333284,827.2368,429.87433,862.9977,515.1547,True,70.0,124.0,120.0,dark,12.363065757961872,35.32092135732468
17,1709,147,0,0.8317709,889.36835,537.2355,953.88434,630.8291,True,194.0,122.0,118.0,light,20.508784283261107,23.85113837804667
17,1709,13,0,0.8572208,578.3822,443.8566,622.738,510.04175,True,59.0,124.0,118.0,dark,6.5373145425021,32.84066617880145
17,1709,239,0,0.73475826,1015.0528,300.15585,1040.5514,348.28577,True,128.0,173.5,142.5,other,1.3739580196767152,68.8144651402011
17,1709,266,0,0.8070778,1094.163,438.20746,1119.258,507.3108,True,137.0,162.0,147.0,other,17.574958287812613,39.659099523707276
17,1709,2,0,0.41520238,93.22821,487.8618,141.63745,544.01196,True,155.0,147.0,130.0,light,-1.1874358434571144,22.760849348367806
17,1709,9,0,0.73113674,550.58636,433.07834,589.68243,496.55103,True,61.0,123.0,119.0,light,4.692690481002014,34.18055689804023
17,1709,311,32,0.7252349,629.8381,501.21216,638.7841,511.28235,True,,,,ball,6.986895093847154,33.7612652483735
17,1709,303,0,0.742323,768.1381,397.37103,795.8943,463.3294,True,85.0,120.0,124.0,dark,6.7906799175043036,41.78128490941166
17,1709,294,0,0.6391243,535.1475,429.10623,560.25195,475.9178,True,206.5,101.0,204.0,other,2.260376310946029,36.701765722946696
17,1709,264,0,0.28083062,398.06284,447.1934,440.1137,474.72394,True,71.0,126.0,120.0,dark,-0.9899462201500601,35.098586067751135
17,1710,4,0,0.83712107,825.76953,428.75485,861.08344,514.7886,True,72.0,123.0,120.0,dark,12.381209367668708,35.3209618880261
17,1710,147,0,0.81975085,885.81726,536.8227,949.57043,629.32086,True,196.0,122.0,118.0,light,20.45486737342335,23.8937878787361
17,1710,13,0,0.8595454,577.3713,443.78433,622.38983,509.06418,True,59.0,123.0,118.0,dark,6.503969913272208,32.926782554040805
17,1710,239,0,0.7045549,1012.2262,300.76865,1038.6642,348.5807,True,129.0,169.0,140.0,other,1.4103533028576696,68.79440899291613
17,1710,266,0,0.7791637,1090.8958,437.85535,1115.5425,506.87122,True,136.0,161.0,146.0,other,17.570945771355245,39.65743739554134
17,1710,2,0,0.74335855,85.45196,488.9927,121.34453,546.70795,True,143.0,142.0,126.5,light,-1.2109844917080532,22.259017635367528
17,1710,9,0,0.7642671,550.9763,432.14337,590.60016,498.19473,True,60.0,123.0,118.5,light,4.911110349473466,33.94778235681015
17,1710,311,32,0.67325985,629.1323,501.67703,637.7165,511.74258,True,,,,ball,7.069776365246634,33.66338520759256
17,1710,303,0,0.72450596,766.015,397.35056,794.0347,463.17328,True,91.0,121.0,125.0,dark,6.799316716929855,41.77173168819212
17,1710,294,0,0.7110149,530.267,427.3745,557.7372,476.35526,True,207.0,101.0,205.0,other,2.2661408017086337,36.57125100248552
17,1710,264,0,0.28410754,398.72168,447.22836,438.91486,474.08206,True,73.0,126.0,120.0,dark,-1.0212747026234135,35.16492856583459
17,1710,7,0,0.4951988,581.5979,383.16052,605.8729,438.37662,True,202.0,124.0,115.0,light,-0.38692775751987135,43.125380684950464
17,1711,4,0,0.8680901,824.00946,428.87805,859.4935,514.3891,True,71.0,123.0,120.0,dark,12.398186318454805,35.32293802302916
17,1711,147,0,0.8157216,882.60516,536.5004,945.5701,627.0893,True,194.0,121.0,118.0,light,20.37185793402187,24.00539926914103
17,1711,13,0,0.8108485,577.812,443.52148,621.9265,508.09442,True,58.0,123.0,119.5,dark,6.487451713818654,33.018866499955784
17,1711,239,0,0.62014174,1009.9708,300.91678,1036.805,348.72495,True,130.0,167.0,139.0,other,1.4430180121431582,68.80425938112968
17,1711,266,0,0.8323023,1087.2786,437.56036,1112.514,506.3795,True,134.0,159.5,146.0,other,17.56783020274071,39.662092598011284
17,1711,2,0,0.6825047,78.573166,488.7005,105.87383,547.7756,True,145.0,136.0,125.0,light,-1.3215104577686299,21.95942872437621
17,1711,9,0,0.77126,551.7786,431.56497,590.9503,499.61282,True,60.0,123.0,118.0,light,5.109574626396051,33.74069103940425
17,1711,311,32,0.5615631,628.3543,501.23676,637.14746,511.54587,True,,,,ball,7.094851480880095,33.66579938644777
17,1711,303,0,0.77657557,764.03143,397.32227,792.0173,462.95752,True,99.0,120.0,127.0,dark,6.804433904938258,41.76666994441418
17,1711,294,0,0.737378,525.8123,426.08054,554.6903,476.924,True,210.5,100.0,206.5,other,2.285551774777396,36.417151257336066
17,1711,264,0,0.15351993,399.26767,445.83884,437.76865,473.45093,True,80.5,125.0,121.5,dark,-1.0497273561034308,35.226263639857706
17,1711,7,0,0.36754403,579.9409,383.1313,602.41895,437.7675,True,201.0,123.0,116.0,light,-0.4686148976726044,43.1864189339484
17,1712,4,0,0.83352596,822.33923,429.20328,858.05615,513.8293,True,73.0,123.0,120.0,dark,12.414455037686897,35.33112787164255
17,1712,147,0,0.8142336,881.4059,535.61444,942.2748,624.1652,True,193.0,122.0,118.0,light,20.2857824610497,24.18333367646707
17,1712,13,0,0.79747397,578.7444,443.39465,620.80585,507.5326,True,58.0,122.0,120.0,dark,6.511607851013178,33.04475926488371
17,1712,239,0,0.60519105,1010.2797,301.16388,1034.5404,348.45172,True,128.0,174.0,140.0,other,1.4692518902964087,68.91380856730025
17,1712,266,0,0.8348336,1083.9497,436.9956,1108.8636,505.99023,True,135.0,159.0,146.0,other,17.57499756561646,39.63117686567785
17,1712,2,0,0.5286879,70.06813,490.28918,97.84322,547.9058,True,171.0,133.0,126.0,light,-1.447246491409433,21.7853604862745
17,1712,9,0,0.6719324,553.57306,431.6737,591.22235,500.86386,True,61.0,122.0,120.0,light,5.312973722474334,33.54777759110291
17,1712,311,32,0.5079003,627.8525,500.7665,636.65106,511.3677,True,,,,ball,7.132147146189746,33.657150946470594
17,1712,303,0,0.76516694,762.03186,397.06888,789.91504,462.60028,True,94.5,121.0,127.0,dark,6.804894620300682,41.76505731463675
17,1712,294,0,0.7727471,522.44073,424.91077,552.079,477.39096,True,212.0,100.0,206.0,other,2.3231228855727264,36.27326782133127
17,1712,7,0,0.49862266,577.3323,383.16437,599.01215,437.6848,True,202.0,125.0,114.0,light,-0.49406783500750123,43.13578822833338
17,1713,4,0,0.8474262,820.5748,430.56638,856.534,513.3966,True,72.0,123.0,121.0,dark,12.430996782721513,35.33105861074294
17,1713,147,0,0.8073058,878.4574,534.6407,940.0773,621.93536,True,192.0,122.0,119.0,light,20.220578688278803,24.303965119602463
17,1713,13,0,0.741606,579.854,443.1086,620.2666,507.27408,True,58.0,122.0,120.0,dark,6.563058199521923,33.044626008620675
17,1713,239,0,0.62033564,1011.9454,300.85077,1033.1776,348.34848,True,125.5,178.0,142.0,other,1.5421890682180752,69.01433590504793
17,1713,266,0,0.8302316,1080.5233,436.40726,1105.684,505.7224,True,134.5,159.0,145.0,other,17.586837699905004,39.59699456797297
17,1713,2,0,0.26409066,62.588867,493.24527,91.97042,547.6938,True,182.0,129.0,125.0,light,-1.5768826433912484,21.669645121405154
17,1713,9,0,0.67475414,558.18915,432.31525,591.70935,501.13055,True,61.0,123.0,119.0,light,5.459337808910026,33.511021302428404
17,1713,311,32,0.6377333,627.2244,500.99008,636.033,511.56387,True,,,,ball,7.203961767538563,33.58565589336125
17,1713,303,0,0.8081635,760.1795,396.68948,787.97974,462.25995,True,97.0,120.0,127.0,dark,6.802721231663343,41.77322666179397
17,1713,294,0,0.8301321,520.1458,424.02216,549.88965,478.85324,True,211.0,100.0,206.0,other,2.4677841458222636,36.00600827873515
17,1713,7,0,0.55692834,573.96796,382.91263,596.2481,438.24106,True,200.0,125.0,114.0,light,-0.4589576150433008,42.985874526577206
17,1714,4,0,0.8367838,818.7941,434.7849,854.28326,512.7913,True,72.0,123.0,121.0,dark,12.424874695472603,35.346950281654976
17,1714,147,0,0.8339928,875.56934,533.85425,938.47015,620.69324,True,194.0,122.0,119.0,light,20.207412245175266,24.33475092068748
17,1714,13,0,0.74263483,584.5451,443.1761,619.7646,506.72903,True,58.0,122.0,121.0,dark,6.630163551995536,33.103368369295154
17,1714,239,0,0.45916125,1004.29047,302.39862,1031.2281,348.8338,True,127.0,178.0,139.0,other,1.526680208804112,68.87836295082491
17,1714,266,0,0.8026561,1077.5181,435.94135,1102.8373,505.35037,True,133.0,159.0,146.0,other,17.598426415663702,39.58011349768657
17,1714,2,0,0.46889523,52.016457,492.6186,89.018456,547.4063,True,177.5,135.0,128.0,light,-1.7188477328668725,21.557076679949073
17,1714,9,0,0.78522784,562.96796,433.86322,593.55756,501.22354,True,65.0,122.0,120.0,light,5.606661161553881,33.50525138103252
17,1714,311,32,0.7156806,626.67303,501.59433,635.61664,511.63397,True,,,,ball,7.287556037528864,33.49744649203433
17,1714,303,0,0.77346367,758.13354,396.4001,786.0002,461.91464,True,97.0,120.0,127.0,dark,6.79406470906848,41.78010028326325
17,1714,294,0,0.83947456,517.99475,422.9977,547.6203,479.15936,True,211.0,100.0,205.0,other,2.498605047464915,35.901770645188996
17,1714,7,0,0.67192346,572.2694,382.68472,593.79694,436.26828,True,201.0,126.0,114.0,light,-0.6836362178639185,43.278416197698846
17,1715,4,0,0.840353,817.07404,439.39813,851.0431,512.5547,True,68.0,123.0,120.0,dark,12.432000938320908,35.30855535772255
17,1715,147,0,0.82151777,873.2429,533.55597,937.51,619.1884,True,195.0,122.0,118.0,light,20.190667792970686,24.39522545850934
17,1715,13,0,0.7604659,588.03235,443.52585,619.5893,505.92993,True,58.0,122.0,118.0,dark,6.6628137164848145,33.190358989933024
17,1715,239,0,0.3937903,1007.0311,303.27277,1029.7397,349.2657,True,123.0,186.0,144.0,other,1.6727174665230764,68.85345582320872
17,1715,266,0,0.79231536,1074.7819,435.36594,1099.8077,504.7337,True,136.5,162.0,146.0,other,17.593235808650615,39.59694270485471
17,1715,2,0,0.46288452,42.297253,491.52664,86.165985,548.5947,True,166.0,148.5,132.0,light,-1.7164186992771873,21.301483085459456
17,1715,9,0,0.7699739,565.9992,434.20316,594.9892,500.89468,True,69.0,124.0,120.0,light,5.6892286354758905,33.5413956242598
17,1715,311,32,0.6613016,626.2108,501.70514,635.2524,511.4978,True,,,,ball,7.340812384771161,33.45581080725199
17,1715,303,0,0.71284884,756.487,396.70667,784.1191,462.12872,True,90.0,121.0,127.0,dark,6.8385264841383675,41.70377706640326
17,1715,294,0,0.83271426,516.65424,422.23328,546.1058,479.5429,True,214.0,99.0,207.0,other,2.5519180384275746,35.798566322197814
17,1715,7,0,0.6729291,569.7323,381.79037,591.8516,434.44766,True,206.0,125.0,114.0,light,-0.9045195714002522,43.55019235800751
17,1716,4,0,0.85452265,815.3002,441.6977,849.573,512.0525,True,67.0,123.0,120.0,dark,12.441695545530962,35.30928418466419
17,1716,147,0,0.7856622,870.80054,532.2709,936.80835,616.66364,True,193.0,122.0,118.0,light,20.12704267366206,24.548224796404252
17,1716,13,0,0.7957464,591.45746,443.74777,620.18085,505.33105,True,58.0,122.0,118.0,dark,6.724331046699031,33.24924088130843
17,1716,239,0,0.59345174,1007.98987,304.48608,1027.2579,349.70142,True,122.0,186.5,145.0,other,1.7794730232619866,68.79084600086928
17,1716,266,0,0.8155571,1071.7604,435.35336,1097.1671,504.43042,True,133.0,158.5,146.0,other,17.61097526779751,39.56473018320179
17,1716,2,0,0.57074773,30.725048,489.8668,83.17361,552.28436,True,161.0,154.0,131.0,light,-1.4952278643085373,20.776370406694294
17,1716,9,0,0.77519023,566.2425,433.73993,597.1196,500.8055,True,69.0,124.0,121.0,light,5.772423134350859,33.52461463848357
17,1716,311,32,0.6408716,625.6413,501.86612,634.7159,511.44974,True,,,,ball,7.400159624763373,33.39588168507652
17,1716,303,0,0.73829615,754.57513,397.01007,781.98175,461.82144,True,87.0,121.0,127.0,dark,6.8325316246442265,41.69714850874367
17,1716,294,0,0.81415045,515.6545,420.94385,544.3781,479.08115,True,212.5,99.0,206.0,other,2.5294150268579596,35.80756637613508
17,1716,7,0,0.6054676,568.2246,382.0976,590.8642,434.81573,True,206.0,125.0,115.0,light,-0.8461620322867263,43.45101228022859
17,1716,264,0,0.41356725,402.57346,442.53696,434.1495,472.38205,True,64.5,125.0,122.0,dark,-0.934475381976626,35.21514489849332
17,1717,4,0,0.8641838,813.5409,442.47693,848.378,511.736,True,68.0,123.0,121.0,dark,12.468574431085052,35.28821948691972
17,1717,147,0,0.81250596,868.0296,531.87054,934.82745,615.75934,True,190.0,122.0,118.0,light,20.128071658313637,24.542978586588003
17,1717,13,0,0.837984,591.92896,443.19983,621.331,504.85345,True,59.0,122.0,119.0,dark,6.769493247136239,33.276824007797984
17,1717,239,0,0.5556908,1006.93585,304.04062,1026.5703,350.3817,True,123.0,190.5,148.0,other,1.915216029378716,68.65319054716083
17,1717,266,0,0.79681545,1069.3444,435.10727,1094.3671,503.4966,True,134.0,163.0,146.0,other,17.593443767141274,39.62534834471252
17,1717,2,0,0.21074133,21.326557,490.33533,74.587234,554.84644,True,166.0,151.0,132.0,light,-1.4168048199704453,20.343258304438177
17,1717,9,0,0.81206965,566.2135,433.11255,599.1345,500.19733,True,64.0,125.0,120.0,light,5.8071138367907125,33.57378500041149
17,1717,311,32,0.68638605,625.1713,501.8537,634.11646,511.39404,True,,,,ball,7.453499684696895,33.34778070760183
17,1717,303,0,0.7754447,752.5589,396.75812,780.0891,461.30014,True,87.5,121.0,126.0,dark,6.809030607775738,41.725321585443226
17,1717,294,0,0.78428495,514.6842,419.0199,543.023,479.23306,True,217.0,99.0,208.0,other,2.5724949048902674,35.73119992802883
17,1717,7,0,0.6551851,567.5395,379.5053,589.8996,434.43628,True,207.0,125.0,115.0,light,-0.8602803817377893,43.48546285356261
17,1717,264,0,0.2752096,403.6104,443.3697,433.27448,471.9295,True,52.0,124.0,122.0,dark,-0.9338059412861666,35.24314127658867
17,1718,4,0,0.8595992,811.6492,442.8637,847.3489,511.1797,True,67.0,123.0,121.0,dark,12.481911459534325,35.30122796174526
17,1718,147,0,0.77690625,865.87994,530.46674,932.45593,613.9585,True,192.0,122.0,118.0,light,20.088622928436084,24.626594067229945
17,1718,13,0,0.81439537,591.00214,442.45584,622.41547,504.64966,True,63.0,123.0,118.0,dark,6.823970497503203,33.26035322975032
17,1718,239,0,0.62644327,1005.6417,304.49893,1025.5515,350.69507,True,123.0,191.0,147.0,other,2.0017805043034853,68.6180812794828
17,1718,266,0,0.80308294,1066.6881,434.70557,1091.1108,503.00137,True,136.0,159.0,146.0,other,17.60005823965876,39.62320636334389
17,1718,2,0,0.4718593,15.2653885,490.37592,54.071247,558.30206,True,161.0,150.0,126.0,light,-1.3489957485756578,19.77022716707383
17,1718,9,0,0.77647066,565.8642,432.5536,601.94037,499.91217,True,66.5,125.0,118.0,light,5.878822442416211,33.58469652140164
17,1718,311,32,0.7013137,624.4524,501.8628,633.4194,511.4236,True,,,,ball,7.5104427765446795,33.29165048448892
17,1718,303,0,0.7475103,750.6777,396.453,778.2105,461.2311,True,87.0,121.0,126.0,dark,6.832834661351484,41.68491283133294
17,1718,294,0,0.80139,513.293,416.3601,541.54767,478.98422,True,215.5,101.0,207.0,other,2.5729070571998727,35.709179751229414
17,1718,7,0,0.6716621,567.3927,378.77872,589.5685,432.75296,True,204.0,125.0,114.0,light,-1.0047061493605305,43.757854231359644
17,1718,264,0,0.3187506,404.11514,443.06073,432.90018,471.62344,True,51.0,125.0,121.0,dark,-0.9151210859801323,35.25055275589259
17,1719,4,0,0.8549,809.5294,443.0251,846.3707,511.16415,True,67.0,123.0,121.0,dark,12.529477303143734,35.25785961515076
17,1719,147,0,0.8152791,864.17065,529.7842,929.3414,613.073,True,194.0,122.0,118.0,light,20.09192563891828,24.631346493149618
17,1719,13,0,0.8075358,590.4572,441.1347,623.8825,504.38376,True,63.5,124.0,118.0,dark,6.877697925337177,33.27363091782953
17,1719,239,0,0.34403312,1003.7758,305.83655,1024.1233,351.142,True,122.0,190.0,149.0,other,2.0788869525599036,68.57486662367083
17,1719,266,0,0.78686833,1063.9386,434.58282,1088.0717,502.69803,True,135.0,160.0,147.0,other,17.61814500282346,39.612520460881704
17,1719,2,0,0.53178394,10.099396,493.85345,37.375343,559.52466,True,155.0,141.0,128.0,light,-1.4423601096465368,19.458760705311075
17,1719,9,0,0.78621304,565.90594,432.62424,604.0646,499.66794,True,65.0,127.0,120.0,light,5.946034010734484,33.605235195909735
17,1719,311,32,0.764497,623.701,501.82657,632.7279,511.40225,True,,,,ball,7.558781946551751,33.257828124218236
17,1719,303,0,0.7214418,748.586,396.71597,776.2808,461.0888,True,87.5,121.0,126.0,dark,6.840666759540418,41.675380573812376
17,1719,294,0,0.8335959,511.82547,416.05792,539.384,479.19458,True,216.0,100.0,208.0,other,2.602359738871267,35.634683929389084
17,1719,7,0,0.6443796,566.71545,378.90842,589.63806,432.30917,True,201.0,125.0,114.0,light,-1.0177470831086226,43.838659686957605
17,1719,264,0,0.34225482,405.2365,442.15338,431.5624,471.65378,True,54.0,125.0,121.0,dark,-0.8721693143926449,35.22599946063075
17,1720,4,0,0.850696,807.22174,443.05344,844.5011,510.64456,True,68.0,122.0,121.0,dark,12.534618706199558,35.275867259574845
17,1720,147,0,0.7496608,864.4827,528.52313,925.5186,612.0376,True,193.0,121.0,120.0,light,20.10499482936489,24.6596850871726
17,1720,13,0,0.74336004,589.3391,440.5045,627.5224,503.8294,True,72.0,123.0,121.0,dark,6.93123609239558,33.3397836107453
17,1720,239,0,0.27538598,1001.9511,305.5235,1022.17175,351.5794,True,122.0,191.0,150.0,other,2.1587770884329958,68.53231411595168
17,1720,266,0,0.7878478,1060.7174,434.1987,1084.8936,502.32056,True,131.0,157.0,146.0,other,17.633111450724503,39.60684548074559
17,1720,2,0,0.7316059,0.4424696,494.4219,28.401798,559.4377,True,157.5,138.0,127.0,light,-1.6218695182870975,19.306698466252595
17,1720,9,0,0.69351214,566.29156,432.7034,606.3189,498.98416,True,65.5,127.0,119.0,light,5.9858059049435965,33.692385332511094
17,1720,311,32,0.43000615,622.3935,501.1507,631.6667,511.05777,True,,,,ball,7.561529738105121,33.284851696725056
17,1720,303,0,0.76212895,745.4955,396.7471,773.80725,461.17468,True,90.5,121.0,126.5,dark,6.856915163973154,41.62055495688152
17,1720,294,0,0.73851466,510.59402,414.8223,538.06903,478.76028,True,214.0,100.0,208.0,other,2.586907852505924,35.66521675314389
17,1720,7,0,0.5475607,564.4436,379.26105,591.69806,431.88074,True,196.5,126.0,114.0,light,-1.017967246316465,43.925283645234614
17,1721,4,0,0.84633434,804.60504,442.89038,842.92053,510.2234,True,67.5,122.0,121.0,dark,12.56786062191532,35.26577667734062
17,1721,147,0,0.7782346,861.46124,526.9365,921.3917,611.1477,True,189.5,121.0,120.0,light,20.10982449681017,24.639208088671158
17,1721,13,0,0.83721733,588.67694,439.92178,631.6191,508.2436,True,69.0,123.0,121.0,dark,7.437365514672282,32.74419525758047
17,1721,239,0,0.4681643,999.0856,305.49237,1019.4855,351.81018,True,122.0,190.0,151.0,other,2.214307784088263,68.50387183962829
17,1721,266,0,0.81313705,1056.6346,433.94897,1081.246,501.6227,True,133.0,161.0,147.0,other,17.634797922459928,39.620667153150194
17,1721,9,0,0.562583,567.2037,433.2208,607.5721,496.64526,True,70.0,126.0,122.0,light,5.893971847896188,33.98908654906505
17,1721,303,0,0.76976615,742.5511,396.6729,771.1869,460.81467,True,85.0,121.0,127.0,dark,6.854477029169219,41.62173934798964
17,1721,294,0,0.7630514,508.5626,414.79932,535.2986,477.90906,True,213.5,100.0,208.0,other,2.522449994357297,35.72876021702905
17,1721,7,0,0.3410242,562.3322,379.07587,592.8557,431.47534,True,193.5,126.0,114.0,light,-1.0021605096652202,43.988765553127244
17,1721,264,0,0.28919062,407.19293,441.12833,428.9481,471.27826,True,54.0,125.0,120.0,dark,-0.8063408126702857,35.24080190974005
